日期,代码,名称,市场板块,收盘价,涨跌幅,趋势,热度,热度排名,大单净额,量比,换手率,成交额,成交量(手),昨日成交量(手),成交量对比,量能状态,总市值,诊股综合评分,技术面评分,资金面评分,技术形态,买入信号,同花顺行业,同花顺板块,最相关概念,所属概念数量,MA5,MA10,MA20,MA60,布林线上轨,布林线中轨,布林线下轨,布林带位置,MACD_DIF,MACD_DEA,MACD柱,MACD信号,均线状态,多头排列,利好消息
2026-05-22,000725.SZ,京东方Ａ,深市主板,5.16,10.02%,开,29312976,1,0万元,0,2916287.0,6011.06亿,60110592,0,0%,缩量,1875.23万,6.5,6.5,4.7,阳线||布林带下轨,布林带下轨支撑,未分类,未分类,未分类,0,21.93,22.08,22.12,22.06,24.56,22.12,19.67,下轨下方,-0.1,0.12,-0.43,死叉,震荡整理,否,获取公告失败
2026-05-22,300476.SZ,胜宏科技,创业板,375.5,13.31%,开,29162685,2,0万元,0,2899615.0,80.17亿,801700,0,0%,缩量,3248.81万,6.8,6.7,4.9,阳线,观望,未分类,未分类,未分类,0,0.0,0.0,0.0,0.0,0.0,0.0,0.0,未知,0.0,0.0,0.0,,未知,否,获取公告失败
2026-05-22,603986.SH,兆易创新,沪市主板,468.74,8.53%,开,29074718,3,0万元,0,2893207.0,63.80亿,637969,0,0%,缩量,3130.46万,6.4,6.4,4.6,阳线||多头排列||布林带下轨||MA5上穿MA10,多头排列;布林带下轨支撑,未分类,未分类,未分类,0,2122.55,2064.04,1912.25,1669.26,2463.66,1912.25,1360.84,下轨下方,113.51,134.05,-41.08,死叉,多头排列,是,获取公告失败
2026-05-22,300502.SZ,新易盛,创业板,606.77,7.20%,开,23992805,4,0万元,0,2385679.0,40.43亿,404278,0,0%,缩量,5383.75万,6.2,6.4,4.5,阳线||布林带下轨,布林带下轨支撑,未分类,未分类,未分类,0,5737.63,6345.98,6371.16,5567.64,8645.07,6371.16,4097.25,下轨下方,-146.19,217.12,-726.62,无信号,震荡整理,否,获取公告失败
2026-05-22,300308.SZ,中际旭创,创业板,1037.98,4.49%,开,21631789,5,0万元,0,2150932.0,20.93亿,209338,0,0%,缩量,1.15亿,5.9,6.2,4.3,阳线,观望,未分类,未分类,未分类,0,0.0,0.0,0.0,0.0,0.0,0.0,0.0,未知,0.0,0.0,0.0,,未知,否,获取公告失败
2026-05-22,688008.SH,澜起科技,科创板,271.83,3.68%,开,21329043,6,0万元,0,2121062.0,7854.66亿,78546603,0,0%,缩量,3116.33万,5.9,6.2,4.2,价升||多头排列||MA5上穿MA10,多头排列,未分类,未分类,未分类,0,258.94,256.69,219.42,172.44,301.37,219.42,137.47,布林带内,28.35,25.1,6.5,无信号,多头排列,是,获取公告失败
2026-05-22,300394.SZ,天孚通信,创业板,372.5,10.47%,开,20843486,7,0万元,0,2069116.0,57.29亿,572916,0,0%,缩量,2896.55万,6.5,6.5,4.7,阳线||布林带下轨,布林带下轨支撑,未分类,未分类,未分类,0,2761.45,3020.28,2965.14,2955.85,4034.33,2965.14,1895.95,下轨下方,-109.31,30.91,-280.45,死叉,震荡整理,否,获取公告失败
2026-05-22,600584.SH,长电科技,沪市主板,72.88,9.04%,开,19965802,8,0万元,0,1982062.0,286.93亿,2869279,0,0%,缩量,1304.13万,6.4,6.5,4.6,阳线||多头排列||MA5上穿MA10,多头排列,未分类,未分类,未分类,0,297.87,285.5,255.62,226.78,325.54,255.62,185.71,布林带内,22.13,18.51,7.24,无信号,多头排列,是,获取公告失败
2026-05-22,002384.SZ,东山精密,深市主板,220.55,6.56%,开,18507266,9,0万元,0,1837446.0,84.36亿,843617,0,0%,缩量,3057.53万,6.2,6.3,4.4,阳线||多头排列||MA5上穿MA10,多头排列,未分类,未分类,未分类,0,1569.61,1563.42,1475.11,1040.63,1695.07,1475.11,1255.15,布林带内,136.4,150.08,-27.34,无信号,多头排列,是,获取公告失败
2026-05-22,000988.SZ,华工科技,深市主板,156.31,1.53%,开,14277031,10,0万元,0,1416940.0,90.81亿,908112,0,0%,缩量,1570.89万,5.7,6.1,4.1,阳线||多头排列||MA5上穿MA10,多头排列,未分类,未分类,未分类,0,1508.16,1486.89,1378.89,1222.93,1722.26,1378.89,1035.52,布林带内,70.09,85.16,-30.14,死叉,多头排列,是,获取公告失败
2026-05-22,002475.SZ,立讯精密,深市主板,72.4,6.67%,开,13435472,11,0万元,0,1330210.0,186.64亿,1866377,0,0%,缩量,5262.95万,6.2,6.3,4.4,阳线||布林带下轨,布林带下轨支撑,未分类,未分类,未分类,0,2172.54,2358.3,2322.97,1926.31,2808.45,2322.97,1837.49,下轨下方,30.61,125.37,-189.51,无信号,震荡整理,否,获取公告失败
2026-05-22,002371.SZ,北方华创,深市主板,669.0,0.91%,开,13087892,12,0万元,0,1298336.0,19.86亿,198563,0,0%,缩量,4845.25万,5.6,6.0,4.1,阳线||多头排列||MA5上穿MA10,多头排列,未分类,未分类,未分类,0,3851.01,3759.7,3512.19,3121.38,4214.47,3512.19,2809.9,布林带内,201.37,202.1,-1.45,死叉,多头排列,是,获取公告失败
2026-05-22,601138.SH,工业富联,沪市主板,67.16,2.53%,开,13077061,13,0万元,0,1296439.0,194.75亿,1947455,0,0%,缩量,1.33亿,5.8,6.1,4.2,阳线,观望,未分类,未分类,未分类,0,70.21,70.43,69.55,61.35,74.09,69.55,65.01,布林带内,2.09,2.67,-1.15,无信号,震荡整理,否,获取公告失败
2026-05-22,300136.SZ,信维通信,创业板,118.98,8.66%,开,12908367,14,0万元,0,1276508.0,114.45亿,1144474,0,0%,缩量,981.82万,6.4,6.4,4.6,阳线,观望,未分类,未分类,未分类,0,0.0,0.0,0.0,0.0,0.0,0.0,0.0,未知,0.0,0.0,0.0,,未知,否,获取公告失败
2026-05-22,002156.SZ,通富微电,深市主板,63.44,2.72%,开,12641281,15,0万元,0,1252768.0,200.83亿,2008252,0,0%,缩量,962.67万,5.8,6.1,4.2,阳线||多头排列||MA5上穿MA10,多头排列,未分类,未分类,未分类,0,166.46,163.79,152.79,134.49,181.69,152.79,123.9,布林带内,10.44,9.15,2.6,无信号,多头排列,是,获取公告失败
2026-05-22,002050.SZ,三花智控,深市主板,54.05,2.31%,开,12480646,16,0万元,0,1236910.0,232.43亿,2324288,0,0%,缩量,1991.31万,5.7,6.1,4.2,阳线||布林带下轨,布林带下轨支撑,未分类,未分类,未分类,0,568.71,589.9,576.52,561.02,704.29,576.52,448.75,下轨下方,-2.33,12.63,-29.91,死叉,震荡整理,否,获取公告失败
2026-05-22,002463.SZ,沪电股份,深市主板,114.07,10.00%,开,11550050,17,0万元,0,1140005.0,101.70亿,1016965,0,0%,缩量,2193.35万,6.5,6.5,4.7,阳线,观望,未分类,未分类,未分类,0,0.0,0.0,0.0,0.0,0.0,0.0,0.0,未知,0.0,0.0,0.0,,未知,否,获取公告失败
2026-05-22,688041.SH,海光信息,科创板,312.4,1.76%,开,11538154,18,0万元,0,1142936.0,3706.06亿,37060614,0,0%,缩量,7261.23万,5.7,6.1,4.1,阳线,观望,未分类,未分类,未分类,0,310.69,323.02,310.58,260.42,365.72,310.58,255.44,布林带内,14.94,19.2,-8.52,无信号,震荡整理,否,获取公告失败
2026-05-22,002407.SZ,多氟多,深市主板,42.7,4.63%,开,10195026,19,0万元,0,1007187.0,239.02亿,2390167,0,0%,缩量,460.63万,6.0,6.2,4.3,阳线,观望,未分类,未分类,未分类,0,0.0,0.0,0.0,0.0,0.0,0.0,0.0,未知,0.0,0.0,0.0,,未知,否,获取公告失败
2026-05-22,600522.SH,中天科技,沪市主板,43.82,4.58%,开,9942621,20,0万元,0,981971.0,226.49亿,2264915,0,0%,缩量,1495.55万,6.0,6.2,4.3,阳线,观望,未分类,未分类,未分类,0,335.88,340.88,312.95,258.25,384.38,312.95,241.53,布林带内,21.07,25.16,-8.18,死叉,震荡整理,否,获取公告失败
2026-05-22,600487.SH,亨通光电,沪市主板,73.05,4.51%,开,9541062,21,0万元,0,941853.0,131.99亿,1319919,0,0%,缩量,1786.20万,6.0,6.2,4.3,阳线||布林带下轨,布林带下轨支撑,未分类,未分类,未分类,0,649.91,668.36,661.14,534.3,752.21,661.14,570.06,下轨下方,24.13,41.47,-34.68,无信号,震荡整理,否,获取公告失败
2026-05-22,300408.SZ,三环集团,创业板,115.0,16.79%,开,9445314,22,0万元,0,926138.0,82.37亿,823684,0,0%,缩量,2150.27万,7.2,6.8,5.1,阳线,观望,未分类,未分类,未分类,0,0.0,0.0,0.0,0.0,0.0,0.0,0.0,未知,0.0,0.0,0.0,,未知,否,获取公告失败
2026-05-22,688525.SH,佰维存储,科创板,312.25,3.74%,开,9425007,23,0万元,0,930632.0,3012.97亿,30129715,0,0%,缩量,1470.19万,5.9,6.2,4.2,阳线,观望,未分类,未分类,未分类,0,314.88,315.72,296.5,247.92,344.6,296.5,248.39,布林带内,16.73,18.38,-3.3,无信号,震荡整理,否,获取公告失败
2026-05-22,301308.SZ,江波龙,创业板,549.5,1.95%,开,8694130,24,0万元,0,858439.0,15.60亿,156034,0,0%,缩量,1548.78万,5.7,6.1,4.1,价升,观望,未分类,未分类,未分类,0,563.51,574.09,494.88,382.06,673.58,494.88,316.18,布林带内,55.12,56.08,-1.93,死叉,震荡整理,否,获取公告失败
2026-05-22,000100.SZ,TCL科技,深市主板,4.38,0.23%,开,8430944,25,0万元,0,832980.0,1959.68亿,19596776,0,0%,缩量,837.98万,5.5,6.0,4.0,阳线||布林带下轨,布林带下轨支撑,未分类,未分类,未分类,0,13.81,14.23,14.42,15.0,16.26,14.42,12.59,下轨下方,-0.38,-0.14,-0.47,死叉,震荡整理,否,获取公告失败
2026-05-22,300433.SZ,蓝思科技,创业板,38.4,5.18%,开,8361693,26,0万元,0,823581.0,222.09亿,2220880,0,0%,缩量,1908.36万,6.0,6.3,4.3,阳线||多头排列||MA5上穿MA10,多头排列,未分类,未分类,未分类,0,213.11,198.95,177.13,175.66,227.69,177.13,126.58,布林带内,12.6,7.46,10.28,无信号,多头排列,是,获取公告失败
2026-05-22,002008.SZ,大族激光,深市主板,146.28,2.59%,开,8358179,27,0万元,0,824524.0,56.87亿,568736,0,0%,缩量,1399.50万,5.8,6.1,4.2,阳线,观望,未分类,未分类,未分类,0,0.0,0.0,0.0,0.0,0.0,0.0,0.0,未知,0.0,0.0,0.0,,未知,否,获取公告失败
2026-05-22,601899.SH,紫金矿业,沪市主板,30.96,3.23%,开,8324652,28,0万元,0,820848.0,268.10亿,2681039,0,0%,缩量,6378.32万,5.8,6.2,4.2,阳线,观望,未分类,未分类,未分类,0,51.44,52.85,53.85,55.52,59.07,53.85,48.63,布林带内,-0.77,-0.73,-0.07,无信号,震荡整理,否,获取公告失败
2026-05-22,300604.SZ,长川科技,创业板,236.02,0.53%,开,8289502,29,0万元,0,818684.0,34.87亿,348710,0,0%,缩量,1155.25万,5.6,6.0,4.0,价升||布林带下轨,布林带下轨支撑,未分类,未分类,未分类,0,1340.45,1411.28,1294.78,1032.1,1839.89,1294.78,749.67,下轨下方,65.08,121.21,-112.25,死叉,震荡整理,否,获取公告失败
2026-05-22,688072.SH,拓荆科技,科创板,616.98,1.78%,开,7488891,30,0万元,0,738000.0,1234.10亿,12340951,0,0%,缩量,1744.16万,5.7,6.1,4.1,阳线||多头排列||布林带下轨||MA5上穿MA10,多头排列;布林带下轨支撑,未分类,未分类,未分类,0,1140.61,1128.94,1032.59,884.34,1394.26,1032.59,670.93,下轨下方,61.6,79.57,-35.96,死叉,多头排列,是,获取公告失败
2026-05-22,300395.SZ,菲利华,创业板,140.15,9.15%,开,7284445,31,0万元,0,713869.0,52.14亿,521362,0,0%,缩量,716.88万,6.4,6.5,4.6,阳线,观望,未分类,未分类,未分类,0,855.22,906.69,845.4,768.27,1048.54,845.4,642.26,布林带内,27.45,47.17,-39.44,无信号,震荡整理,否,获取公告失败
2026-05-22,002428.SZ,云南锗业,深市主板,87.1,3.94%,开,7257999,32,0万元,0,713831.0,82.56亿,825636,0,0%,缩量,568.79万,5.9,6.2,4.3,阳线,观望,未分类,未分类,未分类,0,464.36,483.88,438.75,315.97,546.64,438.75,330.86,布林带内,41.12,47.42,-12.61,无信号,震荡整理,否,获取公告失败
2026-05-22,600183.SH,生益科技,沪市主板,108.01,10.00%,开,7255595,33,0万元,0,710559.0,66.89亿,668899,0,0%,缩量,2586.30万,6.5,6.5,4.7,阳线||多头排列||布林带上轨||MA5上穿MA10,多头排列,未分类,未分类,未分类,0,805.67,751.71,681.73,560.75,864.01,681.73,499.45,上轨上方,76.05,57.98,36.14,无信号,多头排列,是,获取公告失败
2026-05-22,000021.SZ,深科技,深市主板,37.73,3.74%,开,7191026,34,0万元,0,707233.0,191.24亿,1912396,0,0%,缩量,593.89万,5.9,6.2,4.2,阳线||多头排列||MA5上穿MA10,多头排列,未分类,未分类,未分类,0,436.91,421.4,391.53,373.94,462.97,391.53,320.09,布林带内,19.92,16.71,6.41,无信号,多头排列,是,获取公告失败
2026-05-22,688347.SH,华虹公司,科创板,179.0,5.92%,开,7061465,35,0万元,0,693188.0,3989.38亿,39893824,0,0%,缩量,729.87万,6.1,6.3,4.4,阳线||多头排列||MA5上穿MA10,多头排列,未分类,未分类,未分类,0,164.79,161.83,152.14,130.66,183.14,152.14,121.14,布林带内,11.02,9.45,3.14,无信号,多头排列,是,获取公告失败
2026-05-22,688313.SH,仕佳光子,科创板,174.72,4.07%,开,6823991,36,0万元,0,670362.0,3909.51亿,39095101,0,0%,缩量,789.71万,5.9,6.2,4.3,阳线,观望,未分类,未分类,未分类,0,174.98,177.31,162.15,115.86,200.38,162.15,123.92,布林带内,16.14,17.62,-2.97,无信号,震荡整理,否,获取公告失败
2026-05-22,002436.SZ,兴森科技,深市主板,35.42,6.40%,开,6791691,37,0万元,0,665970.0,189.01亿,1890061,0,0%,缩量,537.65万,6.1,6.3,4.4,价升||MACD金叉||多头排列||布林带上轨||MA5上穿MA10,MACD金叉;多头排列,未分类,未分类,未分类,0,418.22,411.64,385.38,321.92,451.02,385.38,319.74,上轨上方,29.76,27.55,4.42,金叉,多头排列,是,获取公告失败
2026-05-22,603435.SH,N嘉德,沪市主板,127.68,710.15%,开,6760211,38,0万元,0,310945.0,29.62亿,296216,0,0%,缩量,45.57万,76.5,41.5,51.3,阳线,观望,未分类,未分类,未分类,0,0.0,0.0,0.0,0.0,0.0,0.0,0.0,未知,0.0,0.0,0.0,,未知,否,获取公告失败
2026-05-22,300475.SZ,香农芯创,创业板,187.69,5.59%,开,6742700,39,0万元,0,661474.0,35.95亿,359544,0,0%,缩量,844.67万,6.1,6.3,4.4,阳线||布林带下轨,布林带下轨支撑,未分类,未分类,未分类,0,379.93,410.27,403.65,360.25,518.76,403.65,288.55,下轨下方,-0.05,18.5,-37.09,无信号,震荡整理,否,获取公告失败
2026-05-22,600176.SH,中国巨石,沪市主板,38.35,7.97%,开,6584926,40,0万元,0,644509.0,171.54亿,1715411,0,0%,缩量,1535.20万,6.3,6.4,4.5,阳线||布林带下轨,布林带下轨支撑,未分类,未分类,未分类,0,488.14,509.35,506.03,433.88,567.19,506.03,444.87,下轨下方,11.4,22.71,-22.62,无信号,震荡整理,否,获取公告失败
2026-05-22,002709.SZ,天赐材料,深市主板,58.08,0.64%,开,6513365,41,0万元,0,641016.0,110.96亿,1109625,0,0%,缩量,876.43万,5.6,6.0,4.0,阳线,观望,未分类,未分类,未分类,0,0.0,0.0,0.0,0.0,0.0,0.0,0.0,未知,0.0,0.0,0.0,,未知,否,获取公告失败
2026-05-22,300672.SZ,国科微,创业板,296.73,14.16%,开,6420930,42,0万元,0,625012.0,22.77亿,227654,0,0%,缩量,624.13万,6.9,6.7,4.9,阳线||多头排列||MA5上穿MA10,多头排列,未分类,未分类,未分类,0,384.15,383.57,335.26,285.41,452.54,335.26,217.99,布林带内,28.93,29.65,-1.45,死叉,多头排列,是,获取公告失败
2026-05-22,603629.SH,利通电子,沪市主板,195.65,8.93%,开,6300212,43,0万元,0,615556.0,32.95亿,329466,0,0%,缩量,504.84万,6.4,6.4,4.6,阳线,观望,未分类,未分类,未分类,0,318.55,323.24,291.92,185.94,402.61,291.92,181.23,布林带内,33.04,43.01,-19.93,死叉,震荡整理,否,获取公告失败
2026-05-22,300657.SZ,弘信电子,创业板,50.25,2.59%,开,6197364,44,0万元,0,608440.0,123.71亿,1237139,0,0%,缩量,235.42万,5.8,6.1,4.2,阳线||多头排列||布林带下轨||MA5上穿MA10,多头排列;布林带下轨支撑,未分类,未分类,未分类,0,142.95,135.77,130.43,114.47,181.95,130.43,78.91,下轨下方,4.49,7.9,-6.81,死叉,多头排列,是,获取公告失败
2026-05-22,688126.SH,沪硅产业,科创板,27.81,0.47%,开,5996828,45,0万元,0,589448.0,21468.36亿,214683599,0,0%,缩量,759.67万,5.5,6.0,4.0,价升||多头排列||MA5上穿MA10,多头排列,未分类,未分类,未分类,0,27.82,26.33,23.77,20.44,29.94,23.77,17.6,布林带内,2.3,1.85,0.89,无信号,多头排列,是,获取公告失败
2026-05-22,603005.SH,晶方科技,沪市主板,39.14,8.48%,开,5983455,46,0万元,0,584105.0,155.80亿,1558009,0,0%,缩量,255.26万,6.3,6.4,4.6,阳线,观望,未分类,未分类,未分类,0,0.0,0.0,0.0,0.0,0.0,0.0,0.0,未知,0.0,0.0,0.0,,未知,否,获取公告失败
2026-05-22,000066.SZ,中国长城,深市主板,20.93,3.10%,开,5975817,47,0万元,0,586030.0,282.71亿,2827053,0,0%,缩量,675.11万,5.8,6.2,4.2,价升,观望,未分类,未分类,未分类,0,190.42,206.35,193.85,165.15,249.15,193.85,138.55,布林带内,8.42,13.27,-9.71,无信号,震荡整理,否,获取公告失败
2026-05-22,300857.SZ,协创数据,创业板,272.0,5.43%,开,5856111,48,0万元,0,572898.0,21.57亿,215711,0,0%,缩量,1311.22万,6.0,6.3,4.4,阳线,观望,未分类,未分类,未分类,0,0.0,0.0,0.0,0.0,0.0,0.0,0.0,未知,0.0,0.0,0.0,,未知,否,获取公告失败
2026-05-22,301526.SZ,国际复材,创业板,20.49,15.05%,开,5788298,49,0万元,0,561306.0,285.46亿,2854616,0,0%,缩量,287.76万,7.0,6.8,5.0,阳线||多头排列||MA5上穿MA10,多头排列,未分类,未分类,未分类,0,18.92,18.9,17.71,14.36,21.47,17.71,13.96,布林带内,1.4,1.43,-0.07,无信号,多头排列,是,获取公告失败
2026-05-22,002916.SZ,深南电路,深市主板,378.27,10.00%,开,5735502,50,0万元,0,558550.0,14.97亿,149655,0,0%,缩量,2514.77万,6.5,6.5,4.7,阳线||布林带下轨,布林带下轨支撑,未分类,未分类,未分类,0,673.34,706.39,700.8,613.1,862.23,700.8,539.36,下轨下方,7.79,33.63,-51.67,无信号,震荡整理,否,获取公告失败
2026-05-22,000657.SZ,中钨高新,深市主板,62.38,10.00%,开,5695011,51,0万元,0,554502.0,91.81亿,918080,0,0%,缩量,906.33万,6.5,6.5,4.7,阳线||布林带下轨,布林带下轨支撑,未分类,未分类,未分类,0,303.31,333.7,342.93,337.36,438.03,342.93,247.83,下轨下方,-11.22,4.34,-31.11,无信号,震荡整理,否,获取公告失败
2026-05-22,300285.SZ,国瓷材料,创业板,48.4,16.54%,开,5621931,52,0万元,0,543922.0,116.65亿,1166473,0,0%,缩量,413.18万,7.2,6.8,5.1,阳线||布林带下轨,布林带下轨支撑,未分类,未分类,未分类,0,487.51,492.45,472.07,439.07,543.36,472.07,400.79,下轨下方,14.09,19.33,-10.48,死叉,震荡整理,否,获取公告失败
2026-05-22,002149.SZ,西部材料,深市主板,72.12,2.81%,开,5406131,53,0万元,0,529209.0,75.76亿,757583,0,0%,缩量,352.05万,5.8,6.1,4.2,阳线,观望,未分类,未分类,未分类,0,216.9,219.48,207.61,169.42,245.31,207.61,169.91,布林带内,13.46,14.9,-2.87,无信号,震荡整理,否,获取公告失败
2026-05-22,688048.SH,长光华芯,科创板,376.1,5.36%,开,5377934,54,0万元,0,525114.0,1414.86亿,14148602,0,0%,缩量,662.99万,6.0,6.3,4.4,阳线||布林带下轨,布林带下轨支撑,未分类,未分类,未分类,0,481.68,523.12,507.83,351.72,609.39,507.83,406.27,下轨下方,27.03,48.97,-43.88,无信号,震荡整理,否,获取公告失败
2026-05-22,603019.SH,中科曙光,沪市主板,94.8,1.66%,开,5348190,55,0万元,0,523988.0,55.59亿,555904,0,0%,缩量,1386.65万,5.7,6.1,4.1,阳线||布林带下轨,布林带下轨支撑,未分类,未分类,未分类,0,347.35,368.65,371.3,350.95,460.0,371.3,282.6,下轨下方,-6.75,7.49,-28.47,无信号,震荡整理,否,获取公告失败
2026-05-22,002185.SZ,华天科技,深市主板,15.43,1.58%,开,5281039,56,0万元,0,517314.0,342.25亿,3422512,0,0%,缩量,503.97万,5.7,6.1,4.1,价升||多头排列||MA5上穿MA10,多头排列,未分类,未分类,未分类,0,166.2,164.55,155.53,150.1,179.73,155.53,131.33,布林带内,5.36,5.42,-0.13,死叉,多头排列,是,获取公告失败
2026-05-22,600246.SH,万通发展,沪市主板,15.69,1.82%,开,5204855,57,0万元,0,509577.0,326.37亿,3263707,0,0%,缩量,296.61万,5.7,6.1,4.1,价升||多头排列||MA5上穿MA10,多头排列,未分类,未分类,未分类,0,144.84,139.88,126.93,115.42,158.59,126.93,95.28,布林带内,10.31,8.04,4.54,无信号,多头排列,是,获取公告失败
2026-05-22,603667.SH,五洲新春,沪市主板,88.17,4.05%,开,5118558,58,0万元,0,499832.0,57.78亿,577799,0,0%,缩量,322.88万,5.9,6.2,4.3,阳线||多头排列||MA5上穿MA10,多头排列,未分类,未分类,未分类,0,111.62,109.0,99.86,95.99,121.07,99.86,78.65,布林带内,5.37,3.66,3.41,无信号,多头排列,是,获取公告失败
2026-05-22,688521.SH,芯原股份,科创板,275.75,0.81%,开,5118139,59,0万元,0,501410.0,1825.02亿,18250195,0,0%,缩量,1450.21万,5.6,6.0,4.1,价升||多头排列||MA5上穿MA10,多头排列,未分类,未分类,未分类,0,280.7,273.89,262.79,240.61,304.57,262.79,221.01,布林带内,10.99,10.24,1.49,无信号,多头排列,是,获取公告失败
2026-05-22,002600.SZ,领益智造,深市主板,16.31,5.09%,开,5101001,60,0万元,0,497555.0,310.20亿,3101986,0,0%,缩量,1174.27万,6.0,6.3,4.3,阳线,观望,未分类,未分类,未分类,0,0.0,0.0,0.0,0.0,0.0,0.0,0.0,未知,0.0,0.0,0.0,,未知,否,获取公告失败
2026-05-22,688498.SH,源杰科技,科创板,1066.4,2.73%,开,4951790,61,0万元,0,483813.0,454.26亿,4542580,0,0%,缩量,1310.52万,5.8,6.1,4.2,阳线,观望,未分类,未分类,未分类,0,0.0,0.0,0.0,0.0,0.0,0.0,0.0,未知,0.0,0.0,0.0,,未知,否,获取公告失败
2026-05-22,002222.SZ,福晶科技,深市主板,105.56,4.95%,开,4854236,62,0万元,0,472948.0,45.66亿,456558,0,0%,缩量,494.18万,6.0,6.2,4.3,阳线,观望,未分类,未分类,未分类,0,265.63,273.29,253.68,205.85,303.45,253.68,203.91,布林带内,16.26,18.11,-3.69,无信号,震荡整理,否,获取公告失败
2026-05-22,300442.SZ,润泽科技,创业板,93.35,1.93%,开,4765543,63,0万元,0,465588.0,50.38亿,503750,0,0%,缩量,1523.05万,5.7,6.1,4.1,阳线||布林带下轨,布林带下轨支撑,未分类,未分类,未分类,0,160.4,170.83,171.17,166.37,210.63,171.17,131.72,下轨下方,-3.29,2.94,-12.46,无信号,震荡整理,否,获取公告失败
2026-05-22,603083.SH,剑桥科技,沪市主板,190.0,6.03%,开,4661063,64,0万元,0,453090.0,24.28亿,242836,0,0%,缩量,523.62万,6.1,6.3,4.4,阳线,观望,未分类,未分类,未分类,0,0.0,0.0,0.0,0.0,0.0,0.0,0.0,未知,0.0,0.0,0.0,,未知,否,获取公告失败
2026-05-22,000938.SZ,紫光股份,深市主板,29.86,2.09%,开,4649707,65,0万元,0,453928.0,153.43亿,1534325,0,0%,缩量,854.02万,5.7,6.1,4.1,阳线||布林带下轨,布林带下轨支撑,未分类,未分类,未分类,0,185.13,200.83,208.64,187.36,274.84,208.64,142.45,下轨下方,-5.92,5.53,-22.89,无信号,震荡整理,否,获取公告失败
2026-05-22,688017.SH,绿的谐波,科创板,342.0,2.09%,开,4545617,66,0万元,0,443517.0,1323.29亿,13232877,0,0%,缩量,626.99万,5.7,6.1,4.1,阳线||多头排列||MA5上穿MA10,多头排列,未分类,未分类,未分类,0,435.84,414.02,362.5,312.0,489.23,362.5,235.78,布林带内,35.05,31.81,6.48,无信号,多头排列,是,获取公告失败
2026-05-22,603601.SH,再升科技,沪市主板,19.29,6.40%,开,4534471,67,0万元,0,440248.0,237.82亿,2378187,0,0%,缩量,220.36万,6.1,6.3,4.4,阳线||布林带下轨,布林带下轨支撑,未分类,未分类,未分类,0,212.05,216.77,210.37,182.88,258.1,210.37,162.65,下轨下方,4.39,10.57,-12.37,死叉,震荡整理,否,获取公告失败
2026-05-22,300223.SZ,北京君正,创业板,138.4,5.88%,开,4521955,68,0万元,0,439258.0,32.45亿,324463,0,0%,缩量,582.07万,6.1,6.3,4.4,阳线,观望,未分类,未分类,未分类,0,0.0,0.0,0.0,0.0,0.0,0.0,0.0,未知,0.0,0.0,0.0,,未知,否,获取公告失败
2026-05-22,600578.SH,京能电力,沪市主板,8.22,0.49%,开,4511234,69,0万元,0,440879.0,527.62亿,5276192,0,0%,缩量,550.30万,5.5,6.0,4.0,阳线||多头排列||MA5上穿MA10,多头排列,未分类,未分类,未分类,0,32.68,29.65,26.88,25.5,34.6,26.88,19.17,布林带内,2.14,1.31,1.67,无信号,多头排列,是,获取公告失败
2026-05-22,688183.SH,生益电子,科创板,108.49,9.31%,开,4485439,70,0万元,0,433889.0,4077.26亿,40772572,0,0%,缩量,902.44万,6.4,6.5,4.6,阳线||MA5上穿MA10,观望,未分类,未分类,未分类,0,105.46,104.76,109.11,95.6,120.97,109.11,97.25,布林带内,1.06,2.27,-2.43,无信号,震荡整理,否,获取公告失败
2026-05-22,600895.SH,张江高科,沪市主板,39.65,6.27%,开,4482678,71,0万元,0,435132.0,110.34亿,1103428,0,0%,缩量,614.06万,6.1,6.3,4.4,阳线||布林带下轨,布林带下轨支撑,未分类,未分类,未分类,0,732.98,758.53,771.67,783.37,877.78,771.67,665.56,下轨下方,-17.51,-4.73,-25.56,死叉,震荡整理,否,获取公告失败
2026-05-22,300390.SZ,天华新能,创业板,89.14,0.48%,开,4457453,72,0万元,0,435503.0,49.90亿,498952,0,0%,缩量,599.26万,5.5,6.0,4.0,阳线||布林带下轨,布林带下轨支撑,未分类,未分类,未分类,0,656.66,730.91,767.62,579.59,1017.53,767.62,517.71,下轨下方,-2.16,46.79,-97.92,无信号,震荡整理,否,获取公告失败
2026-05-22,600601.SH,方正科技,沪市主板,12.79,9.97%,开,4432111,73,0万元,0,428224.0,342.29亿,3422879,0,0%,缩量,533.38万,6.5,6.5,4.7,阳线||布林带下轨,布林带下轨支撑,未分类,未分类,未分类,0,109017.3,130655.63,131098.0,120704.82,195691.86,131098.0,66504.14,下轨下方,-6583.4,3991.16,-21149.12,无信号,震荡整理,否,获取公告失败
2026-05-22,601208.SH,东材科技,沪市主板,52.45,10.00%,开,4429270,74,0万元,0,427925.0,84.23亿,842267,0,0%,缩量,529.84万,6.5,6.5,4.7,阳线||多头排列||MA5上穿MA10,多头排列,未分类,未分类,未分类,0,126.42,125.82,114.87,96.04,143.09,114.87,86.65,布林带内,9.04,9.22,-0.36,死叉,多头排列,是,获取公告失败
2026-05-22,002273.SZ,水晶光电,深市主板,40.34,10.01%,开,4428340,75,0万元,0,427830.0,109.80亿,1097994,0,0%,缩量,549.46万,6.5,6.5,4.7,阳线,观望,未分类,未分类,未分类,0,496.22,507.06,480.38,404.86,553.4,480.38,407.37,布林带内,23.63,30.69,-14.13,无信号,震荡整理,否,获取公告失败
2026-05-22,002297.SZ,博云新材,深市主板,26.58,7.57%,开,4408798,76,0万元,0,427096.0,167.23亿,1672271,0,0%,缩量,152.33万,6.3,6.4,4.5,阳线,观望,未分类,未分类,未分类,0,74.71,75.26,72.21,49.12,82.7,72.21,61.71,布林带内,7.13,8.03,-1.81,无信号,震荡整理,否,获取公告失败
2026-05-22,301511.SZ,德福科技,创业板,108.5,10.43%,开,4407292,77,0万元,0,425513.0,39.93亿,399309,0,0%,缩量,406.47万,6.5,6.5,4.7,阳线||多头排列||MA5上穿MA10,多头排列,未分类,未分类,未分类,0,135.16,134.04,119.4,77.36,161.67,119.4,77.12,布林带内,15.66,17.7,-4.08,死叉,多头排列,是,获取公告失败
2026-05-22,300570.SZ,太辰光,创业板,161.42,8.69%,开,4389488,78,0万元,0,424606.0,27.12亿,271162,0,0%,缩量,310.24万,6.4,6.4,4.6,阳线,观望,未分类,未分类,未分类,0,289.68,304.65,284.93,251.1,338.01,284.93,231.86,布林带内,12.52,15.1,-5.16,无信号,震荡整理,否,获取公告失败
2026-05-22,600105.SH,永鼎股份,沪市主板,47.31,2.20%,开,4334167,79,0万元,0,422315.0,89.54亿,895414,0,0%,缩量,691.67万,5.7,6.1,4.1,阳线||布林带下轨,布林带下轨支撑,未分类,未分类,未分类,0,476.34,499.53,482.01,365.75,560.92,482.01,403.09,下轨下方,23.93,38.19,-28.53,无信号,震荡整理,否,获取公告失败
2026-05-22,000063.SZ,中兴通讯,深市主板,35.64,2.33%,开,4329417,80,0万元,0,421779.0,119.68亿,1196843,0,0%,缩量,1435.44万,5.7,6.1,4.2,阳线||布林带下轨,布林带下轨支撑,未分类,未分类,未分类,0,544.86,565.63,570.54,555.62,634.89,570.54,506.19,下轨下方,-5.77,5.78,-23.12,无信号,震荡整理,否,获取公告失败
2026-05-22,600673.SH,东阳光,沪市主板,38.78,7.19%,开,4324641,81,0万元,0,418871.0,110.17亿,1101723,0,0%,缩量,1164.00万,6.2,6.4,4.5,阳线,观望,未分类,未分类,未分类,0,418.39,419.09,407.04,377.86,468.92,407.04,345.16,布林带内,14.45,14.84,-0.79,无信号,震荡整理,否,获取公告失败
2026-05-22,600111.SH,北方稀土,沪市主板,51.09,0.73%,开,4318217,82,0万元,0,421457.0,82.65亿,826463,0,0%,缩量,1846.94万,5.6,6.0,4.0,阳线||布林带下轨,布林带下轨支撑,未分类,未分类,未分类,0,925.6,983.19,971.71,970.77,1130.32,971.71,813.11,下轨下方,-11.09,9.4,-40.97,无信号,震荡整理,否,获取公告失败
2026-05-22,002837.SZ,英维克,深市主板,104.94,4.39%,开,4283753,83,0万元,0,416182.0,40.18亿,401763,0,0%,缩量,909.57万,5.9,6.2,4.3,阳线||布林带下轨,布林带下轨支撑,未分类,未分类,未分类,0,929.36,1007.09,1023.89,1052.01,1393.48,1023.89,654.31,下轨下方,-57.15,-6.47,-101.37,死叉,震荡整理,否,获取公告失败
2026-05-22,603993.SH,洛阳钼业,沪市主板,18.53,5.05%,开,4239126,84,0万元,0,411390.0,225.81亿,2258116,0,0%,缩量,3235.49万,6.0,6.3,4.3,阳线,观望,未分类,未分类,未分类,0,57.91,60.7,60.99,62.28,66.42,60.99,55.56,布林带内,-0.75,-0.26,-0.98,无信号,震荡整理,否,获取公告失败
2026-05-22,600498.SH,烽火通信,沪市主板,55.15,2.05%,开,4226140,85,0万元,0,411587.0,74.83亿,748339,0,0%,缩量,701.30万,5.7,6.1,4.1,阳线||布林带下轨,布林带下轨支撑,未分类,未分类,未分类,0,168.42,175.88,170.61,162.85,198.8,170.61,142.42,下轨下方,1.17,4.35,-6.35,无信号,震荡整理,否,获取公告失败
2026-05-22,600330.SH,天通股份,沪市主板,29.26,6.40%,开,4193720,86,0万元,0,406172.0,141.07亿,1410654,0,0%,缩量,360.90万,6.1,6.3,4.4,阳线,观望,未分类,未分类,未分类,0,128.3,138.51,131.18,99.39,157.27,131.18,105.1,布林带内,7.37,11.53,-8.32,无信号,震荡整理,否,获取公告失败
2026-05-22,603501.SH,豪威集团,沪市主板,104.25,1.55%,开,4176044,87,0万元,0,406830.0,39.48亿,394822,0,0%,缩量,1261.90万,5.7,6.1,4.1,价升||布林带下轨,布林带下轨支撑,未分类,未分类,未分类,0,132.62,136.44,136.34,140.89,153.75,136.34,118.94,下轨下方,-1.78,0.08,-3.72,死叉,震荡整理,否,获取公告失败
2026-05-22,300620.SZ,光库科技,创业板,266.18,6.51%,开,4158983,88,0万元,0,402641.0,15.15亿,151493,0,0%,缩量,657.74万,6.2,6.3,4.4,阳线,观望,未分类,未分类,未分类,0,0.0,0.0,0.0,0.0,0.0,0.0,0.0,未知,0.0,0.0,0.0,,未知,否,获取公告失败
2026-05-22,300503.SZ,昊志机电,创业板,89.34,2.73%,开,4113415,89,0万元,0,399979.0,45.57亿,455739,0,0%,缩量,215.29万,5.8,6.1,4.2,阳线||多头排列||布林带上轨||MA5上穿MA10,多头排列,未分类,未分类,未分类,0,201.6,188.93,175.4,145.9,214.57,175.4,136.22,上轨上方,16.59,12.19,8.78,无信号,多头排列,是,获取公告失败
2026-05-22,688234.SH,天岳先进,科创板,153.74,10.12%,开,4061075,90,0万元,0,391047.0,2601.79亿,26017928,0,0%,缩量,660.64万,6.5,6.5,4.7,阳线||多头排列||MA5上穿MA10,多头排列,未分类,未分类,未分类,0,149.41,147.67,127.05,99.75,173.27,127.05,80.83,布林带内,15.4,13.77,3.27,无信号,多头排列,是,获取公告失败
2026-05-22,002409.SZ,雅克科技,深市主板,116.5,2.28%,开,4039423,91,0万元,0,392801.0,34.51亿,345053,0,0%,缩量,371.08万,5.7,6.1,4.2,阳线||多头排列||MA5上穿MA10,多头排列,未分类,未分类,未分类,0,357.83,334.58,303.34,279.77,379.44,303.34,227.23,布林带内,24.72,17.22,14.99,无信号,多头排列,是,获取公告失败
2026-05-22,601869.SH,长飞光纤,沪市主板,388.66,3.42%,开,3989400,92,0万元,0,387229.0,10.08亿,100802,0,0%,缩量,1579.27万,5.8,6.2,4.2,阳线,观望,未分类,未分类,未分类,0,395.22,398.8,390.21,320.36,424.5,390.21,355.92,布林带内,14.01,18.4,-8.78,无信号,震荡整理,否,获取公告失败
2026-05-22,300124.SZ,汇川技术,创业板,78.99,1.57%,开,3979783,93,0万元,0,387194.0,49.46亿,494643,0,0%,缩量,1903.78万,5.7,6.1,4.1,阳线||布林带下轨,布林带下轨支撑,未分类,未分类,未分类,0,1639.22,1673.69,1604.41,1570.0,1885.63,1604.41,1323.18,下轨下方,17.98,38.32,-40.68,死叉,震荡整理,否,获取公告失败
2026-05-22,688027.SH,国盾量子,科创板,592.41,9.94%,开,3952908,94,0万元,0,380320.0,637.56亿,6375569,0,0%,缩量,476.15万,6.5,6.5,4.7,阳线,观望,未分类,未分类,未分类,0,0.0,0.0,0.0,0.0,0.0,0.0,0.0,未知,0.0,0.0,0.0,,未知,否,获取公告失败
2026-05-22,688110.SH,东芯股份,科创板,138.83,0.09%,开,3950488,95,0万元,0,385002.0,2760.20亿,27602032,0,0%,缩量,613.98万,5.5,6.0,4.0,价升,观望,未分类,未分类,未分类,0,152.88,156.57,146.53,132.77,178.82,146.53,114.24,布林带内,6.73,8.49,-3.52,无信号,震荡整理,否,获取公告失败
2026-05-22,000977.SZ,浪潮信息,深市主板,68.25,2.93%,开,3947038,96,0万元,0,383241.0,56.82亿,568209,0,0%,缩量,1001.11万,5.8,6.1,4.2,阳线,观望,未分类,未分类,未分类,0,0.0,0.0,0.0,0.0,0.0,0.0,0.0,未知,0.0,0.0,0.0,,未知,否,获取公告失败
2026-05-22,300757.SZ,罗博特科,创业板,549.5,4.87%,开,3873812,97,0万元,0,374948.0,6.97亿,69705,0,0%,缩量,840.65万,6.0,6.2,4.3,阳线||布林带下轨,布林带下轨支撑,未分类,未分类,未分类,0,922.86,960.82,943.08,820.26,1166.17,943.08,719.99,下轨下方,7.77,40.22,-64.91,无信号,震荡整理,否,获取公告失败
2026-05-22,002920.SZ,德赛西威,深市主板,110.5,4.13%,开,3815107,98,0万元,0,369447.0,34.17亿,341709,0,0%,缩量,659.27万,5.9,6.2,4.3,阳线,观望,未分类,未分类,未分类,0,0.0,0.0,0.0,0.0,0.0,0.0,0.0,未知,0.0,0.0,0.0,,未知,否,获取公告失败
2026-05-22,603228.SH,景旺电子,沪市主板,82.5,10.00%,开,3807310,99,0万元,0,365731.0,44.62亿,446157,0,0%,缩量,805.03万,6.5,6.5,4.7,阳线,观望,未分类,未分类,未分类,0,0.0,0.0,0.0,0.0,0.0,0.0,0.0,未知,0.0,0.0,0.0,,未知,否,获取公告失败
2026-05-22,603799.SH,华友钴业,沪市主板,58.88,4.29%,开,3756161,100,0万元,0,363473.0,62.82亿,628169,0,0%,缩量,1111.42万,5.9,6.2,4.3,阳线,观望,未分类,未分类,未分类,0,0.0,0.0,0.0,0.0,0.0,0.0,0.0,未知,0.0,0.0,0.0,,未知,否,获取公告失败
2026-05-22,300373.SZ,扬杰科技,创业板,86.38,11.30%,开,3692400,101,0万元,0,353590.0,42.02亿,420155,0,0%,缩量,468.30万,6.6,6.6,4.8,阳线,观望,未分类,未分类,未分类,0,0.0,0.0,0.0,0.0,0.0,0.0,0.0,未知,0.0,0.0,0.0,,未知,否,获取公告失败
2026-05-22,603920.SH,世运电路,沪市主板,66.65,5.23%,开,3671978,102,0万元,0,354585.0,53.53亿,535310,0,0%,缩量,480.27万,6.0,6.3,4.3,阳线||布林带下轨,布林带下轨支撑,未分类,未分类,未分类,0,85.0,87.03,83.05,79.43,96.39,83.05,69.71,下轨下方,1.46,2.38,-1.84,死叉,震荡整理,否,获取公告失败
2026-05-22,300209.SZ,行云科技,创业板,30.9,11.47%,开,3643739,103,0万元,0,348638.0,117.70亿,1177016,0,0%,缩量,226.98万,6.6,6.6,4.8,阳线||多头排列||MA5上穿MA10,多头排列,未分类,未分类,未分类,0,105.65,102.7,84.59,55.18,128.61,84.59,40.56,布林带内,14.58,14.34,0.5,无信号,多头排列,是,获取公告失败
2026-05-22,002342.SZ,巨力索具,深市主板,13.17,2.97%,开,3612035,104,0万元,0,349718.0,265.75亿,2657473,0,0%,缩量,125.73万,5.8,6.1,4.2,阳线,观望,未分类,未分类,未分类,0,36.06,42.99,45.65,39.22,58.85,45.65,32.46,布林带内,-1.55,1.03,-5.16,无信号,震荡整理,否,获取公告失败
2026-05-22,002080.SZ,中材科技,深市主板,71.28,10.00%,开,3607930,105,0万元,0,345793.0,49.64亿,496373,0,0%,缩量,1196.17万,6.5,6.5,4.7,阳线,观望,未分类,未分类,未分类,0,279.32,284.37,266.53,224.56,314.22,266.53,218.83,布林带内,16.01,18.87,-5.73,无信号,震荡整理,否,获取公告失败
2026-05-22,002015.SZ,协鑫能科,深市主板,21.55,7.00%,开,3596384,106,0万元,0,346138.0,163.17亿,1631718,0,0%,缩量,349.83万,6.2,6.4,4.5,阳线||布林带下轨,布林带下轨支撑,未分类,未分类,未分类,0,124.22,130.18,125.12,113.96,148.53,125.12,101.72,下轨下方,2.3,5.12,-5.63,无信号,震荡整理,否,获取公告失败
2026-05-22,002484.SZ,江海股份,深市主板,60.5,8.99%,开,3590726,107,0万元,0,344578.0,58.23亿,582264,0,0%,缩量,496.39万,6.4,6.4,4.6,阳线||多头排列||布林带上轨||MA5上穿MA10,多头排列,未分类,未分类,未分类,0,256.51,232.01,202.1,160.74,277.47,202.1,126.74,上轨上方,28.73,21.83,13.8,无信号,多头排列,是,获取公告失败
2026-05-22,002747.SZ,埃斯顿,深市主板,29.07,1.29%,开,3584605,108,0万元,0,347816.0,121.69亿,1216899,0,0%,缩量,227.45万,5.6,6.1,4.1,阳线||多头排列||布林带上轨||MA5上穿MA10,多头排列,未分类,未分类,未分类,0,167.01,158.18,145.58,135.51,177.61,145.58,113.55,上轨上方,10.5,7.08,6.85,无信号,多头排列,是,获取公告失败
2026-05-22,301217.SZ,铜冠铜箔,创业板,90.93,9.65%,开,3572973,109,0万元,0,342474.0,38.45亿,384504,0,0%,缩量,753.82万,6.5,6.5,4.6,阳线,观望,未分类,未分类,未分类,0,87.56,88.92,78.15,54.55,111.57,78.15,44.72,布林带内,10.23,10.89,-1.31,无信号,震荡整理,否,获取公告失败
2026-05-22,301013.SZ,利和兴,创业板,42.84,20.00%,开,3525270,110,0万元,0,332527.0,82.99亿,829880,0,0%,缩量,81.07万,7.5,7.0,5.3,阳线||多头排列||MA5上穿MA10,多头排列,未分类,未分类,未分类,0,47.92,45.24,42.02,37.71,51.79,42.02,32.26,布林带内,3.07,2.44,1.27,无信号,多头排列,是,获取公告失败
2026-05-22,300037.SZ,新宙邦,创业板,72.92,9.60%,开,3501493,111,0万元,0,335347.0,47.68亿,476844,0,0%,缩量,394.36万,6.5,6.5,4.6,阳线,观望,未分类,未分类,未分类,0,0.0,0.0,0.0,0.0,0.0,0.0,0.0,未知,0.0,0.0,0.0,,未知,否,获取公告失败
2026-05-22,000338.SZ,潍柴动力,深市主板,34.01,5.36%,开,3495196,112,0万元,0,336840.0,100.41亿,1004087,0,0%,缩量,1701.69万,6.0,6.3,4.4,阳线||MACD金叉,MACD金叉,未分类,未分类,未分类,0,585.4,587.14,566.08,499.23,637.75,566.08,494.41,布林带内,28.04,27.97,0.14,金叉,震荡整理,否,获取公告失败
2026-05-22,688361.SH,中科飞测,科创板,245.45,1.59%,开,3487396,113,0万元,0,337945.0,1399.35亿,13993495,0,0%,缩量,859.48万,5.7,6.1,4.1,阳线||多头排列||MA5上穿MA10,多头排列,未分类,未分类,未分类,0,233.94,218.08,201.22,179.72,250.41,201.22,152.04,布林带内,17.31,12.03,10.55,无信号,多头排列,是,获取公告失败
2026-05-22,002466.SZ,天齐锂业,深市主板,66.52,1.12%,开,3485414,114,0万元,0,337979.0,51.21亿,512094,0,0%,缩量,981.65万,5.6,6.1,4.1,阳线||布林带下轨,布林带下轨支撑,未分类,未分类,未分类,0,555.26,595.31,623.1,534.51,741.37,623.1,504.84,下轨下方,-4.87,19.4,-48.55,无信号,震荡整理,否,获取公告失败
2026-05-22,300054.SZ,鼎龙股份,创业板,73.0,0.03%,开,3483387,115,0万元,0,338325.0,46.67亿,466678,0,0%,缩量,538.85万,5.5,6.0,4.0,价升||多头排列||MA5上穿MA10,多头排列,未分类,未分类,未分类,0,919.99,883.03,810.62,660.17,991.42,810.62,629.81,布林带内,72.91,65.65,14.51,无信号,多头排列,是,获取公告失败
2026-05-22,603459.SH,红板科技,沪市主板,105.61,10.00%,开,3462144,116,0万元,0,331215.0,32.49亿,324889,0,0%,缩量,83.49万,6.5,6.5,4.7,阳线||MA5上穿MA10,观望,未分类,未分类,未分类,0,93.68,91.48,78.47,,108.1,78.47,48.84,布林带内,9.24,7.31,3.86,无信号,震荡整理,否,获取公告失败
2026-05-22,300782.SZ,卓胜微,创业板,125.51,3.70%,开,3454557,117,0万元,0,333605.0,26.68亿,266752,0,0%,缩量,562.60万,5.9,6.2,4.2,阳线||布林带下轨,布林带下轨支撑,未分类,未分类,未分类,0,562.05,606.09,579.14,501.85,830.8,579.14,327.48,下轨下方,0.45,32.6,-64.29,死叉,震荡整理,否,获取公告失败
2026-05-22,002245.SZ,蔚蓝锂芯,深市主板,20.41,10.03%,开,3452424,118,0万元,0,330229.0,167.61亿,1676090,0,0%,缩量,327.91万,6.5,6.5,4.7,阳线,观望,未分类,未分类,未分类,0,0.0,0.0,0.0,0.0,0.0,0.0,0.0,未知,0.0,0.0,0.0,,未知,否,获取公告失败
2026-05-22,300666.SZ,江丰电子,创业板,196.6,3.13%,开,3442171,119,0万元,0,332654.0,17.23亿,172282,0,0%,缩量,434.71万,5.8,6.2,4.2,阳线,观望,未分类,未分类,未分类,0,0.0,0.0,0.0,0.0,0.0,0.0,0.0,未知,0.0,0.0,0.0,,未知,否,获取公告失败
2026-05-22,603618.SH,杭电股份,沪市主板,40.53,0.65%,开,3424118,120,0万元,0,332089.0,81.61亿,816082,0,0%,缩量,280.21万,5.6,6.0,4.0,阳线||多头排列||MA5上穿MA10,多头排列,未分类,未分类,未分类,0,122.5,119.63,107.37,81.06,136.22,107.37,78.53,布林带内,11.85,11.06,1.59,无信号,多头排列,是,获取公告失败
2026-05-22,688322.SH,奥比中光-W,科创板,118.15,7.80%,开,3414715,121,0万元,0,327571.0,2834.59亿,28345923,0,0%,缩量,376.52万,6.3,6.4,4.5,阳线||多头排列||布林带上轨||MA5上穿MA10,多头排列,未分类,未分类,未分类,0,105.31,96.23,88.55,83.45,111.27,88.55,65.83,上轨上方,7.03,3.72,6.6,无信号,多头排列,是,获取公告失败
2026-05-22,600703.SH,三安光电,沪市主板,16.2,3.18%,开,3387713,122,0万元,0,327179.0,203.59亿,2035898,0,0%,缩量,808.22万,5.8,6.2,4.2,阳线,观望,未分类,未分类,未分类,0,329.83,338.45,324.36,311.91,369.51,324.36,279.22,布林带内,8.05,11.11,-6.11,死叉,震荡整理,否,获取公告失败
2026-05-22,002241.SZ,歌尔股份,深市主板,25.56,2.49%,开,3350809,123,0万元,0,323838.0,128.92亿,1289192,0,0%,缩量,803.40万,5.7,6.1,4.2,阳线,观望,未分类,未分类,未分类,0,582.85,585.3,578.34,567.03,600.55,578.34,556.12,布林带内,5.7,6.97,-2.54,无信号,震荡整理,否,获取公告失败
2026-05-22,600160.SH,巨化股份,沪市主板,35.84,10.01%,开,3347090,124,0万元,0,319706.0,91.75亿,917476,0,0%,缩量,967.59万,6.5,6.5,4.7,阳线||布林带下轨,布林带下轨支撑,未分类,未分类,未分类,0,310.6,325.82,335.16,350.41,373.91,335.16,296.41,下轨下方,-9.84,-4.19,-11.3,无信号,震荡整理,否,获取公告失败
2026-05-22,300751.SZ,迈为股份,创业板,285.19,3.01%,开,3333512,125,0万元,0,321845.0,11.34亿,113440,0,0%,缩量,549.99万,5.8,6.2,4.2,阳线||布林带下轨,布林带下轨支撑,未分类,未分类,未分类,0,1064.42,1172.79,1147.44,1169.51,1596.19,1147.44,698.69,下轨下方,-39.63,14.74,-108.74,死叉,震荡整理,否,获取公告失败
2026-05-22,300346.SZ,南大光电,创业板,56.63,1.56%,开,3274221,126,0万元,0,316642.0,56.46亿,564572,0,0%,缩量,371.49万,5.7,6.1,4.1,阳线,观望,未分类,未分类,未分类,0,0.0,0.0,0.0,0.0,0.0,0.0,0.0,未知,0.0,0.0,0.0,,未知,否,获取公告失败
2026-05-22,002272.SZ,川润股份,深市主板,24.7,10.02%,开,3271721,127,0万元,0,312161.0,132.32亿,1323245,0,0%,缩量,100.81万,6.5,6.5,4.7,阳线||多头排列||布林带上轨||MA5上穿MA10,多头排列,未分类,未分类,未分类,0,77.64,71.51,67.16,64.49,81.84,67.16,52.49,上轨上方,4.1,2.17,3.85,无信号,多头排列,是,获取公告失败
2026-05-22,603256.SH,宏和科技,沪市主板,159.37,10.00%,开,3202716,128,0万元,0,305271.0,19.43亿,194299,0,0%,缩量,1402.02万,6.5,6.5,4.7,阳线,观望,未分类,未分类,未分类,0,143.89,144.18,132.28,95.59,167.16,132.28,97.4,布林带内,14.25,14.34,-0.18,无信号,震荡整理,否,获取公告失败
2026-05-22,000630.SZ,铜陵有色,深市主板,6.36,10.03%,开,3175123,129,0万元,0,302495.0,491.02亿,4910185,0,0%,缩量,708.69万,6.5,6.5,4.7,阳线||MACD金叉||布林带上轨||MA5上穿MA10,MACD金叉,未分类,未分类,未分类,0,229.45,228.13,222.05,222.74,280.12,222.05,163.99,上轨上方,7.63,1.64,11.97,金叉,震荡整理,否,获取公告失败
2026-05-22,603893.SH,瑞芯微,沪市主板,195.24,4.35%,开,3169763,130,0万元,0,304801.0,15.76亿,157589,0,0%,缩量,821.79万,5.9,6.2,4.3,阳线||多头排列||MA5上穿MA10,多头排列,未分类,未分类,未分类,0,192.79,187.14,185.61,174.04,196.93,185.61,174.3,布林带内,4.98,4.24,1.48,无信号,多头排列,是,获取公告失败
2026-05-22,301486.SZ,致尚科技,创业板,258.8,9.99%,开,3163866,131,0万元,0,301393.0,12.14亿,121362,0,0%,缩量,187.51万,6.5,6.5,4.7,阳线||多头排列||MA5上穿MA10,多头排列,未分类,未分类,未分类,0,257.64,250.42,233.78,193.32,277.28,233.78,190.28,布林带内,18.33,18.0,0.66,无信号,多头排列,是,获取公告失败
2026-05-22,300903.SZ,科翔股份,创业板,79.39,11.50%,开,3140814,132,0万元,0,298330.0,38.38亿,383785,0,0%,缩量,260.71万,6.7,6.6,4.8,阳线,观望,未分类,未分类,未分类,0,121.7,125.04,106.16,77.36,155.09,106.16,57.23,布林带内,12.71,14.99,-4.56,死叉,震荡整理,否,获取公告失败
2026-05-22,300567.SZ,精测电子,创业板,195.3,2.34%,开,3128591,133,0万元,0,301688.0,16.11亿,161129,0,0%,缩量,443.43万,5.7,6.1,4.2,阳线||多头排列||MA5上穿MA10,多头排列,未分类,未分类,未分类,0,537.02,518.81,471.78,427.31,601.33,471.78,342.23,布林带内,31.18,30.76,0.84,无信号,多头排列,是,获取公告失败
2026-05-22,300548.SZ,长芯博创,创业板,240.3,3.81%,开,3112823,134,0万元,0,299375.0,12.58亿,125835,0,0%,缩量,647.08万,5.9,6.2,4.3,阳线||布林带下轨,布林带下轨支撑,未分类,未分类,未分类,0,571.32,648.33,678.62,543.04,897.04,678.62,460.2,下轨下方,-15.9,28.83,-89.46,无信号,震荡整理,否,获取公告失败
2026-05-22,300179.SZ,四方达,创业板,32.42,19.99%,开,3101935,135,0万元,0,290201.0,92.50亿,925029,0,0%,缩量,121.24万,7.5,7.0,5.3,阳线||MACD金叉||多头排列||布林带上轨||MA5上穿MA10,MACD金叉;多头排列,未分类,未分类,未分类,0,186.2,181.33,179.62,159.09,195.24,179.62,163.99,上轨上方,8.01,7.83,0.35,金叉,多头排列,是,获取公告失败
2026-05-22,301269.SZ,华大九天,创业板,108.69,11.80%,开,3087669,136,0万元,0,292868.0,27.93亿,279314,0,0%,缩量,592.84万,6.7,6.6,4.8,阳线||多头排列||布林带上轨||MA5上穿MA10,多头排列,未分类,未分类,未分类,0,100.14,97.91,93.43,90.96,105.59,93.43,81.26,上轨上方,3.65,2.29,2.73,无信号,多头排列,是,获取公告失败
2026-05-22,688308.SH,欧科亿,科创板,132.0,15.79%,开,3087127,137,0万元,0,290818.0,2283.63亿,22836256,0,0%,缩量,209.59万,7.1,6.8,5.1,阳线||多头排列||MA5上穿MA10,多头排列,未分类,未分类,未分类,0,154.62,153.89,144.7,130.34,169.77,144.7,119.64,布林带内,5.94,6.88,-1.87,死叉,多头排列,是,获取公告失败
2026-05-22,688629.SH,华丰科技,科创板,141.03,5.20%,开,3082875,138,0万元,0,295688.0,2132.96亿,21329614,0,0%,缩量,256.37万,6.0,6.3,4.3,阳线||多头排列||MA5上穿MA10,多头排列,未分类,未分类,未分类,0,140.14,136.98,136.08,123.32,148.03,136.08,124.12,布林带内,3.64,3.86,-0.44,无信号,多头排列,是,获取公告失败
2026-05-22,688766.SH,普冉股份,科创板,407.32,5.16%,开,3065728,139,0万元,0,293991.0,731.83亿,7318327,0,0%,缩量,603.03万,6.0,6.3,4.3,阳线||布林带下轨,布林带下轨支撑,未分类,未分类,未分类,0,1428.76,1550.63,1354.47,1143.69,2059.75,1354.47,649.19,下轨下方,63.35,128.68,-130.68,死叉,震荡整理,否,获取公告失败
2026-05-22,601975.SH,招商南油,沪市主板,5.8,1.22%,开,3049198,140,0万元,0,294309.0,511.24亿,5112396,0,0%,缩量,271.46万,5.6,6.1,4.1,价升||多头排列||布林带上轨||MA5上穿MA10,多头排列,未分类,未分类,未分类,0,5.32,5.12,4.85,4.68,5.71,4.85,3.98,上轨上方,0.24,0.14,0.21,无信号,多头排列,是,获取公告失败
2026-05-22,688213.SH,思特威-W,科创板,115.07,5.74%,开,3041307,141,0万元,0,291259.0,2592.19亿,25921896,0,0%,缩量,372.26万,6.1,6.3,4.4,阳线,观望,未分类,未分类,未分类,0,0.0,0.0,0.0,0.0,0.0,0.0,0.0,未知,0.0,0.0,0.0,,未知,否,获取公告失败
2026-05-22,600563.SH,法拉电子,沪市主板,174.2,10.00%,开,3034852,142,0万元,0,288484.0,17.09亿,170911,0,0%,缩量,391.95万,6.5,6.5,4.7,阳线||多头排列||布林带上轨||MA5上穿MA10,多头排列,未分类,未分类,未分类,0,329.03,304.9,282.97,270.9,347.61,282.97,218.33,上轨上方,19.09,9.29,19.58,无信号,多头排列,是,获取公告失败
2026-05-22,002703.SZ,浙江世宝,深市主板,21.29,6.88%,开,3024067,143,0万元,0,288968.0,137.70亿,1377038,0,0%,缩量,124.77万,6.2,6.3,4.5,阳线||MA5上穿MA10,观望,未分类,未分类,未分类,0,49.28,48.6,48.31,52.27,54.69,48.31,41.92,布林带内,-0.14,-0.88,1.48,无信号,震荡整理,否,获取公告失败
2026-05-22,002202.SZ,金风科技,深市主板,25.2,1.90%,开,3016392,144,0万元,0,290689.0,117.17亿,1171680,0,0%,缩量,847.60万,5.7,6.1,4.1,阳线||布林带下轨,布林带下轨支撑,未分类,未分类,未分类,0,184.22,191.03,194.06,197.9,213.52,194.06,174.6,下轨下方,-2.96,-0.41,-5.1,无信号,震荡整理,否,获取公告失败
2026-05-22,300014.SZ,亿纬锂能,创业板,64.38,0.67%,开,3009702,145,0万元,0,290634.0,45.19亿,451875,0,0%,缩量,1360.02万,5.6,6.0,4.0,价升,观望,未分类,未分类,未分类,0,0.0,0.0,0.0,0.0,0.0,0.0,0.0,未知,0.0,0.0,0.0,,未知,否,获取公告失败
2026-05-22,603688.SH,石英股份,沪市主板,74.55,2.73%,开,2997672,146,0万元,0,288403.0,39.06亿,390611,0,0%,缩量,403.82万,5.8,6.1,4.2,阳线,观望,未分类,未分类,未分类,0,161.53,168.35,154.73,132.2,195.97,154.73,113.49,布林带内,8.3,11.57,-6.54,死叉,震荡整理,否,获取公告失败
2026-05-22,688627.SH,精智达,科创板,416.97,1.71%,开,2988252,147,0万元,0,287969.0,705.23亿,7052319,0,0%,缩量,302.17万,5.7,6.1,4.1,价升||多头排列||MA5上穿MA10,多头排列,未分类,未分类,未分类,0,406.21,379.57,335.1,284.55,438.5,335.1,231.7,布林带内,36.89,27.66,18.45,无信号,多头排列,是,获取公告失败
2026-05-22,300115.SZ,长盈精密,创业板,37.85,0.56%,开,2980599,148,0万元,0,287781.0,76.50亿,765041,0,0%,缩量,513.74万,5.6,6.0,4.0,阳线,观望,未分类,未分类,未分类,0,433.4,433.43,414.54,406.94,468.55,414.54,360.53,布林带内,8.03,9.27,-2.49,死叉,震荡整理,否,获取公告失败
2026-05-22,688449.SH,联芸科技,科创板,87.79,4.31%,开,2954556,149,0万元,0,283299.0,3294.80亿,32947967,0,0%,缩量,257.40万,5.9,6.2,4.3,价升||多头排列||MA5上穿MA10,多头排列,未分类,未分类,未分类,0,80.43,74.06,63.2,52.09,90.55,63.2,35.85,布林带内,9.18,6.6,5.16,无信号,多头排列,是,获取公告失败
2026-05-22,600667.SH,太极实业,沪市主板,12.61,1.53%,开,2948838,150,0万元,0,284119.0,227.53亿,2275339,0,0%,缩量,263.74万,5.7,6.1,4.1,价升||多头排列||MA5上穿MA10,多头排列,未分类,未分类,未分类,0,60.37,60.08,54.58,51.29,68.13,54.58,41.02,布林带内,2.82,2.91,-0.18,死叉,多头排列,是,获取公告失败
2026-05-22,600699.SH,均胜电子,沪市主板,30.82,2.12%,开,2930533,151,0万元,0,281993.0,92.39亿,923850,0,0%,缩量,417.63万,5.7,6.1,4.1,阳线||布林带下轨,布林带下轨支撑,未分类,未分类,未分类,0,116.47,121.39,123.11,115.33,150.63,123.11,95.59,下轨下方,-1.59,2.59,-8.36,无信号,震荡整理,否,获取公告失败
2026-05-22,002432.SZ,九安医疗,深市主板,79.87,10.00%,开,2928793,152,0万元,0,277880.0,35.99亿,359914,0,0%,缩量,370.99万,6.5,6.5,4.7,阳线,观望,未分类,未分类,未分类,0,232.31,235.42,240.87,218.3,267.7,240.87,214.04,布林带内,-0.04,1.72,-3.54,无信号,震荡整理,否,获取公告失败
2026-05-22,600396.SH,华电辽能,沪市主板,14.56,2.32%,开,2887055,153,0万元,0,277546.0,193.37亿,1933716,0,0%,缩量,214.43万,5.7,6.1,4.2,阳线,观望,未分类,未分类,未分类,0,89.56,94.29,80.15,52.26,114.45,80.15,45.85,布林带内,10.12,12.02,-3.8,死叉,震荡整理,否,获取公告失败
2026-05-22,300316.SZ,晶盛机电,创业板,55.09,5.11%,开,2875517,154,0万元,0,274995.0,49.60亿,495968,0,0%,缩量,678.46万,6.0,6.3,4.3,阳线,观望,未分类,未分类,未分类,0,0.0,0.0,0.0,0.0,0.0,0.0,0.0,未知,0.0,0.0,0.0,,未知,否,获取公告失败
2026-05-22,000967.SZ,盈峰环境,深市主板,12.98,7.72%,开,2849709,155,0万元,0,271112.0,216.30亿,2163031,0,0%,缩量,426.47万,6.3,6.4,4.5,阳线||布林带下轨,布林带下轨支撑,未分类,未分类,未分类,0,64.05,68.35,70.57,56.78,83.26,70.57,57.88,下轨下方,0.8,3.51,-5.41,无信号,震荡整理,否,获取公告失败
2026-05-22,002491.SZ,通鼎互联,深市主板,22.8,4.88%,开,2845079,156,0万元,0,272070.0,121.27亿,1212650,0,0%,缩量,268.23万,6.0,6.2,4.3,阳线,观望,未分类,未分类,未分类,0,93.07,94.88,81.77,60.23,110.89,81.77,52.64,布林带内,9.54,9.63,-0.17,死叉,震荡整理,否,获取公告失败
2026-05-22,002421.SZ,达实智能,深市主板,4.36,10.10%,开,2844665,157,0万元,0,269416.0,647.56亿,6475560,0,0%,缩量,87.35万,6.5,6.5,4.7,阳线||多头排列||布林带上轨||MA5上穿MA10,多头排列,未分类,未分类,未分类,0,73.11,64.97,59.5,54.68,76.76,59.5,42.25,上轨上方,5.56,3.25,4.62,无信号,多头排列,是,获取公告失败
2026-05-22,600909.SH,华安证券,沪市主板,7.32,2.81%,开,2822564,158,0万元,0,270852.0,373.77亿,3737694,0,0%,缩量,367.77万,5.8,6.1,4.2,阳线||MA5上穿MA10,观望,未分类,未分类,未分类,0,8.21,7.81,7.5,7.52,8.54,7.5,6.45,布林带内,0.22,0.12,0.21,无信号,震荡整理,否,获取公告失败
2026-05-22,002460.SZ,赣锋锂业,深市主板,75.9,0.76%,开,2810643,159,0万元,0,270686.0,35.84亿,358370,0,0%,缩量,919.31万,5.6,6.0,4.1,阳线||布林带下轨,布林带下轨支撑,未分类,未分类,未分类,0,950.94,1012.07,1063.66,1007.47,1261.29,1063.66,866.03,下轨下方,-36.06,-0.01,-72.1,无信号,震荡整理,否,获取公告失败
2026-05-22,002929.SZ,润建股份,深市主板,84.33,4.32%,开,2805505,160,0万元,0,268392.0,32.22亿,322165,0,0%,缩量,180.80万,5.9,6.2,4.3,阳线||多头排列||MA5上穿MA10,多头排列,未分类,未分类,未分类,0,90.5,88.43,75.32,60.34,105.9,75.32,44.74,布林带内,8.74,8.37,0.75,无信号,多头排列,是,获取公告失败
2026-05-22,688082.SH,盛美上海,科创板,213.17,0.21%,开,2781967,161,0万元,0,268091.0,1272.04亿,12720432,0,0%,缩量,1017.70万,5.5,6.0,4.0,阳线||多头排列||MA5上穿MA10,多头排列,未分类,未分类,未分类,0,205.03,190.52,174.54,162.79,216.11,174.54,132.97,布林带内,13.52,8.31,10.42,无信号,多头排列,是,获取公告失败
2026-05-22,603738.SH,泰晶科技,沪市主板,50.24,6.60%,开,2768033,162,0万元,0,263504.0,52.37亿,523740,0,0%,缩量,193.87万,6.2,6.3,4.4,阳线||布林带下轨,布林带下轨支撑,未分类,未分类,未分类,0,218.47,236.67,212.45,150.73,291.76,212.45,133.14,下轨下方,16.48,26.12,-19.27,无信号,震荡整理,否,获取公告失败
2026-05-22,600549.SH,厦门钨业,沪市主板,52.04,3.75%,开,2754300,163,0万元,0,263556.0,50.98亿,509807,0,0%,缩量,808.67万,5.9,6.2,4.2,阳线||布林带下轨,布林带下轨支撑,未分类,未分类,未分类,0,602.61,643.9,680.78,722.16,800.55,680.78,561.02,下轨下方,-33.77,-18.06,-31.42,无信号,震荡整理,否,获取公告失败
2026-05-22,000417.SZ,合百集团,深市主板,10.24,9.99%,开,2737896,164,0万元,0,258795.0,259.57亿,2595717,0,0%,缩量,79.77万,6.5,6.5,4.7,阳线||多头排列||MA5上穿MA10,多头排列,未分类,未分类,未分类,0,158.9,149.74,140.54,138.73,170.32,140.54,110.76,布林带内,5.95,4.2,3.51,无信号,多头排列,是,获取公告失败
2026-05-22,600497.SH,驰宏锌锗,沪市主板,10.16,9.96%,开,2724543,165,0万元,0,257476.0,263.86亿,2638567,0,0%,缩量,512.10万,6.5,6.5,4.7,阳线||布林带下轨,布林带下轨支撑,未分类,未分类,未分类,0,206.63,218.45,212.13,202.86,246.48,212.13,177.77,下轨下方,1.85,6.65,-9.59,无信号,震荡整理,否,获取公告失败
2026-05-22,600186.SH,莲花控股,沪市主板,11.75,10.02%,开,2714673,166,0万元,0,256458.0,220.61亿,2206096,0,0%,缩量,209.18万,6.5,6.5,4.7,阳线||多头排列||MA5上穿MA10,多头排列,未分类,未分类,未分类,0,56.19,55.82,54.88,42.77,63.73,54.88,46.03,布林带内,3.05,4.1,-2.11,无信号,多头排列,是,获取公告失败
2026-05-22,688167.SH,炬光科技,科创板,466.97,1.41%,开,2702796,167,0万元,0,259575.0,551.90亿,5518970,0,0%,缩量,419.62万,5.6,6.1,4.1,阳线,观望,未分类,未分类,未分类,0,477.82,488.05,431.76,377.89,557.81,431.76,305.71,布林带内,30.62,29.91,1.41,无信号,震荡整理,否,获取公告失败
2026-05-22,301200.SZ,大族数控,创业板,274.0,9.84%,开,2679256,168,0万元,0,253007.0,9.49亿,94925,0,0%,缩量,1165.15万,6.5,6.5,4.7,阳线,观望,未分类,未分类,未分类,0,0.0,0.0,0.0,0.0,0.0,0.0,0.0,未知,0.0,0.0,0.0,,未知,否,获取公告失败
2026-05-22,688019.SH,安集科技,科创板,311.19,2.10%,开,2674279,169,0万元,0,256378.0,842.35亿,8423517,0,0%,缩量,544.57万,5.7,6.1,4.1,阳线||布林带下轨,布林带下轨支撑,未分类,未分类,未分类,0,815.71,832.67,806.99,783.8,1077.05,806.99,536.94,下轨下方,-6.22,19.56,-51.55,死叉,震荡整理,否,获取公告失败
2026-05-22,300166.SZ,东方国信,创业板,19.17,2.95%,开,2672359,170,0万元,0,255759.0,134.65亿,1346547,0,0%,缩量,173.63万,5.8,6.1,4.2,阳线||多头排列||MA5上穿MA10,多头排列,未分类,未分类,未分类,0,364.89,358.63,334.48,288.94,401.02,334.48,267.94,布林带内,19.32,19.14,0.37,无信号,多头排列,是,获取公告失败
2026-05-22,605358.SH,立昂微,沪市主板,52.23,1.89%,开,2626671,171,0万元,0,251721.0,48.69亿,486905,0,0%,缩量,350.66万,5.7,6.1,4.1,阳线,观望,未分类,未分类,未分类,0,74.43,75.95,69.35,59.79,89.1,69.35,49.61,布林带内,4.09,5.31,-2.44,死叉,震荡整理,否,获取公告失败
2026-05-22,002049.SZ,紫光国微,深市主板,79.73,2.36%,开,2624751,172,0万元,0,251294.0,31.88亿,318828,0,0%,缩量,677.32万,5.7,6.1,4.2,阳线||布林带下轨,布林带下轨支撑,未分类,未分类,未分类,0,421.38,442.4,439.34,425.17,531.86,439.34,346.81,下轨下方,-4.64,8.58,-26.44,无信号,震荡整理,否,获取公告失败
2026-05-22,002594.SZ,比亚迪,深市主板,93.75,0.26%,开,2611903,173,0万元,0,251062.0,26.86亿,268592,0,0%,缩量,3268.70万,5.5,6.0,4.0,阳线||布林带下轨,布林带下轨支撑,未分类,未分类,未分类,0,253.04,279.25,296.53,305.8,393.16,296.53,199.89,下轨下方,-21.53,-6.69,-29.68,无信号,震荡整理,否,获取公告失败
2026-05-22,000960.SZ,锡业股份,深市主板,38.01,4.74%,开,2606077,174,0万元,0,248238.0,66.04亿,660435,0,0%,缩量,625.43万,6.0,6.2,4.3,阳线,观望,未分类,未分类,未分类,0,0.0,0.0,0.0,0.0,0.0,0.0,0.0,未知,0.0,0.0,0.0,,未知,否,获取公告失败
2026-05-22,300776.SZ,帝尔激光,创业板,156.58,6.30%,开,2605670,175,0万元,0,247417.0,16.15亿,161510,0,0%,缩量,263.19万,6.1,6.3,4.4,阳线||布林带下轨,布林带下轨支撑,未分类,未分类,未分类,0,511.22,527.69,493.8,395.54,697.26,493.8,290.34,下轨下方,23.41,44.63,-42.44,死叉,震荡整理,否,获取公告失败
2026-05-22,300017.SZ,网宿科技,创业板,17.23,2.38%,开,2603483,176,0万元,0,249160.0,146.26亿,1462572,0,0%,缩量,403.43万,5.7,6.1,4.2,阳线,观望,未分类,未分类,未分类,0,421.07,428.37,419.17,425.74,466.75,419.17,371.59,布林带内,-1.2,0.1,-2.6,死叉,震荡整理,否,获取公告失败
2026-05-22,002138.SZ,顺络电子,深市主板,43.3,8.52%,开,2580536,177,0万元,0,243793.0,57.27亿,572691,0,0%,缩量,327.56万,6.4,6.4,4.6,阳线,观望,未分类,未分类,未分类,0,0.0,0.0,0.0,0.0,0.0,0.0,0.0,未知,0.0,0.0,0.0,,未知,否,获取公告失败
2026-05-22,002353.SZ,杰瑞股份,深市主板,133.25,0.20%,开,2565345,178,0万元,0,246433.0,18.39亿,183946,0,0%,缩量,920.81万,5.5,6.0,4.0,阳线,观望,未分类,未分类,未分类,0,1090.0,1114.96,1096.77,948.81,1227.08,1096.77,966.47,布林带内,40.08,55.37,-30.58,无信号,震荡整理,否,获取公告失败
2026-05-22,600589.SH,大位科技,沪市主板,12.88,3.70%,开,2540678,179,0万元,0,242216.0,191.39亿,1913885,0,0%,缩量,190.43万,5.9,6.2,4.2,阳线||布林带下轨,布林带下轨支撑,未分类,未分类,未分类,0,57.38,59.91,55.56,54.33,69.8,55.56,41.33,下轨下方,0.86,1.77,-1.82,死叉,震荡整理,否,获取公告失败
2026-05-22,603936.SH,博敏电子,沪市主板,22.59,9.98%,开,2538842,180,0万元,0,238894.0,108.02亿,1080174,0,0%,缩量,142.41万,6.5,6.5,4.7,阳线||布林带下轨,布林带下轨支撑,未分类,未分类,未分类,0,37.26,39.52,36.2,30.49,47.28,36.2,25.11,下轨下方,1.74,2.84,-2.21,死叉,震荡整理,否,获取公告失败
2026-05-22,002131.SZ,利欧股份,深市主板,6.65,0.30%,开,2530848,181,0万元,0,242934.0,368.50亿,3685022,0,0%,缩量,389.34万,5.5,6.0,4.0,价升||MA5上穿MA10,观望,未分类,未分类,未分类,0,296.42,292.18,297.02,328.74,332.5,297.02,261.55,布林带内,-9.39,-10.6,2.42,无信号,震荡整理,否,获取公告失败
2026-05-22,605589.SH,圣泉集团,沪市主板,45.72,4.00%,开,2522848,182,0万元,0,240283.0,52.94亿,529379,0,0%,缩量,386.75万,5.9,6.2,4.3,阳线||多头排列||MA5上穿MA10,多头排列,未分类,未分类,未分类,0,46.79,44.45,42.66,37.61,48.53,42.66,36.8,布林带内,2.44,2.15,0.57,无信号,多头排列,是,获取公告失败
2026-05-22,601126.SH,四方股份,沪市主板,82.34,0.82%,开,2522351,183,0万元,0,241825.0,29.00亿,290039,0,0%,缩量,679.38万,5.6,6.0,4.1,阳线||多头排列||MA5上穿MA10,多头排列,未分类,未分类,未分类,0,178.77,169.28,144.92,116.34,199.29,144.92,90.54,布林带内,19.63,16.15,6.96,无信号,多头排列,是,获取公告失败
2026-05-22,600580.SH,卧龙电驱,沪市主板,41.09,1.06%,开,2513847,184,0万元,0,240856.0,58.97亿,589651,0,0%,缩量,640.03万,5.6,6.1,4.1,阳线,观望,未分类,未分类,未分类,0,0.0,0.0,0.0,0.0,0.0,0.0,0.0,未知,0.0,0.0,0.0,,未知,否,获取公告失败
2026-05-22,688630.SH,芯碁微装,科创板,298.3,11.20%,开,2496641,185,0万元,0,234063.0,810.96亿,8109602,0,0%,缩量,392.98万,6.6,6.6,4.7,阳线,观望,未分类,未分类,未分类,0,0.0,0.0,0.0,0.0,0.0,0.0,0.0,未知,0.0,0.0,0.0,,未知,否,获取公告失败
2026-05-22,000426.SZ,兴业银锡,深市主板,41.47,4.04%,开,2486975,186,0万元,0,236678.0,57.91亿,579072,0,0%,缩量,736.18万,5.9,6.2,4.3,阳线,观望,未分类,未分类,未分类,0,950.79,1018.52,999.19,1010.45,1159.7,999.19,838.69,布林带内,-2.23,7.76,-19.98,无信号,震荡整理,否,获取公告失败
2026-05-22,600089.SH,特变电工,沪市主板,26.02,0.42%,开,2480552,187,0万元,0,237843.0,91.70亿,917016,0,0%,缩量,1314.74万,5.5,6.0,4.0,阳线||布林带下轨,布林带下轨支撑,未分类,未分类,未分类,0,1430.52,1550.59,1584.88,1667.16,1960.31,1584.88,1209.44,下轨下方,-77.34,-20.82,-113.03,无信号,震荡整理,否,获取公告失败
2026-05-22,600460.SH,士兰微,沪市主板,32.16,3.94%,开,2477635,188,0万元,0,235792.0,74.06亿,740638,0,0%,缩量,535.17万,5.9,6.2,4.3,阳线||布林带下轨,布林带下轨支撑,未分类,未分类,未分类,0,435.31,440.03,425.89,409.1,482.58,425.89,369.2,下轨下方,7.41,12.0,-9.18,死叉,震荡整理,否,获取公告失败
2026-05-22,002465.SZ,海格通信,深市主板,16.41,1.48%,开,2477601,189,0万元,0,237018.0,143.71亿,1437107,0,0%,缩量,406.62万,5.6,6.1,4.1,价升,观望,未分类,未分类,未分类,0,0.0,0.0,0.0,0.0,0.0,0.0,0.0,未知,0.0,0.0,0.0,,未知,否,获取公告失败
2026-05-22,688037.SH,芯源微,科创板,288.74,1.26%,开,2465824,190,0万元,0,235953.0,836.81亿,8368070,0,0%,缩量,582.18万,5.6,6.1,4.1,阳线||布林带下轨,布林带下轨支撑,未分类,未分类,未分类,0,562.68,565.19,508.62,430.88,705.92,508.62,311.31,下轨下方,32.87,45.17,-24.59,死叉,震荡整理,否,获取公告失败
2026-05-22,002364.SZ,中恒电气,深市主板,52.09,5.94%,开,2459962,191,0万元,0,233027.0,45.64亿,456418,0,0%,缩量,290.72万,6.1,6.3,4.4,阳线||多头排列||MA5上穿MA10,多头排列,未分类,未分类,未分类,0,314.0,300.16,281.11,231.2,332.03,281.11,230.18,布林带内,22.98,20.57,4.81,无信号,多头排列,是,获取公告失败
2026-05-22,603290.SH,斯达半导,沪市主板,131.75,7.79%,开,2456932,192,0万元,0,231799.0,17.95亿,179546,0,0%,缩量,315.51万,6.3,6.4,4.5,阳线||布林带下轨,布林带下轨支撑,未分类,未分类,未分类,0,169.6,171.15,163.04,154.73,190.91,163.04,135.18,下轨下方,4.01,5.51,-3.0,死叉,震荡整理,否,获取公告失败
2026-05-22,600869.SH,远东股份,沪市主板,21.18,0.86%,开,2443225,193,0万元,0,233894.0,110.74亿,1107418,0,0%,缩量,470.06万,5.6,6.0,4.1,阳线,观望,未分类,未分类,未分类,0,206.89,211.76,192.86,158.0,236.68,192.86,149.04,布林带内,14.13,15.76,-3.26,死叉,震荡整理,否,获取公告失败
2026-05-22,000792.SZ,盐湖股份,深市主板,32.84,1.73%,开,2431144,194,0万元,0,232247.0,71.58亿,715791,0,0%,缩量,1737.74万,5.7,6.1,4.1,阳线,观望,未分类,未分类,未分类,0,207.2,216.67,227.16,230.86,256.24,227.16,198.09,布林带内,-7.32,-3.76,-7.12,无信号,震荡整理,否,获取公告失败
2026-05-22,300806.SZ,斯迪克,创业板,89.59,7.95%,开,2424823,195,0万元,0,228506.0,26.49亿,264944,0,0%,缩量,283.48万,6.3,6.4,4.5,阳线||布林带下轨,布林带下轨支撑,未分类,未分类,未分类,0,257.73,283.39,275.32,214.9,376.31,275.32,174.34,下轨下方,6.54,22.92,-32.77,无信号,震荡整理,否,获取公告失败
2026-05-22,000700.SZ,模塑科技,深市主板,15.45,2.39%,开,2408838,196,0万元,0,229691.0,150.36亿,1503576,0,0%,缩量,141.83万,5.7,6.1,4.2,阳线||多头排列||MA5上穿MA10,多头排列,未分类,未分类,未分类,0,191.26,190.73,180.01,174.45,211.5,180.01,148.52,布林带内,5.88,5.57,0.63,无信号,多头排列,是,获取公告失败
2026-05-22,688507.SH,索辰科技,科创板,162.91,14.01%,开,2405373,197,0万元,0,223532.0,1434.61亿,14346131,0,0%,缩量,80.21万,6.9,6.7,4.9,阳线||多头排列||MA5上穿MA10,多头排列,未分类,未分类,未分类,0,283.77,248.17,226.04,207.28,321.89,226.04,130.19,布林带内,17.75,14.95,5.6,无信号,多头排列,是,获取公告失败
2026-05-22,300632.SZ,光莆股份,创业板,36.68,2.86%,开,2393981,198,0万元,0,227968.0,63.45亿,634549,0,0%,缩量,81.13万,5.8,6.1,4.2,价升||多头排列||MA5上穿MA10,多头排列,未分类,未分类,未分类,0,72.73,67.91,55.53,40.25,87.94,55.53,23.12,布林带内,8.88,8.72,0.31,无信号,多头排列,是,获取公告失败
2026-05-22,002636.SZ,金安国纪,深市主板,46.27,8.41%,开,2379967,199,0万元,0,223791.0,49.29亿,492933,0,0%,缩量,335.14万,6.3,6.4,4.6,阳线,观望,未分类,未分类,未分类,0,116.38,118.55,119.06,95.1,129.76,119.06,108.37,布林带内,4.76,6.6,-3.67,无信号,震荡整理,否,获取公告失败
2026-05-22,601600.SH,中国铝业,沪市主板,11.15,2.86%,开,2370658,200,0万元,0,225636.0,203.41亿,2034124,0,0%,缩量,1468.83万,5.8,6.1,4.2,阳线,观望,未分类,未分类,未分类,0,11.58,12.01,12.4,13.18,13.51,12.4,11.29,布林带内,-0.39,-0.29,-0.21,无信号,震荡整理,否,获取公告失败
2026-05-22,605111.SH,新洁能,沪市主板,57.47,8.27%,开,2366662,201,0万元,0,222531.0,39.36亿,393630,0,0%,缩量,238.69万,6.3,6.4,4.6,阳线||布林带下轨,布林带下轨支撑,未分类,未分类,未分类,0,174.14,182.32,170.25,163.15,237.29,170.25,103.2,下轨下方,1.49,7.58,-12.19,死叉,震荡整理,否,获取公告失败
2026-05-22,688257.SH,新锐股份,科创板,96.84,13.94%,开,2365084,202,0万元,0,219537.0,2355.26亿,23552590,0,0%,缩量,244.43万,6.9,6.7,4.9,阳线||布林带下轨,布林带下轨支撑,未分类,未分类,未分类,0,205.63,211.31,209.41,200.03,267.9,209.41,150.91,下轨下方,-2.02,4.99,-14.0,死叉,震荡整理,否,获取公告失败
2026-05-22,300042.SZ,朗科科技,创业板,68.04,0.40%,开,2363312,203,0万元,0,226132.0,33.22亿,332247,0,0%,缩量,136.34万,5.5,6.0,4.0,价升,观望,未分类,未分类,未分类,0,202.31,203.05,183.9,150.72,243.19,183.9,124.61,布林带内,12.49,16.01,-7.04,死叉,震荡整理,否,获取公告失败
2026-05-22,300496.SZ,中科创达,创业板,71.65,3.78%,开,2351242,204,0万元,0,223234.0,31.39亿,313932,0,0%,缩量,264.12万,5.9,6.2,4.3,阳线,观望,未分类,未分类,未分类,0,0.0,0.0,0.0,0.0,0.0,0.0,0.0,未知,0.0,0.0,0.0,,未知,否,获取公告失败
2026-05-22,002290.SZ,禾盛新材,深市主板,102.57,5.15%,开,2346420,205,0万元,0,222069.0,21.45亿,214499,0,0%,缩量,253.55万,6.0,6.3,4.3,阳线||MACD金叉,MACD金叉,未分类,未分类,未分类,0,243.16,244.01,226.99,185.2,275.26,226.99,178.73,布林带内,18.55,17.33,2.44,金叉,震荡整理,否,获取公告失败
2026-05-22,301396.SZ,宏景科技,创业板,312.6,5.16%,开,2326554,206,0万元,0,220077.0,7.14亿,71436,0,0%,缩量,315.96万,6.0,6.3,4.3,价升||布林带下轨,布林带下轨支撑,未分类,未分类,未分类,0,477.13,511.42,535.28,361.73,651.1,535.28,419.47,下轨下方,14.91,43.47,-57.13,无信号,震荡整理,否,获取公告失败
2026-05-22,301183.SZ,东田微,创业板,248.78,2.60%,开,2320870,207,0万元,0,220788.0,9.03亿,90258,0,0%,缩量,146.03万,5.8,6.1,4.2,阳线,观望,未分类,未分类,未分类,0,248.39,252.15,223.4,184.91,290.05,223.4,156.74,布林带内,18.97,18.52,0.9,无信号,震荡整理,否,获取公告失败
2026-05-22,301421.SZ,波长光电,创业板,131.93,10.02%,开,2311585,208,0万元,0,216151.0,17.26亿,172617,0,0%,缩量,61.09万,6.5,6.5,4.7,阳线||多头排列||布林带上轨||MA5上穿MA10,多头排列,未分类,未分类,未分类,0,117.14,112.34,107.17,97.59,124.03,107.17,90.31,上轨上方,6.29,4.29,4.0,无信号,多头排列,是,获取公告失败
2026-05-22,688700.SH,东威科技,科创板,80.45,14.81%,开,2309538,209,0万元,0,213547.0,2732.08亿,27320839,0,0%,缩量,240.06万,7.0,6.7,5.0,阳线||布林带下轨,布林带下轨支撑,未分类,未分类,未分类,0,128.81,132.07,127.59,108.79,156.23,127.59,98.96,下轨下方,3.02,6.63,-7.21,死叉,震荡整理,否,获取公告失败
2026-05-22,600362.SH,江西铜业,沪市主板,45.28,4.14%,开,2304779,210,0万元,0,218408.0,48.70亿,487025,0,0%,缩量,939.67万,5.9,6.2,4.3,阳线||布林带下轨,布林带下轨支撑,未分类,未分类,未分类,0,61.94,64.78,64.68,66.76,70.08,64.68,59.29,下轨下方,-0.92,-0.22,-1.41,无信号,震荡整理,否,获取公告失败
2026-05-22,688396.SH,华润微,科创板,62.4,4.35%,开,2295929,211,0万元,0,217419.0,3539.87亿,35398660,0,0%,缩量,828.80万,5.9,6.2,4.3,阳线||多头排列||MA5上穿MA10,多头排列,未分类,未分类,未分类,0,63.35,62.96,59.43,53.34,67.65,59.43,51.21,布林带内,3.09,3.04,0.11,无信号,多头排列,是,获取公告失败
2026-05-22,300811.SZ,铂科新材,创业板,118.88,13.86%,开,2287984,212,0万元,0,211869.0,18.77亿,187708,0,0%,缩量,282.58万,6.9,6.7,4.9,阳线||布林带下轨,布林带下轨支撑,未分类,未分类,未分类,0,398.28,431.6,426.27,391.57,583.26,426.27,269.28,下轨下方,-5.51,16.91,-44.84,死叉,震荡整理,否,获取公告失败
2026-05-22,300568.SZ,星源材质,创业板,18.23,2.70%,开,2286301,213,0万元,0,217278.0,119.65亿,1196462,0,0%,缩量,220.32万,5.8,6.1,4.2,阳线,观望,未分类,未分类,未分类,0,0.0,0.0,0.0,0.0,0.0,0.0,0.0,未知,0.0,0.0,0.0,,未知,否,获取公告失败
2026-05-22,605117.SH,DR德业股,沪市主板,120.7,1.28%,开,2280356,214,0万元,0,217398.0,17.92亿,179221,0,0%,缩量,1536.63万,5.6,6.1,4.1,阳线,观望,未分类,未分类,未分类,0,0.0,0.0,0.0,0.0,0.0,0.0,0.0,未知,0.0,0.0,0.0,,未知,否,获取公告失败
2026-05-22,002031.SZ,巨轮智能,深市主板,7.4,1.93%,开,2259191,215,0万元,0,214955.0,290.53亿,2905326,0,0%,缩量,141.61万,5.7,6.1,4.1,阳线,观望,未分类,未分类,未分类,0,102.04,102.73,92.63,92.55,118.64,92.63,66.62,布林带内,3.47,3.69,-0.45,死叉,震荡整理,否,获取公告失败
2026-05-22,688025.SH,杰普特,科创板,449.45,18.28%,开,2257961,216,0万元,0,206658.0,493.55亿,4935530,0,0%,缩量,427.20万,7.3,6.9,5.2,阳线||多头排列||布林带上轨||MA5上穿MA10,多头排列,未分类,未分类,未分类,0,409.31,393.77,364.59,286.28,444.22,364.59,284.97,上轨上方,35.79,32.88,5.84,无信号,多头排列,是,获取公告失败
2026-05-22,688249.SH,晶合集成,科创板,39.0,0.05%,开,2257806,217,0万元,0,215755.0,5516.35亿,55163538,0,0%,缩量,472.05万,5.5,6.0,4.0,价升||多头排列||MA5上穿MA10,多头排列,未分类,未分类,未分类,0,40.63,39.06,35.6,32.47,43.64,35.6,27.56,布林带内,2.55,2.11,0.88,无信号,多头排列,是,获取公告失败
2026-05-22,601727.SH,上海电气,沪市主板,8.94,3.00%,开,2248236,218,0万元,0,213326.0,239.47亿,2394728,0,0%,缩量,1127.84万,5.8,6.1,4.2,阳线||多头排列||MA5上穿MA10,多头排列,未分类,未分类,未分类,0,9.73,9.65,9.22,9.22,10.16,9.22,8.27,布林带内,0.23,0.16,0.14,无信号,多头排列,是,获取公告失败
2026-05-22,300763.SZ,锦浪科技,创业板,113.6,4.97%,开,2248106,219,0万元,0,212325.0,18.50亿,185050,0,0%,缩量,365.33万,6.0,6.2,4.3,阳线||布林带下轨,布林带下轨支撑,未分类,未分类,未分类,0,404.05,422.62,420.24,423.57,576.09,420.24,264.38,下轨下方,-14.12,3.47,-35.18,死叉,震荡整理,否,获取公告失败
2026-05-22,300199.SZ,翰宇药业,创业板,24.55,7.91%,开,2246720,220,0万元,0,210716.0,86.31亿,863060,0,0%,缩量,182.94万,6.3,6.4,4.5,阳线||多头排列||布林带上轨||MA5上穿MA10,多头排列,未分类,未分类,未分类,0,195.03,186.96,181.29,163.88,203.72,181.29,158.86,上轨上方,7.58,5.9,3.35,无信号,多头排列,是,获取公告失败
2026-05-22,300953.SZ,震裕科技,创业板,256.03,2.51%,开,2245931,221,0万元,0,213340.0,8.39亿,83887,0,0%,缩量,318.90万,5.8,6.1,4.2,阳线||布林带下轨,布林带下轨支撑,未分类,未分类,未分类,0,323.79,324.02,317.51,267.29,360.26,317.51,274.75,下轨下方,10.98,16.44,-10.93,死叉,震荡整理,否,获取公告失败
2026-05-22,002240.SZ,盛新锂能,深市主板,49.11,0.27%,开,2227907,222,0万元,0,212658.0,43.48亿,434792,0,0%,缩量,448.33万,5.5,6.0,4.0,阳线,观望,未分类,未分类,未分类,0,81.48,85.35,86.9,73.91,101.25,86.9,72.56,布林带内,1.49,3.63,-4.29,无信号,震荡整理,否,获取公告失败
2026-05-22,300661.SZ,圣邦股份,创业板,111.01,1.27%,开,2202310,223,0万元,0,209597.0,19.02亿,190160,0,0%,缩量,664.98万,5.6,6.1,4.1,阳线,观望,未分类,未分类,未分类,0,0.0,0.0,0.0,0.0,0.0,0.0,0.0,未知,0.0,0.0,0.0,,未知,否,获取公告失败
2026-05-22,002036.SZ,联创电子,深市主板,10.3,10.04%,开,2193263,224,0万元,0,204305.0,205.81亿,2058104,0,0%,缩量,108.71万,6.5,6.5,4.7,阳线||布林带下轨,布林带下轨支撑,未分类,未分类,未分类,0,55.55,57.99,58.18,64.9,72.13,58.18,44.24,下轨下方,-2.76,-1.59,-2.35,死叉,震荡整理,否,获取公告失败
2026-05-22,688200.SH,华峰测控,科创板,449.95,4.16%,开,2185915,225,0万元,0,206514.0,495.22亿,4952163,0,0%,缩量,609.83万,5.9,6.2,4.3,阳线||多头排列||布林带下轨||MA5上穿MA10,多头排列;布林带下轨支撑,未分类,未分类,未分类,0,866.56,864.87,796.45,673.75,1065.23,796.45,527.67,下轨下方,43.3,61.32,-36.04,死叉,多头排列,是,获取公告失败
2026-05-22,688301.SH,奕瑞科技,科创板,176.71,2.74%,开,2183161,226,0万元,0,206947.0,1186.07亿,11860742,0,0%,缩量,373.65万,5.8,6.1,4.2,价升||多头排列||布林带下轨||MA5上穿MA10,多头排列;布林带下轨支撑,未分类,未分类,未分类,0,392.22,371.37,349.37,332.61,479.26,349.37,219.48,下轨下方,12.91,16.03,-6.25,死叉,多头排列,是,获取公告失败
2026-05-22,601168.SH,西部矿业,沪市主板,31.84,5.89%,开,2169121,227,0万元,0,203969.0,65.06亿,650592,0,0%,缩量,758.75万,6.1,6.3,4.4,阳线,观望,未分类,未分类,未分类,0,34.88,35.88,35.2,33.99,38.16,35.2,32.25,布林带内,0.53,0.73,-0.4,无信号,震荡整理,否,获取公告失败
2026-05-22,688205.SH,德科立,科创板,256.8,2.83%,开,2152334,228,0万元,0,203820.0,795.76亿,7957560,0,0%,缩量,406.48万,5.8,6.1,4.2,阳线||布林带下轨,布林带下轨支撑,未分类,未分类,未分类,0,379.23,410.2,397.35,341.72,485.71,397.35,308.99,下轨下方,2.83,17.38,-29.09,无信号,震荡整理,否,获取公告失败
2026-05-22,301018.SZ,申菱环境,创业板,168.18,8.85%,开,2148801,229,0万元,0,200453.0,12.29亿,122932,0,0%,缩量,334.76万,6.4,6.4,4.6,阳线||多头排列||布林带上轨||MA5上穿MA10,多头排列,未分类,未分类,未分类,0,154.54,145.48,135.55,114.26,163.99,135.55,107.1,上轨上方,11.68,9.05,5.26,无信号,多头排列,是,获取公告失败
2026-05-22,600879.SH,航天电子,沪市主板,22.4,0.13%,开,2137510,230,0万元,0,203684.0,91.39亿,913883,0,0%,缩量,739.04万,5.5,6.0,4.0,价升||布林带下轨,布林带下轨支撑,未分类,未分类,未分类,0,939.41,1019.08,1040.82,1023.59,1251.31,1040.82,830.33,下轨下方,-29.35,6.29,-71.28,无信号,震荡整理,否,获取公告失败
2026-05-22,600206.SH,有研新材,沪市主板,29.76,2.90%,开,2128832,231,0万元,0,201431.0,67.91亿,679149,0,0%,缩量,251.93万,5.8,6.1,4.2,阳线||布林带下轨,布林带下轨支撑,未分类,未分类,未分类,0,118.55,125.03,119.59,101.98,141.66,119.59,97.52,下轨下方,4.31,7.52,-6.43,无信号,震荡整理,否,获取公告失败
2026-05-22,688702.SH,盛科通信-U,科创板,305.23,1.45%,开,2126665,232,0万元,0,201942.0,666.30亿,6663003,0,0%,缩量,619.59万,5.6,6.1,4.1,价升||多头排列||MA5上穿MA10,多头排列,未分类,未分类,未分类,0,304.12,301.85,296.94,227.94,347.27,296.94,246.6,布林带内,19.78,23.28,-7.0,无信号,多头排列,是,获取公告失败
2026-05-22,300450.SZ,先导智能,创业板,51.25,2.30%,开,2121657,233,0万元,0,201018.0,39.39亿,393905,0,0%,缩量,799.20万,5.7,6.1,4.2,阳线||布林带下轨,布林带下轨支撑,未分类,未分类,未分类,0,944.55,1009.74,1066.07,1035.05,1294.35,1066.07,837.8,下轨下方,-43.63,-4.85,-77.56,无信号,震荡整理,否,获取公告失败
2026-05-22,000062.SZ,深圳华强,深市主板,34.63,4.21%,开,2112495,234,0万元,0,199143.0,58.54亿,585361,0,0%,缩量,361.85万,5.9,6.2,4.3,阳线,观望,未分类,未分类,未分类,0,0.0,0.0,0.0,0.0,0.0,0.0,0.0,未知,0.0,0.0,0.0,,未知,否,获取公告失败
2026-05-22,300576.SZ,容大感光,创业板,45.78,7.82%,开,2109585,235,0万元,0,197049.0,43.82亿,438155,0,0%,缩量,105.46万,6.3,6.4,4.5,阳线||布林带下轨,布林带下轨支撑,未分类,未分类,未分类,0,160.71,163.95,159.99,153.6,208.48,159.99,111.5,下轨下方,-0.54,4.78,-10.64,死叉,震荡整理,否,获取公告失败
2026-05-22,688123.SH,聚辰股份,科创板,156.58,1.74%,开,2108526,236,0万元,0,199982.0,1293.15亿,12931483,0,0%,缩量,248.81万,5.7,6.1,4.1,阳线,观望,未分类,未分类,未分类,0,0.0,0.0,0.0,0.0,0.0,0.0,0.0,未知,0.0,0.0,0.0,,未知,否,获取公告失败
2026-05-22,603067.SH,振华股份,沪市主板,45.0,5.73%,开,2079455,237,0万元,0,195079.0,43.25亿,432529,0,0%,缩量,339.99万,6.1,6.3,4.4,阳线||布林带下轨,布林带下轨支撑,未分类,未分类,未分类,0,105.92,108.84,106.62,105.19,130.51,106.62,82.72,下轨下方,-0.28,2.22,-4.99,死叉,震荡整理,否,获取公告失败
2026-05-22,601615.SH,明阳智能,沪市主板,16.79,0.60%,开,2071605,238,0万元,0,196861.0,117.86亿,1178631,0,0%,缩量,379.71万,5.6,6.0,4.0,价升||MA5上穿MA10,观望,未分类,未分类,未分类,0,17.67,17.63,17.54,19.4,18.75,17.54,16.33,布林带内,-0.31,-0.39,0.17,无信号,震荡整理,否,获取公告失败
2026-05-22,688099.SH,XD晶晨股,科创板,115.21,4.72%,开,2058556,239,0万元,0,193497.0,1683.42亿,16834172,0,0%,缩量,485.22万,6.0,6.2,4.3,阳线,观望,未分类,未分类,未分类,0,0.0,0.0,0.0,0.0,0.0,0.0,0.0,未知,0.0,0.0,0.0,,未知,否,获取公告失败
2026-05-22,002230.SZ,科大讯飞,深市主板,47.35,0.32%,开,2051108,240,0万元,0,194952.0,41.25亿,412529,0,0%,缩量,1036.63万,5.5,6.0,4.0,价升,观望,未分类,未分类,未分类,0,638.06,641.23,646.03,656.01,670.61,646.03,621.46,布林带内,-3.61,-2.09,-3.04,无信号,震荡整理,否,获取公告失败
2026-05-22,002851.SZ,麦格米特,深市主板,120.33,3.12%,开,2048776,241,0万元,0,193318.0,16.22亿,162248,0,0%,缩量,551.22万,5.8,6.2,4.2,阳线||布林带下轨,布林带下轨支撑,未分类,未分类,未分类,0,258.78,276.6,266.99,256.69,325.24,266.99,208.74,下轨下方,1.1,8.76,-15.33,无信号,震荡整理,否,获取公告失败
2026-05-22,002931.SZ,锋龙股份,深市主板,66.04,9.99%,开,2047696,242,0万元,0,189773.0,30.13亿,301315,0,0%,缩量,132.91万,6.5,6.5,4.7,阳线||布林带下轨,布林带下轨支撑,未分类,未分类,未分类,0,117.73,126.13,133.96,158.14,171.55,133.96,96.38,下轨下方,-12.14,-8.68,-6.91,死叉,震荡整理,否,获取公告失败
2026-05-22,603063.SH,禾望电气,沪市主板,58.13,2.25%,开,2041087,243,0万元,0,192983.0,33.85亿,338476,0,0%,缩量,267.13万,5.7,6.1,4.2,阳线,观望,未分类,未分类,未分类,0,0.0,0.0,0.0,0.0,0.0,0.0,0.0,未知,0.0,0.0,0.0,,未知,否,获取公告失败
2026-05-22,002741.SZ,光华科技,深市主板,25.36,10.02%,开,2040068,244,0万元,0,188996.0,75.45亿,754509,0,0%,缩量,108.12万,6.5,6.5,4.7,阳线,观望,未分类,未分类,未分类,0,0.0,0.0,0.0,0.0,0.0,0.0,0.0,未知,0.0,0.0,0.0,,未知,否,获取公告失败
2026-05-22,300738.SZ,奥飞数据,创业板,25.4,3.80%,开,2036952,245,0万元,0,191795.0,76.30亿,763027,0,0%,缩量,250.16万,5.9,6.2,4.3,阳线||布林带下轨,布林带下轨支撑,未分类,未分类,未分类,0,261.06,291.41,295.92,284.39,428.49,295.92,163.35,下轨下方,-14.65,5.61,-40.53,无信号,震荡整理,否,获取公告失败
2026-05-22,688726.SH,拉普拉斯,科创板,70.26,10.40%,开,2030501,246,0万元,0,187849.0,2746.33亿,27463252,0,0%,缩量,154.52万,6.5,6.5,4.7,阳线,观望,未分类,未分类,未分类,0,68.88,70.78,66.7,65.74,77.98,66.7,55.41,布林带内,1.41,1.52,-0.23,无信号,震荡整理,否,获取公告失败
2026-05-22,002759.SZ,天际股份,深市主板,36.34,0.06%,开,2027895,247,0万元,0,192762.0,53.11亿,531113,0,0%,缩量,182.04万,5.5,6.0,4.0,价升,观望,未分类,未分类,未分类,0,92.13,93.55,92.83,91.76,103.62,92.83,82.03,布林带内,0.31,0.71,-0.79,无信号,震荡整理,否,获取公告失败
2026-05-22,688362.SH,甬矽电子,科创板,56.3,6.49%,开,2019488,248,0万元,0,188705.0,3456.57亿,34565707,0,0%,缩量,231.11万,6.1,6.3,4.4,阳线||多头排列||布林带上轨||MA5上穿MA10,多头排列,未分类,未分类,未分类,0,52.67,51.73,49.92,44.61,55.25,49.92,44.6,上轨上方,2.39,2.03,0.72,无信号,多头排列,是,获取公告失败
2026-05-22,301377.SZ,鼎泰高科,创业板,310.63,20.00%,开,2019326,249,0万元,0,181933.0,6.18亿,61797,0,0%,缩量,307.09万,7.5,7.0,5.3,阳线,观望,未分类,未分类,未分类,0,0.0,0.0,0.0,0.0,0.0,0.0,0.0,未知,0.0,0.0,0.0,,未知,否,获取公告失败
2026-05-22,603596.SH,伯特利,沪市主板,33.94,3.16%,开,2015975,250,0万元,0,190017.0,56.61亿,566131,0,0%,缩量,304.66万,5.8,6.2,4.2,阳线,观望,未分类,未分类,未分类,0,0.0,0.0,0.0,0.0,0.0,0.0,0.0,未知,0.0,0.0,0.0,,未知,否,获取公告失败
2026-05-22,603186.SH,华正新材,沪市主板,123.84,10.00%,开,2009418,251,0万元,0,185941.0,15.42亿,154231,0,0%,缩量,194.17万,6.5,6.5,4.7,阳线,观望,未分类,未分类,未分类,0,0.0,0.0,0.0,0.0,0.0,0.0,0.0,未知,0.0,0.0,0.0,,未知,否,获取公告失败
2026-05-22,000887.SZ,中鼎股份,深市主板,20.47,6.84%,开,2006975,252,0万元,0,187279.0,94.30亿,942993,0,0%,缩量,269.05万,6.2,6.3,4.5,阳线||MA5上穿MA10,观望,未分类,未分类,未分类,0,133.95,132.58,131.73,135.96,138.68,131.73,124.78,布林带内,-0.34,-0.63,0.58,无信号,震荡整理,否,获取公告失败
2026-05-22,002326.SZ,永太科技,深市主板,24.26,6.97%,开,1987422,253,0万元,0,185259.0,77.45亿,774499,0,0%,缩量,196.06万,6.2,6.3,4.5,阳线,观望,未分类,未分类,未分类,0,126.17,126.91,132.75,130.86,147.34,132.75,118.17,布林带内,-2.25,-1.44,-1.61,无信号,震荡整理,否,获取公告失败
2026-05-22,688519.SH,南亚新材,科创板,201.93,10.34%,开,1984741,254,0万元,0,183302.0,920.10亿,9201005,0,0%,缩量,474.07万,6.5,6.5,4.7,阳线,观望,未分类,未分类,未分类,0,0.0,0.0,0.0,0.0,0.0,0.0,0.0,未知,0.0,0.0,0.0,,未知,否,获取公告失败
2026-05-22,601872.SH,招商轮船,沪市主板,18.08,1.57%,开,1975225,255,0万元,0,186736.0,103.97亿,1039652,0,0%,缩量,1459.88万,5.7,6.1,4.1,价升||布林带下轨,布林带下轨支撑,未分类,未分类,未分类,0,24.46,25.05,25.31,25.21,27.56,25.31,23.05,下轨下方,-0.36,-0.04,-0.64,无信号,震荡整理,否,获取公告失败
2026-05-22,002025.SZ,航天电器,深市主板,74.8,3.57%,开,1971832,256,0万元,0,185397.0,24.95亿,249481,0,0%,缩量,339.50万,5.9,6.2,4.2,阳线||布林带下轨,布林带下轨支撑,未分类,未分类,未分类,0,427.4,436.19,443.94,405.76,488.09,443.94,399.79,下轨下方,-1.65,5.4,-14.1,无信号,震荡整理,否,获取公告失败
2026-05-22,300342.SZ,天银机电,创业板,58.48,3.78%,开,1960549,257,0万元,0,184165.0,32.06亿,320640,0,0%,缩量,244.91万,5.9,6.2,4.3,阳线,观望,未分类,未分类,未分类,0,0.0,0.0,0.0,0.0,0.0,0.0,0.0,未知,0.0,0.0,0.0,,未知,否,获取公告失败
2026-05-22,688146.SH,中船特气,科创板,130.72,2.23%,开,1958044,258,0万元,0,184690.0,1397.69亿,13976865,0,0%,缩量,189.51万,5.7,6.1,4.1,阳线||多头排列||MA5上穿MA10,多头排列,未分类,未分类,未分类,0,132.9,126.55,101.11,66.88,158.8,101.11,43.43,布林带内,19.89,17.44,4.91,无信号,多头排列,是,获取公告失败
2026-05-22,688195.SH,腾景科技,科创板,332.1,3.47%,开,1954678,259,0万元,0,183734.0,551.49亿,5514947,0,0%,缩量,429.57万,5.8,6.2,4.2,阳线,观望,未分类,未分类,未分类,0,337.03,351.98,351.24,296.57,392.94,351.24,309.54,布林带内,5.28,12.01,-13.45,无信号,震荡整理,否,获取公告失败
2026-05-22,000997.SZ,新 大 陆,深市主板,24.81,10.02%,开,1948700,260,0万元,0,179859.0,74.90亿,748978,0,0%,缩量,249.95万,6.5,6.5,4.7,阳线||布林带下轨,布林带下轨支撑,未分类,未分类,未分类,0,236.45,238.02,230.76,232.83,259.0,230.76,202.52,下轨下方,1.19,2.62,-2.87,死叉,震荡整理,否,获取公告失败
2026-05-22,000962.SZ,东方钽业,深市主板,62.25,10.00%,开,1936558,261,0万元,0,178655.0,29.41亿,294052,0,0%,缩量,312.29万,6.5,6.5,4.7,阳线||多头排列||MA5上穿MA10,多头排列,未分类,未分类,未分类,0,187.64,180.84,172.01,169.58,201.26,172.01,142.76,布林带内,5.55,4.94,1.21,无信号,多头排列,是,获取公告失败
2026-05-22,688668.SH,鼎通科技,科创板,273.0,5.00%,开,1933960,262,0万元,0,180896.0,658.17亿,6581652,0,0%,缩量,380.21万,6.0,6.2,4.3,阳线||多头排列||MA5上穿MA10,多头排列,未分类,未分类,未分类,0,367.31,356.79,338.67,258.22,405.48,338.67,271.85,布林带内,23.75,29.39,-11.28,死叉,多头排列,是,获取公告失败
2026-05-22,300260.SZ,新莱应材,创业板,66.8,5.36%,开,1930353,263,0万元,0,180354.0,27.69亿,276901,0,0%,缩量,192.14万,6.0,6.3,4.4,阳线||布林带下轨,布林带下轨支撑,未分类,未分类,未分类,0,324.81,325.62,302.48,283.95,385.15,302.48,219.8,下轨下方,10.48,14.89,-8.83,死叉,震荡整理,否,获取公告失败
2026-05-22,600552.SH,凯盛科技,沪市主板,18.55,1.37%,开,1919010,264,0万元,0,181218.0,99.04亿,990425,0,0%,缩量,175.22万,5.6,6.1,4.1,阳线,观望,未分类,未分类,未分类,0,136.88,137.83,130.74,113.29,150.49,130.74,110.99,布林带内,6.36,7.77,-2.83,死叉,震荡整理,否,获取公告失败
2026-05-22,601179.SH,中国西电,沪市主板,16.25,0.81%,开,1913912,265,0万元,0,180988.0,111.71亿,1117104,0,0%,缩量,832.96万,5.6,6.0,4.1,阳线,观望,未分类,未分类,未分类,0,17.9,18.52,18.39,17.94,19.82,18.39,16.96,布林带内,0.04,0.21,-0.34,无信号,震荡整理,否,获取公告失败
2026-05-22,601988.SH,中国银行,沪市主板,5.86,1.03%,开,1912782,266,0万元,0,180761.0,310.63亿,3106328,0,0%,缩量,1.24亿,5.6,6.1,4.1,阳线||MACD金叉||多头排列||布林带上轨||MA5上穿MA10,MACD金叉;多头排列,未分类,未分类,未分类,0,9.88,9.83,9.82,9.66,9.99,9.82,9.65,上轨上方,0.04,0.03,0.03,金叉,多头排列,是,获取公告失败
2026-05-22,600114.SH,东睦股份,沪市主板,37.75,7.98%,开,1908472,267,0万元,0,176857.0,48.05亿,480481,0,0%,缩量,232.68万,6.3,6.4,4.5,阳线,观望,未分类,未分类,未分类,0,174.69,176.72,175.82,165.31,184.86,175.82,166.78,布林带内,3.11,3.86,-1.5,无信号,震荡整理,否,获取公告失败
2026-05-22,688777.SH,中控技术,科创板,86.16,1.54%,开,1907119,268,0万元,0,179940.0,2107.17亿,21071725,0,0%,缩量,678.25万,5.7,6.1,4.1,价升||多头排列||布林带下轨||MA5上穿MA10,多头排列;布林带下轨支撑,未分类,未分类,未分类,0,119.72,118.7,115.94,108.31,138.17,115.94,93.71,下轨下方,2.42,4.21,-3.58,死叉,多头排列,是,获取公告失败
2026-05-22,301071.SZ,力量钻石,创业板,64.96,8.83%,开,1906564,269,0万元,0,176242.0,27.29亿,272945,0,0%,缩量,125.29万,6.4,6.4,4.6,阳线||布林带下轨,布林带下轨支撑,未分类,未分类,未分类,0,189.18,199.63,197.86,176.96,264.78,197.86,130.93,下轨下方,0.2,9.63,-18.86,死叉,震荡整理,否,获取公告失败
2026-05-22,002980.SZ,华盛昌,深市主板,116.38,10.00%,开,1899760,270,0万元,0,174976.0,15.40亿,154007,0,0%,缩量,117.88万,6.5,6.5,4.7,阳线||多头排列||MA5上穿MA10,多头排列,未分类,未分类,未分类,0,146.52,137.93,128.1,87.1,158.29,128.1,97.9,布林带内,13.72,14.73,-2.02,死叉,多头排列,是,获取公告失败
2026-05-22,600641.SH,先导基电,沪市主板,27.93,4.76%,开,1893468,271,0万元,0,176965.0,64.23亿,642267,0,0%,缩量,259.92万,6.0,6.2,4.3,阳线,观望,未分类,未分类,未分类,0,451.43,459.9,448.47,364.39,490.19,448.47,406.74,布林带内,19.75,28.02,-16.55,无信号,震荡整理,否,获取公告失败
2026-05-22,688300.SH,联瑞新材,科创板,134.85,15.19%,开,1876677,272,0万元,0,170074.0,1304.18亿,13041840,0,0%,缩量,325.62万,7.0,6.8,5.0,阳线||布林带下轨,布林带下轨支撑,未分类,未分类,未分类,0,303.34,318.08,287.52,258.44,402.89,287.52,172.16,下轨下方,8.67,18.09,-18.83,死叉,震荡整理,否,获取公告失败
2026-05-22,688187.SH,时代电气,科创板,59.03,14.40%,开,1866626,273,0万元,0,169463.0,3010.74亿,30107404,0,0%,缩量,512.92万,6.9,6.7,5.0,阳线,观望,未分类,未分类,未分类,0,57.68,57.75,55.74,56.93,62.12,55.74,49.35,布林带内,0.74,0.37,0.73,无信号,震荡整理,否,获取公告失败
2026-05-22,301205.SZ,联特科技,创业板,256.8,4.68%,开,1860126,274,0万元,0,173675.0,6.84亿,68352,0,0%,缩量,214.18万,6.0,6.2,4.3,阳线||布林带下轨,布林带下轨支撑,未分类,未分类,未分类,0,436.72,477.56,475.79,431.0,598.13,475.79,353.45,下轨下方,-8.18,13.12,-42.61,无信号,震荡整理,否,获取公告失败
2026-05-22,300398.SZ,飞凯材料,创业板,37.98,3.32%,开,1859964,275,0万元,0,174337.0,46.36亿,463608,0,0%,缩量,214.15万,5.8,6.2,4.2,阳线,观望,未分类,未分类,未分类,0,204.18,210.94,194.74,168.63,236.2,194.74,153.28,布林带内,10.61,13.17,-5.13,死叉,震荡整理,否,获取公告失败
2026-05-22,688549.SH,中巨芯-U,科创板,16.3,3.49%,开,1847030,276,0万元,0,172957.0,10795.87亿,107958721,0,0%,缩量,96.06万,5.8,6.2,4.2,阳线||多头排列||MA5上穿MA10,多头排列,未分类,未分类,未分类,0,17.17,15.6,13.4,10.78,19.01,13.4,7.78,布林带内,1.88,1.56,0.63,无信号,多头排列,是,获取公告失败
2026-05-22,000767.SZ,晋控电力,深市主板,4.72,6.55%,开,1845801,277,0万元,0,171307.0,362.99亿,3629869,0,0%,缩量,137.46万,6.2,6.3,4.4,阳线||布林带下轨,布林带下轨支撑,未分类,未分类,未分类,0,51.01,52.19,49.22,46.15,59.4,49.22,39.05,下轨下方,1.11,1.93,-1.64,死叉,震荡整理,否,获取公告失败
2026-05-22,000547.SZ,航天发展,深市主板,23.7,1.24%,开,1828173,278,0万元,0,172198.0,73.56亿,735576,0,0%,缩量,376.62万,5.6,6.1,4.1,阳线||布林带下轨,布林带下轨支撑,未分类,未分类,未分类,0,335.15,368.62,373.06,410.68,455.68,373.06,290.43,下轨下方,-21.69,-10.28,-22.83,无信号,震荡整理,否,获取公告失败
2026-05-22,002617.SZ,露笑科技,深市主板,9.15,2.92%,开,1827163,279,0万元,0,171254.0,186.81亿,1868081,0,0%,缩量,171.80万,5.8,6.1,4.2,价升||多头排列||MA5上穿MA10,多头排列,未分类,未分类,未分类,0,71.41,70.07,65.37,63.59,76.45,65.37,54.29,布林带内,3.05,2.33,1.45,无信号,多头排列,是,获取公告失败
2026-05-22,600410.SH,华胜天成,沪市主板,21.25,0.76%,开,1826043,280,0万元,0,172225.0,82.50亿,825005,0,0%,缩量,233.01万,5.6,6.0,4.1,阳线||布林带下轨,布林带下轨支撑,未分类,未分类,未分类,0,246.28,254.81,267.71,295.87,319.74,267.71,215.68,下轨下方,-15.63,-11.68,-7.91,无信号,震荡整理,否,获取公告失败
2026-05-22,300201.SZ,海伦哲,创业板,18.34,12.10%,开,1818163,281,0万元,0,165765.0,93.27亿,932722,0,0%,缩量,184.07万,6.7,6.6,4.8,阳线||多头排列||布林带上轨||MA5上穿MA10,多头排列,未分类,未分类,未分类,0,178.34,164.18,145.86,124.49,190.66,145.86,101.05,上轨上方,15.96,11.4,9.11,无信号,多头排列,是,获取公告失败
2026-05-22,688531.SH,日联科技,科创板,168.5,13.09%,开,1813606,282,0万元,0,164817.0,1025.58亿,10255797,0,0%,缩量,193.40万,6.8,6.7,4.9,阳线||多头排列||MA5上穿MA10,多头排列,未分类,未分类,未分类,0,283.68,280.57,243.53,181.72,363.66,243.53,123.4,布林带内,28.44,32.98,-9.08,死叉,多头排列,是,获取公告失败
2026-05-22,600309.SH,万华化学,沪市主板,77.99,0.65%,开,1813056,283,0万元,0,170983.0,21.98亿,219847,0,0%,缩量,2441.45万,5.6,6.0,4.0,价升,观望,未分类,未分类,未分类,0,2393.39,2445.78,2539.07,2557.39,2761.93,2539.07,2316.22,布林带内,-55.55,-30.45,-50.19,无信号,震荡整理,否,获取公告失败
2026-05-22,002429.SZ,兆驰股份,深市主板,12.39,1.47%,开,1808211,284,0万元,0,170084.0,137.51亿,1375101,0,0%,缩量,560.56万,5.6,6.1,4.1,阳线,观望,未分类,未分类,未分类,0,111.2,113.44,108.64,96.0,122.13,108.64,95.14,布林带内,4.53,5.07,-1.07,无信号,震荡整理,否,获取公告失败
2026-05-22,300870.SZ,欧陆通,创业板,411.2,5.17%,开,1806611,285,0万元,0,168078.0,4.16亿,41608,0,0%,缩量,448.29万,6.0,6.3,4.3,阳线,观望,未分类,未分类,未分类,0,411.7,412.01,397.71,320.6,442.7,397.71,352.73,布林带内,22.91,26.94,-8.06,无信号,震荡整理,否,获取公告失败
2026-05-22,601166.SH,兴业银行,沪市主板,17.46,0.52%,开,1801360,286,0万元,0,169877.0,97.32亿,973197,0,0%,缩量,3695.03万,5.6,6.0,4.0,阳线||布林带下轨,布林带下轨支撑,未分类,未分类,未分类,0,85.36,87.84,89.61,92.01,99.35,89.61,79.86,下轨下方,-2.48,-1.11,-2.73,无信号,震荡整理,否,获取公告失败
2026-05-22,688220.SH,翱捷科技-U,科创板,115.75,1.76%,开,1801111,287,0万元,0,169232.0,1470.28亿,14702796,0,0%,缩量,427.28万,5.7,6.1,4.1,阳线||多头排列||MA5上穿MA10,多头排列,未分类,未分类,未分类,0,116.19,112.45,103.98,86.96,124.32,103.98,83.64,布林带内,8.8,8.06,1.47,无信号,多头排列,是,获取公告失败
2026-05-22,300593.SZ,新雷能,创业板,33.32,11.77%,开,1797582,288,0万元,0,163871.0,51.46亿,514585,0,0%,缩量,150.03万,6.7,6.6,4.8,阳线||布林带下轨,布林带下轨支撑,未分类,未分类,未分类,0,109.56,115.2,118.33,113.77,159.12,118.33,77.53,下轨下方,-3.64,2.11,-11.52,死叉,震荡整理,否,获取公告失败
2026-05-22,002738.SZ,中矿资源,深市主板,68.02,4.02%,开,1793450,289,0万元,0,167334.0,24.95亿,249549,0,0%,缩量,483.78万,5.9,6.2,4.3,阳线,观望,未分类,未分类,未分类,0,0.0,0.0,0.0,0.0,0.0,0.0,0.0,未知,0.0,0.0,0.0,,未知,否,获取公告失败
2026-05-22,300456.SZ,赛微电子,创业板,46.92,1.54%,开,1788842,290,0万元,0,168116.0,35.84亿,358389,0,0%,缩量,280.32万,5.7,6.1,4.1,价升,观望,未分类,未分类,未分类,0,0.0,0.0,0.0,0.0,0.0,0.0,0.0,未知,0.0,0.0,0.0,,未知,否,获取公告失败
2026-05-22,301188.SZ,力诺药包,创业板,49.15,13.48%,开,1783940,291,0万元,0,161652.0,33.79亿,337944,0,0%,缩量,131.49万,6.8,6.7,4.9,阳线||多头排列||布林带上轨||MA5上穿MA10,多头排列,未分类,未分类,未分类,0,42.92,39.09,33.3,24.42,47.01,33.3,19.6,上轨上方,5.4,4.01,2.79,无信号,多头排列,是,获取公告失败
2026-05-22,688536.SH,思瑞浦,科创板,298.99,3.21%,开,1765113,292,0万元,0,164908.0,554.12亿,5541228,0,0%,缩量,405.58万,5.8,6.2,4.2,阳线,观望,未分类,未分类,未分类,0,418.87,429.75,392.13,309.47,503.18,392.13,281.08,布林带内,28.52,37.16,-17.29,死叉,震荡整理,否,获取公告失败
2026-05-22,002081.SZ,金 螳 螂,深市主板,5.94,4.03%,开,1762810,293,0万元,0,164267.0,283.70亿,2837014,0,0%,缩量,157.07万,5.9,6.2,4.3,阳线,观望,未分类,未分类,未分类,0,200.33,221.28,204.16,156.68,265.19,204.16,143.14,布林带内,12.9,20.26,-14.72,无信号,震荡整理,否,获取公告失败
2026-05-22,601398.SH,工商银行,沪市主板,7.18,0.42%,开,1762397,294,0万元,0,166030.0,231.50亿,2315001,0,0%,缩量,1.94亿,5.5,6.0,4.0,阳线,观望,未分类,未分类,未分类,0,0.0,0.0,0.0,0.0,0.0,0.0,0.0,未知,0.0,0.0,0.0,,未知,否,获取公告失败
2026-05-22,002361.SZ,神剑股份,深市主板,17.36,0.35%,开,1759104,295,0万元,0,165737.0,95.82亿,958201,0,0%,缩量,140.45万,5.5,6.0,4.0,阳线,观望,未分类,未分类,未分类,0,150.83,159.69,169.51,139.33,199.03,169.51,139.99,布林带内,-0.23,4.91,-10.29,无信号,震荡整理,否,获取公告失败
2026-05-22,300283.SZ,温州宏丰,创业板,18.52,5.41%,开,1744854,296,0万元,0,161782.0,87.49亿,874915,0,0%,缩量,68.01万,6.0,6.3,4.4,阳线||多头排列||MA5上穿MA10,多头排列,未分类,未分类,未分类,0,109.5,103.88,89.14,63.35,125.28,89.14,53.0,布林带内,13.71,12.35,2.72,无信号,多头排列,是,获取公告失败
2026-05-22,300499.SZ,高澜股份,创业板,45.31,5.03%,开,1743210,297,0万元,0,161806.0,36.60亿,365951,0,0%,缩量,122.98万,6.0,6.3,4.3,阳线||布林带下轨,布林带下轨支撑,未分类,未分类,未分类,0,163.7,172.1,170.46,161.02,216.66,170.46,124.26,下轨下方,-2.09,4.29,-12.76,死叉,震荡整理,否,获取公告失败
2026-05-22,688047.SH,龙芯中科,科创板,160.4,1.96%,开,1739291,298,0万元,0,162947.0,1021.78亿,10217838,0,0%,缩量,643.20万,5.7,6.1,4.1,价升,观望,未分类,未分类,未分类,0,161.31,166.13,164.2,150.08,185.92,164.2,142.48,布林带内,3.83,5.75,-3.85,无信号,震荡整理,否,获取公告失败
2026-05-22,000733.SZ,振华科技,深市主板,49.17,7.55%,开,1732149,299,0万元,0,159442.0,32.97亿,329668,0,0%,缩量,272.45万,6.3,6.4,4.5,阳线||布林带下轨,布林带下轨支撑,未分类,未分类,未分类,0,106.82,109.64,110.21,116.2,124.35,110.21,96.08,下轨下方,-2.73,-1.36,-2.74,死叉,震荡整理,否,获取公告失败
2026-05-22,601012.SH,隆基绿能,沪市主板,15.04,1.69%,开,1726341,300,0万元,0,161789.0,108.49亿,1084894,0,0%,缩量,1139.74万,5.7,6.1,4.1,阳线||布林带下轨,布林带下轨支撑,未分类,未分类,未分类,0,267.08,298.03,318.36,346.61,417.96,318.36,218.77,下轨下方,-27.14,-12.68,-28.91,无信号,震荡整理,否,获取公告失败
2026-05-22,000807.SZ,云铝股份,深市主板,30.76,2.57%,开,1725597,301,0万元,0,161276.0,52.58亿,525798,0,0%,缩量,1066.73万,5.8,6.1,4.2,阳线,观望,未分类,未分类,未分类,0,153.85,156.25,161.68,164.09,175.75,161.68,147.62,布林带内,-3.55,-2.74,-1.61,无信号,震荡整理,否,获取公告失败
2026-05-22,002885.SZ,京泉华,深市主板,53.71,9.99%,开,1719479,302,0万元,0,156951.0,29.79亿,297901,0,0%,缩量,127.43万,6.5,6.5,4.7,阳线||多头排列||MA5上穿MA10,多头排列,未分类,未分类,未分类,0,135.95,134.02,118.14,97.62,163.75,118.14,72.53,布林带内,10.84,12.32,-2.94,死叉,多头排列,是,获取公告失败
2026-05-22,603009.SH,北特科技,沪市主板,58.8,5.32%,开,1710868,303,0万元,0,158427.0,27.76亿,277597,0,0%,缩量,198.98万,6.0,6.3,4.4,阳线||多头排列||布林带上轨||MA5上穿MA10,多头排列,未分类,未分类,未分类,0,137.1,133.9,127.08,125.93,145.78,127.08,108.38,上轨上方,4.42,2.25,4.34,无信号,多头排列,是,获取公告失败
2026-05-22,300133.SZ,华策影视,创业板,9.43,7.40%,开,1699555,304,0万元,0,156254.0,169.58亿,1695764,0,0%,缩量,158.08万,6.2,6.4,4.5,阳线,观望,未分类,未分类,未分类,0,237.43,243.96,235.79,210.35,266.12,235.79,205.47,布林带内,8.6,10.73,-4.25,无信号,震荡整理,否,获取公告失败
2026-05-22,688002.SH,睿创微纳,科创板,133.78,3.40%,开,1694574,305,0万元,0,157757.0,1193.20亿,11931955,0,0%,缩量,623.06万,5.8,6.2,4.2,阳线,观望,未分类,未分类,未分类,0,133.7,138.2,140.51,120.7,153.19,140.51,127.82,布林带内,2.68,5.3,-5.23,无信号,震荡整理,否,获取公告失败
2026-05-22,002536.SZ,飞龙股份,深市主板,46.68,4.71%,开,1691293,306,0万元,0,156774.0,33.91亿,339138,0,0%,缩量,254.13万,6.0,6.2,4.3,阳线,观望,未分类,未分类,未分类,0,204.42,209.06,195.0,171.13,238.14,195.0,151.85,布林带内,8.64,12.02,-6.75,死叉,震荡整理,否,获取公告失败
2026-05-22,301599.SZ,理奇智能,创业板,71.3,0.21%,开,1686914,307,0万元,0,158586.0,22.02亿,220218,0,0%,缩量,39.00万,5.5,6.0,4.0,价升,观望,未分类,未分类,未分类,0,0.0,0.0,0.0,0.0,0.0,0.0,0.0,未知,0.0,0.0,0.0,,未知,否,获取公告失败
2026-05-22,601868.SH,中国能建,沪市主板,2.99,0.34%,开,1683397,308,0万元,0,158172.0,530.52亿,5305182,0,0%,缩量,969.62万,5.5,6.0,4.0,阳线,观望,未分类,未分类,未分类,0,3.17,3.3,3.17,3.12,3.58,3.17,2.76,布林带内,0.03,0.06,-0.05,无信号,震荡整理,否,获取公告失败
2026-05-22,002938.SZ,鹏鼎控股,深市主板,103.93,10.00%,开,1677140,309,0万元,0,152713.0,14.69亿,146940,0,0%,缩量,2400.19万,6.5,6.5,4.7,阳线||多头排列||布林带上轨||MA5上穿MA10,多头排列,未分类,未分类,未分类,0,97.75,92.65,85.74,68.02,102.69,85.74,68.79,上轨上方,8.57,7.29,2.55,无信号,多头排列,是,获取公告失败
2026-05-22,300726.SZ,宏达电子,创业板,63.23,11.12%,开,1674793,310,0万元,0,151917.0,24.61亿,246112,0,0%,缩量,135.59万,6.6,6.6,4.7,阳线||多头排列||MA5上穿MA10,多头排列,未分类,未分类,未分类,0,61.46,60.4,56.3,51.41,65.38,56.3,47.22,布林带内,3.42,2.93,0.99,无信号,多头排列,是,获取公告失败
2026-05-22,600406.SH,国电南瑞,沪市主板,25.83,0.66%,开,1669072,311,0万元,0,156576.0,60.74亿,607402,0,0%,缩量,2068.51万,5.6,6.0,4.0,阳线||布林带下轨,布林带下轨支撑,未分类,未分类,未分类,0,1070.44,1145.6,1169.34,1216.58,1449.95,1169.34,888.73,下轨下方,-52.9,-12.27,-81.25,无信号,震荡整理,否,获取公告失败
2026-05-22,002655.SZ,共达电声,深市主板,35.1,2.06%,开,1665982,312,0万元,0,155566.0,44.63亿,446271,0,0%,缩量,127.44万,5.7,6.1,4.1,价升,观望,未分类,未分类,未分类,0,103.33,106.65,98.34,70.14,126.15,98.34,70.53,布林带内,9.69,11.09,-2.8,无信号,震荡整理,否,获取公告失败
2026-05-22,605376.SH,博迁新材,沪市主板,153.3,10.00%,开,1659564,313,0万元,0,150955.0,9.88亿,98850,0,0%,缩量,401.03万,6.5,6.5,4.7,阳线||多头排列||布林带上轨||MA5上穿MA10,多头排列,未分类,未分类,未分类,0,136.72,133.71,129.47,111.04,148.5,129.47,110.45,上轨上方,7.81,6.67,2.28,无信号,多头排列,是,获取公告失败
2026-05-22,603267.SH,鸿远电子,沪市主板,64.89,10.00%,开,1658728,314,0万元,0,150872.0,23.71亿,237103,0,0%,缩量,149.95万,6.5,6.5,4.7,阳线,观望,未分类,未分类,未分类,0,0.0,0.0,0.0,0.0,0.0,0.0,0.0,未知,0.0,0.0,0.0,,未知,否,获取公告失败
2026-05-22,300303.SZ,聚飞光电,创业板,9.92,1.74%,开,1657797,315,0万元,0,154908.0,158.21亿,1582097,0,0%,缩量,131.80万,5.7,6.1,4.1,阳线,观望,未分类,未分类,未分类,0,154.69,159.7,155.1,150.26,172.36,155.1,137.85,布林带内,1.83,3.13,-2.59,无信号,震荡整理,否,获取公告失败
2026-05-22,688158.SH,优刻得-W,科创板,45.1,3.82%,开,1657186,316,0万元,0,153808.0,3477.38亿,34773786,0,0%,缩量,183.42万,5.9,6.2,4.3,阳线,观望,未分类,未分类,未分类,0,46.51,47.71,48.16,44.92,53.1,48.16,43.21,布林带内,0.09,0.76,-1.35,无信号,震荡整理,否,获取公告失败
2026-05-22,688409.SH,富创精密,科创板,167.07,2.13%,开,1652257,317,0万元,0,154159.0,930.51亿,9305097,0,0%,缩量,511.59万,5.7,6.1,4.1,阳线||多头排列||MA5上穿MA10,多头排列,未分类,未分类,未分类,0,239.82,222.62,198.27,160.45,272.47,198.27,124.06,布林带内,20.88,20.65,0.45,无信号,多头排列,是,获取公告失败
2026-05-22,603678.SH,火炬电子,沪市主板,37.68,10.01%,开,1652202,318,0万元,0,150213.0,40.50亿,405031,0,0%,缩量,179.19万,6.5,6.5,4.7,阳线||MA5上穿MA10,观望,未分类,未分类,未分类,0,92.23,90.8,90.65,94.26,96.54,90.65,84.76,布林带内,0.15,-0.59,1.49,无信号,震荡整理,否,获取公告失败
2026-05-22,002865.SZ,钧达股份,深市主板,99.39,1.77%,开,1647267,319,0万元,0,153841.0,15.75亿,157517,0,0%,缩量,222.16万,5.7,6.1,4.1,阳线,观望,未分类,未分类,未分类,0,131.18,137.85,126.04,117.81,159.89,126.04,92.19,布林带内,4.66,6.65,-3.98,死叉,震荡整理,否,获取公告失败
2026-05-22,300065.SZ,海兰信,创业板,24.71,5.37%,开,1645505,320,0万元,0,151864.0,62.39亿,623932,0,0%,缩量,162.26万,6.0,6.3,4.4,阳线||布林带下轨,布林带下轨支撑,未分类,未分类,未分类,0,197.69,205.49,213.79,218.54,250.44,213.79,177.15,下轨下方,-8.41,-2.69,-11.44,无信号,震荡整理,否,获取公告失败
2026-05-22,002196.SZ,方正电机,深市主板,16.74,1.70%,开,1643605,321,0万元,0,153510.0,92.75亿,927467,0,0%,缩量,81.76万,5.7,6.1,4.1,阳线||多头排列||布林带上轨||MA5上穿MA10,多头排列,未分类,未分类,未分类,0,44.2,41.64,39.8,39.18,45.64,39.8,33.97,上轨上方,1.59,0.77,1.63,无信号,多头排列,是,获取公告失败
2026-05-22,688545.SH,兴福电子,科创板,82.0,4.61%,开,1643585,322,0万元,0,152056.0,1906.06亿,19060589,0,0%,缩量,149.44万,6.0,6.2,4.3,阳线||多头排列||MA5上穿MA10,多头排列,未分类,未分类,未分类,0,85.78,85.74,70.31,57.59,103.52,70.31,37.1,布林带内,9.15,8.42,1.47,无信号,多头排列,是,获取公告失败
2026-05-22,601231.SH,环旭电子,沪市主板,39.45,5.79%,开,1643192,323,0万元,0,151423.0,39.15亿,391493,0,0%,缩量,942.50万,6.1,6.3,4.4,阳线,观望,未分类,未分类,未分类,0,83.26,86.39,86.34,83.32,94.22,86.34,78.46,布林带内,0.32,1.24,-1.84,无信号,震荡整理,否,获取公告失败
2026-05-22,688390.SH,固德威,科创板,141.72,3.66%,开,1631865,324,0万元,0,151358.0,1070.56亿,10705626,0,0%,缩量,344.47万,5.9,6.2,4.2,阳线||布林带下轨,布林带下轨支撑,未分类,未分类,未分类,0,326.54,326.86,301.57,272.7,417.49,301.57,185.64,下轨下方,12.44,20.04,-15.21,死叉,震荡整理,否,获取公告失败
2026-05-22,688223.SH,晶科能源,科创板,6.7,6.18%,开,1631063,325,0万元,0,150016.0,22911.43亿,229114330,0,0%,缩量,688.05万,6.1,6.3,4.4,阳线,观望,未分类,未分类,未分类,0,6.89,7.27,7.13,7.4,7.92,7.13,6.33,布林带内,-0.09,-0.02,-0.13,无信号,震荡整理,否,获取公告失败
2026-05-22,601016.SH,节能风电,沪市主板,4.62,2.67%,开,1629163,326,0万元,0,151583.0,330.11亿,3301080,0,0%,缩量,278.96万,5.8,6.1,4.2,阳线||布林带下轨,布林带下轨支撑,未分类,未分类,未分类,0,11.87,12.66,12.26,11.08,14.53,12.26,9.98,下轨下方,0.15,0.48,-0.65,无信号,震荡整理,否,获取公告失败
2026-05-22,002635.SZ,安洁科技,深市主板,18.9,8.50%,开,1627299,327,0万元,0,148482.0,80.12亿,801230,0,0%,缩量,74.76万,6.3,6.4,4.6,阳线,观望,未分类,未分类,未分类,0,0.0,0.0,0.0,0.0,0.0,0.0,0.0,未知,0.0,0.0,0.0,,未知,否,获取公告失败
2026-05-22,300520.SZ,科大国创,创业板,36.99,8.76%,开,1625080,328,0万元,0,148127.0,39.03亿,390251,0,0%,缩量,104.39万,6.4,6.4,4.6,价升,观望,未分类,未分类,未分类,0,80.32,82.04,80.54,84.3,87.81,80.54,73.27,布林带内,-0.51,-0.47,-0.08,无信号,震荡整理,否,获取公告失败
2026-05-22,688141.SH,杰华特,科创板,96.5,1.53%,开,1622237,329,0万元,0,151461.0,1577.95亿,15779468,0,0%,缩量,434.56万,5.7,6.1,4.1,阳线,观望,未分类,未分类,未分类,0,98.0,101.37,93.08,67.67,116.11,93.08,70.05,布林带内,8.55,9.91,-2.72,无信号,震荡整理,否,获取公告失败
2026-05-22,603296.SH,华勤技术,沪市主板,108.94,3.71%,开,1620334,330,0万元,0,150177.0,13.93亿,139289,0,0%,缩量,621.49万,5.9,6.2,4.2,阳线||布林带下轨,布林带下轨支撑,未分类,未分类,未分类,0,145.77,153.75,153.31,137.4,177.92,153.31,128.71,下轨下方,0.57,5.12,-9.1,无信号,震荡整理,否,获取公告失败
2026-05-22,300383.SZ,光环新网,创业板,15.66,2.55%,开,1613100,331,0万元,0,150033.0,96.86亿,968605,0,0%,缩量,280.99万,5.8,6.1,4.2,阳线,观望,未分类,未分类,未分类,0,333.1,341.1,342.76,341.01,374.08,342.76,311.43,布林带内,-5.28,-1.84,-6.88,无信号,震荡整理,否,获取公告失败
2026-05-22,301312.SZ,智立方,创业板,136.2,20.00%,开,1612540,332,0万元,0,141254.0,11.03亿,110271,0,0%,缩量,82.47万,7.5,7.0,5.3,阳线||布林带下轨,布林带下轨支撑,未分类,未分类,未分类,0,307.98,336.78,342.83,304.46,444.6,342.83,241.05,下轨下方,-9.56,8.3,-35.72,无信号,震荡整理,否,获取公告失败
2026-05-22,603881.SH,数据港,沪市主板,38.6,2.17%,开,1606572,333,0万元,0,149572.0,39.05亿,390516,0,0%,缩量,277.29万,5.7,6.1,4.1,阳线||布林带下轨,布林带下轨支撑,未分类,未分类,未分类,0,108.05,117.97,117.93,117.78,157.13,117.93,78.72,下轨下方,-5.42,0.28,-11.39,无信号,震荡整理,否,获取公告失败
2026-05-22,002897.SZ,意华股份,深市主板,72.12,10.01%,开,1601260,334,0万元,0,145123.0,20.96亿,209636,0,0%,缩量,131.57万,6.5,6.5,4.7,阳线,观望,未分类,未分类,未分类,0,113.5,114.13,108.87,106.54,124.3,108.87,93.43,布林带内,2.54,2.08,0.92,无信号,震荡整理,否,获取公告失败
2026-05-22,688676.SH,金盘科技,科创板,96.07,2.51%,开,1598737,335,0万元,0,148620.0,1554.31亿,15543090,0,0%,缩量,441.71万,5.8,6.1,4.2,阳线,观望,未分类,未分类,未分类,0,0.0,0.0,0.0,0.0,0.0,0.0,0.0,未知,0.0,0.0,0.0,,未知,否,获取公告失败
2026-05-22,600353.SH,旭光电子,沪市主板,23.53,8.48%,开,1588065,336,0万元,0,144565.0,63.57亿,635702,0,0%,缩量,195.02万,6.3,6.4,4.6,阳线||多头排列||MA5上穿MA10,多头排列,未分类,未分类,未分类,0,197.57,192.86,178.85,160.27,221.85,178.85,135.84,布林带内,10.32,11.35,-2.05,死叉,多头排列,是,获取公告失败
2026-05-22,300739.SZ,明阳电路,创业板,33.28,8.12%,开,1586080,337,0万元,0,144547.0,44.62亿,446182,0,0%,缩量,114.20万,6.3,6.4,4.5,阳线||布林带下轨,布林带下轨支撑,未分类,未分类,未分类,0,67.34,69.17,68.87,67.41,78.86,68.87,58.88,下轨下方,-0.35,0.95,-2.61,死叉,震荡整理,否,获取公告失败
2026-05-22,300088.SZ,长信科技,创业板,7.19,1.41%,开,1576122,338,0万元,0,146907.0,208.76亿,2087609,0,0%,缩量,178.71万,5.6,6.1,4.1,价升,观望,未分类,未分类,未分类,0,123.76,125.71,124.4,118.39,132.64,124.4,116.15,布林带内,1.32,2.27,-1.89,无信号,震荡整理,否,获取公告失败
2026-05-22,688403.SH,汇成股份,科创板,19.75,1.80%,开,1571720,339,0万元,0,146270.0,7607.22亿,76072198,0,0%,缩量,195.71万,5.7,6.1,4.1,阳线,观望,未分类,未分类,未分类,0,0.0,0.0,0.0,0.0,0.0,0.0,0.0,未知,0.0,0.0,0.0,,未知,否,获取公告失败
2026-05-22,300001.SZ,特锐德,创业板,40.0,5.04%,开,1560690,340,0万元,0,143548.0,36.39亿,363904,0,0%,缩量,413.96万,6.0,6.3,4.3,阳线||多头排列||MA5上穿MA10,多头排列,未分类,未分类,未分类,0,264.78,247.47,226.79,207.75,279.72,226.79,173.86,布林带内,18.17,12.67,11.0,无信号,多头排列,是,获取公告失败
2026-05-22,300571.SZ,平治信息,创业板,64.71,8.92%,开,1553185,341,0万元,0,140858.0,22.73亿,227280,0,0%,缩量,74.83万,6.4,6.4,4.6,阳线||多头排列||MA5上穿MA10,多头排列,未分类,未分类,未分类,0,196.3,191.61,162.98,121.67,234.2,162.98,91.76,布林带内,22.17,21.21,1.91,无信号,多头排列,是,获取公告失败
2026-05-22,300077.SZ,国民技术,创业板,26.31,0.96%,开,1551846,342,0万元,0,144705.0,54.92亿,549242,0,0%,缩量,149.00万,5.6,6.0,4.1,阳线||多头排列||MA5上穿MA10,多头排列,未分类,未分类,未分类,0,138.63,133.45,126.27,114.82,145.1,126.27,107.45,布林带内,6.66,5.87,1.58,无信号,多头排列,是,获取公告失败
2026-05-22,300748.SZ,金力永磁,创业板,34.34,3.87%,开,1551638,343,0万元,0,143228.0,41.97亿,419680,0,0%,缩量,388.05万,5.9,6.2,4.3,阳线,观望,未分类,未分类,未分类,0,0.0,0.0,0.0,0.0,0.0,0.0,0.0,未知,0.0,0.0,0.0,,未知,否,获取公告失败
2026-05-22,603806.SH,福斯特,沪市主板,17.52,9.98%,开,1549235,344,0万元,0,139933.0,82.98亿,829839,0,0%,缩量,457.05万,6.5,6.5,4.7,阳线||布林带下轨,布林带下轨支撑,未分类,未分类,未分类,0,90.35,105.26,112.68,114.89,156.13,112.68,69.22,下轨下方,-9.16,-2.07,-14.17,无信号,震荡整理,否,获取公告失败
2026-05-22,603283.SH,赛腾股份,沪市主板,67.19,0.28%,开,1548817,345,0万元,0,144740.0,21.45亿,214517,0,0%,缩量,182.20万,5.5,6.0,4.0,价升||多头排列||MA5上穿MA10,多头排列,未分类,未分类,未分类,0,91.75,88.88,82.87,72.67,101.88,82.87,63.86,布林带内,4.75,5.26,-1.02,死叉,多头排列,是,获取公告失败
2026-05-22,000034.SZ,神州数码,深市主板,29.07,3.78%,开,1543631,346,0万元,0,142471.0,49.57亿,495699,0,0%,缩量,246.85万,5.9,6.2,4.3,阳线,观望,未分类,未分类,未分类,0,0.0,0.0,0.0,0.0,0.0,0.0,0.0,未知,0.0,0.0,0.0,,未知,否,获取公告失败
2026-05-22,688079.SH,美迪凯,科创板,23.1,11.97%,开,1543254,347,0万元,0,138339.0,6098.18亿,60981801,0,0%,缩量,93.41万,6.7,6.6,4.8,阳线||多头排列||布林带上轨||MA5上穿MA10,多头排列,未分类,未分类,未分类,0,19.98,18.91,17.38,15.0,21.46,17.38,13.29,上轨上方,1.52,1.05,0.94,无信号,多头排列,是,获取公告失败
2026-05-22,300174.SZ,元力股份,创业板,22.92,20.00%,开,1539150,348,0万元,0,133915.0,61.45亿,614519,0,0%,缩量,83.19万,7.5,7.0,5.3,阳线||多头排列||布林带上轨||MA5上穿MA10,多头排列,未分类,未分类,未分类,0,74.81,71.98,70.38,66.59,79.12,70.38,61.64,上轨上方,2.76,1.55,2.41,无信号,多头排列,是,获取公告失败
2026-05-22,688400.SH,凌云光,科创板,66.22,3.84%,开,1538719,349,0万元,0,141951.0,2175.36亿,21753579,0,0%,缩量,305.26万,5.9,6.2,4.3,阳线||多头排列||MA5上穿MA10,多头排列,未分类,未分类,未分类,0,67.04,66.26,60.29,49.58,77.5,60.29,43.08,布林带内,5.08,5.17,-0.18,死叉,多头排列,是,获取公告失败
2026-05-22,688372.SH,伟测科技,科创板,164.57,4.81%,开,1535901,350,0万元,0,141186.0,877.70亿,8776976,0,0%,缩量,276.09万,6.0,6.2,4.3,阳线||布林带下轨,布林带下轨支撑,未分类,未分类,未分类,0,257.05,267.56,262.8,246.12,317.04,262.8,208.57,下轨下方,-0.49,7.14,-15.28,无信号,震荡整理,否,获取公告失败
2026-05-22,600156.SH,华升股份,沪市主板,13.59,4.22%,开,1533398,351,0万元,0,141231.0,112.71亿,1127117,0,0%,缩量,54.65万,5.9,6.2,4.3,阳线,观望,未分类,未分类,未分类,0,0.0,0.0,0.0,0.0,0.0,0.0,0.0,未知,0.0,0.0,0.0,,未知,否,获取公告失败
2026-05-22,301123.SZ,奕东电子,创业板,82.7,12.36%,开,1531190,352,0万元,0,136937.0,17.39亿,173879,0,0%,缩量,136.49万,6.7,6.6,4.8,阳线||多头排列||MA5上穿MA10,多头排列,未分类,未分类,未分类,0,78.38,76.67,72.29,63.57,82.87,72.29,61.72,布林带内,4.17,3.77,0.8,无信号,多头排列,是,获取公告失败
2026-05-22,301392.SZ,汇成真空,创业板,202.3,8.24%,开,1522718,353,0万元,0,138152.0,6.95亿,69541,0,0%,缩量,82.53万,6.3,6.4,4.5,阳线,观望,未分类,未分类,未分类,0,0.0,0.0,0.0,0.0,0.0,0.0,0.0,未知,0.0,0.0,0.0,,未知,否,获取公告失败
2026-05-22,301297.SZ,富乐德,创业板,50.4,1.00%,开,1520460,354,0万元,0,141545.0,28.37亿,283712,0,0%,缩量,182.94万,5.6,6.1,4.1,阳线||多头排列||MA5上穿MA10,多头排列,未分类,未分类,未分类,0,51.49,50.97,47.14,39.68,56.02,47.14,38.27,布林带内,3.56,3.5,0.13,无信号,多头排列,是,获取公告失败
2026-05-22,300458.SZ,全志科技,创业板,36.66,2.37%,开,1512638,355,0万元,0,140077.0,38.47亿,384655,0,0%,缩量,290.31万,5.7,6.1,4.2,阳线,观望,未分类,未分类,未分类,0,0.0,0.0,0.0,0.0,0.0,0.0,0.0,未知,0.0,0.0,0.0,,未知,否,获取公告失败
2026-05-22,600577.SH,精达股份,沪市主板,14.87,4.79%,开,1508290,356,0万元,0,138433.0,94.79亿,947860,0,0%,缩量,319.87万,6.0,6.2,4.3,阳线,观望,未分类,未分类,未分类,0,0.0,0.0,0.0,0.0,0.0,0.0,0.0,未知,0.0,0.0,0.0,,未知,否,获取公告失败
2026-05-22,300814.SZ,中富电路,创业板,131.16,3.08%,开,1507203,357,0万元,0,139180.0,10.59亿,105949,0,0%,缩量,251.08万,5.8,6.2,4.2,阳线||多头排列||MA5上穿MA10,多头排列,未分类,未分类,未分类,0,131.06,126.87,116.05,101.6,142.87,116.05,89.22,布林带内,9.26,8.27,1.98,无信号,多头排列,是,获取公告失败
2026-05-22,688385.SH,复旦微电,科创板,67.42,2.85%,开,1505673,358,0万元,0,139141.0,2077.61亿,20776107,0,0%,缩量,363.66万,5.8,6.1,4.2,阳线,观望,未分类,未分类,未分类,0,69.63,71.35,71.95,72.76,77.4,71.95,66.51,布林带内,-0.8,-0.21,-1.17,无信号,震荡整理,否,获取公告失败
2026-05-22,601677.SH,明泰铝业,沪市主板,19.21,6.72%,开,1502961,359,0万元,0,136935.0,71.46亿,714620,0,0%,缩量,238.84万,6.2,6.3,4.4,阳线||布林带下轨,布林带下轨支撑,未分类,未分类,未分类,0,25.75,26.41,26.85,25.66,30.07,26.85,23.64,下轨下方,-0.22,0.27,-0.99,无信号,震荡整理,否,获取公告失败
2026-05-22,002195.SZ,岩山科技,深市主板,8.15,0.87%,开,1499751,360,0万元,0,139542.0,174.32亿,1743166,0,0%,缩量,458.02万,5.6,6.0,4.1,阳线||布林带下轨,布林带下轨支撑,未分类,未分类,未分类,0,228.37,240.78,248.53,266.78,283.39,248.53,213.67,下轨下方,-10.83,-5.89,-9.87,无信号,震荡整理,否,获取公告失败
2026-05-22,603031.SH,安孚科技,沪市主板,55.91,9.26%,开,1495036,361,0万元,0,134872.0,24.80亿,247950,0,0%,缩量,175.78万,6.4,6.5,4.6,阳线,观望,未分类,未分类,未分类,0,0.0,0.0,0.0,0.0,0.0,0.0,0.0,未知,0.0,0.0,0.0,,未知,否,获取公告失败
2026-05-22,688603.SH,天承科技,科创板,170.82,20.00%,开,1493160,362,0万元,0,129316.0,775.74亿,7757358,0,0%,缩量,81.01万,7.5,7.0,5.3,阳线,观望,未分类,未分类,未分类,0,287.94,289.66,248.66,202.53,355.16,248.66,142.16,布林带内,22.52,26.47,-7.9,死叉,震荡整理,否,获取公告失败
2026-05-22,002957.SZ,科瑞技术,深市主板,43.65,3.73%,开,1489014,363,0万元,0,137036.0,32.05亿,320501,0,0%,缩量,182.75万,5.9,6.2,4.2,阳线||MA5上穿MA10,观望,未分类,未分类,未分类,0,46.1,45.85,46.25,36.98,49.89,46.25,42.6,布林带内,1.54,2.35,-1.61,无信号,震荡整理,否,获取公告失败
2026-05-22,601609.SH,金田股份,沪市主板,13.87,4.76%,开,1487701,364,0万元,0,136391.0,99.43亿,994289,0,0%,缩量,239.76万,6.0,6.2,4.3,阳线||多头排列||MA5上穿MA10,多头排列,未分类,未分类,未分类,0,14.19,13.66,12.35,11.54,15.28,12.35,9.43,布林带内,0.85,0.64,0.42,无信号,多头排列,是,获取公告失败
2026-05-22,002169.SZ,智光电气,深市主板,18.87,6.01%,开,1487596,365,0万元,0,135754.0,73.02亿,730164,0,0%,缩量,143.16万,6.1,6.3,4.4,阳线||布林带上轨||MA5上穿MA10,观望,未分类,未分类,未分类,0,129.57,117.87,109.15,111.86,136.09,109.15,82.21,上轨上方,6.23,1.74,8.98,无信号,震荡整理,否,获取公告失败
2026-05-22,600903.SH,贵州燃气,沪市主板,10.42,4.30%,开,1487461,366,0万元,0,136594.0,132.29亿,1322899,0,0%,缩量,119.83万,5.9,6.2,4.3,阳线||多头排列||MA5上穿MA10,多头排列,未分类,未分类,未分类,0,13.15,11.74,10.56,9.98,14.2,10.56,6.93,布林带内,0.91,0.62,0.57,无信号,多头排列,是,获取公告失败
2026-05-22,300007.SZ,汉威科技,创业板,50.81,0.26%,开,1484862,367,0万元,0,138358.0,27.37亿,273714,0,0%,缩量,143.77万,5.5,6.0,4.0,阳线||MA5上穿MA10,观望,未分类,未分类,未分类,0,203.51,195.06,186.39,186.68,211.08,186.39,161.71,布林带内,6.19,3.15,6.08,无信号,震荡整理,否,获取公告失败
2026-05-22,002422.SZ,科伦药业,深市主板,34.72,7.19%,开,1482277,368,0万元,0,134631.0,38.72亿,387218,0,0%,缩量,450.88万,6.2,6.4,4.5,阳线,观望,未分类,未分类,未分类,0,0.0,0.0,0.0,0.0,0.0,0.0,0.0,未知,0.0,0.0,0.0,,未知,否,获取公告失败
2026-05-22,603757.SH,大元泵业,沪市主板,65.04,8.67%,开,1474498,369,0万元,0,133114.0,21.34亿,213380,0,0%,缩量,121.33万,6.4,6.4,4.6,阳线||布林带下轨,布林带下轨支撑,未分类,未分类,未分类,0,125.52,127.47,120.08,109.21,144.27,120.08,95.88,下轨下方,3.19,5.1,-3.82,死叉,震荡整理,否,获取公告失败
2026-05-22,603002.SH,宏昌电子,沪市主板,16.29,7.74%,开,1473400,370,0万元,0,133471.0,83.90亿,838969,0,0%,缩量,184.74万,6.3,6.4,4.5,阳线,观望,未分类,未分类,未分类,0,24.98,25.07,24.26,20.16,26.59,24.26,21.92,布林带内,1.32,1.47,-0.29,无信号,震荡整理,否,获取公告失败
2026-05-22,002378.SZ,章源钨业,深市主板,29.05,3.38%,开,1472113,371,0万元,0,135521.0,46.98亿,469833,0,0%,缩量,347.18万,5.8,6.2,4.2,阳线||布林带下轨,布林带下轨支撑,未分类,未分类,未分类,0,73.27,79.52,82.91,90.21,98.26,82.91,67.57,下轨下方,-4.08,-1.88,-4.4,无信号,震荡整理,否,获取公告失败
2026-05-22,002179.SZ,中航光电,深市主板,41.27,1.15%,开,1470069,372,0万元,0,136431.0,33.13亿,331266,0,0%,缩量,865.23万,5.6,6.1,4.1,阳线||布林带下轨,布林带下轨支撑,未分类,未分类,未分类,0,514.38,549.85,538.62,520.01,688.94,538.62,388.3,下轨下方,-8.8,10.89,-39.39,死叉,震荡整理,否,获取公告失败
2026-05-22,603626.SH,科森科技,沪市主板,28.06,2.48%,开,1465577,373,0万元,0,135316.0,48.79亿,487901,0,0%,缩量,155.70万,5.7,6.1,4.2,阳线||多头排列||MA5上穿MA10,多头排列,未分类,未分类,未分类,0,54.32,53.57,51.56,48.71,58.21,51.56,44.9,布林带内,1.73,1.49,0.48,无信号,多头排列,是,获取公告失败
2026-05-22,600026.SH,中远海能,沪市主板,22.8,0.80%,开,1463808,374,0万元,0,135983.0,59.96亿,599608,0,0%,缩量,871.42万,5.6,6.0,4.1,价升||布林带下轨,布林带下轨支撑,未分类,未分类,未分类,0,32.54,33.02,32.98,34.16,35.13,32.98,30.83,下轨下方,-0.41,-0.25,-0.33,死叉,震荡整理,否,获取公告失败
2026-05-22,688411.SH,海博思创,科创板,252.16,1.10%,开,1462303,375,0万元,0,135679.0,534.84亿,5348434,0,0%,缩量,334.30万,5.6,6.1,4.1,阳线,观望,未分类,未分类,未分类,0,256.97,257.29,251.26,246.42,279.87,251.26,222.66,布林带内,3.99,4.38,-0.78,死叉,震荡整理,否,获取公告失败
2026-05-22,002335.SZ,科华数据,深市主板,64.09,3.01%,开,1460077,376,0万元,0,134505.0,21.15亿,211506,0,0%,缩量,291.60万,5.8,6.2,4.2,阳线||布林带下轨,布林带下轨支撑,未分类,未分类,未分类,0,303.46,321.83,322.32,309.74,386.71,322.32,257.93,下轨下方,-5.03,5.17,-20.4,无信号,震荡整理,否,获取公告失败
2026-05-22,301316.SZ,慧博云通,创业板,47.19,4.75%,开,1456561,377,0万元,0,133281.0,29.22亿,292165,0,0%,缩量,184.63万,6.0,6.2,4.3,阳线,观望,未分类,未分类,未分类,0,52.63,55.6,53.52,47.57,64.0,53.52,43.04,布林带内,1.38,2.7,-2.63,无信号,震荡整理,否,获取公告失败
2026-05-22,002048.SZ,宁波华翔,深市主板,29.88,4.29%,开,1456465,378,0万元,0,133500.0,44.50亿,444976,0,0%,缩量,212.09万,5.9,6.2,4.3,阳线||布林带下轨,布林带下轨支撑,未分类,未分类,未分类,0,188.61,196.46,196.23,195.98,226.2,196.23,166.27,下轨下方,-3.11,1.0,-8.22,无信号,震荡整理,否,获取公告失败
2026-05-22,601778.SH,晶科科技,沪市主板,6.33,3.60%,开,1452683,379,0万元,0,133468.0,212.33亿,2123282,0,0%,缩量,236.01万,5.9,6.2,4.2,阳线,观望,未分类,未分类,未分类,0,6.51,6.91,7.02,5.97,7.84,7.02,6.21,布林带内,0.1,0.28,-0.36,无信号,震荡整理,否,获取公告失败
2026-05-22,301021.SZ,英诺激光,创业板,89.98,5.51%,开,1451066,380,0万元,0,132351.0,14.81亿,148147,0,0%,缩量,137.40万,6.1,6.3,4.4,阳线||多头排列||MA5上穿MA10,多头排列,未分类,未分类,未分类,0,85.74,77.08,70.09,61.1,90.02,70.09,50.16,布林带内,7.19,4.8,4.77,无信号,多头排列,是,获取公告失败
2026-05-22,000060.SZ,中金岭南,深市主板,7.57,10.03%,开,1448925,381,0万元,0,129878.0,178.44亿,1784372,0,0%,缩量,336.19万,6.5,6.5,4.7,阳线||布林带下轨,布林带下轨支撑,未分类,未分类,未分类,0,341.7,372.55,367.67,359.39,457.89,367.67,277.44,下轨下方,-5.9,7.63,-27.06,无信号,震荡整理,否,获取公告失败
2026-05-22,300613.SZ,富瀚微,创业板,63.77,5.02%,开,1448125,382,0万元,0,132301.0,21.00亿,209992,0,0%,缩量,140.04万,6.0,6.3,4.3,阳线||布林带下轨,布林带下轨支撑,未分类,未分类,未分类,0,275.35,298.78,298.81,248.14,421.11,298.81,176.51,下轨下方,0.31,18.86,-37.1,无信号,震荡整理,否,获取公告失败
2026-05-22,688691.SH,灿芯股份,科创板,122.7,3.40%,开,1444379,383,0万元,0,132740.0,1093.17亿,10931723,0,0%,缩量,89.53万,5.8,6.2,4.2,阳线||多头排列||MA5上穿MA10,多头排列,未分类,未分类,未分类,0,120.49,119.96,116.4,111.38,134.18,116.4,98.61,布林带内,3.73,3.42,0.61,无信号,多头排列,是,获取公告失败
2026-05-22,300655.SZ,晶瑞电材,创业板,16.79,0.18%,开,1439044,384,0万元,0,133815.0,80.47亿,804686,0,0%,缩量,179.13万,5.5,6.0,4.0,阳线||布林带下轨,布林带下轨支撑,未分类,未分类,未分类,0,124.3,132.97,134.43,136.72,185.74,134.43,83.12,下轨下方,-6.02,0.35,-12.76,死叉,震荡整理,否,获取公告失败
2026-05-22,300623.SZ,捷捷微电,创业板,33.65,3.38%,开,1437527,385,0万元,0,132063.0,39.43亿,394319,0,0%,缩量,258.22万,5.8,6.2,4.2,阳线||布林带下轨,布林带下轨支撑,未分类,未分类,未分类,0,196.34,208.45,205.96,207.11,276.67,205.96,135.26,下轨下方,-6.0,2.52,-17.04,死叉,震荡整理,否,获取公告失败
2026-05-22,688028.SH,沃尔德,科创板,125.21,11.51%,开,1435639,386,0万元,0,127811.0,1036.11亿,10361138,0,0%,缩量,189.00万,6.7,6.6,4.8,阳线||布林带下轨,布林带下轨支撑,未分类,未分类,未分类,0,157.87,171.04,169.97,152.06,200.53,169.97,139.41,下轨下方,1.59,7.22,-11.26,无信号,震荡整理,否,获取公告失败
2026-05-22,002254.SZ,泰和新材,深市主板,15.93,10.01%,开,1430719,387,0万元,0,128065.0,83.38亿,833778,0,0%,缩量,135.51万,6.5,6.5,4.7,阳线,观望,未分类,未分类,未分类,0,0.0,0.0,0.0,0.0,0.0,0.0,0.0,未知,0.0,0.0,0.0,,未知,否,获取公告失败
2026-05-22,300207.SZ,欣旺达,创业板,24.49,0.57%,开,1429404,388,0万元,0,132653.0,54.20亿,541972,0,0%,缩量,419.72万,5.6,6.0,4.0,价升,观望,未分类,未分类,未分类,0,168.17,172.42,179.82,180.18,199.28,179.82,160.35,布林带内,-4.77,-2.75,-4.04,无信号,震荡整理,否,获取公告失败
2026-05-22,002415.SZ,海康威视,深市主板,31.83,0.63%,开,1426151,389,0万元,0,132299.0,41.83亿,418305,0,0%,缩量,2879.47万,5.6,6.0,4.0,阳线,观望,未分类,未分类,未分类,0,0.0,0.0,0.0,0.0,0.0,0.0,0.0,未知,0.0,0.0,0.0,,未知,否,获取公告失败
2026-05-22,688593.SH,新相微,科创板,41.98,4.90%,开,1425697,390,0万元,0,130121.0,3215.61亿,32156064,0,0%,缩量,135.46万,6.0,6.2,4.3,阳线||多头排列||MA5上穿MA10,多头排列,未分类,未分类,未分类,0,40.94,40.07,36.83,33.84,44.96,36.83,28.7,布林带内,2.46,2.06,0.79,无信号,多头排列,是,获取公告失败
2026-05-22,603306.SH,华懋科技,沪市主板,107.92,0.41%,开,1424096,391,0万元,0,132205.0,12.19亿,121930,0,0%,缩量,355.59万,5.5,6.0,4.0,价升||多头排列||MA5上穿MA10,多头排列,未分类,未分类,未分类,0,221.92,219.54,211.42,187.88,235.15,211.42,187.69,布林带内,8.59,8.97,-0.75,无信号,多头排列,是,获取公告失败
2026-05-22,300679.SZ,电连技术,创业板,53.8,5.59%,开,1418228,392,0万元,0,129026.0,24.31亿,243110,0,0%,缩量,193.38万,6.1,6.3,4.4,阳线||布林带下轨,布林带下轨支撑,未分类,未分类,未分类,0,178.0,186.63,177.24,153.88,226.74,177.24,127.73,下轨下方,4.19,10.64,-12.9,死叉,震荡整理,否,获取公告失败
2026-05-22,600547.SH,山东黄金,沪市主板,30.05,1.52%,开,1415201,393,0万元,0,130760.0,43.72亿,437245,0,0%,缩量,1086.14万,5.7,6.1,4.1,阳线||布林带下轨,布林带下轨支撑,未分类,未分类,未分类,0,555.74,626.62,678.09,803.55,889.94,678.09,466.23,下轨下方,-74.06,-45.15,-57.84,无信号,震荡整理,否,获取公告失败
2026-05-22,002842.SZ,翔鹭钨业,深市主板,33.66,5.19%,开,1414977,394,0万元,0,128904.0,38.86亿,388563,0,0%,缩量,90.36万,6.0,6.3,4.3,阳线||布林带下轨,布林带下轨支撑,未分类,未分类,未分类,0,85.03,94.22,95.26,96.46,119.03,95.26,71.48,下轨下方,-3.07,0.62,-7.38,无信号,震荡整理,否,获取公告失败
2026-05-22,301362.SZ,民爆光电,创业板,238.73,20.00%,开,1404735,395,0万元,0,120473.0,5.47亿,54736,0,0%,缩量,70.83万,7.5,7.0,5.3,阳线||多头排列||布林带上轨||MA5上穿MA10,多头排列,未分类,未分类,未分类,0,211.2,196.94,176.2,137.02,227.57,176.2,124.84,上轨上方,21.14,16.92,8.45,无信号,多头排列,是,获取公告失败
2026-05-22,000070.SZ,特发信息,深市主板,18.48,2.72%,开,1397078,396,0万元,0,128346.0,70.76亿,707555,0,0%,缩量,158.32万,5.8,6.1,4.2,阳线||布林带下轨,布林带下轨支撑,未分类,未分类,未分类,0,58.96,64.19,65.5,61.99,80.14,65.5,50.87,下轨下方,-2.06,0.46,-5.04,无信号,震荡整理,否,获取公告失败
2026-05-22,603505.SH,金石资源,沪市主板,22.76,8.54%,开,1394950,397,0万元,0,125227.0,56.75亿,567456,0,0%,缩量,191.56万,6.4,6.4,4.6,阳线||布林带下轨,布林带下轨支撑,未分类,未分类,未分类,0,67.96,69.24,68.27,69.75,91.84,68.27,44.7,下轨下方,-1.48,0.93,-4.83,死叉,震荡整理,否,获取公告失败
2026-05-22,301093.SZ,华兰股份,创业板,130.6,18.50%,开,1391395,398,0万元,0,119889.0,9.46亿,94587,0,0%,缩量,205.04万,7.4,6.9,5.2,阳线||多头排列||MA5上穿MA10,多头排列,未分类,未分类,未分类,0,145.13,141.3,126.78,115.05,160.44,126.78,93.12,布林带内,9.24,8.21,2.05,无信号,多头排列,是,获取公告失败
2026-05-22,688063.SH,派能科技,科创板,76.8,3.53%,开,1390309,399,0万元,0,127265.0,1673.43亿,16734311,0,0%,缩量,188.44万,5.9,6.2,4.2,阳线||布林带下轨,布林带下轨支撑,未分类,未分类,未分类,0,108.07,110.19,111.29,108.63,129.34,111.29,93.24,下轨下方,-1.63,0.93,-5.13,无信号,震荡整理,否,获取公告失败
2026-05-22,688135.SH,利扬芯片,科创板,40.11,3.38%,开,1373751,400,0万元,0,125687.0,3229.42亿,32294166,0,0%,缩量,93.50万,5.8,6.2,4.2,阳线||布林带下轨,布林带下轨支撑,未分类,未分类,未分类,0,57.11,57.2,55.94,48.72,66.02,55.94,45.87,下轨下方,1.62,2.84,-2.46,死叉,震荡整理,否,获取公告失败
2026-05-22,300328.SZ,宜安科技,创业板,20.57,4.42%,开,1372551,401,0万元,0,125047.0,61.94亿,619381,0,0%,缩量,141.32万,5.9,6.2,4.3,阳线||多头排列||布林带下轨||MA5上穿MA10,多头排列;布林带下轨支撑,未分类,未分类,未分类,0,100.09,99.31,97.26,97.11,112.08,97.26,82.44,下轨下方,0.81,1.71,-1.79,死叉,多头排列,是,获取公告失败
2026-05-22,301165.SZ,锐捷网络,创业板,98.49,6.35%,开,1368216,402,0万元,0,123647.0,12.81亿,128138,0,0%,缩量,783.44万,6.1,6.3,4.4,阳线||布林带下轨,布林带下轨支撑,未分类,未分类,未分类,0,129.31,135.93,136.52,128.56,157.3,136.52,115.73,下轨下方,-1.18,2.44,-7.26,无信号,震荡整理,否,获取公告失败
2026-05-22,300975.SZ,商络电子,创业板,22.8,5.46%,开,1354029,403,0万元,0,122674.0,54.61亿,546115,0,0%,缩量,112.19万,6.0,6.3,4.4,阳线||布林带下轨,布林带下轨支撑,未分类,未分类,未分类,0,32.5,33.69,32.79,28.87,39.42,32.79,26.15,下轨下方,0.44,1.4,-1.93,无信号,震荡整理,否,获取公告失败
2026-05-22,600110.SH,诺德股份,沪市主板,9.98,7.43%,开,1347476,404,0万元,0,121034.0,124.03亿,1240267,0,0%,缩量,173.17万,6.2,6.4,4.5,阳线||布林带下轨,布林带下轨支撑,未分类,未分类,未分类,0,129.99,138.37,141.97,127.21,163.51,141.97,120.43,下轨下方,-1.14,3.11,-8.49,无信号,震荡整理,否,获取公告失败
2026-05-22,601939.SH,建设银行,沪市主板,10.1,0.50%,开,1341857,405,0万元,0,123937.0,123.56亿,1235571,0,0%,缩量,968.96万,5.5,6.0,4.0,阳线||多头排列||布林带上轨||MA5上穿MA10,多头排列,未分类,未分类,未分类,0,16.17,15.94,15.87,15.43,16.49,15.87,15.25,上轨上方,0.21,0.13,0.16,无信号,多头排列,是,获取公告失败
2026-05-22,688469.SH,芯联集成-U,科创板,7.62,2.70%,开,1340727,406,0万元,0,122725.0,16370.56亿,163705571,0,0%,缩量,447.28万,5.8,6.1,4.2,阳线||多头排列||MA5上穿MA10,多头排列,未分类,未分类,未分类,0,7.7,7.68,7.26,6.97,8.23,7.26,6.28,布林带内,0.26,0.23,0.06,无信号,多头排列,是,获取公告失败
2026-05-22,002815.SZ,崇达技术,深市主板,16.32,8.73%,开,1333317,407,0万元,0,118968.0,74.29亿,742884,0,0%,缩量,126.83万,6.4,6.4,4.6,阳线,观望,未分类,未分类,未分类,0,35.19,36.09,35.43,34.81,38.34,35.43,32.52,布林带内,0.14,0.39,-0.49,无信号,震荡整理,否,获取公告失败
2026-05-22,601678.SH,滨化股份,沪市主板,6.12,2.68%,开,1332322,408,0万元,0,121890.0,200.14亿,2001381,0,0%,缩量,125.05万,5.8,6.1,4.2,阳线||多头排列||MA5上穿MA10,多头排列,未分类,未分类,未分类,0,26.28,24.76,23.92,23.43,27.17,23.92,20.66,布林带内,0.78,0.53,0.5,无信号,多头排列,是,获取公告失败
2026-05-22,002602.SZ,世纪华通,深市主板,14.41,0.07%,开,1327317,409,0万元,0,122697.0,85.32亿,853227,0,0%,缩量,979.42万,5.5,6.0,4.0,价升||布林带下轨,布林带下轨支撑,未分类,未分类,未分类,0,123.2,130.84,141.77,152.33,178.64,141.77,104.9,下轨下方,-10.54,-5.68,-9.72,无信号,震荡整理,否,获取公告失败
2026-05-22,600988.SH,赤峰黄金,沪市主板,35.15,1.88%,开,1326440,410,0万元,0,121702.0,34.78亿,347791,0,0%,缩量,584.86万,5.7,6.1,4.1,阳线||布林带下轨,布林带下轨支撑,未分类,未分类,未分类,0,187.85,204.09,213.29,223.32,253.08,213.29,173.5,下轨下方,-12.29,-6.33,-11.93,无信号,震荡整理,否,获取公告失败
2026-05-22,600961.SH,株冶集团,沪市主板,27.13,3.63%,开,1326293,411,0万元,0,120815.0,45.23亿,452262,0,0%,缩量,203.97万,5.9,6.2,4.2,阳线||布林带下轨,布林带下轨支撑,未分类,未分类,未分类,0,36.69,39.04,39.33,31.7,44.82,39.33,33.83,下轨下方,1.19,2.5,-2.63,无信号,震荡整理,否,获取公告失败
2026-05-22,300184.SZ,力源信息,创业板,14.68,3.82%,开,1325454,412,0万元,0,120636.0,82.86亿,828570,0,0%,缩量,154.73万,5.9,6.2,4.3,阳线||布林带下轨,布林带下轨支撑,未分类,未分类,未分类,0,111.28,115.75,114.28,99.45,138.25,114.28,90.31,下轨下方,1.57,5.38,-7.62,无信号,震荡整理,否,获取公告失败
2026-05-22,000636.SZ,风华高科,深市主板,37.62,10.00%,开,1322660,413,0万元,0,117266.0,31.37亿,313717,0,0%,缩量,435.27万,6.5,6.5,4.7,阳线||多头排列||MA5上穿MA10,多头排列,未分类,未分类,未分类,0,502.08,489.27,447.99,395.54,571.1,447.99,324.87,布林带内,30.26,32.26,-3.99,死叉,多头排列,是,获取公告失败
2026-05-22,688127.SH,蓝特光学,科创板,104.29,9.02%,开,1317887,414,0万元,0,117278.0,1163.25亿,11632532,0,0%,缩量,423.31万,6.4,6.5,4.6,阳线||多头排列||MA5上穿MA10,多头排列,未分类,未分类,未分类,0,99.88,96.99,85.97,69.2,110.6,85.97,61.34,布林带内,9.03,8.0,2.06,无信号,多头排列,是,获取公告失败
2026-05-22,603650.SH,彤程新材,沪市主板,58.84,2.22%,开,1317248,415,0万元,0,120613.0,20.72亿,207173,0,0%,缩量,361.56万,5.7,6.1,4.1,阳线||多头排列||MA5上穿MA10,多头排列,未分类,未分类,未分类,0,61.96,60.93,59.48,57.14,63.78,59.48,55.18,布林带内,1.4,1.37,0.06,无信号,多头排列,是,获取公告失败
2026-05-22,300835.SZ,龙磁科技,创业板,141.83,17.07%,开,1313358,416,0万元,0,112801.0,8.30亿,83022,0,0%,缩量,117.92万,7.2,6.9,5.1,阳线,观望,未分类,未分类,未分类,0,0.0,0.0,0.0,0.0,0.0,0.0,0.0,未知,0.0,0.0,0.0,,未知,否,获取公告失败
2026-05-22,002792.SZ,通宇通讯,深市主板,47.31,1.55%,开,1308046,417,0万元,0,120032.0,25.65亿,256537,0,0%,缩量,159.82万,5.7,6.1,4.1,阳线||布林带下轨,布林带下轨支撑,未分类,未分类,未分类,0,130.01,140.76,140.42,134.99,177.97,140.42,102.88,下轨下方,-3.95,1.71,-11.32,无信号,震荡整理,否,获取公告失败
2026-05-22,601100.SH,恒立液压,沪市主板,117.05,2.64%,开,1307217,418,0万元,0,119402.0,10.33亿,103257,0,0%,缩量,1569.43万,5.8,6.1,4.2,阳线||布林带下轨,布林带下轨支撑,未分类,未分类,未分类,0,345.26,354.83,346.51,340.93,401.28,346.51,291.74,下轨下方,0.2,5.83,-11.26,死叉,震荡整理,否,获取公告失败
2026-05-22,000670.SZ,盈方微,深市主板,8.9,10.01%,开,1307031,419,0万元,0,115697.0,133.97亿,1339650,0,0%,缩量,73.15万,6.5,6.5,4.7,阳线||布林带下轨,布林带下轨支撑,未分类,未分类,未分类,0,81.72,87.26,86.88,91.01,115.25,86.88,58.52,下轨下方,-3.96,-0.52,-6.88,死叉,震荡整理,否,获取公告失败
2026-05-22,603659.SH,璞泰来,沪市主板,32.36,2.02%,开,1306908,420,0万元,0,119682.0,37.35亿,373549,0,0%,缩量,691.34万,5.7,6.1,4.1,阳线,观望,未分类,未分类,未分类,0,0.0,0.0,0.0,0.0,0.0,0.0,0.0,未知,0.0,0.0,0.0,,未知,否,获取公告失败
2026-05-22,002217.SZ,合力泰,深市主板,2.82,3.68%,开,1303942,421,0万元,0,118556.0,427.18亿,4271796,0,0%,缩量,205.28万,5.9,6.2,4.2,阳线,观望,未分类,未分类,未分类,0,16.86,18.4,18.18,16.46,21.41,18.18,14.94,布林带内,0.16,0.65,-0.97,无信号,震荡整理,否,获取公告失败
2026-05-22,300747.SZ,锐科激光,创业板,39.1,3.41%,开,1302628,422,0万元,0,118557.0,30.60亿,306008,0,0%,缩量,204.09万,5.8,6.2,4.2,阳线,观望,未分类,未分类,未分类,0,0.0,0.0,0.0,0.0,0.0,0.0,0.0,未知,0.0,0.0,0.0,,未知,否,获取公告失败
2026-05-22,688516.SH,奥特维,科创板,77.8,1.75%,开,1301682,423,0万元,0,119292.0,1535.37亿,15353701,0,0%,缩量,244.88万,5.7,6.1,4.1,阳线||布林带下轨,布林带下轨支撑,未分类,未分类,未分类,0,214.07,242.95,249.42,252.11,334.5,249.42,164.35,下轨下方,-13.99,-0.68,-26.62,无信号,震荡整理,否,获取公告失败
2026-05-22,600219.SH,南山铝业,沪市主板,5.28,4.55%,开,1301282,424,0万元,0,117851.0,226.84亿,2268428,0,0%,缩量,606.34万,6.0,6.2,4.3,阳线,观望,未分类,未分类,未分类,0,0.0,0.0,0.0,0.0,0.0,0.0,0.0,未知,0.0,0.0,0.0,,未知,否,获取公告失败
2026-05-22,688106.SH,XD金宏气,科创板,28.93,0.91%,开,1298464,425,0万元,0,119393.0,4230.58亿,42305841,0,0%,缩量,154.89万,5.6,6.0,4.1,阳线,观望,未分类,未分类,未分类,0,0.0,0.0,0.0,0.0,0.0,0.0,0.0,未知,0.0,0.0,0.0,,未知,否,获取公告失败
2026-05-22,300863.SZ,卡倍亿,创业板,81.8,5.89%,开,1296059,426,0万元,0,116661.0,14.32亿,143161,0,0%,缩量,147.92万,6.1,6.3,4.4,阳线||布林带下轨,布林带下轨支撑,未分类,未分类,未分类,0,199.72,202.54,188.73,170.57,256.51,188.73,120.96,下轨下方,4.51,10.37,-11.72,死叉,震荡整理,否,获取公告失败
2026-05-22,002046.SZ,国机精工,深市主板,54.99,10.00%,开,1295830,427,0万元,0,114582.0,21.40亿,213995,0,0%,缩量,291.54万,6.5,6.5,4.7,阳线||布林带下轨,布林带下轨支撑,未分类,未分类,未分类,0,289.68,318.7,320.75,298.82,385.08,320.75,256.41,下轨下方,-4.3,7.73,-24.05,无信号,震荡整理,否,获取公告失败
2026-05-22,300083.SZ,创世纪,创业板,10.94,0.74%,开,1294983,428,0万元,0,119130.0,110.17亿,1101658,0,0%,缩量,163.24万,5.6,6.0,4.0,阳线||多头排列||MA5上穿MA10,多头排列,未分类,未分类,未分类,0,91.51,88.82,81.16,70.58,101.45,81.16,60.87,布林带内,6.49,5.99,1.0,无信号,多头排列,是,获取公告失败
2026-05-22,300721.SZ,怡达股份,创业板,32.35,2.89%,开,1294122,429,0万元,0,117965.0,35.73亿,357294,0,0%,缩量,44.76万,5.8,6.1,4.2,价升||多头排列||MA5上穿MA10,多头排列,未分类,未分类,未分类,0,56.48,51.14,45.1,34.53,66.16,45.1,24.05,布林带内,5.67,5.67,0.02,无信号,多头排列,是,获取公告失败
2026-05-22,600884.SH,杉杉股份,沪市主板,14.88,2.90%,开,1291032,430,0万元,0,117651.0,80.14亿,801404,0,0%,缩量,273.06万,5.8,6.1,4.2,阳线||布林带下轨,布林带下轨支撑,未分类,未分类,未分类,0,384.33,413.04,431.12,407.4,526.77,431.12,335.46,下轨下方,-12.39,4.69,-34.17,无信号,震荡整理,否,获取公告失败
2026-05-22,002532.SZ,天山铝业,深市主板,15.82,2.73%,开,1287926,431,0万元,0,117429.0,74.25亿,742517,0,0%,缩量,649.70万,5.8,6.1,4.2,阳线,观望,未分类,未分类,未分类,0,0.0,0.0,0.0,0.0,0.0,0.0,0.0,未知,0.0,0.0,0.0,,未知,否,获取公告失败
2026-05-22,002859.SZ,洁美科技,深市主板,60.05,10.00%,开,1287899,432,0万元,0,113789.0,19.34亿,193408,0,0%,缩量,243.74万,6.5,6.5,4.7,阳线||布林带下轨,布林带下轨支撑,未分类,未分类,未分类,0,211.1,212.59,206.24,183.61,241.64,206.24,170.84,下轨下方,5.29,9.17,-7.75,死叉,震荡整理,否,获取公告失败
2026-05-22,301095.SZ,广立微,创业板,102.98,0.80%,开,1287493,433,0万元,0,118348.0,11.55亿,115539,0,0%,缩量,178.18万,5.6,6.0,4.1,价升||多头排列||MA5上穿MA10,多头排列,未分类,未分类,未分类,0,108.56,107.98,97.66,83.9,120.98,97.66,74.35,布林带内,7.45,7.25,0.39,无信号,多头排列,是,获取公告失败
2026-05-22,688268.SH,华特气体,科创板,163.88,3.25%,开,1287245,434,0万元,0,117099.0,730.68亿,7306784,0,0%,缩量,201.86万,5.8,6.2,4.2,阳线,观望,未分类,未分类,未分类,0,174.31,177.46,177.76,117.92,210.97,177.76,144.55,布林带内,13.4,18.18,-9.56,无信号,震荡整理,否,获取公告失败
2026-05-22,002975.SZ,博杰股份,深市主板,121.55,10.00%,开,1285190,435,0万元,0,113519.0,9.51亿,95141,0,0%,缩量,166.95万,6.5,6.5,4.7,阳线,观望,未分类,未分类,未分类,0,0.0,0.0,0.0,0.0,0.0,0.0,0.0,未知,0.0,0.0,0.0,,未知,否,获取公告失败
2026-05-22,300790.SZ,宇瞳光学,创业板,36.85,7.28%,开,1283680,436,0万元,0,114729.0,31.96亿,319643,0,0%,缩量,119.62万,6.2,6.4,4.5,阳线||布林带下轨,布林带下轨支撑,未分类,未分类,未分类,0,83.71,89.26,85.94,77.62,112.93,85.94,58.95,下轨下方,0.17,3.7,-7.07,死叉,震荡整理,否,获取公告失败
2026-05-22,600158.SH,中体产业,沪市主板,11.67,2.28%,开,1282743,437,0万元,0,117135.0,100.30亿,1003044,0,0%,缩量,111.98万,5.7,6.1,4.2,阳线,观望,未分类,未分类,未分类,0,71.79,79.06,75.2,70.49,93.5,75.2,56.91,布林带内,0.43,2.61,-4.35,无信号,震荡整理,否,获取公告失败
2026-05-22,002181.SZ,粤 传 媒,深市主板,13.75,0.73%,开,1275983,438,0万元,0,117232.0,85.10亿,850994,0,0%,缩量,156.00万,5.6,6.0,4.0,阳线,观望,未分类,未分类,未分类,0,32.67,36.36,34.9,28.44,44.59,34.9,25.21,布林带内,1.0,2.33,-2.66,无信号,震荡整理,否,获取公告失败
2026-05-22,002129.SZ,TCL中环,深市主板,9.36,2.63%,开,1274697,439,0万元,0,116154.0,125.20亿,1252019,0,0%,缩量,378.12万,5.8,6.1,4.2,阳线||布林带下轨,布林带下轨支撑,未分类,未分类,未分类,0,49.51,51.51,49.77,51.08,57.21,49.77,42.32,下轨下方,-0.2,0.43,-1.27,死叉,震荡整理,否,获取公告失败
2026-05-22,002782.SZ,可立克,深市主板,28.87,2.38%,开,1273239,440,0万元,0,116136.0,39.59亿,395927,0,0%,缩量,140.45万,5.7,6.1,4.2,阳线,观望,未分类,未分类,未分类,0,0.0,0.0,0.0,0.0,0.0,0.0,0.0,未知,0.0,0.0,0.0,,未知,否,获取公告失败
2026-05-22,300322.SZ,硕贝德,创业板,30.71,5.68%,开,1268869,441,0万元,0,114048.0,37.90亿,378967,0,0%,缩量,135.26万,6.1,6.3,4.4,阳线,观望,未分类,未分类,未分类,0,137.61,140.84,138.34,124.26,150.14,138.34,126.53,布林带内,3.23,5.09,-3.72,无信号,震荡整理,否,获取公告失败
2026-05-22,301373.SZ,凌玮科技,创业板,139.6,12.94%,开,1268554,442,0万元,0,110383.0,8.21亿,82120,0,0%,缩量,56.93万,6.8,6.6,4.9,阳线,观望,未分类,未分类,未分类,0,130.43,136.25,127.53,90.51,156.52,127.53,98.54,布林带内,11.07,13.03,-3.93,无信号,震荡整理,否,获取公告失败
2026-05-22,605006.SH,山东玻纤,沪市主板,15.74,9.99%,开,1267285,443,0万元,0,111732.0,72.16亿,721626,0,0%,缩量,94.45万,6.5,6.5,4.7,阳线,观望,未分类,未分类,未分类,0,17.6,18.66,16.78,13.72,21.73,16.78,11.84,布林带内,1.18,1.47,-0.57,无信号,震荡整理,否,获取公告失败
2026-05-22,688772.SH,珠海冠宇,科创板,17.16,7.12%,开,1266100,444,0万元,0,113052.0,6643.90亿,66438959,0,0%,缩量,194.28万,6.2,6.4,4.5,阳线||MACD金叉||MA5上穿MA10,MACD金叉,未分类,未分类,未分类,0,17.11,16.82,17.22,17.3,18.32,17.22,16.11,布林带内,-0.09,-0.09,0.01,金叉,震荡整理,否,获取公告失败
2026-05-22,002611.SZ,东方精工,深市主板,19.17,2.57%,开,1265141,445,0万元,0,115230.0,60.76亿,607555,0,0%,缩量,192.06万,5.8,6.1,4.2,阳线,观望,未分类,未分类,未分类,0,0.0,0.0,0.0,0.0,0.0,0.0,0.0,未知,0.0,0.0,0.0,,未知,否,获取公告失败
2026-05-22,688020.SH,方邦股份,科创板,165.82,20.00%,开,1263174,446,0万元,0,106316.0,667.02亿,6670213,0,0%,缩量,136.62万,7.5,7.0,5.3,阳线,观望,未分类,未分类,未分类,0,147.56,153.08,148.59,110.5,179.26,148.59,117.92,布林带内,11.49,13.72,-4.46,无信号,震荡整理,否,获取公告失败
2026-05-22,603890.SH,春秋电子,沪市主板,22.97,10.01%,开,1261657,447,0万元,0,111161.0,49.50亿,494959,0,0%,缩量,102.63万,6.5,6.5,4.7,阳线||布林带下轨,布林带下轨支撑,未分类,未分类,未分类,0,52.83,55.98,55.79,47.89,67.65,55.79,43.93,下轨下方,0.36,2.42,-4.12,无信号,震荡整理,否,获取公告失败
2026-05-22,688433.SH,华曙高科,科创板,102.21,9.43%,开,1257222,448,0万元,0,111006.0,1102.15亿,11021494,0,0%,缩量,424.76万,6.4,6.5,4.6,阳线||多头排列||MA5上穿MA10,多头排列,未分类,未分类,未分类,0,96.12,95.77,88.56,86.4,104.28,88.56,72.84,布林带内,4.4,3.24,2.31,无信号,多头排列,是,获取公告失败
2026-05-22,300489.SZ,光智科技,创业板,135.0,4.72%,开,1255821,449,0万元,0,113220.0,8.56亿,85560,0,0%,缩量,187.18万,6.0,6.2,4.3,阳线,观望,未分类,未分类,未分类,0,367.71,370.32,335.82,213.17,431.88,335.82,239.76,布林带内,38.47,46.89,-16.84,死叉,震荡整理,否,获取公告失败
2026-05-22,300607.SZ,拓斯达,创业板,33.8,0.18%,开,1255459,450,0万元,0,115457.0,34.28亿,342811,0,0%,缩量,114.07万,5.5,6.0,4.0,阳线||布林带下轨,布林带下轨支撑,未分类,未分类,未分类,0,154.22,162.78,159.35,148.28,210.09,159.35,108.61,下轨下方,-0.67,5.8,-12.93,死叉,震荡整理,否,获取公告失败
2026-05-22,600416.SH,湘电股份,沪市主板,12.98,10.00%,开,1253220,451,0万元,0,110322.0,87.95亿,879485,0,0%,缩量,191.56万,6.5,6.5,4.7,阳线||布林带下轨,布林带下轨支撑,未分类,未分类,未分类,0,36.78,38.54,39.32,41.4,43.0,39.32,35.64,下轨下方,-1.09,-0.59,-1.0,无信号,震荡整理,否,获取公告失败
2026-05-22,600489.SH,中金黄金,沪市主板,23.29,2.24%,开,1250504,452,0万元,0,113931.0,49.37亿,493707,0,0%,缩量,1128.94万,5.7,6.1,4.1,阳线||布林带下轨,布林带下轨支撑,未分类,未分类,未分类,0,269.25,292.8,305.99,331.47,362.13,305.99,249.86,下轨下方,-17.21,-8.79,-16.85,无信号,震荡整理,否,获取公告失败
2026-05-22,688596.SH,正帆科技,科创板,46.74,2.93%,开,1249034,453,0万元,0,113439.0,2468.81亿,24688139,0,0%,缩量,137.48万,5.8,6.1,4.2,阳线||多头排列||MA5上穿MA10,多头排列,未分类,未分类,未分类,0,48.83,45.2,39.47,34.22,53.61,39.47,25.33,布林带内,4.39,3.42,1.95,无信号,多头排列,是,获取公告失败
2026-05-22,688260.SH,昀冢科技,科创板,72.71,20.00%,开,1247166,454,0万元,0,104715.0,1474.68亿,14746755,0,0%,缩量,87.25万,7.5,7.0,5.3,阳线||多头排列||布林带上轨||MA5上穿MA10,多头排列,未分类,未分类,未分类,0,60.09,55.35,45.39,34.48,69.13,45.39,21.65,上轨上方,8.54,6.25,4.59,无信号,多头排列,是,获取公告失败
2026-05-22,301128.SZ,强瑞技术,创业板,137.49,3.88%,开,1246608,455,0万元,0,112719.0,8.35亿,83474,0,0%,缩量,199.11万,5.9,6.2,4.3,阳线,观望,未分类,未分类,未分类,0,0.0,0.0,0.0,0.0,0.0,0.0,0.0,未知,0.0,0.0,0.0,,未知,否,获取公告失败
2026-05-22,000969.SZ,安泰科技,深市主板,22.72,2.48%,开,1245724,456,0万元,0,113332.0,50.41亿,504139,0,0%,缩量,236.59万,5.7,6.1,4.2,阳线||布林带下轨,布林带下轨支撑,未分类,未分类,未分类,0,132.57,136.62,136.07,138.27,148.01,136.07,124.14,下轨下方,-1.23,0.23,-2.92,无信号,震荡整理,否,获取公告失败
2026-05-22,000536.SZ,华映科技,深市主板,4.38,2.10%,开,1243699,457,0万元,0,113321.0,265.07亿,2650704,0,0%,缩量,121.02万,5.7,6.1,4.1,阳线||布林带下轨,布林带下轨支撑,未分类,未分类,未分类,0,13.71,14.1,14.31,15.33,16.26,14.31,12.35,下轨下方,-0.49,-0.3,-0.4,死叉,震荡整理,否,获取公告失败
2026-05-22,603115.SH,海星股份,沪市主板,116.31,10.00%,开,1238101,458,0万元,0,108812.0,9.64亿,96418,0,0%,缩量,281.34万,6.5,6.5,4.7,阳线||多头排列||布林带上轨||MA5上穿MA10,多头排列,未分类,未分类,未分类,0,102.17,87.22,75.17,52.42,110.3,75.17,40.04,上轨上方,14.41,10.09,8.63,无信号,多头排列,是,获取公告失败
2026-05-22,301566.SZ,达利凯普,创业板,31.42,11.22%,开,1237856,459,0万元,0,108175.0,35.33亿,353319,0,0%,缩量,66.32万,6.6,6.6,4.7,阳线||多头排列||布林带上轨||MA5上穿MA10,多头排列,未分类,未分类,未分类,0,29.12,28.14,26.41,23.65,30.61,26.41,22.21,上轨上方,1.84,1.49,0.69,无信号,多头排列,是,获取公告失败
2026-05-22,600893.SH,航发动力,沪市主板,45.81,0.48%,开,1236532,460,0万元,0,113412.0,24.85亿,248492,0,0%,缩量,1220.89万,5.5,6.0,4.0,阳线,观望,未分类,未分类,未分类,0,149.2,154.01,154.29,164.95,166.41,154.29,142.17,布林带内,-3.44,-2.58,-1.71,无信号,震荡整理,否,获取公告失败
2026-05-22,002183.SZ,怡 亚 通,深市主板,6.94,3.89%,开,1234471,461,0万元,0,111501.0,160.88亿,1608789,0,0%,缩量,180.23万,5.9,6.2,4.3,阳线,观望,未分类,未分类,未分类,0,104.43,105.63,97.21,87.18,116.75,97.21,77.68,布林带内,4.99,5.08,-0.18,死叉,震荡整理,否,获取公告失败
2026-05-22,688172.SH,燕东微,科创板,54.49,4.79%,开,1234372,462,0万元,0,111043.0,2078.12亿,20781211,0,0%,缩量,424.03万,6.0,6.2,4.3,阳线||多头排列||MA5上穿MA10,多头排列,未分类,未分类,未分类,0,54.14,52.26,47.62,42.83,58.88,47.62,36.35,布林带内,3.62,2.91,1.41,无信号,多头排列,是,获取公告失败
2026-05-22,600367.SH,红星发展,沪市主板,26.27,5.84%,开,1232430,463,0万元,0,110322.0,42.44亿,424388,0,0%,缩量,84.58万,6.1,6.3,4.4,阳线||布林带下轨,布林带下轨支撑,未分类,未分类,未分类,0,99.93,100.65,98.26,95.69,110.59,98.26,85.92,下轨下方,1.32,2.43,-2.21,死叉,震荡整理,否,获取公告失败
2026-05-22,000933.SZ,神火股份,深市主板,30.83,2.29%,开,1231676,464,0万元,0,112023.0,36.63亿,366289,0,0%,缩量,692.88万,5.7,6.1,4.2,阳线||布林带下轨,布林带下轨支撑,未分类,未分类,未分类,0,317.89,328.88,339.42,351.39,372.35,339.42,306.49,下轨下方,-10.29,-5.96,-8.65,无信号,震荡整理,否,获取公告失败
2026-05-22,300602.SZ,飞荣达,创业板,39.83,3.59%,开,1230365,465,0万元,0,111242.0,28.23亿,282334,0,0%,缩量,157.49万,5.9,6.2,4.2,阳线||布林带下轨,布林带下轨支撑,未分类,未分类,未分类,0,166.42,172.14,171.74,165.06,217.96,171.74,125.52,下轨下方,-1.9,4.13,-12.06,死叉,震荡整理,否,获取公告失败
2026-05-22,300480.SZ,光力科技,创业板,37.96,2.46%,开,1229330,466,0万元,0,111705.0,29.81亿,298114,0,0%,缩量,102.55万,5.7,6.1,4.2,阳线||布林带下轨,布林带下轨支撑,未分类,未分类,未分类,0,124.48,128.35,125.44,110.34,153.3,125.44,97.58,下轨下方,1.87,5.88,-8.02,无信号,震荡整理,否,获取公告失败
2026-05-22,002497.SZ,雅化集团,深市主板,24.21,2.11%,开,1227884,467,0万元,0,111734.0,46.31亿,463095,0,0%,缩量,256.53万,5.7,6.1,4.1,阳线,观望,未分类,未分类,未分类,0,155.48,165.21,174.61,161.58,202.61,174.61,146.61,布林带内,-2.74,1.37,-8.2,无信号,震荡整理,否,获取公告失败
2026-05-22,000859.SZ,国风新材,深市主板,10.82,4.64%,开,1227800,468,0万元,0,110459.0,104.25亿,1042459,0,0%,缩量,96.94万,6.0,6.2,4.3,阳线||布林带下轨||MA5上穿MA10,布林带下轨支撑,未分类,未分类,未分类,0,38.32,37.95,37.61,40.4,42.99,37.61,32.22,下轨下方,-0.65,-0.53,-0.24,死叉,震荡整理,否,获取公告失败
2026-05-22,000815.SZ,美利云,深市主板,19.19,2.90%,开,1227727,469,0万元,0,111325.0,58.87亿,588746,0,0%,缩量,133.42万,5.8,6.1,4.2,阳线||布林带下轨,布林带下轨支撑,未分类,未分类,未分类,0,68.49,73.45,73.95,68.99,87.98,73.95,59.92,下轨下方,-1.53,1.0,-5.06,无信号,震荡整理,否,获取公告失败
2026-05-22,688143.SH,长盈通,科创板,138.47,4.90%,开,1223207,470,0万元,0,109870.0,806.74亿,8067370,0,0%,缩量,169.45万,6.0,6.2,4.3,阳线||多头排列||MA5上穿MA10,多头排列,未分类,未分类,未分类,0,167.46,139.23,114.73,90.08,184.39,114.73,45.08,布林带内,21.0,15.04,11.92,无信号,多头排列,是,获取公告失败
2026-05-22,002150.SZ,正泰电源,深市主板,34.0,0.03%,开,1211867,471,0万元,0,111172.0,32.44亿,324394,0,0%,缩量,121.91万,5.5,6.0,4.0,阳线||MA5上穿MA10,观望,未分类,未分类,未分类,0,157.12,150.67,146.88,151.62,164.36,146.88,129.39,布林带内,1.1,-0.64,3.49,无信号,震荡整理,否,获取公告失败
2026-05-22,002203.SZ,海亮股份,深市主板,21.42,7.10%,开,1208310,472,0万元,0,107281.0,50.87亿,508672,0,0%,缩量,473.84万,6.2,6.4,4.5,阳线,观望,未分类,未分类,未分类,0,82.46,85.94,80.76,66.57,96.02,80.76,65.51,布林带内,4.37,5.65,-2.54,无信号,震荡整理,否,获取公告失败
2026-05-22,603767.SH,中马传动,沪市主板,24.92,2.38%,开,1205114,473,0万元,0,109320.0,44.53亿,445284,0,0%,缩量,76.91万,5.7,6.1,4.2,价升||多头排列||MA5上穿MA10,多头排列,未分类,未分类,未分类,0,34.84,32.77,31.2,29.89,36.06,31.2,26.34,布林带内,1.55,0.96,1.18,无信号,多头排列,是,获取公告失败
2026-05-22,600141.SH,兴发集团,沪市主板,32.87,4.71%,开,1203364,474,0万元,0,107979.0,33.29亿,332898,0,0%,缩量,395.01万,6.0,6.2,4.3,阳线||布林带下轨,布林带下轨支撑,未分类,未分类,未分类,0,94.89,99.21,100.57,106.88,111.8,100.57,89.34,下轨下方,-2.91,-1.42,-2.99,无信号,震荡整理,否,获取公告失败
2026-05-22,000831.SZ,中国稀土,深市主板,51.51,0.68%,开,1202850,475,0万元,0,109943.0,21.36亿,213551,0,0%,缩量,546.63万,5.6,6.0,4.0,阳线||布林带下轨,布林带下轨支撑,未分类,未分类,未分类,0,200.96,215.18,216.12,215.64,251.71,216.12,180.54,下轨下方,-4.37,1.41,-11.56,无信号,震荡整理,否,获取公告失败
2026-05-22,301389.SZ,隆扬电子,创业板,77.52,10.19%,开,1199409,476,0万元,0,104845.0,13.87亿,138748,0,0%,缩量,219.77万,6.5,6.5,4.7,阳线,观望,未分类,未分类,未分类,0,74.67,75.7,70.86,60.49,83.68,70.86,58.05,布林带内,4.33,4.56,-0.46,无信号,震荡整理,否,获取公告失败
2026-05-22,603220.SH,中贝通信,沪市主板,30.62,2.34%,开,1198017,477,0万元,0,108632.0,35.81亿,358124,0,0%,缩量,132.97万,5.7,6.1,4.2,阳线||布林带下轨,布林带下轨支撑,未分类,未分类,未分类,0,40.06,40.54,40.78,37.61,46.88,40.78,34.68,下轨下方,0.11,0.96,-1.71,无信号,震荡整理,否,获取公告失败
2026-05-22,300731.SZ,科创新源,创业板,96.0,12.02%,开,1196333,478,0万元,0,103624.0,11.24亿,112352,0,0%,缩量,115.37万,6.7,6.6,4.8,阳线||多头排列||MA5上穿MA10,多头排列,未分类,未分类,未分类,0,119.87,118.07,110.1,102.88,132.57,110.1,87.64,布林带内,4.69,5.02,-0.66,死叉,多头排列,是,获取公告失败
2026-05-22,002716.SZ,湖南白银,深市主板,10.17,2.94%,开,1194786,479,0万元,0,108011.0,107.52亿,1075163,0,0%,缩量,236.44万,5.8,6.1,4.2,阳线,观望,未分类,未分类,未分类,0,39.26,42.41,43.77,47.83,50.39,43.77,37.14,布林带内,-1.92,-1.19,-1.46,无信号,震荡整理,否,获取公告失败
2026-05-22,688502.SH,茂莱光学,科创板,537.0,2.54%,开,1193807,480,0万元,0,108109.0,203.75亿,2037507,0,0%,缩量,283.54万,5.8,6.1,4.2,阳线,观望,未分类,未分类,未分类,0,546.06,552.96,525.02,402.38,604.31,525.02,445.73,布林带内,39.74,45.69,-11.91,无信号,震荡整理,否,获取公告失败
2026-05-22,002158.SZ,汉钟精机,深市主板,35.75,5.99%,开,1192883,481,0万元,0,106294.0,30.14亿,301356,0,0%,缩量,190.75万,6.1,6.3,4.4,阳线||多头排列||布林带上轨||MA5上穿MA10,多头排列,未分类,未分类,未分类,0,121.77,119.66,110.09,96.6,134.66,110.09,85.53,上轨上方,8.57,6.97,3.2,无信号,多头排列,是,获取公告失败
2026-05-22,688387.SH,信科移动-U,科创板,18.6,2.65%,开,1188405,482,0万元,0,107516.0,5870.43亿,58704318,0,0%,缩量,375.12万,5.8,6.1,4.2,阳线,观望,未分类,未分类,未分类,0,19.01,20.2,19.49,16.8,22.94,19.49,16.04,布林带内,0.64,1.04,-0.81,无信号,震荡整理,否,获取公告失败
2026-05-22,600096.SH,云天化,沪市主板,32.16,1.84%,开,1187483,483,0万元,0,107830.0,33.58亿,335845,0,0%,缩量,586.27万,5.7,6.1,4.1,阳线,观望,未分类,未分类,未分类,0,0.0,0.0,0.0,0.0,0.0,0.0,0.0,未知,0.0,0.0,0.0,,未知,否,获取公告失败
2026-05-22,603663.SH,三祥新材,沪市主板,50.49,10.00%,开,1186780,484,0万元,0,103678.0,21.59亿,215882,0,0%,缩量,213.48万,6.5,6.5,4.7,阳线||布林带下轨,布林带下轨支撑,未分类,未分类,未分类,0,107.98,114.56,122.78,125.36,158.66,122.78,86.89,下轨下方,-6.62,-1.82,-9.61,无信号,震荡整理,否,获取公告失败
2026-05-22,002821.SZ,凯莱英,深市主板,126.85,0.55%,开,1182434,485,0万元,0,107966.0,8.56亿,85612,0,0%,缩量,402.11万,5.6,6.0,4.0,阳线||布林带下轨,布林带下轨支撑,未分类,未分类,未分类,0,335.86,352.53,356.17,328.27,412.47,356.17,299.87,下轨下方,-3.09,6.06,-18.32,无信号,震荡整理,否,获取公告失败
2026-05-22,301531.SZ,春光集团,创业板,91.02,1.25%,开,1181089,486,0万元,0,107486.0,11.81亿,118064,0,0%,缩量,42.67万,5.6,6.1,4.1,价升,观望,未分类,未分类,未分类,0,0.0,0.0,0.0,0.0,0.0,0.0,0.0,未知,0.0,0.0,0.0,,未知,否,获取公告失败
2026-05-22,300724.SZ,捷佳伟创,创业板,87.93,1.36%,开,1180721,487,0万元,0,107392.0,12.23亿,122346,0,0%,缩量,252.99万,5.6,6.1,4.1,阳线||布林带下轨,布林带下轨支撑,未分类,未分类,未分类,0,91.14,93.46,94.16,110.76,99.54,94.16,88.78,下轨下方,-4.91,-5.0,0.19,无信号,震荡整理,否,获取公告失败
2026-05-22,688001.SH,华兴源创,科创板,68.79,3.03%,开,1178686,488,0万元,0,106356.0,1558.07亿,15580651,0,0%,缩量,324.39万,5.8,6.2,4.2,阳线||MACD金叉||多头排列||MA5上穿MA10,MACD金叉;多头排列,未分类,未分类,未分类,0,63.05,62.48,58.98,43.56,70.77,58.98,47.2,布林带内,5.58,5.46,0.24,金叉,多头排列,是,获取公告失败
2026-05-22,688222.SH,成都先导,科创板,31.6,5.30%,开,1177741,489,0万元,0,105125.0,3391.43亿,33914303,0,0%,缩量,126.61万,6.0,6.3,4.4,阳线||多头排列||布林带上轨||MA5上穿MA10,多头排列,未分类,未分类,未分类,0,29.76,29.56,28.7,27.43,31.46,28.7,25.94,上轨上方,0.82,0.62,0.4,无信号,多头排列,是,获取公告失败
2026-05-22,688388.SH,嘉元科技,科创板,44.8,5.07%,开,1175688,490,0万元,0,105036.0,2370.07亿,23700736,0,0%,缩量,204.14万,6.0,6.3,4.3,阳线||布林带下轨,布林带下轨支撑,未分类,未分类,未分类,0,60.75,64.5,67.94,65.11,81.01,67.94,54.87,下轨下方,-2.27,0.07,-4.69,无信号,震荡整理,否,获取公告失败
2026-05-22,002506.SZ,协鑫集成,深市主板,3.83,1.86%,开,1174258,491,0万元,0,106495.0,280.55亿,2805500,0,0%,缩量,223.84万,5.7,6.1,4.1,阳线||布林带下轨,布林带下轨支撑,未分类,未分类,未分类,0,20.88,22.14,22.43,24.77,25.15,22.43,19.71,下轨下方,-0.87,-0.58,-0.57,无信号,震荡整理,否,获取公告失败
2026-05-22,605488.SH,福莱新材,沪市主板,40.88,6.35%,开,1172187,492,0万元,0,104045.0,25.95亿,259541,0,0%,缩量,112.91万,6.1,6.3,4.4,阳线||布林带下轨,布林带下轨支撑,未分类,未分类,未分类,0,69.95,71.82,71.07,72.1,87.14,71.07,54.99,下轨下方,-1.2,0.4,-3.21,死叉,震荡整理,否,获取公告失败
2026-05-22,688122.SH,西部超导,科创板,63.83,2.54%,开,1171010,493,0万元,0,105832.0,1652.75亿,16527520,0,0%,缩量,414.68万,5.8,6.1,4.2,价升||布林带下轨,布林带下轨支撑,未分类,未分类,未分类,0,87.07,92.32,96.34,106.72,114.26,96.34,78.42,下轨下方,-5.87,-3.71,-4.3,无信号,震荡整理,否,获取公告失败
2026-05-22,603399.SH,永杉锂业,沪市主板,17.95,2.10%,开,1167483,494,0万元,0,105696.0,59.96亿,599584,0,0%,缩量,91.96万,5.7,6.1,4.1,阳线,观望,未分类,未分类,未分类,0,26.54,29.57,27.55,20.37,37.57,27.55,17.54,布林带内,1.87,2.86,-1.98,无信号,震荡整理,否,获取公告失败
2026-05-22,688018.SH,乐鑫科技,科创板,183.0,2.97%,开,1166694,495,0万元,0,105184.0,580.94亿,5809351,0,0%,缩量,306.38万,5.8,6.1,4.2,阳线||布林带下轨,布林带下轨支撑,未分类,未分类,未分类,0,326.85,337.06,337.66,312.08,414.45,337.66,260.87,下轨下方,-1.16,10.02,-22.36,死叉,震荡整理,否,获取公告失败
2026-05-22,000564.SZ,供销大集,深市主板,1.64,5.13%,开,1163651,496,0万元,0,103801.0,620.24亿,6202384,0,0%,缩量,247.56万,6.0,6.3,4.3,阳线||布林带下轨,布林带下轨支撑,未分类,未分类,未分类,0,13.65,15.26,16.38,18.86,22.37,16.38,10.39,下轨下方,-1.69,-0.86,-1.66,无信号,震荡整理,否,获取公告失败
2026-05-22,603156.SH,养元饮品,沪市主板,44.78,1.43%,开,1159914,497,0万元,0,105278.0,23.74亿,237371,0,0%,缩量,564.35万,5.6,6.1,4.1,阳线||布林带下轨,布林带下轨支撑,未分类,未分类,未分类,0,128.18,132.8,124.62,110.01,164.45,124.62,84.78,下轨下方,3.33,7.7,-8.73,死叉,震荡整理,否,获取公告失败
2026-05-22,600596.SH,新安股份,沪市主板,13.26,10.04%,开,1155647,498,0万元,0,100544.0,77.52亿,775186,0,0%,缩量,178.96万,6.5,6.5,4.7,阳线||布林带下轨,布林带下轨支撑,未分类,未分类,未分类,0,119.4,125.64,129.12,129.95,152.86,129.12,105.39,下轨下方,-4.08,-0.52,-7.12,无信号,震荡整理,否,获取公告失败
2026-05-22,300457.SZ,赢合科技,创业板,29.5,6.77%,开,1154050,499,0万元,0,102021.0,35.09亿,350950,0,0%,缩量,187.28万,6.2,6.3,4.5,阳线||布林带下轨,布林带下轨支撑,未分类,未分类,未分类,0,152.96,158.89,162.27,155.57,187.0,162.27,137.54,下轨下方,-3.1,1.01,-8.23,无信号,震荡整理,否,获取公告失败
2026-05-22,002176.SZ,江特电机,深市主板,12.87,1.10%,开,1153428,500,0万元,0,104793.0,82.27亿,822698,0,0%,缩量,219.28万,5.6,6.1,4.1,阳线,观望,未分类,未分类,未分类,0,165.66,174.3,180.22,147.22,211.44,180.22,149.0,布林带内,4.11,8.87,-9.53,无信号,震荡整理,否,获取公告失败
2026-05-22,688323.SH,瑞华泰,科创板,40.6,3.68%,开,1153386,501,0万元,0,103500.0,2605.98亿,26059775,0,0%,缩量,73.08万,5.9,6.2,4.2,阳线||多头排列||MA5上穿MA10,多头排列,未分类,未分类,未分类,0,36.37,33.41,29.22,24.2,40.78,29.22,17.66,布林带内,4.03,2.89,2.3,无信号,多头排列,是,获取公告失败
2026-05-22,600888.SH,新疆众和,沪市主板,10.31,10.03%,开,1152210,502,0万元,0,100205.0,100.97亿,1009731,0,0%,缩量,160.12万,6.5,6.5,4.7,阳线||布林带下轨,布林带下轨支撑,未分类,未分类,未分类,0,116.6,117.58,118.7,119.38,136.3,118.7,101.11,下轨下方,-1.46,0.3,-3.52,死叉,震荡整理,否,获取公告失败
2026-05-22,300537.SZ,广信材料,创业板,30.28,6.85%,开,1145507,503,0万元,0,101128.0,33.75亿,337458,0,0%,缩量,45.95万,6.2,6.3,4.5,阳线||多头排列||MA5上穿MA10,多头排列,未分类,未分类,未分类,0,48.64,45.48,41.62,38.83,51.0,41.62,32.25,布林带内,2.96,2.11,1.71,无信号,多头排列,是,获取公告失败
2026-05-22,300821.SZ,东岳硅材,创业板,15.21,6.22%,开,1143895,504,0万元,0,101282.0,67.63亿,676344,0,0%,缩量,182.49万,6.1,6.3,4.4,阳线,观望,未分类,未分类,未分类,0,0.0,0.0,0.0,0.0,0.0,0.0,0.0,未知,0.0,0.0,0.0,,未知,否,获取公告失败
2026-05-22,300773.SZ,拉卡拉,创业板,26.33,1.00%,开,1131786,505,0万元,0,102680.0,39.46亿,394617,0,0%,缩量,193.41万,5.6,6.0,4.1,阳线||布林带下轨,布林带下轨支撑,未分类,未分类,未分类,0,52.39,57.05,58.87,58.52,74.43,58.87,43.31,下轨下方,-2.43,0.08,-5.04,无信号,震荡整理,否,获取公告失败
2026-05-22,605020.SH,永和股份,沪市主板,33.69,2.71%,开,1129587,506,0万元,0,101602.0,30.14亿,301360,0,0%,缩量,169.44万,5.8,6.1,4.2,阳线||多头排列||MA5上穿MA10,多头排列,未分类,未分类,未分类,0,43.81,43.29,41.0,39.35,48.47,41.0,33.52,布林带内,1.38,1.54,-0.32,死叉,多头排列,是,获取公告失败
2026-05-22,601799.SH,星宇股份,沪市主板,143.03,1.25%,开,1126995,507,0万元,0,102073.0,7.26亿,72598,0,0%,缩量,408.61万,5.6,6.1,4.1,阳线,观望,未分类,未分类,未分类,0,0.0,0.0,0.0,0.0,0.0,0.0,0.0,未知,0.0,0.0,0.0,,未知,否,获取公告失败
2026-05-22,000878.SZ,云南铜业,深市主板,18.06,5.86%,开,1125668,508,0万元,0,99636.0,56.07亿,560722,0,0%,缩量,361.85万,6.1,6.3,4.4,阳线,观望,未分类,未分类,未分类,0,0.0,0.0,0.0,0.0,0.0,0.0,0.0,未知,0.0,0.0,0.0,,未知,否,获取公告失败
2026-05-22,603778.SH,国晟科技,沪市主板,23.89,0.42%,开,1125471,509,0万元,0,102337.0,44.39亿,443862,0,0%,缩量,153.58万,5.5,6.0,4.0,阳线||MA5上穿MA10,观望,未分类,未分类,未分类,0,149.11,148.33,157.38,149.88,179.02,157.38,135.74,布林带内,-3.95,-2.53,-2.84,无信号,震荡整理,否,获取公告失败
2026-05-22,300102.SZ,乾照光电,创业板,27.16,1.31%,开,1123527,510,0万元,0,101700.0,38.04亿,380445,0,0%,缩量,248.76万,5.6,6.1,4.1,阳线,观望,未分类,未分类,未分类,0,0.0,0.0,0.0,0.0,0.0,0.0,0.0,未知,0.0,0.0,0.0,,未知,否,获取公告失败
2026-05-22,688608.SH,恒玄科技,科创板,184.97,0.80%,开,1119355,511,0万元,0,101535.0,547.28亿,5472764,0,0%,缩量,312.03万,5.6,6.0,4.1,价升||布林带下轨,布林带下轨支撑,未分类,未分类,未分类,0,256.59,258.78,251.89,250.72,293.53,251.89,210.25,下轨下方,0.55,4.19,-7.28,死叉,震荡整理,否,获取公告失败
2026-05-22,600509.SH,天富能源,沪市主板,9.64,6.40%,开,1118938,512,0万元,0,98693.0,103.17亿,1031728,0,0%,缩量,132.49万,6.1,6.3,4.4,阳线,观望,未分类,未分类,未分类,0,49.81,50.65,47.52,46.74,55.24,47.52,39.81,布林带内,1.34,1.43,-0.2,死叉,震荡整理,否,获取公告失败
2026-05-22,600392.SH,盛和资源,沪市主板,23.8,3.16%,开,1117631,513,0万元,0,100181.0,42.64亿,426384,0,0%,缩量,417.17万,5.8,6.2,4.2,阳线||布林带下轨,布林带下轨支撑,未分类,未分类,未分类,0,219.33,237.12,244.54,248.52,286.82,244.54,202.27,下轨下方,-8.88,-1.9,-13.97,无信号,震荡整理,否,获取公告失败
2026-05-22,600143.SH,金发科技,沪市主板,17.7,0.91%,开,1117571,514,0万元,0,101301.0,57.51亿,575118,0,0%,缩量,466.36万,5.6,6.0,4.1,阳线||布林带下轨,布林带下轨支撑,未分类,未分类,未分类,0,295.41,300.44,300.22,302.6,324.51,300.22,275.94,下轨下方,-2.42,0.61,-6.06,死叉,震荡整理,否,获取公告失败
2026-05-22,002402.SZ,和而泰,深市主板,30.92,2.05%,开,1116211,515,0万元,0,100598.0,32.83亿,328302,0,0%,缩量,253.10万,5.7,6.1,4.1,阳线,观望,未分类,未分类,未分类,0,364.18,369.73,370.32,368.53,389.58,370.32,351.07,布林带内,-0.47,1.1,-3.15,无信号,震荡整理,否,获取公告失败
2026-05-22,000555.SZ,神州信息,深市主板,13.9,7.01%,开,1113736,516,0万元,0,97871.0,69.55亿,695464,0,0%,缩量,135.47万,6.2,6.4,4.5,价升,观望,未分类,未分类,未分类,0,0.0,0.0,0.0,0.0,0.0,0.0,0.0,未知,0.0,0.0,0.0,,未知,否,获取公告失败
2026-05-22,002943.SZ,宇晶股份,深市主板,85.9,4.69%,开,1110411,517,0万元,0,98695.0,11.64亿,116431,0,0%,缩量,125.17万,6.0,6.2,4.3,阳线,观望,未分类,未分类,未分类,0,131.6,135.68,122.43,102.26,161.76,122.43,83.09,布林带内,8.08,10.81,-5.45,死叉,震荡整理,否,获取公告失败
2026-05-22,000408.SZ,藏格矿业,深市主板,80.96,3.54%,开,1109593,518,0万元,0,99188.0,12.43亿,124263,0,0%,缩量,1270.18万,5.9,6.2,4.2,阳线,观望,未分类,未分类,未分类,0,0.0,0.0,0.0,0.0,0.0,0.0,0.0,未知,0.0,0.0,0.0,,未知,否,获取公告失败
2026-05-22,688150.SH,莱特光电,科创板,68.36,5.98%,开,1105732,519,0万元,0,97581.0,1437.84亿,14378435,0,0%,缩量,275.11万,6.1,6.3,4.4,阳线||多头排列||MA5上穿MA10,多头排列,未分类,未分类,未分类,0,65.98,62.49,58.24,46.49,68.88,58.24,47.59,布林带内,5.09,4.43,1.32,无信号,多头排列,是,获取公告失败
2026-05-22,601360.SH,三六零,沪市主板,10.71,1.04%,开,1103318,520,0万元,0,99813.0,94.30亿,942991,0,0%,缩量,749.65万,5.6,6.1,4.1,阳线||布林带下轨,布林带下轨支撑,未分类,未分类,未分类,0,22.39,22.85,22.98,23.27,24.29,22.98,21.67,下轨下方,-0.22,-0.04,-0.35,无信号,震荡整理,否,获取公告失败
2026-05-22,300221.SZ,银禧科技,创业板,13.38,14.65%,开,1101964,521,0万元,0,92870.0,72.77亿,727694,0,0%,缩量,61.17万,7.0,6.7,5.0,阳线||多头排列||布林带上轨||MA5上穿MA10,多头排列,未分类,未分类,未分类,0,51.35,50.39,48.57,45.14,54.0,48.57,43.15,上轨上方,2.03,1.64,0.79,无信号,多头排列,是,获取公告失败
2026-05-22,300990.SZ,同飞股份,创业板,99.7,6.06%,开,1101499,522,0万元,0,97118.0,9.98亿,99846,0,0%,缩量,76.90万,6.1,6.3,4.4,阳线,观望,未分类,未分类,未分类,0,0.0,0.0,0.0,0.0,0.0,0.0,0.0,未知,0.0,0.0,0.0,,未知,否,获取公告失败
2026-05-22,301012.SZ,扬电科技,创业板,41.26,2.87%,开,1098395,523,0万元,0,98406.0,23.80亿,237985,0,0%,缩量,81.27万,5.8,6.1,4.2,价升||布林带下轨,布林带下轨支撑,未分类,未分类,未分类,0,70.18,71.84,71.22,64.17,87.11,71.22,55.34,下轨下方,0.64,2.66,-4.03,死叉,震荡整理,否,获取公告失败
2026-05-22,300938.SZ,信测标准,创业板,61.59,6.70%,开,1097743,524,0万元,0,96422.0,15.92亿,159244,0,0%,缩量,130.17万,6.2,6.3,4.4,阳线||布林带下轨,布林带下轨支撑,未分类,未分类,未分类,0,172.27,190.75,192.34,156.66,257.55,192.34,127.12,下轨下方,-0.34,11.44,-23.54,无信号,震荡整理,否,获取公告失败
2026-05-22,300319.SZ,麦捷科技,创业板,14.13,5.84%,开,1097343,525,0万元,0,96813.0,69.27亿,692697,0,0%,缩量,119.08万,6.1,6.3,4.4,阳线||多头排列||MA5上穿MA10,多头排列,未分类,未分类,未分类,0,106.86,105.35,101.64,99.62,111.01,101.64,92.28,布林带内,2.96,2.29,1.33,无信号,多头排列,是,获取公告失败
2026-05-22,688783.SH,西安奕材-U,科创板,33.38,2.42%,开,1095190,526,0万元,0,98307.0,3011.40亿,30113959,0,0%,缩量,61.81万,5.7,6.1,4.2,阳线,观望,未分类,未分类,未分类,0,34.0,34.18,29.35,25.11,40.07,29.35,18.63,布林带内,2.96,2.73,0.46,无信号,震荡整理,否,获取公告失败
2026-05-22,600500.SH,中化国际,沪市主板,6.31,6.41%,开,1094100,527,0万元,0,96206.0,154.98亿,1549836,0,0%,缩量,226.42万,6.1,6.3,4.4,阳线||布林带下轨,布林带下轨支撑,未分类,未分类,未分类,0,43.02,43.08,40.49,38.73,49.28,40.49,31.7,下轨下方,1.06,1.54,-0.96,死叉,震荡整理,否,获取公告失败
2026-05-22,601958.SH,金钼股份,沪市主板,21.79,3.17%,开,1092191,528,0万元,0,97633.0,44.92亿,449218,0,0%,缩量,703.08万,5.8,6.2,4.2,阳线,观望,未分类,未分类,未分类,0,29.18,29.77,28.76,28.82,31.58,28.76,25.94,布林带内,0.44,0.48,-0.09,死叉,震荡整理,否,获取公告失败
2026-05-22,600338.SH,西藏珠峰,沪市主板,20.46,2.66%,开,1088076,529,0万元,0,97478.0,48.33亿,483302,0,0%,缩量,187.05万,5.8,6.1,4.2,阳线||布林带下轨,布林带下轨支撑,未分类,未分类,未分类,0,34.69,38.33,41.95,36.47,54.92,41.95,28.99,下轨下方,-1.38,0.93,-4.63,无信号,震荡整理,否,获取公告失败
2026-05-22,688170.SH,德龙激光,科创板,78.7,1.57%,开,1087082,530,0万元,0,97921.0,1249.38亿,12493772,0,0%,缩量,81.34万,5.7,6.1,4.1,阳线||多头排列||MA5上穿MA10,多头排列,未分类,未分类,未分类,0,76.96,73.87,67.9,58.29,81.92,67.9,53.88,布林带内,5.62,4.69,1.85,无信号,多头排列,是,获取公告失败
2026-05-22,603311.SH,金海高科,沪市主板,31.46,0.83%,开,1086076,531,0万元,0,98191.0,31.22亿,312184,0,0%,缩量,74.21万,5.6,6.0,4.1,阳线||多头排列||布林带上轨||MA5上穿MA10,多头排列,未分类,未分类,未分类,0,30.08,26.08,23.22,19.56,31.88,23.22,14.55,上轨上方,3.1,1.94,2.31,无信号,多头排列,是,获取公告失败
2026-05-22,300819.SZ,聚杰微纤,创业板,82.31,7.41%,开,1085861,532,0万元,0,94880.0,11.65亿,116484,0,0%,缩量,110.92万,6.2,6.4,4.5,阳线,观望,未分类,未分类,未分类,0,113.43,121.19,106.99,85.74,146.18,106.99,67.8,布林带内,8.41,11.32,-5.81,死叉,震荡整理,否,获取公告失败
2026-05-22,300939.SZ,秋田微,创业板,56.96,7.07%,开,1078648,533,0万元,0,94331.0,16.84亿,168447,0,0%,缩量,68.35万,6.2,6.4,4.5,阳线,观望,未分类,未分类,未分类,0,0.0,0.0,0.0,0.0,0.0,0.0,0.0,未知,0.0,0.0,0.0,,未知,否,获取公告失败
2026-05-22,300259.SZ,新天科技,创业板,7.47,13.87%,开,1075969,534,0万元,0,90661.0,130.13亿,1301297,0,0%,缩量,87.36万,6.9,6.7,4.9,阳线,观望,未分类,未分类,未分类,0,0.0,0.0,0.0,0.0,0.0,0.0,0.0,未知,0.0,0.0,0.0,,未知,否,获取公告失败
2026-05-22,688368.SH,晶丰明源,科创板,205.07,3.54%,开,1075892,535,0万元,0,95817.0,459.11亿,4591139,0,0%,缩量,181.49万,5.9,6.2,4.2,阳线||多头排列||MA5上穿MA10,多头排列,未分类,未分类,未分类,0,268.22,259.5,240.2,206.25,297.48,240.2,182.91,布林带内,15.41,16.35,-1.87,死叉,多头排列,是,获取公告失败
2026-05-22,600711.SH,盛屯矿业,沪市主板,12.45,3.75%,开,1075650,536,0万元,0,95690.0,78.07亿,780673,0,0%,缩量,384.78万,5.9,6.2,4.2,阳线||布林带下轨,布林带下轨支撑,未分类,未分类,未分类,0,115.7,126.52,132.27,135.25,156.73,132.27,107.81,下轨下方,-6.38,-2.27,-8.21,无信号,震荡整理,否,获取公告失败
2026-05-22,603876.SH,鼎胜新材,沪市主板,27.5,4.60%,开,1073012,537,0万元,0,95000.0,35.25亿,352491,0,0%,缩量,255.55万,6.0,6.2,4.3,阳线||布林带下轨,布林带下轨支撑,未分类,未分类,未分类,0,47.45,51.12,52.19,44.67,65.83,52.19,38.55,下轨下方,-0.37,2.13,-5.0,无信号,震荡整理,否,获取公告失败
2026-05-22,002645.SZ,华宏科技,深市主板,29.06,2.22%,开,1071039,538,0万元,0,95996.0,32.98亿,329816,0,0%,缩量,162.42万,5.7,6.1,4.1,阳线,观望,未分类,未分类,未分类,0,143.78,148.29,138.03,110.22,168.86,138.03,107.19,布林带内,8.35,10.92,-5.14,无信号,震荡整理,否,获取公告失败
2026-05-22,300634.SZ,彩讯股份,创业板,27.67,2.03%,开,1065870,539,0万元,0,95573.0,34.89亿,348936,0,0%,缩量,120.16万,5.7,6.1,4.1,阳线||MA5上穿MA10,观望,未分类,未分类,未分类,0,28.06,26.44,26.25,26.55,30.22,26.25,22.27,布林带内,0.33,-0.07,0.79,无信号,震荡整理,否,获取公告失败
2026-05-22,301488.SZ,豪恩汽电,创业板,161.49,2.29%,开,1065302,540,0万元,0,95387.0,5.99亿,59931,0,0%,缩量,37.81万,5.7,6.1,4.2,阳线,观望,未分类,未分类,未分类,0,0.0,0.0,0.0,0.0,0.0,0.0,0.0,未知,0.0,0.0,0.0,,未知,否,获取公告失败
2026-05-22,300827.SZ,上能电气,创业板,37.79,0.96%,开,1063748,541,0万元,0,95894.0,25.16亿,251619,0,0%,缩量,145.58万,5.6,6.0,4.1,价升||布林带下轨,布林带下轨支撑,未分类,未分类,未分类,0,209.71,232.82,239.1,248.17,334.99,239.1,143.21,下轨下方,-16.11,-2.48,-27.25,死叉,震荡整理,否,获取公告失败
2026-05-22,688559.SH,海目星,科创板,69.29,3.23%,开,1062975,542,0万元,0,94681.0,1370.24亿,13702438,0,0%,缩量,171.67万,5.8,6.2,4.2,阳线||多头排列||MA5上穿MA10,多头排列,未分类,未分类,未分类,0,66.96,66.69,63.64,58.14,71.09,63.64,56.18,布林带内,2.87,2.69,0.37,无信号,多头排列,是,获取公告失败
2026-05-22,002518.SZ,科士达,深市主板,62.4,2.73%,开,1062514,543,0万元,0,94885.0,15.35亿,153493,0,0%,缩量,352.65万,5.8,6.1,4.2,阳线||多头排列||MA5上穿MA10,多头排列,未分类,未分类,未分类,0,325.49,300.74,273.91,263.85,343.38,273.91,204.44,布林带内,20.21,12.57,15.29,无信号,多头排列,是,获取公告失败
2026-05-22,301322.SZ,绿通科技,创业板,57.0,0.74%,开,1062371,544,0万元,0,95866.0,16.97亿,169692,0,0%,缩量,54.84万,5.6,6.0,4.0,阳线||多头排列||布林带下轨||MA5上穿MA10,多头排列;布林带下轨支撑,未分类,未分类,未分类,0,99.42,95.54,89.83,78.25,117.69,89.83,61.97,下轨下方,5.04,5.86,-1.64,死叉,多头排列,是,获取公告失败
2026-05-22,603379.SH,三美股份,沪市主板,60.53,9.99%,开,1061742,545,0万元,0,91177.0,15.47亿,154722,0,0%,缩量,369.52万,6.5,6.5,4.7,阳线||布林带下轨,布林带下轨支撑,未分类,未分类,未分类,0,76.95,82.89,87.51,92.88,103.25,87.51,71.77,下轨下方,-4.51,-2.14,-4.75,无信号,震荡整理,否,获取公告失败
2026-05-22,688233.SH,神工股份,科创板,94.65,0.71%,开,1059844,546,0万元,0,95628.0,1017.17亿,10171670,0,0%,缩量,161.19万,5.6,6.0,4.0,价升||多头排列||MA5上穿MA10,多头排列,未分类,未分类,未分类,0,99.06,97.45,88.0,81.08,110.24,88.0,65.76,布林带内,5.96,5.09,1.73,无信号,多头排列,是,获取公告失败
2026-05-22,600660.SH,福耀玻璃,沪市主板,55.27,1.71%,开,1057277,547,0万元,0,94872.0,17.34亿,173428,0,0%,缩量,1107.05万,5.7,6.1,4.1,阳线,观望,未分类,未分类,未分类,0,0.0,0.0,0.0,0.0,0.0,0.0,0.0,未知,0.0,0.0,0.0,,未知,否,获取公告失败
2026-05-22,002380.SZ,科远智慧,深市主板,50.66,6.99%,开,1056322,548,0万元,0,92137.0,18.55亿,185523,0,0%,缩量,72.04万,6.2,6.3,4.5,阳线,观望,未分类,未分类,未分类,0,0.0,0.0,0.0,0.0,0.0,0.0,0.0,未知,0.0,0.0,0.0,,未知,否,获取公告失败
2026-05-22,600259.SH,中稀有色,沪市主板,87.07,0.25%,开,1053916,549,0万元,0,95265.0,10.98亿,109787,0,0%,缩量,292.93万,5.5,6.0,4.0,阳线,观望,未分类,未分类,未分类,0,0.0,0.0,0.0,0.0,0.0,0.0,0.0,未知,0.0,0.0,0.0,,未知,否,获取公告失败
2026-05-22,002074.SZ,国轩高科,深市主板,35.3,1.26%,开,1053310,550,0万元,0,94700.0,26.95亿,269530,0,0%,缩量,612.89万,5.6,6.1,4.1,阳线,观望,未分类,未分类,未分类,0,159.33,162.26,168.17,168.24,183.7,168.17,152.65,布林带内,-3.34,-1.85,-2.99,无信号,震荡整理,否,获取公告失败
2026-05-22,603693.SH,江苏新能,沪市主板,17.69,4.67%,开,1052172,551,0万元,0,92880.0,53.96亿,539591,0,0%,缩量,157.70万,6.0,6.2,4.3,阳线||布林带下轨,布林带下轨支撑,未分类,未分类,未分类,0,22.02,22.04,21.72,20.89,24.3,21.72,19.15,下轨下方,0.19,0.4,-0.42,死叉,震荡整理,否,获取公告失败
2026-05-22,300243.SZ,瑞丰高材,创业板,20.87,20.01%,开,1051987,552,0万元,0,85193.0,43.56亿,435626,0,0%,缩量,44.84万,7.5,7.0,5.3,阳线,观望,未分类,未分类,未分类,0,81.24,82.47,81.0,68.02,88.53,81.0,73.47,布林带内,3.25,4.25,-2.0,无信号,震荡整理,否,获取公告失败
2026-05-22,002757.SZ,南兴股份,深市主板,28.73,7.93%,开,1048741,553,0万元,0,90911.0,32.64亿,326384,0,0%,缩量,81.03万,6.3,6.4,4.5,阳线||布林带下轨,布林带下轨支撑,未分类,未分类,未分类,0,63.13,70.71,65.99,58.23,90.16,65.99,41.81,下轨下方,0.84,4.08,-6.48,无信号,震荡整理,否,获取公告失败
2026-05-22,688343.SH,云天励飞-U,科创板,78.5,1.29%,开,1048361,554,0万元,0,94191.0,1208.54亿,12085409,0,0%,缩量,282.29万,5.6,6.1,4.1,价升,观望,未分类,未分类,未分类,0,81.55,82.85,86.08,87.22,95.62,86.08,76.55,布林带内,-1.76,-0.79,-1.94,无信号,震荡整理,否,获取公告失败
2026-05-22,300073.SZ,当升科技,创业板,60.03,2.63%,开,1047024,555,0万元,0,93386.0,15.62亿,156245,0,0%,缩量,303.73万,5.8,6.1,4.2,阳线,观望,未分类,未分类,未分类,0,244.99,248.72,253.94,237.17,272.99,253.94,234.9,布林带内,1.18,3.75,-5.14,无信号,震荡整理,否,获取公告失败
2026-05-22,601766.SH,中国中车,沪市主板,5.77,0.70%,开,1046030,556,0万元,0,94254.0,164.79亿,1647939,0,0%,缩量,1403.71万,5.6,6.0,4.0,阳线||布林带下轨,布林带下轨支撑,未分类,未分类,未分类,0,8.02,8.26,8.34,8.62,9.06,8.34,7.61,下轨下方,-0.2,-0.1,-0.21,无信号,震荡整理,否,获取公告失败
2026-05-22,002009.SZ,天奇股份,深市主板,26.43,0.30%,开,1045148,557,0万元,0,94363.0,36.15亿,361486,0,0%,缩量,93.57万,5.5,6.0,4.0,阳线||布林带下轨,布林带下轨支撑,未分类,未分类,未分类,0,134.7,138.09,131.91,134.75,154.74,131.91,109.09,下轨下方,0.11,1.49,-2.76,死叉,震荡整理,否,获取公告失败
2026-05-22,300339.SZ,润和软件,创业板,42.85,0.35%,开,1041846,558,0万元,0,94009.0,21.91亿,219097,0,0%,缩量,333.24万,5.5,6.0,4.0,价升,观望,未分类,未分类,未分类,0,269.55,274.83,274.98,266.1,295.3,274.98,254.65,布林带内,2.48,4.48,-4.0,无信号,震荡整理,否,获取公告失败
2026-05-22,000519.SZ,中兵红箭,深市主板,17.91,6.48%,开,1039801,559,0万元,0,90740.0,51.40亿,514030,0,0%,缩量,249.41万,6.1,6.3,4.4,阳线||布林带下轨,布林带下轨支撑,未分类,未分类,未分类,0,128.7,135.49,137.54,141.44,157.98,137.54,117.1,下轨下方,-4.01,-0.74,-6.55,无信号,震荡整理,否,获取公告失败
2026-05-22,600482.SH,中国动力,沪市主板,35.83,1.88%,开,1035722,560,0万元,0,92634.0,26.17亿,261710,0,0%,缩量,812.71万,5.7,6.1,4.1,阳线||布林带下轨,布林带下轨支撑,未分类,未分类,未分类,0,95.71,101.11,105.19,98.69,121.07,105.19,89.31,下轨下方,-2.1,0.82,-5.85,无信号,震荡整理,否,获取公告失败
2026-05-22,600151.SH,航天机电,沪市主板,15.19,1.81%,开,1032138,561,0万元,0,92309.0,60.41亿,604130,0,0%,缩量,217.86万,5.7,6.1,4.1,价升||布林带下轨,布林带下轨支撑,未分类,未分类,未分类,0,65.1,65.27,64.97,62.34,72.3,64.97,57.63,下轨下方,0.39,1.15,-1.51,死叉,震荡整理,否,获取公告失败
2026-05-22,300846.SZ,首都在线,创业板,29.66,2.24%,开,1027113,562,0万元,0,91591.0,31.14亿,311412,0,0%,缩量,116.27万,5.7,6.1,4.1,阳线,观望,未分类,未分类,未分类,0,30.47,31.3,29.93,30.89,33.88,29.93,25.98,布林带内,0.16,0.2,-0.08,死叉,震荡整理,否,获取公告失败
2026-05-22,300964.SZ,本川智能,创业板,96.68,9.02%,开,1026345,563,0万元,0,88124.0,9.33亿,93288,0,0%,缩量,54.15万,6.4,6.5,4.6,阳线||多头排列||布林带上轨||MA5上穿MA10,多头排列,未分类,未分类,未分类,0,89.55,86.13,79.26,71.96,95.9,79.26,62.62,上轨上方,5.21,3.75,2.93,无信号,多头排列,是,获取公告失败
2026-05-22,000592.SZ,平潭发展,深市主板,10.02,0.20%,开,1026090,564,0万元,0,92509.0,92.51亿,925139,0,0%,缩量,191.89万,5.5,6.0,4.0,阳线||布林带下轨,布林带下轨支撑,未分类,未分类,未分类,0,64.0,70.24,71.1,73.78,84.0,71.1,58.2,下轨下方,-3.05,-1.02,-4.07,无信号,震荡整理,否,获取公告失败
2026-05-22,688381.SH,帝奥微,科创板,43.95,2.21%,开,1026076,565,0万元,0,91503.0,2079.84亿,20798434,0,0%,缩量,108.78万,5.7,6.1,4.1,价升||多头排列||MA5上穿MA10,多头排列,未分类,未分类,未分类,0,41.99,38.74,35.62,27.6,44.99,35.62,26.25,布林带内,4.23,3.48,1.48,无信号,多头排列,是,获取公告失败
2026-05-22,002565.SZ,顺灏股份,深市主板,16.6,1.65%,开,1019006,566,0万元,0,91074.0,55.41亿,554075,0,0%,缩量,175.95万,5.7,6.1,4.1,阳线||布林带下轨,布林带下轨支撑,未分类,未分类,未分类,0,125.54,140.24,146.77,133.07,180.61,146.77,112.93,下轨下方,-4.82,1.57,-12.77,无信号,震荡整理,否,获取公告失败
2026-05-22,688625.SH,呈和科技,科创板,100.48,9.97%,开,1018842,567,0万元,0,86899.0,891.53亿,8915334,0,0%,缩量,189.22万,6.5,6.5,4.7,阳线||多头排列||MA5上穿MA10,多头排列,未分类,未分类,未分类,0,126.83,126.5,116.51,98.64,144.9,116.51,88.12,布林带内,7.81,8.96,-2.29,死叉,多头排列,是,获取公告失败
2026-05-22,300684.SZ,中石科技,创业板,64.25,5.69%,开,1015348,568,0万元,0,88689.0,14.09亿,140899,0,0%,缩量,131.26万,6.1,6.3,4.4,阳线||布林带下轨,布林带下轨支撑,未分类,未分类,未分类,0,171.2,180.85,179.82,168.14,213.88,179.82,145.76,下轨下方,-1.0,4.08,-10.16,无信号,震荡整理,否,获取公告失败
2026-05-22,688333.SH,铂力特,科创板,88.44,2.22%,开,1014845,569,0万元,0,90375.0,1018.85亿,10188473,0,0%,缩量,242.61万,5.7,6.1,4.1,阳线||布林带下轨,布林带下轨支撑,未分类,未分类,未分类,0,213.04,235.53,237.8,255.39,311.69,237.8,163.91,下轨下方,-14.26,-3.89,-20.75,无信号,震荡整理,否,获取公告失败
2026-05-22,301191.SZ,菲菱科思,创业板,164.9,9.87%,开,1012953,570,0万元,0,86358.0,5.48亿,54773,0,0%,缩量,86.08万,6.5,6.5,4.7,阳线||布林带下轨,布林带下轨支撑,未分类,未分类,未分类,0,201.35,205.88,203.79,182.85,228.39,203.79,179.2,下轨下方,2.26,6.09,-7.67,无信号,震荡整理,否,获取公告失败
2026-05-22,002498.SZ,汉缆股份,深市主板,8.91,1.71%,开,1011781,571,0万元,0,90322.0,101.98亿,1019800,0,0%,缩量,296.42万,5.7,6.1,4.1,阳线,观望,未分类,未分类,未分类,0,69.66,71.78,69.01,66.02,77.91,69.01,60.11,布林带内,1.49,1.99,-1.0,无信号,震荡整理,否,获取公告失败
2026-05-22,002119.SZ,康强电子,深市主板,23.53,3.52%,开,1011697,572,0万元,0,89410.0,38.74亿,387446,0,0%,缩量,88.30万,5.9,6.2,4.2,阳线,观望,未分类,未分类,未分类,0,0.0,0.0,0.0,0.0,0.0,0.0,0.0,未知,0.0,0.0,0.0,,未知,否,获取公告失败
2026-05-22,600172.SH,黄河旋风,沪市主板,10.99,10.01%,开,1010620,573,0万元,0,86057.0,78.42亿,784205,0,0%,缩量,140.26万,6.5,6.5,4.7,阳线,观望,未分类,未分类,未分类,0,88.83,92.61,83.29,79.3,106.28,83.29,60.3,布林带内,3.56,4.4,-1.67,死叉,震荡整理,否,获取公告失败
2026-05-22,688512.SH,慧智微-U,科创板,16.87,19.99%,开,1007248,574,0万元,0,80732.0,5152.14亿,51521415,0,0%,缩量,54.76万,7.5,7.0,5.3,阳线||多头排列||布林带上轨||MA5上穿MA10,多头排列,未分类,未分类,未分类,0,15.3,14.78,13.74,12.67,16.4,13.74,11.09,上轨上方,0.84,0.61,0.46,无信号,多头排列,是,获取公告失败
2026-05-22,002456.SZ,欧菲光,深市主板,8.89,2.89%,开,1005807,575,0万元,0,89134.0,102.26亿,1022572,0,0%,缩量,294.92万,5.8,6.1,4.2,阳线,观望,未分类,未分类,未分类,0,180.46,181.84,182.82,187.53,190.82,182.82,174.82,布林带内,-1.94,-1.7,-0.48,无信号,震荡整理,否,获取公告失败
2026-05-22,601698.SH,中国卫通,沪市主板,33.37,0.79%,开,1005056,576,0万元,0,90113.0,27.11亿,271095,0,0%,缩量,1409.68万,5.6,6.0,4.1,阳线,观望,未分类,未分类,未分类,0,34.19,35.91,36.63,35.37,40.64,36.63,32.61,布林带内,-0.32,0.31,-1.26,无信号,震荡整理,否,获取公告失败
2026-05-22,000425.SZ,徐工机械,深市主板,9.65,0.84%,开,1004259,577,0万元,0,90008.0,93.21亿,932064,0,0%,缩量,865.78万,5.6,6.0,4.1,阳线||布林带下轨,布林带下轨支撑,未分类,未分类,未分类,0,360.72,389.63,395.36,422.57,459.24,395.36,331.47,下轨下方,-16.59,-7.41,-18.35,无信号,震荡整理,否,获取公告失败
2026-05-22,688371.SH,菲沃泰,科创板,41.9,7.44%,开,1003779,578,0万元,0,86660.0,2102.11亿,21021070,0,0%,缩量,140.56万,6.2,6.4,4.5,阳线||多头排列||MA5上穿MA10,多头排列,未分类,未分类,未分类,0,39.04,37.58,31.04,23.86,46.05,31.04,16.04,布林带内,4.96,4.11,1.71,无信号,多头排列,是,获取公告失败
2026-05-22,300687.SZ,赛意信息,创业板,32.85,4.62%,开,1002239,579,0万元,0,87915.0,27.02亿,270168,0,0%,缩量,107.39万,6.0,6.2,4.3,阳线||布林带下轨,布林带下轨支撑,未分类,未分类,未分类,0,127.02,130.61,121.18,100.32,164.7,121.18,77.67,下轨下方,5.92,10.29,-8.75,死叉,震荡整理,否,获取公告失败
2026-05-22,688059.SH,华锐精密,科创板,155.38,6.64%,开,1000828,580,0万元,0,86761.0,569.71亿,5697123,0,0%,缩量,145.40万,6.2,6.3,4.4,阳线||布林带下轨,布林带下轨支撑,未分类,未分类,未分类,0,264.57,281.13,272.6,250.4,345.02,272.6,200.19,下轨下方,1.76,11.38,-19.25,无信号,震荡整理,否,获取公告失败
2026-05-22,601212.SH,白银有色,沪市主板,6.66,4.72%,开,999274,581,0万元,0,87569.0,133.68亿,1336770,0,0%,缩量,493.16万,6.0,6.2,4.3,阳线,观望,未分类,未分类,未分类,0,6.67,7.17,7.51,8.44,8.66,7.51,6.37,布林带内,-0.41,-0.3,-0.22,无信号,震荡整理,否,获取公告失败
2026-05-22,688698.SH,伟创电气,科创板,85.4,1.38%,开,998075,582,0万元,0,89119.0,1065.10亿,10651034,0,0%,缩量,182.78万,5.6,6.1,4.1,阳线||多头排列||MA5上穿MA10,多头排列,未分类,未分类,未分类,0,82.36,78.06,73.97,73.25,85.99,73.97,61.95,布林带内,3.24,1.66,3.15,无信号,多头排列,是,获取公告失败
2026-05-22,300919.SZ,中伟新材,创业板,54.99,0.88%,开,996022,583,0万元,0,89162.0,16.35亿,163505,0,0%,缩量,501.78万,5.6,6.0,4.1,价升||布林带下轨,布林带下轨支撑,未分类,未分类,未分类,0,75.67,80.96,85.14,79.01,101.93,85.14,68.35,下轨下方,-2.09,1.0,-6.18,无信号,震荡整理,否,获取公告失败
2026-05-22,300170.SZ,汉得信息,创业板,20.3,1.05%,开,995666,584,0万元,0,89044.0,44.18亿,441818,0,0%,缩量,198.30万,5.6,6.1,4.1,阳线,观望,未分类,未分类,未分类,0,0.0,0.0,0.0,0.0,0.0,0.0,0.0,未知,0.0,0.0,0.0,,未知,否,获取公告失败
2026-05-22,002001.SZ,新 和 成,深市主板,31.59,3.10%,开,992432,585,0万元,0,87693.0,27.89亿,278870,0,0%,缩量,959.34万,5.8,6.2,4.2,阳线||布林带下轨,布林带下轨支撑,未分类,未分类,未分类,0,976.63,1044.84,1096.27,1150.21,1331.1,1096.27,861.44,下轨下方,-64.57,-29.58,-69.97,无信号,震荡整理,否,获取公告失败
2026-05-22,000629.SZ,钒钛股份,深市主板,3.74,7.47%,开,991656,586,0万元,0,85430.0,233.94亿,2339357,0,0%,缩量,347.46万,6.2,6.4,4.5,阳线||MACD金叉||多头排列||布林带上轨||MA5上穿MA10,MACD金叉;多头排列,未分类,未分类,未分类,0,18.92,18.54,18.14,17.78,21.7,18.14,14.59,上轨上方,0.66,0.29,0.75,金叉,多头排列,是,获取公告失败
2026-05-22,300762.SZ,上海瀚讯,创业板,40.18,1.46%,开,989983,587,0万元,0,88266.0,22.16亿,221609,0,0%,缩量,252.32万,5.6,6.1,4.1,价升||布林带下轨,布林带下轨支撑,未分类,未分类,未分类,0,144.08,165.12,168.73,159.53,233.64,168.73,103.83,下轨下方,-7.78,3.11,-21.79,无信号,震荡整理,否,获取公告失败
2026-05-22,600000.SH,浦发银行,沪市主板,8.96,1.13%,开,988943,588,0万元,0,88330.0,99.00亿,990034,0,0%,缩量,2984.20万,5.6,6.1,4.1,阳线||布林带下轨,布林带下轨支撑,未分类,未分类,未分类,0,116.22,120.52,123.89,129.94,142.57,123.89,105.2,下轨下方,-5.06,-2.57,-4.97,无信号,震荡整理,否,获取公告失败
2026-05-22,600157.SH,永泰能源,沪市主板,1.73,1.17%,开,987937,589,0万元,0,88209.0,512.22亿,5122223,0,0%,缩量,377.45万,5.6,6.1,4.1,阳线||布林带下轨,布林带下轨支撑,未分类,未分类,未分类,0,90.04,93.16,93.64,96.15,104.9,93.64,82.39,下轨下方,-1.91,-0.32,-3.19,无信号,震荡整理,否,获取公告失败
2026-05-22,688003.SH,天准科技,科创板,104.3,9.24%,开,987307,590,0万元,0,84112.0,829.16亿,8291629,0,0%,缩量,202.68万,6.4,6.5,4.6,阳线||多头排列||MA5上穿MA10,多头排列,未分类,未分类,未分类,0,103.59,96.64,85.82,73.45,112.26,85.82,59.37,布林带内,8.71,6.9,3.61,无信号,多头排列,是,获取公告失败
2026-05-22,300608.SZ,思特奇,创业板,15.89,3.11%,开,983254,591,0万元,0,86768.0,55.13亿,551321,0,0%,缩量,47.25万,5.8,6.2,4.2,阳线||多头排列||布林带下轨||MA5上穿MA10,多头排列;布林带下轨支撑,未分类,未分类,未分类,0,54.82,54.07,52.13,48.06,68.74,52.13,35.51,下轨下方,0.75,2.19,-2.88,死叉,多头排列,是,获取公告失败
2026-05-22,300693.SZ,盛弘股份,创业板,58.46,1.86%,开,982672,592,0万元,0,87335.0,14.96亿,149620,0,0%,缩量,157.17万,5.7,6.1,4.1,阳线,观望,未分类,未分类,未分类,0,0.0,0.0,0.0,0.0,0.0,0.0,0.0,未知,0.0,0.0,0.0,,未知,否,获取公告失败
2026-05-22,002340.SZ,格林美,深市主板,8.27,2.48%,开,981091,593,0万元,0,86870.0,106.07亿,1060658,0,0%,缩量,419.78万,5.7,6.1,4.2,阳线,观望,未分类,未分类,未分类,0,198.17,203.85,209.1,205.58,229.0,209.1,189.2,布林带内,-1.72,0.86,-5.16,无信号,震荡整理,否,获取公告失败
2026-05-22,603728.SH,鸣志电器,沪市主板,68.19,1.17%,开,980040,594,0万元,0,87418.0,12.93亿,129308,0,0%,缩量,285.64万,5.6,6.1,4.1,阳线||多头排列||MA5上穿MA10,多头排列,未分类,未分类,未分类,0,88.07,85.58,81.46,79.92,91.49,81.46,71.42,布林带内,2.79,1.87,1.83,无信号,多头排列,是,获取公告失败
2026-05-22,600783.SH,鲁信创投,沪市主板,24.41,2.61%,开,979030,595,0万元,0,86600.0,35.81亿,358079,0,0%,缩量,181.70万,5.8,6.1,4.2,阳线||布林带下轨,布林带下轨支撑,未分类,未分类,未分类,0,141.74,145.56,144.89,142.14,165.94,144.89,123.84,下轨下方,-0.49,1.7,-4.38,死叉,震荡整理,否,获取公告失败
2026-05-22,688360.SH,德马科技,科创板,26.81,11.62%,开,978846,596,0万元,0,82077.0,3150.11亿,31501134,0,0%,缩量,67.64万,6.7,6.6,4.8,阳线||多头排列||布林带下轨||MA5上穿MA10,多头排列;布林带下轨支撑,未分类,未分类,未分类,0,57.13,56.33,54.33,53.73,71.16,54.33,37.5,下轨下方,0.07,1.07,-2.0,死叉,多头排列,是,获取公告失败
2026-05-22,603158.SH,腾龙股份,沪市主板,14.53,5.29%,开,976049,597,0万元,0,84960.0,58.53亿,585312,0,0%,缩量,71.31万,6.0,6.3,4.4,阳线||布林带下轨,布林带下轨支撑,未分类,未分类,未分类,0,53.09,57.66,57.78,52.71,72.47,57.78,43.09,下轨下方,-0.88,1.58,-4.91,无信号,震荡整理,否,获取公告失败
2026-05-22,301176.SZ,逸豪新材,创业板,46.47,13.65%,开,975481,598,0万元,0,80725.0,17.89亿,178911,0,0%,缩量,76.24万,6.9,6.7,4.9,阳线||多头排列||MA5上穿MA10,多头排列,未分类,未分类,未分类,0,42.56,40.98,38.41,31.37,48.29,38.41,28.52,布林带内,3.37,3.06,0.63,无信号,多头排列,是,获取公告失败
2026-05-22,002625.SZ,光启技术,深市主板,38.23,0.39%,开,974729,599,0万元,0,87276.0,22.96亿,229643,0,0%,缩量,823.70万,5.5,6.0,4.0,阳线,观望,未分类,未分类,未分类,0,257.7,265.36,264.37,271.78,280.86,264.37,247.88,布林带内,-2.19,-0.58,-3.21,无信号,震荡整理,否,获取公告失败
2026-05-22,002558.SZ,巨人网络,深市主板,27.47,0.18%,开,974201,600,0万元,0,87329.0,31.79亿,317867,0,0%,缩量,522.08万,5.5,6.0,4.0,价升,观望,未分类,未分类,未分类,0,116.57,124.53,130.18,138.4,147.71,130.18,112.65,布林带内,-5.9,-3.87,-4.07,无信号,震荡整理,否,获取公告失败
2026-05-22,688599.SH,天合光能,科创板,17.01,3.22%,开,971880,601,0万元,0,85580.0,5090.12亿,50901192,0,0%,缩量,398.47万,5.8,6.2,4.2,阳线,观望,未分类,未分类,未分类,0,18.29,18.92,18.66,19.12,20.44,18.66,16.88,布林带内,-0.12,0.04,-0.31,无信号,震荡整理,否,获取公告失败
2026-05-22,002896.SZ,中大力德,深市主板,80.36,0.54%,开,971779,602,0万元,0,86909.0,10.87亿,108733,0,0%,缩量,157.93万,5.6,6.0,4.0,阳线||布林带下轨,布林带下轨支撑,未分类,未分类,未分类,0,156.99,165.74,162.13,166.91,204.85,162.13,119.41,下轨下方,-4.27,0.55,-9.64,死叉,震荡整理,否,获取公告失败
2026-05-22,002990.SZ,盛视科技,深市主板,63.53,3.64%,开,968739,603,0万元,0,85055.0,13.56亿,135561,0,0%,缩量,87.68万,5.9,6.2,4.2,阳线,观望,未分类,未分类,未分类,0,0.0,0.0,0.0,0.0,0.0,0.0,0.0,未知,0.0,0.0,0.0,,未知,否,获取公告失败
2026-05-22,301005.SZ,超捷股份,创业板,162.65,1.54%,开,968410,604,0万元,0,86070.0,5.37亿,53702,0,0%,缩量,215.30万,5.7,6.1,4.1,阳线||布林带下轨,布林带下轨支撑,未分类,未分类,未分类,0,346.33,390.22,402.35,380.43,526.1,402.35,278.61,下轨下方,-16.58,5.41,-43.98,无信号,震荡整理,否,获取公告失败
2026-05-22,301489.SZ,思泉新材,创业板,269.5,0.68%,开,968400,605,0万元,0,86502.0,3.24亿,32370,0,0%,缩量,128.28万,5.6,6.0,4.0,阳线||多头排列||MA5上穿MA10,多头排列,未分类,未分类,未分类,0,359.13,343.5,329.06,283.68,392.52,329.06,265.6,布林带内,17.34,20.18,-5.7,死叉,多头排列,是,获取公告失败
2026-05-22,300057.SZ,万顺新材,创业板,9.0,5.88%,开,966411,606,0万元,0,83700.0,93.91亿,939113,0,0%,缩量,74.79万,6.1,6.3,4.4,阳线,观望,未分类,未分类,未分类,0,21.81,22.4,22.72,19.05,26.78,22.72,18.67,布林带内,0.54,1.1,-1.13,无信号,震荡整理,否,获取公告失败
2026-05-22,002881.SZ,美格智能,深市主板,47.48,3.56%,开,966045,607,0万元,0,84827.0,18.17亿,181734,0,0%,缩量,86.38万,5.9,6.2,4.2,阳线||MA5上穿MA10,观望,未分类,未分类,未分类,0,96.84,94.31,91.34,92.9,102.62,91.34,80.06,布林带内,1.33,1.21,0.25,无信号,震荡整理,否,获取公告失败
2026-05-22,301338.SZ,凯格精机,创业板,202.2,6.42%,开,963265,608,0万元,0,83116.0,4.23亿,42300,0,0%,缩量,107.22万,6.1,6.3,4.4,阳线||布林带下轨,布林带下轨支撑,未分类,未分类,未分类,0,258.81,272.02,272.64,251.52,317.02,272.64,228.26,下轨下方,1.22,8.57,-14.69,无信号,震荡整理,否,获取公告失败
2026-05-22,002056.SZ,横店东磁,深市主板,20.37,3.24%,开,961998,609,0万元,0,84578.0,41.85亿,418515,0,0%,缩量,331.02万,5.8,6.2,4.2,阳线,观望,未分类,未分类,未分类,0,177.65,178.37,176.76,184.68,183.98,176.76,169.54,布林带内,-0.63,-0.81,0.36,无信号,震荡整理,否,获取公告失败
2026-05-22,601777.SH,千里科技,沪市主板,12.43,0.73%,开,961586,610,0万元,0,85794.0,68.90亿,689004,0,0%,缩量,561.97万,5.6,6.0,4.0,阳线||多头排列||布林带上轨||MA5上穿MA10,多头排列,未分类,未分类,未分类,0,13.62,13.4,12.89,12.05,14.28,12.89,11.5,上轨上方,0.54,0.42,0.24,无信号,多头排列,是,获取公告失败
2026-05-22,300265.SZ,通光线缆,创业板,21.58,2.03%,开,960865,611,0万元,0,85070.0,39.65亿,396482,0,0%,缩量,100.84万,5.7,6.1,4.1,阳线,观望,未分类,未分类,未分类,0,57.02,58.02,53.12,49.47,65.26,53.12,40.98,布林带内,2.44,2.37,0.13,无信号,震荡整理,否,获取公告失败
2026-05-22,600666.SH,奥瑞德,沪市主板,5.34,2.50%,开,960736,612,0万元,0,84826.0,160.77亿,1607747,0,0%,缩量,133.62万,5.7,6.1,4.2,阳线||布林带下轨,布林带下轨支撑,未分类,未分类,未分类,0,75.45,79.97,83.14,78.07,103.52,83.14,62.75,下轨下方,-3.79,-0.56,-6.46,无信号,震荡整理,否,获取公告失败
2026-05-22,688165.SH,埃夫特-U,科创板,22.1,8.87%,开,960564,613,0万元,0,81623.0,3696.80亿,36968038,0,0%,缩量,115.31万,6.4,6.4,4.6,阳线||多头排列||MA5上穿MA10,多头排列,未分类,未分类,未分类,0,20.66,20.23,18.97,18.36,22.13,18.97,15.81,布林带内,0.89,0.63,0.52,无信号,多头排列,是,获取公告失败
2026-05-22,300296.SZ,利亚德,创业板,6.63,1.22%,开,959956,614,0万元,0,85385.0,130.99亿,1309855,0,0%,缩量,150.80万,5.6,6.1,4.1,阳线,观望,未分类,未分类,未分类,0,0.0,0.0,0.0,0.0,0.0,0.0,0.0,未知,0.0,0.0,0.0,,未知,否,获取公告失败
2026-05-22,002902.SZ,铭普光磁,深市主板,35.95,0.50%,开,959766,615,0万元,0,85725.0,23.67亿,236721,0,0%,缩量,63.86万,5.6,6.0,4.0,价升,观望,未分类,未分类,未分类,0,52.83,55.65,50.85,42.21,66.0,50.85,35.71,布林带内,2.31,3.76,-2.9,死叉,震荡整理,否,获取公告失败
2026-05-22,301150.SZ,中一科技,创业板,70.68,6.48%,开,959149,616,0万元,0,82676.0,11.94亿,119399,0,0%,缩量,157.32万,6.1,6.3,4.4,阳线||布林带下轨,布林带下轨支撑,未分类,未分类,未分类,0,212.44,240.27,236.33,203.21,325.12,236.33,147.53,下轨下方,-3.23,11.58,-29.61,无信号,震荡整理,否,获取公告失败
2026-05-22,300706.SZ,阿石创,创业板,51.21,2.46%,开,956444,617,0万元,0,84414.0,16.58亿,165846,0,0%,缩量,58.17万,5.7,6.1,4.2,阳线||多头排列||MA5上穿MA10,多头排列,未分类,未分类,未分类,0,93.22,91.47,84.27,72.86,102.87,84.27,65.67,布林带内,6.46,6.13,0.67,无信号,多头排列,是,获取公告失败
2026-05-22,300959.SZ,线上线下,创业板,185.3,3.58%,开,955987,618,0万元,0,83810.0,4.56亿,45577,0,0%,缩量,96.96万,5.9,6.2,4.2,阳线||多头排列||MA5上穿MA10,多头排列,未分类,未分类,未分类,0,182.13,157.23,127.26,97.51,203.66,127.26,50.85,布林带内,25.53,18.19,14.68,无信号,多头排列,是,获取公告失败
2026-05-22,002328.SZ,新朋股份,深市主板,10.15,5.73%,开,955225,619,0万元,0,82658.0,82.46亿,824621,0,0%,缩量,57.94万,6.1,6.3,4.4,阳线||布林带下轨,布林带下轨支撑,未分类,未分类,未分类,0,26.5,28.4,29.81,25.9,36.65,29.81,22.96,下轨下方,-0.86,0.51,-2.74,无信号,震荡整理,否,获取公告失败
2026-05-22,002155.SZ,湖南黄金,深市主板,25.19,2.03%,开,953575,620,0万元,0,84345.0,33.84亿,338356,0,0%,缩量,393.60万,5.7,6.1,4.1,阳线||布林带下轨,布林带下轨支撑,未分类,未分类,未分类,0,83.19,90.06,95.59,104.93,113.93,95.59,77.25,下轨下方,-6.01,-3.47,-5.08,无信号,震荡整理,否,获取公告失败
2026-05-22,300263.SZ,隆华科技,创业板,12.93,2.13%,开,950043,621,0万元,0,83938.0,65.31亿,653054,0,0%,缩量,126.14万,5.7,6.1,4.1,阳线||多头排列||MA5上穿MA10,多头排列,未分类,未分类,未分类,0,108.28,102.97,96.03,90.22,114.9,96.03,77.16,布林带内,5.82,4.43,2.77,无信号,多头排列,是,获取公告失败
2026-05-22,002756.SZ,永兴材料,深市主板,67.9,0.07%,开,949768,622,0万元,0,84940.0,12.56亿,125558,0,0%,缩量,262.83万,5.5,6.0,4.0,阳线||布林带下轨,布林带下轨支撑,未分类,未分类,未分类,0,179.3,191.26,202.09,193.15,245.22,202.09,158.96,下轨下方,-7.26,0.19,-14.9,无信号,震荡整理,否,获取公告失败
2026-05-22,688005.SH,容百科技,科创板,34.91,1.63%,开,949661,623,0万元,0,84151.0,2413.16亿,24131599,0,0%,缩量,249.47万,5.7,6.1,4.1,阳线||布林带下轨,布林带下轨支撑,未分类,未分类,未分类,0,49.13,52.44,53.6,48.72,64.02,53.6,43.18,下轨下方,-0.45,1.42,-3.73,无信号,震荡整理,否,获取公告失败
2026-05-22,300566.SZ,激智科技,创业板,23.09,5.39%,开,947778,624,0万元,0,82085.0,36.62亿,366173,0,0%,缩量,52.34万,6.0,6.3,4.4,阳线||布林带下轨,布林带下轨支撑,未分类,未分类,未分类,0,59.85,60.84,59.59,58.59,68.36,59.59,50.81,下轨下方,0.33,1.05,-1.44,死叉,震荡整理,否,获取公告失败
2026-05-22,002681.SZ,奋达科技,深市主板,5.84,7.55%,开,945723,625,0万元,0,80797.0,140.34亿,1403354,0,0%,缩量,91.65万,6.3,6.4,4.5,阳线||布林带上轨||MA5上穿MA10,观望,未分类,未分类,未分类,0,58.19,57.66,56.18,57.88,60.56,56.18,51.8,上轨上方,0.73,0.21,1.04,无信号,震荡整理,否,获取公告失败
2026-05-22,300900.SZ,广联航空,创业板,40.04,4.00%,开,945630,626,0万元,0,82563.0,20.77亿,207728,0,0%,缩量,102.82万,5.9,6.2,4.3,阳线||布林带下轨,布林带下轨支撑,未分类,未分类,未分类,0,54.02,59.9,61.37,57.15,74.27,61.37,48.47,下轨下方,-1.64,0.86,-5.0,无信号,震荡整理,否,获取公告失败
2026-05-22,300943.SZ,春晖智控,创业板,40.11,11.79%,开,944196,627,0万元,0,78525.0,19.84亿,198437,0,0%,缩量,53.52万,6.7,6.6,4.8,阳线,观望,未分类,未分类,未分类,0,53.71,55.27,50.34,48.63,63.51,50.34,37.16,布林带内,1.81,2.37,-1.12,死叉,震荡整理,否,获取公告失败
2026-05-22,300331.SZ,苏大维格,创业板,54.38,0.07%,开,944058,628,0万元,0,84369.0,15.61亿,156090,0,0%,缩量,120.79万,5.5,6.0,4.0,价升||多头排列||MA5上穿MA10,多头排列,未分类,未分类,未分类,0,169.38,168.26,164.72,144.65,177.73,164.72,151.72,布林带内,6.93,7.69,-1.52,无信号,多头排列,是,获取公告失败
2026-05-22,688655.SH,迅捷兴,科创板,62.14,4.24%,开,943721,629,0万元,0,82250.0,1327.98亿,13279848,0,0%,缩量,82.89万,5.9,6.2,4.3,阳线||多头排列||MA5上穿MA10,多头排列,未分类,未分类,未分类,0,63.06,62.82,51.72,35.31,76.55,51.72,26.9,布林带内,8.34,8.08,0.52,无信号,多头排列,是,获取公告失败
2026-05-22,002552.SZ,宝鼎科技,深市主板,39.82,10.00%,开,940450,630,0万元,0,79045.0,20.10亿,200956,0,0%,缩量,146.74万,6.5,6.5,4.7,阳线||多头排列||MA5上穿MA10,多头排列,未分类,未分类,未分类,0,115.12,107.88,89.06,68.06,130.68,89.06,47.45,布林带内,14.67,11.75,5.85,无信号,多头排列,是,获取公告失败
2026-05-22,002044.SZ,美年健康,深市主板,5.9,2.25%,开,940115,631,0万元,0,82885.0,141.23亿,1412347,0,0%,缩量,228.58万,5.7,6.1,4.2,阳线||布林带下轨,布林带下轨支撑,未分类,未分类,未分类,0,50.12,52.21,50.48,51.57,60.33,50.48,40.62,下轨下方,-0.28,0.67,-1.89,死叉,震荡整理,否,获取公告失败
2026-05-22,301232.SZ,飞沃科技,创业板,146.18,4.27%,开,939926,632,0万元,0,81860.0,5.75亿,57539,0,0%,缩量,91.27万,5.9,6.2,4.3,阳线,观望,未分类,未分类,未分类,0,0.0,0.0,0.0,0.0,0.0,0.0,0.0,未知,0.0,0.0,0.0,,未知,否,获取公告失败
2026-05-22,300777.SZ,中简科技,创业板,39.64,4.32%,开,939448,633,0万元,0,81787.0,20.95亿,209484,0,0%,缩量,167.43万,5.9,6.2,4.3,阳线,观望,未分类,未分类,未分类,0,39.08,40.15,39.11,39.03,43.02,39.11,35.2,布林带内,0.46,0.55,-0.17,无信号,震荡整理,否,获取公告失败
2026-05-22,300831.SZ,派瑞股份,创业板,23.62,1.99%,开,937600,634,0万元,0,82767.0,35.43亿,354268,0,0%,缩量,43.58万,5.7,6.1,4.1,阳线||多头排列||MA5上穿MA10,多头排列,未分类,未分类,未分类,0,22.98,22.44,20.87,18.68,25.1,20.87,16.63,布林带内,1.42,1.24,0.35,无信号,多头排列,是,获取公告失败
2026-05-22,002174.SZ,游族网络,深市主板,12.44,1.88%,开,931958,635,0万元,0,82254.0,67.06亿,670585,0,0%,缩量,121.82万,5.7,6.1,4.1,阳线||多头排列||MA5上穿MA10,多头排列,未分类,未分类,未分类,0,37.35,36.21,33.7,32.25,39.86,33.7,27.55,布林带内,1.81,1.29,1.03,无信号,多头排列,是,获取公告失败
2026-05-22,301379.SZ,天山电子,创业板,32.93,1.98%,开,931900,636,0万元,0,82199.0,24.49亿,244861,0,0%,缩量,50.63万,5.7,6.1,4.1,阳线||多头排列||布林带下轨||MA5上穿MA10,多头排列;布林带下轨支撑,未分类,未分类,未分类,0,61.4,59.87,56.95,53.88,73.75,56.95,40.15,下轨下方,1.37,2.37,-2.01,死叉,多头排列,是,获取公告失败
2026-05-22,002667.SZ,*ST威领,深市主板,19.29,5.01%,开,931650,637,0万元,0,80661.0,43.55亿,435478,0,0%,缩量,45.64万,6.0,6.3,4.3,阳线,观望,未分类,未分类,未分类,0,67.82,76.78,91.71,90.78,126.48,91.71,56.94,布林带内,-7.88,-3.79,-8.18,无信号,震荡整理,否,获取公告失败
2026-05-22,301313.SZ,凡拓数创,创业板,47.65,1.15%,开,931541,638,0万元,0,82581.0,17.30亿,173021,0,0%,缩量,37.43万,5.6,6.1,4.1,阳线||多头排列||MA5上穿MA10,多头排列,未分类,未分类,未分类,0,48.48,43.57,39.79,34.33,50.5,39.79,29.08,布林带内,3.9,2.86,2.08,无信号,多头排列,是,获取公告失败
2026-05-22,300843.SZ,胜蓝股份,创业板,98.8,5.67%,开,929962,639,0万元,0,80162.0,8.16亿,81593,0,0%,缩量,158.58万,6.1,6.3,4.4,阳线||多头排列||MA5上穿MA10,多头排列,未分类,未分类,未分类,0,100.53,97.58,87.2,68.41,111.6,87.2,62.8,布林带内,9.11,8.65,0.92,无信号,多头排列,是,获取公告失败
2026-05-22,300139.SZ,晓程科技,创业板,47.22,1.83%,开,929865,640,0万元,0,82070.0,17.54亿,175400,0,0%,缩量,110.33万,5.7,6.1,4.1,阳线,观望,未分类,未分类,未分类,0,245.01,260.05,269.48,299.1,309.62,269.48,229.33,布林带内,-12.17,-8.48,-7.38,无信号,震荡整理,否,获取公告失败
2026-05-22,000039.SZ,中集集团,深市主板,10.33,1.37%,开,928239,641,0万元,0,82137.0,80.68亿,806777,0,0%,缩量,237.74万,5.6,6.1,4.1,阳线||布林带下轨,布林带下轨支撑,未分类,未分类,未分类,0,403.38,446.09,457.25,462.16,567.61,457.25,346.88,下轨下方,-19.57,-0.56,-38.01,无信号,震荡整理,否,获取公告失败
2026-05-22,300699.SZ,光威复材,创业板,34.07,2.37%,开,927928,642,0万元,0,81606.0,24.19亿,241888,0,0%,缩量,279.85万,5.7,6.1,4.2,阳线||布林带下轨,布林带下轨支撑,未分类,未分类,未分类,0,72.07,78.87,80.79,84.97,103.52,80.79,58.07,下轨下方,-4.57,-1.27,-6.6,无信号,震荡整理,否,获取公告失败
2026-05-22,688206.SH,概伦电子,科创板,39.89,2.23%,开,924808,643,0万元,0,81366.0,2012.55亿,20125473,0,0%,缩量,173.59万,5.7,6.1,4.1,阳线||多头排列||布林带上轨||MA5上穿MA10,多头排列,未分类,未分类,未分类,0,38.01,37.21,35.7,34.07,39.72,35.7,31.68,上轨上方,1.4,0.96,0.88,无信号,多头排列,是,获取公告失败
2026-05-22,688139.SH,海尔生物,科创板,36.79,10.81%,开,923946,644,0万元,0,76988.0,2139.22亿,21392167,0,0%,缩量,116.44万,6.6,6.5,4.7,阳线,观望,未分类,未分类,未分类,0,35.98,36.06,35.56,34.79,37.25,35.56,33.87,布林带内,0.36,0.29,0.13,无信号,震荡整理,否,获取公告失败
2026-05-22,600184.SH,光电股份,沪市主板,26.82,2.29%,开,923391,645,0万元,0,81195.0,30.32亿,303171,0,0%,缩量,156.29万,5.7,6.1,4.2,价升,观望,未分类,未分类,未分类,0,86.61,89.43,83.07,68.07,98.47,83.07,67.66,布林带内,5.08,5.93,-1.69,无信号,震荡整理,否,获取公告失败
2026-05-22,300718.SZ,长盛轴承,创业板,79.89,1.69%,开,923064,646,0万元,0,81460.0,10.25亿,102511,0,0%,缩量,157.11万,5.7,6.1,4.1,阳线||布林带下轨,布林带下轨支撑,未分类,未分类,未分类,0,225.34,232.95,225.62,224.13,266.85,225.62,184.38,下轨下方,-0.64,3.57,-8.44,死叉,震荡整理,否,获取公告失败
2026-05-22,002585.SZ,双星新材,深市主板,8.98,10.05%,开,921635,647,0万元,0,77139.0,89.87亿,898718,0,0%,缩量,79.63万,6.5,6.5,4.7,阳线,观望,未分类,未分类,未分类,0,33.31,33.53,32.4,30.42,35.22,32.4,29.57,布林带内,0.86,1.01,-0.3,无信号,震荡整理,否,获取公告失败
2026-05-22,688036.SH,XD传音控,科创板,63.36,2.13%,开,920988,648,0万元,0,81035.0,1281.36亿,12813561,0,0%,缩量,729.39万,5.7,6.1,4.1,阳线,观望,未分类,未分类,未分类,0,0.0,0.0,0.0,0.0,0.0,0.0,0.0,未知,0.0,0.0,0.0,,未知,否,获取公告失败
2026-05-22,300421.SZ,力星股份,创业板,27.96,1.78%,开,920008,649,0万元,0,81109.0,29.18亿,291775,0,0%,缩量,64.39万,5.7,6.1,4.1,阳线||布林带下轨,布林带下轨支撑,未分类,未分类,未分类,0,58.51,60.91,59.88,59.9,75.63,59.88,44.12,下轨下方,-1.15,0.67,-3.62,死叉,震荡整理,否,获取公告失败
2026-05-22,688720.SH,艾森股份,科创板,93.37,3.74%,开,918622,650,0万元,0,79990.0,874.40亿,8744002,0,0%,缩量,52.65万,5.9,6.2,4.2,阳线||多头排列||MA5上穿MA10,多头排列,未分类,未分类,未分类,0,96.27,93.19,86.47,75.96,102.43,86.47,70.51,布林带内,5.63,5.03,1.19,无信号,多头排列,是,获取公告失败
2026-05-22,000975.SZ,山金国际,深市主板,23.89,2.23%,开,917165,651,0万元,0,80604.0,33.99亿,339863,0,0%,缩量,602.80万,5.7,6.1,4.1,阳线,观望,未分类,未分类,未分类,0,0.0,0.0,0.0,0.0,0.0,0.0,0.0,未知,0.0,0.0,0.0,,未知,否,获取公告失败
2026-05-22,603466.SH,风语筑,沪市主板,11.18,1.82%,开,915987,652,0万元,0,80688.0,73.06亿,730636,0,0%,缩量,66.50万,5.7,6.1,4.1,阳线||布林带下轨,布林带下轨支撑,未分类,未分类,未分类,0,44.0,45.39,45.65,46.18,57.02,45.65,34.27,下轨下方,-1.08,0.22,-2.6,死叉,震荡整理,否,获取公告失败
2026-05-22,300142.SZ,沃森生物,创业板,13.78,0.29%,开,911055,653,0万元,0,80960.0,59.16亿,591617,0,0%,缩量,217.30万,5.5,6.0,4.0,价升,观望,未分类,未分类,未分类,0,199.9,207.92,194.87,181.98,227.44,194.87,162.29,布林带内,5.78,6.74,-1.93,无信号,震荡整理,否,获取公告失败
2026-05-22,601137.SH,博威合金,沪市主板,21.26,6.03%,开,909334,654,0万元,0,77916.0,37.18亿,371764,0,0%,缩量,195.13万,6.1,6.3,4.4,阳线||MA5上穿MA10,观望,未分类,未分类,未分类,0,45.55,44.98,44.02,44.09,47.93,44.02,40.1,布林带内,0.51,0.25,0.53,无信号,震荡整理,否,获取公告失败
2026-05-22,600619.SH,海立股份,沪市主板,18.51,0.16%,开,908741,655,0万元,0,80793.0,43.52亿,435244,0,0%,缩量,146.08万,5.5,6.0,4.0,阳线||布林带下轨,布林带下轨支撑,未分类,未分类,未分类,0,728.54,799.88,823.98,834.1,1180.96,823.98,466.99,下轨下方,-50.44,-1.03,-98.84,死叉,震荡整理,否,获取公告失败
2026-05-22,600438.SH,通威股份,沪市主板,16.1,3.27%,开,907546,656,0万元,0,79119.0,50.47亿,504736,0,0%,缩量,724.82万,5.8,6.2,4.2,阳线||布林带下轨,布林带下轨支撑,未分类,未分类,未分类,0,191.19,200.77,208.81,215.03,240.07,208.81,177.55,下轨下方,-7.98,-3.25,-9.47,无信号,震荡整理,否,获取公告失败
2026-05-22,002579.SZ,中京电子,深市主板,13.46,5.40%,开,907006,657,0万元,0,77999.0,58.68亿,586800,0,0%,缩量,78.53万,6.0,6.3,4.4,阳线||布林带下轨,布林带下轨支撑,未分类,未分类,未分类,0,57.46,59.08,58.46,56.7,63.97,58.46,52.95,下轨下方,-0.1,0.65,-1.51,无信号,震荡整理,否,获取公告失败
2026-05-22,002947.SZ,恒铭达,深市主板,89.4,0.03%,开,906587,658,0万元,0,80642.0,9.02亿,90169,0,0%,缩量,177.28万,5.5,6.0,4.0,价升,观望,未分类,未分类,未分类,0,0.0,0.0,0.0,0.0,0.0,0.0,0.0,未知,0.0,0.0,0.0,,未知,否,获取公告失败
2026-05-22,600237.SH,铜峰电子,沪市主板,10.02,5.58%,开,901684,659,0万元,0,77376.0,78.00亿,780036,0,0%,缩量,62.59万,6.1,6.3,4.4,阳线||布林带下轨,布林带下轨支撑,未分类,未分类,未分类,0,36.85,37.27,37.24,38.09,40.37,37.24,34.11,下轨下方,-0.29,-0.02,-0.54,死叉,震荡整理,否,获取公告失败
2026-05-22,600726.SH,华电能源,沪市主板,6.29,1.62%,开,901257,660,0万元,0,79318.0,127.37亿,1273724,0,0%,缩量,470.20万,5.7,6.1,4.1,阳线,观望,未分类,未分类,未分类,0,21.71,24.29,23.33,18.34,29.84,23.33,16.83,布林带内,0.76,1.74,-1.96,无信号,震荡整理,否,获取公告失败
2026-05-22,300164.SZ,通源石油,创业板,11.77,0.60%,开,901111,661,0万元,0,79812.0,68.30亿,682966,0,0%,缩量,68.64万,5.6,6.0,4.0,阳线||MA5上穿MA10,观望,未分类,未分类,未分类,0,75.26,75.22,77.16,93.7,83.72,77.16,70.59,布林带内,-3.86,-3.96,0.19,无信号,震荡整理,否,获取公告失败
2026-05-22,688686.SH,奥普特,科创板,154.27,12.61%,开,899749,662,0万元,0,73672.0,498.80亿,4987991,0,0%,缩量,188.57万,6.8,6.6,4.8,阳线,观望,未分类,未分类,未分类,0,0.0,0.0,0.0,0.0,0.0,0.0,0.0,未知,0.0,0.0,0.0,,未知,否,获取公告失败
2026-05-22,301031.SZ,中熔电气,创业板,178.33,8.26%,开,899212,663,0万元,0,75790.0,4.35亿,43458,0,0%,缩量,138.60万,6.3,6.4,4.6,阳线||布林带下轨,布林带下轨支撑,未分类,未分类,未分类,0,237.69,242.42,238.67,222.36,276.01,238.67,201.34,下轨下方,2.53,7.08,-9.11,死叉,震荡整理,否,获取公告失败
2026-05-22,603516.SH,淳中科技,沪市主板,121.34,0.89%,开,898448,664,0万元,0,79400.0,6.57亿,65737,0,0%,缩量,246.65万,5.6,6.0,4.1,价升||布林带下轨,布林带下轨支撑,未分类,未分类,未分类,0,229.58,239.27,263.28,283.55,326.92,263.28,199.65,下轨下方,-18.2,-11.28,-13.84,无信号,震荡整理,否,获取公告失败
2026-05-22,301319.SZ,唯特偶,创业板,89.24,5.19%,开,894921,665,0万元,0,76899.0,8.78亿,87812,0,0%,缩量,121.03万,6.0,6.3,4.3,阳线,观望,未分类,未分类,未分类,0,0.0,0.0,0.0,0.0,0.0,0.0,0.0,未知,0.0,0.0,0.0,,未知,否,获取公告失败
2026-05-22,002706.SZ,良信股份,深市主板,12.86,1.82%,开,893685,666,0万元,0,78458.0,60.78亿,607783,0,0%,缩量,117.59万,5.7,6.1,4.1,阳线,观望,未分类,未分类,未分类,0,0.0,0.0,0.0,0.0,0.0,0.0,0.0,未知,0.0,0.0,0.0,,未知,否,获取公告失败
2026-05-22,688392.SH,骄成超声,科创板,157.45,1.12%,开,892909,667,0万元,0,78729.0,503.03亿,5030289,0,0%,缩量,182.22万,5.6,6.1,4.1,价升||布林带下轨,布林带下轨支撑,未分类,未分类,未分类,0,217.77,223.15,211.07,183.0,252.88,211.07,169.26,下轨下方,8.02,12.31,-8.59,死叉,震荡整理,否,获取公告失败
2026-05-22,688359.SH,三孚新科,科创板,136.65,10.67%,开,892348,668,0万元,0,73902.0,557.74亿,5577407,0,0%,缩量,134.94万,6.6,6.5,4.7,阳线||多头排列||MA5上穿MA10,多头排列,未分类,未分类,未分类,0,132.68,125.95,112.91,94.16,143.04,112.91,82.78,布林带内,11.4,9.74,3.32,无信号,多头排列,是,获取公告失败
2026-05-22,002396.SZ,星网锐捷,深市主板,31.68,3.19%,开,891950,669,0万元,0,77599.0,24.76亿,247599,0,0%,缩量,184.78万,5.8,6.2,4.2,阳线||多头排列||MA5上穿MA10,多头排列,未分类,未分类,未分类,0,101.79,101.44,94.61,92.52,109.28,94.61,79.95,布林带内,3.36,2.63,1.47,无信号,多头排列,是,获取公告失败
2026-05-22,688055.SH,龙腾光电,科创板,5.82,7.98%,开,890098,670,0万元,0,75021.0,14018.95亿,140189539,0,0%,缩量,194.00万,6.3,6.4,4.5,阳线||多头排列||布林带上轨||MA5上穿MA10,多头排列,未分类,未分类,未分类,0,5.03,4.88,4.59,4.32,5.48,4.59,3.7,上轨上方,0.26,0.16,0.2,无信号,多头排列,是,获取公告失败
2026-05-22,688605.SH,先锋精科,科创板,80.35,4.49%,开,889641,671,0万元,0,76721.0,986.35亿,9863480,0,0%,缩量,87.06万,5.9,6.2,4.3,阳线||多头排列||MA5上穿MA10,多头排列,未分类,未分类,未分类,0,80.19,76.4,71.46,65.68,83.85,71.46,59.07,布林带内,4.31,3.28,2.04,无信号,多头排列,是,获取公告失败
2026-05-22,002130.SZ,沃尔核材,深市主板,20.99,2.59%,开,888872,672,0万元,0,77592.0,37.24亿,372353,0,0%,缩量,240.75万,5.8,6.1,4.2,阳线,观望,未分类,未分类,未分类,0,447.96,470.68,488.22,521.05,551.92,488.22,424.51,布林带内,-20.97,-14.52,-12.91,无信号,震荡整理,否,获取公告失败
2026-05-22,688160.SH,步科股份,科创板,142.0,2.39%,开,886603,673,0万元,0,77467.0,552.72亿,5527235,0,0%,缩量,128.98万,5.7,6.1,4.2,阳线,观望,未分类,未分类,未分类,0,0.0,0.0,0.0,0.0,0.0,0.0,0.0,未知,0.0,0.0,0.0,,未知,否,获取公告失败
2026-05-22,300969.SZ,恒帅股份,创业板,168.67,5.86%,开,885277,674,0万元,0,75600.0,4.56亿,45599,0,0%,缩量,94.30万,6.1,6.3,4.4,阳线||多头排列||MA5上穿MA10,多头排列,未分类,未分类,未分类,0,212.16,209.74,194.5,187.93,236.83,194.5,152.16,布林带内,7.34,7.49,-0.31,死叉,多头排列,是,获取公告失败
2026-05-22,002993.SZ,奥海科技,深市主板,68.22,10.00%,开,883673,675,0万元,0,73369.0,11.15亿,111472,0,0%,缩量,162.67万,6.5,6.5,4.7,阳线||多头排列||MA5上穿MA10,多头排列,未分类,未分类,未分类,0,80.08,79.17,73.55,69.9,87.96,73.55,59.14,布林带内,2.88,2.76,0.23,无信号,多头排列,是,获取公告失败
2026-05-22,300723.SZ,一品红,创业板,41.06,3.17%,开,881839,676,0万元,0,76601.0,18.86亿,188598,0,0%,缩量,172.12万,5.8,6.2,4.2,阳线||布林带下轨,布林带下轨支撑,未分类,未分类,未分类,0,92.48,102.15,104.39,95.64,136.57,104.39,72.21,下轨下方,-3.04,2.3,-10.68,无信号,震荡整理,否,获取公告失败
2026-05-22,603358.SH,华达科技,沪市主板,39.1,1.14%,开,880300,677,0万元,0,77461.0,19.58亿,195770,0,0%,缩量,177.98万,5.6,6.1,4.1,价升||布林带下轨||MA5上穿MA10,布林带下轨支撑,未分类,未分类,未分类,0,106.08,105.31,103.33,115.27,118.98,103.33,87.68,下轨下方,-1.55,-1.4,-0.31,死叉,震荡整理,否,获取公告失败
2026-05-22,600382.SH,广东明珠,沪市主板,9.56,7.90%,开,879863,678,0万元,0,74036.0,82.66亿,826643,0,0%,缩量,66.39万,6.3,6.4,4.5,阳线||布林带下轨,布林带下轨支撑,未分类,未分类,未分类,0,42.35,45.5,46.96,48.71,59.16,46.96,34.77,下轨下方,-2.57,-0.9,-3.35,无信号,震荡整理,否,获取公告失败
2026-05-22,000818.SZ,航锦科技,深市主板,16.08,9.99%,开,878821,679,0万元,0,72889.0,47.28亿,472752,0,0%,缩量,105.84万,6.5,6.5,4.7,阳线||布林带下轨,布林带下轨支撑,未分类,未分类,未分类,0,30.33,32.77,32.23,37.96,39.19,32.23,25.28,下轨下方,-1.48,-0.97,-1.02,死叉,震荡整理,否,获取公告失败
2026-05-22,603203.SH,快克智能,沪市主板,60.5,2.46%,开,877777,680,0万元,0,76550.0,12.84亿,128352,0,0%,缩量,150.74万,5.7,6.1,4.2,阳线||布林带下轨,布林带下轨支撑,未分类,未分类,未分类,0,156.71,162.99,149.52,127.47,192.31,149.52,106.73,下轨下方,7.49,10.79,-6.61,死叉,震荡整理,否,获取公告失败
2026-05-22,688472.SH,阿特斯,科创板,14.44,2.70%,开,877473,681,0万元,0,76396.0,5300.40亿,53004008,0,0%,缩量,194.60万,5.8,6.1,4.2,阳线,观望,未分类,未分类,未分类,0,14.79,15.07,14.54,14.35,16.17,14.54,12.91,布林带内,0.23,0.28,-0.1,无信号,震荡整理,否,获取公告失败
2026-05-22,000833.SZ,粤桂股份,深市主板,25.73,1.82%,开,873201,682,0万元,0,76410.0,29.74亿,297443,0,0%,缩量,116.74万,5.7,6.1,4.1,阳线||布林带下轨,布林带下轨支撑,未分类,未分类,未分类,0,44.54,47.31,48.4,46.4,58.87,48.4,37.93,下轨下方,-1.06,0.63,-3.39,无信号,震荡整理,否,获取公告失败
2026-05-22,603118.SH,共进股份,沪市主板,14.22,1.43%,开,872612,683,0万元,0,76548.0,54.43亿,544296,0,0%,缩量,111.95万,5.6,6.1,4.1,阳线||布林带下轨,布林带下轨支撑,未分类,未分类,未分类,0,35.93,37.64,36.94,33.61,41.24,36.94,32.64,下轨下方,0.4,1.11,-1.41,无信号,震荡整理,否,获取公告失败
2026-05-22,600331.SH,宏达股份,沪市主板,16.06,1.32%,开,869424,684,0万元,0,76280.0,47.88亿,478781,0,0%,缩量,326.34万,5.6,6.1,4.1,阳线||布林带下轨,布林带下轨支撑,未分类,未分类,未分类,0,131.34,139.29,145.02,143.48,164.75,145.02,125.3,下轨下方,-3.2,0.15,-6.7,无信号,震荡整理,否,获取公告失败
2026-05-22,000823.SZ,超声电子,深市主板,16.39,7.62%,开,869332,685,0万元,0,73125.0,45.45亿,454455,0,0%,缩量,88.01万,6.3,6.4,4.5,阳线,观望,未分类,未分类,未分类,0,0.0,0.0,0.0,0.0,0.0,0.0,0.0,未知,0.0,0.0,0.0,,未知,否,获取公告失败
2026-05-22,688378.SH,奥来德,科创板,50.9,6.37%,开,868800,686,0万元,0,73693.0,1497.37亿,14973721,0,0%,缩量,122.65万,6.1,6.3,4.4,阳线||布林带下轨,布林带下轨支撑,未分类,未分类,未分类,0,144.93,154.62,151.22,135.31,203.66,151.22,98.78,下轨下方,0.06,7.46,-14.81,死叉,震荡整理,否,获取公告失败
2026-05-22,600850.SH,电科数字,沪市主板,21.7,0.70%,开,867100,687,0万元,0,76362.0,35.00亿,349966,0,0%,缩量,147.60万,5.6,6.0,4.0,价升||布林带下轨||MA5上穿MA10,布林带下轨支撑,未分类,未分类,未分类,0,175.22,174.39,176.27,196.94,210.96,176.27,141.58,下轨下方,-6.49,-4.46,-4.07,死叉,震荡整理,否,获取公告失败
2026-05-22,002442.SZ,龙星科技,深市主板,8.11,10.04%,开,866763,688,0万元,0,71656.0,93.98亿,939762,0,0%,缩量,39.95万,6.5,6.5,4.7,阳线||多头排列||布林带上轨||MA5上穿MA10,多头排列,未分类,未分类,未分类,0,17.91,17.12,16.79,16.6,19.18,16.79,14.39,上轨上方,0.6,0.23,0.74,无信号,多头排列,是,获取公告失败
2026-05-22,002077.SZ,大港股份,深市主板,17.96,0.96%,开,864897,689,0万元,0,76012.0,42.86亿,428591,0,0%,缩量,104.23万,5.6,6.0,4.1,阳线||多头排列||MA5上穿MA10,多头排列,未分类,未分类,未分类,0,25.57,25.26,24.25,23.63,26.86,24.25,21.64,布林带内,0.71,0.51,0.38,无信号,多头排列,是,获取公告失败
2026-05-22,002766.SZ,索菱股份,深市主板,5.36,4.28%,开,864400,690,0万元,0,74300.0,138.97亿,1389693,0,0%,缩量,45.92万,5.9,6.2,4.3,阳线||布林带下轨,布林带下轨支撑,未分类,未分类,未分类,0,17.93,18.73,18.97,20.24,22.91,18.97,15.02,下轨下方,-0.75,-0.3,-0.89,死叉,震荡整理,否,获取公告失败
2026-05-22,002624.SZ,完美世界,深市主板,14.52,1.68%,开,862793,691,0万元,0,75439.0,52.42亿,524211,0,0%,缩量,265.39万,5.7,6.1,4.1,阳线||布林带下轨,布林带下轨支撑,未分类,未分类,未分类,0,48.94,53.82,57.06,64.21,72.25,57.06,41.87,下轨下方,-5.04,-3.08,-3.93,无信号,震荡整理,否,获取公告失败
2026-05-22,300364.SZ,中文在线,创业板,26.08,0.31%,开,862088,692,0万元,0,76055.0,29.28亿,292844,0,0%,缩量,172.24万,5.5,6.0,4.0,价升,观望,未分类,未分类,未分类,0,135.09,141.29,145.5,141.58,162.75,145.5,128.25,布林带内,-2.65,-0.14,-5.04,无信号,震荡整理,否,获取公告失败
2026-05-22,002733.SZ,雄韬股份,深市主板,27.75,9.99%,开,859710,693,0万元,0,70977.0,26.26亿,262553,0,0%,缩量,102.36万,6.5,6.5,4.7,阳线,观望,未分类,未分类,未分类,0,61.53,63.6,66.79,63.76,75.1,66.79,58.48,布林带内,-1.35,-0.4,-1.92,无信号,震荡整理,否,获取公告失败
2026-05-22,002213.SZ,大为股份,深市主板,38.98,1.70%,开,859528,694,0万元,0,75105.0,19.49亿,194888,0,0%,缩量,80.55万,5.7,6.1,4.1,阳线,观望,未分类,未分类,未分类,0,81.45,83.99,79.83,67.34,92.31,79.83,67.36,布林带内,3.64,4.58,-1.89,无信号,震荡整理,否,获取公告失败
2026-05-22,300286.SZ,安科瑞,创业板,29.51,13.28%,开,857640,695,0万元,0,69123.0,24.62亿,246227,0,0%,缩量,61.31万,6.8,6.7,4.9,阳线,观望,未分类,未分类,未分类,0,0.0,0.0,0.0,0.0,0.0,0.0,0.0,未知,0.0,0.0,0.0,,未知,否,获取公告失败
2026-05-22,688035.SH,德邦科技,科创板,84.26,4.64%,开,857094,696,0万元,0,73387.0,890.59亿,8905949,0,0%,缩量,119.85万,6.0,6.2,4.3,阳线||多头排列||MA5上穿MA10,多头排列,未分类,未分类,未分类,0,86.33,84.88,79.99,69.44,91.64,79.99,68.34,布林带内,5.07,5.09,-0.05,死叉,多头排列,是,获取公告失败
2026-05-22,000518.SZ,四环生物,深市主板,4.13,10.13%,开,855736,697,0万元,0,70507.0,171.26亿,1712634,0,0%,缩量,42.52万,6.5,6.5,4.7,阳线||多头排列||布林带上轨||MA5上穿MA10,多头排列,未分类,未分类,未分类,0,28.57,27.12,25.8,24.73,29.85,25.8,21.75,上轨上方,1.22,0.64,1.16,无信号,多头排列,是,获取公告失败
2026-05-22,603859.SH,能科科技,沪市主板,46.09,3.18%,开,855674,698,0万元,0,73978.0,16.28亿,162797,0,0%,缩量,112.78万,5.8,6.2,4.2,阳线||多头排列||布林带下轨||MA5上穿MA10,多头排列;布林带下轨支撑,未分类,未分类,未分类,0,63.53,62.38,61.36,60.83,71.06,61.36,51.67,下轨下方,0.37,0.96,-1.17,死叉,多头排列,是,获取公告失败
2026-05-22,301029.SZ,怡合达,创业板,31.18,4.42%,开,855593,699,0万元,0,73349.0,23.66亿,236634,0,0%,缩量,144.01万,5.9,6.2,4.3,阳线||布林带下轨,布林带下轨支撑,未分类,未分类,未分类,0,42.72,43.54,42.99,40.83,49.6,42.99,36.39,下轨下方,0.23,1.11,-1.75,死叉,震荡整理,否,获取公告失败
2026-05-22,300842.SZ,帝科股份,创业板,95.2,5.59%,开,853860,700,0万元,0,72591.0,7.74亿,77383,0,0%,缩量,122.92万,6.1,6.3,4.4,阳线||布林带下轨,布林带下轨支撑,未分类,未分类,未分类,0,125.67,129.66,128.08,131.12,147.6,128.08,108.57,下轨下方,-1.21,1.02,-4.46,死叉,震荡整理,否,获取公告失败
2026-05-22,300118.SZ,东方日升,创业板,16.88,0.96%,开,852174,701,0万元,0,74739.0,44.38亿,443750,0,0%,缩量,156.45万,5.6,6.0,4.1,价升,观望,未分类,未分类,未分类,0,59.78,62.42,60.57,61.43,68.44,60.57,52.7,布林带内,0.07,0.65,-1.16,无信号,震荡整理,否,获取公告失败
2026-05-22,603278.SH,大业股份,沪市主板,14.18,2.31%,开,850054,702,0万元,0,73851.0,51.36亿,513608,0,0%,缩量,48.46万,5.7,6.1,4.2,阳线,观望,未分类,未分类,未分类,0,20.75,21.69,19.93,17.69,25.76,19.93,14.11,布林带内,0.76,1.28,-1.03,死叉,震荡整理,否,获取公告失败
2026-05-22,300820.SZ,英杰电气,创业板,67.86,0.49%,开,845603,703,0万元,0,74316.0,11.04亿,110407,0,0%,缩量,75.85万,5.5,6.0,4.0,价升||多头排列||布林带下轨||MA5上穿MA10,多头排列;布林带下轨支撑,未分类,未分类,未分类,0,204.99,202.13,183.27,175.76,265.96,183.27,100.58,下轨下方,5.95,10.32,-8.74,死叉,多头排列,是,获取公告失败
2026-05-22,600378.SH,昊华科技,沪市主板,36.47,4.02%,开,844998,704,0万元,0,72489.0,20.17亿,201716,0,0%,缩量,391.16万,5.9,6.2,4.3,阳线||布林带下轨,布林带下轨支撑,未分类,未分类,未分类,0,122.84,125.87,127.45,124.85,141.76,127.45,113.14,下轨下方,-0.82,1.27,-4.19,无信号,震荡整理,否,获取公告失败
2026-05-22,603867.SH,新化股份,沪市主板,42.15,9.99%,开,842613,705,0万元,0,69264.0,16.89亿,168901,0,0%,缩量,90.91万,6.5,6.5,4.7,阳线||布林带下轨,布林带下轨支撑,未分类,未分类,未分类,0,51.68,51.94,49.99,47.13,56.71,49.99,43.27,下轨下方,1.2,1.76,-1.11,死叉,震荡整理,否,获取公告失败
2026-05-22,600637.SH,东方明珠,沪市主板,10.4,0.10%,开,841331,706,0万元,0,74085.0,71.39亿,713890,0,0%,缩量,349.64万,5.5,6.0,4.0,价升||多头排列||布林带上轨||MA5上穿MA10,多头排列,未分类,未分类,未分类,0,36.96,36.35,36.28,35.97,38.56,36.28,34.0,上轨上方,0.43,0.2,0.46,无信号,多头排列,是,获取公告失败
2026-05-22,000050.SZ,深天马Ａ,深市主板,7.95,4.61%,开,839966,707,0万元,0,71694.0,94.00亿,939952,0,0%,缩量,193.64万,6.0,6.2,4.3,阳线||布林带下轨,布林带下轨支撑,未分类,未分类,未分类,0,61.39,63.73,66.17,71.23,75.37,66.17,56.97,下轨下方,-2.86,-1.87,-1.98,无信号,震荡整理,否,获取公告失败
2026-05-22,300113.SZ,顺网科技,创业板,25.66,1.99%,开,837366,708,0万元,0,72743.0,28.64亿,286351,0,0%,缩量,130.61万,5.7,6.1,4.1,阳线,观望,未分类,未分类,未分类,0,302.44,313.48,313.06,315.42,345.35,313.06,280.77,布林带内,-4.55,-1.53,-6.05,无信号,震荡整理,否,获取公告失败
2026-05-22,600452.SH,涪陵电力,沪市主板,12.68,1.77%,开,836948,709,0万元,0,72812.0,57.79亿,577935,0,0%,缩量,194.83万,5.7,6.1,4.1,阳线||布林带下轨,布林带下轨支撑,未分类,未分类,未分类,0,115.7,126.11,127.69,136.47,179.11,127.69,76.28,下轨下方,-7.49,-0.86,-13.26,死叉,震荡整理,否,获取公告失败
2026-05-22,605123.SH,派克新材,沪市主板,120.58,2.09%,开,836116,710,0万元,0,72566.0,6.11亿,61091,0,0%,缩量,146.11万,5.7,6.1,4.1,阳线,观望,未分类,未分类,未分类,0,0.0,0.0,0.0,0.0,0.0,0.0,0.0,未知,0.0,0.0,0.0,,未知,否,获取公告失败
2026-05-22,605168.SH,三人行,沪市主板,63.59,4.23%,开,834914,711,0万元,0,71377.0,11.32亿,113160,0,0%,缩量,134.06万,5.9,6.2,4.3,阳线||布林带下轨,布林带下轨支撑,未分类,未分类,未分类,0,174.5,183.89,169.42,140.89,238.45,169.42,100.39,下轨下方,6.91,14.17,-14.52,死叉,震荡整理,否,获取公告失败
2026-05-22,600152.SH,维科技术,沪市主板,13.09,4.80%,开,833109,712,0万元,0,70909.0,55.11亿,551090,0,0%,缩量,69.26万,6.0,6.2,4.3,阳线||布林带下轨,布林带下轨支撑,未分类,未分类,未分类,0,35.24,37.73,39.12,32.52,46.56,39.12,31.68,下轨下方,0.22,1.64,-2.83,无信号,震荡整理,否,获取公告失败
2026-05-22,300410.SZ,正业科技,创业板,10.94,12.90%,开,831559,713,0万元,0,66706.0,61.97亿,619670,0,0%,缩量,40.16万,6.8,6.6,4.9,阳线||布林带下轨,布林带下轨支撑,未分类,未分类,未分类,0,45.18,47.95,48.5,45.09,58.65,48.5,38.35,下轨下方,-0.63,1.17,-3.59,无信号,震荡整理,否,获取公告失败
2026-05-22,688401.SH,路维光电,科创板,74.16,6.67%,开,830101,714,0万元,0,69673.0,962.85亿,9628479,0,0%,缩量,143.39万,6.2,6.3,4.4,阳线||布林带下轨,布林带下轨支撑,未分类,未分类,未分类,0,97.5,99.41,97.92,83.36,111.93,97.92,83.91,下轨下方,3.14,5.23,-4.18,无信号,震荡整理,否,获取公告失败
2026-05-22,688312.SH,燕麦科技,科创板,98.3,6.34%,开,829986,715,0万元,0,69829.0,727.70亿,7276972,0,0%,缩量,144.22万,6.1,6.3,4.4,阳线||多头排列||MA5上穿MA10,多头排列,未分类,未分类,未分类,0,97.13,92.27,83.53,64.87,105.42,83.53,61.65,布林带内,9.17,8.23,1.87,无信号,多头排列,是,获取公告失败
2026-05-22,688610.SH,埃科光电,科创板,205.0,15.83%,开,827831,716,0万元,0,64867.0,332.01亿,3320104,0,0%,缩量,83.91万,7.1,6.8,5.1,阳线||多头排列||布林带上轨||MA5上穿MA10,多头排列,未分类,未分类,未分类,0,170.11,152.81,138.41,105.04,184.12,138.41,92.69,上轨上方,18.83,13.27,11.11,无信号,多头排列,是,获取公告失败
2026-05-22,300151.SZ,昌红科技,创业板,21.65,6.39%,开,827721,717,0万元,0,69578.0,32.60亿,326010,0,0%,缩量,79.81万,6.1,6.3,4.4,阳线,观望,未分类,未分类,未分类,0,0.0,0.0,0.0,0.0,0.0,0.0,0.0,未知,0.0,0.0,0.0,,未知,否,获取公告失败
2026-05-22,603800.SH,洪田股份,沪市主板,62.62,9.99%,开,826963,718,0万元,0,67699.0,11.14亿,111392,0,0%,缩量,130.25万,6.5,6.5,4.7,阳线||MACD金叉||多头排列||MA5上穿MA10,MACD金叉;多头排列,未分类,未分类,未分类,0,59.68,59.19,55.77,46.49,63.94,55.77,47.6,布林带内,3.76,3.64,0.24,金叉,多头排列,是,获取公告失败
2026-05-22,688478.SH,晶升股份,科创板,66.99,6.54%,开,823851,719,0万元,0,69117.0,1024.25亿,10242465,0,0%,缩量,92.69万,6.2,6.3,4.4,价升||多头排列||MA5上穿MA10,多头排列,未分类,未分类,未分类,0,69.2,65.17,54.89,41.35,79.43,54.89,30.36,布林带内,8.33,7.27,2.12,无信号,多头排列,是,获取公告失败
2026-05-22,600531.SH,豫光金铅,沪市主板,13.92,5.22%,开,823667,720,0万元,0,69759.0,50.86亿,508640,0,0%,缩量,168.33万,6.0,6.3,4.3,阳线||布林带下轨,布林带下轨支撑,未分类,未分类,未分类,0,131.0,145.38,149.02,146.34,176.51,149.02,121.52,下轨下方,-4.17,0.87,-10.09,无信号,震荡整理,否,获取公告失败
2026-05-22,688279.SH,峰岹科技,科创板,250.19,4.68%,开,823570,721,0万元,0,70016.0,281.20亿,2812048,0,0%,缩量,234.07万,6.0,6.2,4.3,阳线||多头排列||MA5上穿MA10,多头排列,未分类,未分类,未分类,0,246.8,240.15,221.79,187.46,261.85,221.79,181.72,布林带内,17.73,15.87,3.73,无信号,多头排列,是,获取公告失败
2026-05-22,688518.SH,联赢激光,科创板,31.21,5.19%,开,822892,722,0万元,0,69694.0,2267.69亿,22676903,0,0%,缩量,106.53万,6.0,6.3,4.3,阳线||多头排列||MA5上穿MA10,多头排列,未分类,未分类,未分类,0,30.72,30.36,29.65,27.79,31.79,29.65,27.51,布林带内,0.85,0.78,0.13,无信号,多头排列,是,获取公告失败
2026-05-22,603985.SH,恒润股份,沪市主板,26.01,4.00%,开,822602,723,0万元,0,70261.0,27.09亿,270922,0,0%,缩量,114.67万,5.9,6.2,4.3,阳线||布林带下轨,布林带下轨支撑,未分类,未分类,未分类,0,101.2,110.55,114.86,96.61,154.32,114.86,75.4,下轨下方,-2.38,4.79,-14.35,无信号,震荡整理,否,获取公告失败
2026-05-22,000695.SZ,滨海能源,深市主板,16.12,4.88%,开,821588,724,0万元,0,69719.0,43.10亿,430965,0,0%,缩量,35.76万,6.0,6.2,4.3,阳线||布林带下轨,布林带下轨支撑,未分类,未分类,未分类,0,37.83,38.08,38.61,36.19,42.76,38.61,34.46,下轨下方,0.14,0.69,-1.11,无信号,震荡整理,否,获取公告失败
2026-05-22,300671.SZ,富满微,创业板,50.12,0.85%,开,821125,725,0万元,0,71690.0,14.51亿,145050,0,0%,缩量,110.64万,5.6,6.0,4.1,阳线||布林带下轨,布林带下轨支撑,未分类,未分类,未分类,0,89.67,92.99,89.85,81.22,104.46,89.85,75.23,下轨下方,1.78,3.61,-3.67,无信号,震荡整理,否,获取公告失败
2026-05-22,300586.SZ,美联新材,创业板,12.37,9.66%,开,820405,726,0万元,0,67209.0,55.77亿,557681,0,0%,缩量,66.13万,6.5,6.5,4.6,阳线||布林带下轨,布林带下轨支撑,未分类,未分类,未分类,0,65.18,70.33,70.59,65.08,90.65,70.59,50.54,下轨下方,-1.04,2.18,-6.45,无信号,震荡整理,否,获取公告失败
2026-05-22,002806.SZ,华锋股份,深市主板,16.79,10.03%,开,819651,727,0万元,0,66952.0,40.65亿,406549,0,0%,缩量,29.23万,6.5,6.5,4.7,阳线||多头排列||布林带上轨||MA5上穿MA10,多头排列,未分类,未分类,未分类,0,26.74,26.39,25.6,25.39,27.81,25.6,23.4,上轨上方,0.6,0.36,0.49,无信号,多头排列,是,获取公告失败
2026-05-22,002952.SZ,亚世光电,深市主板,30.69,4.14%,开,819159,728,0万元,0,69846.0,23.25亿,232545,0,0%,缩量,40.40万,5.9,6.2,4.3,阳线||布林带下轨,布林带下轨支撑,未分类,未分类,未分类,0,60.32,64.03,65.16,61.69,81.88,65.16,48.44,下轨下方,-1.45,1.1,-5.11,无信号,震荡整理,否,获取公告失败
2026-05-22,603979.SH,金诚信,沪市主板,66.33,4.46%,开,817863,729,0万元,0,69558.0,10.59亿,105923,0,0%,缩量,413.76万,5.9,6.2,4.3,阳线,观望,未分类,未分类,未分类,0,102.26,103.84,102.47,101.48,109.73,102.47,95.22,布林带内,0.9,1.11,-0.41,无信号,震荡整理,否,获取公告失败
2026-05-22,600575.SH,淮河能源,沪市主板,3.99,6.12%,开,817605,730,0万元,0,68702.0,174.42亿,1744226,0,0%,缩量,155.06万,6.1,6.3,4.4,阳线||布林带下轨,布林带下轨支撑,未分类,未分类,未分类,0,63.46,63.88,63.45,64.62,68.73,63.45,58.16,下轨下方,-0.53,-0.04,-0.98,死叉,震荡整理,否,获取公告失败
2026-05-22,002414.SZ,高德红外,深市主板,13.95,2.05%,开,815171,731,0万元,0,70493.0,50.60亿,505985,0,0%,缩量,474.11万,5.7,6.1,4.1,阳线||布林带下轨,布林带下轨支撑,未分类,未分类,未分类,0,156.27,176.21,185.9,187.74,260.57,185.9,111.23,下轨下方,-12.84,-1.25,-23.19,无信号,震荡整理,否,获取公告失败
2026-05-22,300852.SZ,四会富仕,创业板,52.01,8.56%,开,814988,732,0万元,0,67220.0,13.13亿,131310,0,0%,缩量,80.59万,6.4,6.4,4.6,阳线,观望,未分类,未分类,未分类,0,0.0,0.0,0.0,0.0,0.0,0.0,0.0,未知,0.0,0.0,0.0,,未知,否,获取公告失败
2026-05-22,688010.SH,福光股份,科创板,46.75,19.26%,开,814281,733,0万元,0,61798.0,1418.23亿,14182273,0,0%,缩量,75.06万,7.4,7.0,5.3,阳线||多头排列||布林带上轨||MA5上穿MA10,多头排列,未分类,未分类,未分类,0,42.84,39.72,38.14,34.88,44.44,38.14,31.83,上轨上方,2.17,1.35,1.64,无信号,多头排列,是,获取公告失败
2026-05-22,688628.SH,优利德,科创板,102.0,5.91%,开,814160,734,0万元,0,68462.0,683.69亿,6836893,0,0%,缩量,114.00万,6.1,6.3,4.4,阳线||MA5上穿MA10,观望,未分类,未分类,未分类,0,103.85,97.53,99.7,68.56,112.03,99.7,87.36,布林带内,7.57,8.52,-1.9,无信号,震荡整理,否,获取公告失败
2026-05-22,688262.SH,国芯科技,科创板,40.45,3.64%,开,813291,735,0万元,0,69510.0,1718.37亿,17183739,0,0%,缩量,135.91万,5.9,6.2,4.2,价升||布林带下轨,布林带下轨支撑,未分类,未分类,未分类,0,52.74,55.0,54.4,51.77,62.83,54.4,45.97,下轨下方,0.07,1.25,-2.36,无信号,震荡整理,否,获取公告失败
2026-05-22,301536.SZ,星宸科技,创业板,89.16,1.73%,开,810751,736,0万元,0,70208.0,7.87亿,78671,0,0%,缩量,166.90万,5.7,6.1,4.1,阳线||多头排列||MA5上穿MA10,多头排列,未分类,未分类,未分类,0,91.32,91.01,87.62,79.36,96.08,87.62,79.17,布林带内,3.59,3.86,-0.55,无信号,多头排列,是,获取公告失败
2026-05-22,300222.SZ,科大智能,创业板,14.14,0.43%,开,809770,737,0万元,0,70764.0,50.08亿,500762,0,0%,缩量,89.62万,5.5,6.0,4.0,价升,观望,未分类,未分类,未分类,0,0.0,0.0,0.0,0.0,0.0,0.0,0.0,未知,0.0,0.0,0.0,,未知,否,获取公告失败
2026-05-22,301196.SZ,唯科科技,创业板,146.95,4.46%,开,807934,738,0万元,0,68565.0,4.73亿,47300,0,0%,缩量,120.44万,5.9,6.2,4.3,阳线,观望,未分类,未分类,未分类,0,152.84,155.23,138.86,114.61,176.68,138.86,101.03,布林带内,10.72,11.02,-0.6,死叉,震荡整理,否,获取公告失败
2026-05-22,000737.SZ,北方铜业,深市主板,14.14,4.66%,开,807816,739,0万元,0,68450.0,49.10亿,490972,0,0%,缩量,269.30万,6.0,6.2,4.3,阳线||布林带下轨,布林带下轨支撑,未分类,未分类,未分类,0,51.65,56.12,56.22,57.72,66.46,56.22,45.98,下轨下方,-1.53,0.09,-3.24,无信号,震荡整理,否,获取公告失败
2026-05-22,300812.SZ,易天股份,创业板,41.63,5.53%,开,807199,740,0万元,0,67957.0,16.81亿,168067,0,0%,缩量,36.77万,6.1,6.3,4.4,阳线||布林带下轨,布林带下轨支撑,未分类,未分类,未分类,0,66.62,70.82,69.38,70.76,84.72,69.38,54.05,下轨下方,-1.56,0.35,-3.82,死叉,震荡整理,否,获取公告失败
2026-05-22,002171.SZ,楚江新材,深市主板,11.42,5.55%,开,805306,741,0万元,0,67758.0,59.56亿,595618,0,0%,缩量,184.29万,6.1,6.3,4.4,阳线||布林带下轨,布林带下轨支撑,未分类,未分类,未分类,0,59.21,61.08,61.16,61.98,64.9,61.16,57.41,下轨下方,-0.55,-0.01,-1.08,无信号,震荡整理,否,获取公告失败
2026-05-22,688661.SH,和林微纳,科创板,123.0,5.83%,开,804518,742,0万元,0,67535.0,566.79亿,5667883,0,0%,缩量,186.82万,6.1,6.3,4.4,阳线||布林带下轨,布林带下轨支撑,未分类,未分类,未分类,0,193.58,201.53,201.86,167.67,243.81,201.86,159.9,下轨下方,5.16,12.66,-15.0,无信号,震荡整理,否,获取公告失败
2026-05-22,600714.SH,金瑞矿业,沪市主板,29.87,10.02%,开,799722,743,0万元,0,64963.0,22.40亿,223966,0,0%,缩量,86.08万,6.5,6.5,4.7,阳线||多头排列||MA5上穿MA10,多头排列,未分类,未分类,未分类,0,70.29,68.5,60.95,54.97,79.03,60.95,42.86,布林带内,5.02,4.76,0.52,无信号,多头排列,是,获取公告失败
2026-05-22,603662.SH,柯力传感,沪市主板,67.43,0.01%,开,798384,744,0万元,0,69831.0,10.42亿,104203,0,0%,缩量,189.36万,5.5,6.0,4.0,价升||布林带下轨,布林带下轨支撑,未分类,未分类,未分类,0,142.69,145.72,141.73,141.32,182.05,141.73,101.4,下轨下方,-1.36,2.58,-7.88,死叉,震荡整理,否,获取公告失败
2026-05-22,301261.SZ,恒工精密,创业板,101.83,3.34%,开,796343,745,0万元,0,67965.0,6.73亿,67305,0,0%,缩量,38.17万,5.8,6.2,4.2,阳线||多头排列||MA5上穿MA10,多头排列,未分类,未分类,未分类,0,100.26,98.32,91.82,84.6,109.61,91.82,74.03,布林带内,5.19,4.46,1.47,无信号,多头排列,是,获取公告失败
2026-05-22,002115.SZ,三维通信,深市主板,13.53,4.32%,开,796318,746,0万元,0,67473.0,50.78亿,507755,0,0%,缩量,101.77万,5.9,6.2,4.3,阳线||布林带下轨,布林带下轨支撑,未分类,未分类,未分类,0,77.34,82.1,81.91,78.06,95.36,81.91,68.45,下轨下方,-0.27,1.84,-4.21,无信号,震荡整理,否,获取公告失败
2026-05-22,600545.SH,卓郎智能,沪市主板,6.38,10.00%,开,794460,747,0万元,0,64446.0,103.79亿,1037913,0,0%,缩量,114.07万,6.5,6.5,4.7,阳线,观望,未分类,未分类,未分类,0,23.82,24.97,23.06,19.29,28.27,23.06,17.85,布林带内,1.28,1.72,-0.88,无信号,震荡整理,否,获取公告失败
2026-05-22,600171.SH,上海贝岭,沪市主板,29.55,3.94%,开,793357,748,0万元,0,67366.0,23.05亿,230549,0,0%,缩量,209.49万,5.9,6.2,4.3,阳线||布林带下轨,布林带下轨支撑,未分类,未分类,未分类,0,76.83,79.14,79.13,78.87,88.01,79.13,70.24,下轨下方,-0.72,0.57,-2.58,无信号,震荡整理,否,获取公告失败
2026-05-22,688416.SH,恒烁股份,科创板,123.9,7.04%,开,792905,749,0万元,0,65770.0,541.67亿,5416689,0,0%,缩量,102.84万,6.2,6.4,4.5,阳线,观望,未分类,未分类,未分类,0,123.36,124.15,112.98,94.79,138.49,112.98,87.48,布林带内,8.93,9.0,-0.16,死叉,震荡整理,否,获取公告失败
2026-05-22,002606.SZ,大连电瓷,深市主板,16.45,10.03%,开,792547,750,0万元,0,64238.0,40.17亿,401748,0,0%,缩量,69.28万,6.5,6.5,4.7,阳线,观望,未分类,未分类,未分类,0,64.89,66.21,63.02,55.14,72.59,63.02,53.45,布林带内,3.39,3.67,-0.56,无信号,震荡整理,否,获取公告失败
2026-05-22,300580.SZ,贝斯特,创业板,28.67,5.21%,开,791235,751,0万元,0,66518.0,23.32亿,233218,0,0%,缩量,135.49万,6.0,6.3,4.3,阳线||布林带下轨,布林带下轨支撑,未分类,未分类,未分类,0,55.0,59.94,63.15,56.95,79.93,63.15,46.37,下轨下方,-2.11,0.95,-6.12,无信号,震荡整理,否,获取公告失败
2026-05-22,301155.SZ,海力风电,创业板,70.5,8.28%,开,790111,752,0万元,0,64872.0,9.46亿,94596,0,0%,缩量,86.90万,6.3,6.4,4.6,阳线||MA5上穿MA10,观望,未分类,未分类,未分类,0,69.87,68.28,65.95,72.78,72.91,65.95,59.0,布林带内,0.05,-0.88,1.86,无信号,震荡整理,否,获取公告失败
2026-05-22,002121.SZ,科陆电子,深市主板,7.62,9.96%,开,787933,753,0万元,0,63815.0,86.10亿,860975,0,0%,缩量,107.04万,6.5,6.5,4.7,阳线||MA5上穿MA10,观望,未分类,未分类,未分类,0,113.97,110.63,110.69,124.8,119.54,110.69,101.84,布林带内,-1.84,-3.23,2.78,无信号,震荡整理,否,获取公告失败
2026-05-22,300474.SZ,景嘉微,创业板,63.31,1.62%,开,782685,754,0万元,0,67458.0,10.71亿,107090,0,0%,缩量,257.34万,5.7,6.1,4.1,阳线||布林带下轨,布林带下轨支撑,未分类,未分类,未分类,0,182.03,192.7,193.52,193.12,227.87,193.52,159.18,下轨下方,-3.81,1.53,-10.67,无信号,震荡整理,否,获取公告失败
2026-05-22,002309.SZ,中利集团,深市主板,3.83,1.59%,开,778647,755,0万元,0,67069.0,176.42亿,1764165,0,0%,缩量,92.15万,5.7,6.1,4.1,阳线||布林带下轨,布林带下轨支撑,未分类,未分类,未分类,0,16.73,18.23,18.32,17.59,21.19,18.32,15.45,下轨下方,-0.41,0.09,-1.0,无信号,震荡整理,否,获取公告失败
2026-05-22,002125.SZ,湘潭电化,深市主板,14.73,4.99%,开,778366,756,0万元,0,65342.0,44.63亿,446252,0,0%,缩量,92.73万,6.0,6.2,4.3,阳线||布林带下轨,布林带下轨支撑,未分类,未分类,未分类,0,55.82,59.44,61.1,60.22,72.97,61.1,49.22,下轨下方,-1.66,0.33,-3.99,无信号,震荡整理,否,获取公告失败
2026-05-22,600226.SH,亨通股份,沪市主板,6.07,3.76%,开,778143,757,0万元,0,65934.0,109.12亿,1091220,0,0%,缩量,180.54万,5.9,6.2,4.3,阳线||多头排列||MA5上穿MA10,多头排列,未分类,未分类,未分类,0,140.87,138.93,135.43,130.91,146.52,135.43,124.35,布林带内,3.05,2.99,0.12,无信号,多头排列,是,获取公告失败
2026-05-22,688327.SH,云从科技-UW,科创板,14.49,3.72%,开,777041,758,0万元,0,65843.0,4622.92亿,46229193,0,0%,缩量,120.77万,5.9,6.2,4.2,阳线||布林带下轨,布林带下轨支撑,未分类,未分类,未分类,0,19.0,19.29,19.31,19.48,21.91,19.31,16.71,下轨下方,-0.18,0.13,-0.61,死叉,震荡整理,否,获取公告失败
2026-05-22,601816.SH,京沪高铁,沪市主板,4.86,0.21%,开,776570,759,0万元,0,67554.0,139.07亿,1390671,0,0%,缩量,2377.79万,5.5,6.0,4.0,价升||布林带下轨,布林带下轨支撑,未分类,未分类,未分类,0,5.25,5.31,5.31,5.39,5.55,5.31,5.07,下轨下方,-0.05,-0.02,-0.06,无信号,震荡整理,否,获取公告失败
2026-05-22,000032.SZ,深桑达Ａ,深市主板,19.19,0.31%,开,776538,760,0万元,0,67497.0,35.50亿,355022,0,0%,缩量,209.05万,5.5,6.0,4.0,价升||布林带下轨||MA5上穿MA10,布林带下轨支撑,未分类,未分类,未分类,0,67.3,67.21,65.9,66.08,71.16,65.9,60.64,下轨下方,0.19,0.36,-0.34,死叉,震荡整理,否,获取公告失败
2026-05-22,688456.SH,有研粉材,科创板,85.57,8.48%,开,774816,761,0万元,0,63241.0,761.76亿,7617587,0,0%,缩量,88.70万,6.3,6.4,4.6,阳线||多头排列||MA5上穿MA10,多头排列,未分类,未分类,未分类,0,84.45,84.15,75.06,64.08,96.12,75.06,54.0,布林带内,6.67,6.29,0.74,无信号,多头排列,是,获取公告失败
2026-05-22,300528.SZ,幸福蓝海,创业板,17.28,3.72%,开,774477,762,0万元,0,65587.0,37.45亿,374471,0,0%,缩量,64.39万,5.9,6.2,4.2,阳线||布林带上轨||MA5上穿MA10,观望,未分类,未分类,未分类,0,20.31,19.58,19.44,20.16,20.95,19.44,17.94,上轨上方,0.01,-0.26,0.54,无信号,震荡整理,否,获取公告失败
2026-05-22,688615.SH,合合信息,科创板,141.57,2.22%,开,774053,763,0万元,0,66297.0,473.80亿,4738032,0,0%,缩量,191.60万,5.7,6.1,4.1,阳线,观望,未分类,未分类,未分类,0,0.0,0.0,0.0,0.0,0.0,0.0,0.0,未知,0.0,0.0,0.0,,未知,否,获取公告失败
2026-05-22,000601.SZ,韶能股份,深市主板,7.33,0.96%,开,771470,764,0万元,0,66665.0,91.56亿,915571,0,0%,缩量,76.94万,5.6,6.0,4.1,阳线||布林带下轨,布林带下轨支撑,未分类,未分类,未分类,0,75.49,82.81,80.97,77.38,104.55,80.97,57.38,下轨下方,-1.6,1.79,-6.79,无信号,震荡整理,否,获取公告失败
2026-05-22,600301.SH,华锡有色,沪市主板,53.76,2.30%,开,770992,765,0万元,0,65948.0,12.20亿,122000,0,0%,缩量,148.02万,5.7,6.1,4.2,阳线,观望,未分类,未分类,未分类,0,75.66,80.91,79.44,78.88,91.94,79.44,66.93,布林带内,-0.13,1.37,-3.0,无信号,震荡整理,否,获取公告失败
2026-05-22,601658.SH,邮储银行,沪市主板,4.94,0.41%,开,770072,766,0万元,0,66804.0,135.94亿,1359414,0,0%,缩量,3582.87万,5.5,6.0,4.0,阳线||布林带下轨,布林带下轨支撑,未分类,未分类,未分类,0,6.2,6.39,6.54,6.6,7.32,6.54,5.77,下轨下方,-0.17,-0.05,-0.23,无信号,震荡整理,否,获取公告失败
2026-05-22,300416.SZ,苏试试验,创业板,17.94,5.41%,开,767067,767,0万元,0,64004.0,36.08亿,360764,0,0%,缩量,90.59万,6.0,6.3,4.4,阳线||布林带下轨,布林带下轨支撑,未分类,未分类,未分类,0,100.34,108.64,113.64,117.94,150.61,113.64,76.66,下轨下方,-7.48,-2.28,-10.41,无信号,震荡整理,否,获取公告失败
2026-05-22,688107.SH,安路科技,科创板,46.77,3.93%,开,764746,768,0万元,0,64508.0,1397.64亿,13976445,0,0%,缩量,187.48万,5.9,6.2,4.3,阳线||多头排列||MA5上穿MA10,多头排列,未分类,未分类,未分类,0,46.11,43.21,37.9,32.74,50.5,37.9,25.29,布林带内,4.2,3.27,1.86,无信号,多头排列,是,获取公告失败
2026-05-22,300617.SZ,安靠智电,创业板,63.06,6.63%,开,763751,769,0万元,0,63061.0,10.23亿,102300,0,0%,缩量,87.61万,6.2,6.3,4.4,阳线||布林带下轨,布林带下轨支撑,未分类,未分类,未分类,0,120.91,126.64,126.71,122.89,144.4,126.71,109.01,下轨下方,-0.85,2.25,-6.2,无信号,震荡整理,否,获取公告失败
2026-05-22,301369.SZ,联动科技,创业板,274.66,0.45%,开,760827,770,0万元,0,65856.0,2.45亿,24524,0,0%,缩量,103.88万,5.5,6.0,4.0,阳线||多头排列||MA5上穿MA10,多头排列,未分类,未分类,未分类,0,368.18,364.94,314.82,248.11,434.93,314.82,194.71,布林带内,33.58,34.48,-1.8,死叉,多头排列,是,获取公告失败
2026-05-22,605196.SH,华通线缆,沪市主板,41.45,4.91%,开,760250,771,0万元,0,63570.0,15.49亿,154851,0,0%,缩量,209.31万,6.0,6.2,4.3,阳线,观望,未分类,未分类,未分类,0,40.85,41.32,42.77,46.93,46.45,42.77,39.09,布林带内,-1.63,-1.56,-0.15,无信号,震荡整理,否,获取公告失败
2026-05-22,000672.SZ,上峰水泥,深市主板,18.64,3.04%,开,759141,772,0万元,0,64394.0,34.68亿,346760,0,0%,缩量,180.70万,5.8,6.2,4.2,阳线||布林带下轨,布林带下轨支撑,未分类,未分类,未分类,0,133.43,137.56,129.17,122.8,173.85,129.17,84.49,下轨下方,1.18,5.27,-8.19,死叉,震荡整理,否,获取公告失败
2026-05-22,600490.SH,鹏欣资源,沪市主板,8.13,8.26%,开,759068,773,0万元,0,61779.0,77.82亿,778219,0,0%,缩量,162.00万,6.3,6.4,4.6,阳线||布林带下轨,布林带下轨支撑,未分类,未分类,未分类,0,102.64,110.6,113.3,114.45,129.12,113.3,97.47,下轨下方,-3.14,-0.69,-4.91,无信号,震荡整理,否,获取公告失败
2026-05-22,301182.SZ,凯旺科技,创业板,92.87,9.76%,开,756052,774,0万元,0,60724.0,6.85亿,68531,0,0%,缩量,81.15万,6.5,6.5,4.7,阳线||多头排列||布林带上轨||MA5上穿MA10,多头排列,未分类,未分类,未分类,0,84.3,79.47,73.96,62.97,88.95,73.96,58.96,上轨上方,6.14,4.6,3.09,无信号,多头排列,是,获取公告失败
2026-05-22,002167.SZ,东方锆业,深市主板,12.78,6.86%,开,753900,775,0万元,0,61962.0,49.54亿,495392,0,0%,缩量,96.96万,6.2,6.3,4.5,阳线,观望,未分类,未分类,未分类,0,95.95,99.31,101.06,103.44,109.48,101.06,92.64,布林带内,-1.33,-0.59,-1.49,无信号,震荡整理,否,获取公告失败
2026-05-22,300606.SZ,金太阳,创业板,38.24,2.96%,开,753228,776,0万元,0,63842.0,16.76亿,167567,0,0%,缩量,45.00万,5.8,6.1,4.2,阳线||布林带下轨,布林带下轨支撑,未分类,未分类,未分类,0,56.76,58.16,57.95,56.87,68.71,57.95,47.2,下轨下方,-0.77,0.63,-2.8,死叉,震荡整理,否,获取公告失败
2026-05-22,301529.SZ,福赛科技,创业板,177.61,2.13%,开,753087,777,0万元,0,64242.0,3.58亿,35811,0,0%,缩量,81.09万,5.7,6.1,4.1,价升||多头排列||MA5上穿MA10,多头排列,未分类,未分类,未分类,0,170.94,165.14,148.07,125.19,188.88,148.07,107.27,布林带内,14.32,12.09,4.46,无信号,多头排列,是,获取公告失败
2026-05-22,688432.SH,有研硅,科创板,19.5,1.72%,开,752597,778,0万元,0,64399.0,3345.62亿,33456234,0,0%,缩量,243.81万,5.7,6.1,4.1,阳线||多头排列||MA5上穿MA10,多头排列,未分类,未分类,未分类,0,20.27,19.69,17.96,16.05,21.89,17.96,14.03,布林带内,1.31,1.18,0.27,无信号,多头排列,是,获取公告失败
2026-05-22,300895.SZ,铜牛信息,创业板,70.92,3.71%,开,750742,779,0万元,0,63217.0,8.97亿,89695,0,0%,缩量,97.99万,5.9,6.2,4.2,阳线||布林带下轨,布林带下轨支撑,未分类,未分类,未分类,0,100.77,104.01,99.68,93.81,121.02,99.68,78.34,下轨下方,1.1,3.31,-4.42,死叉,震荡整理,否,获取公告失败
2026-05-22,603897.SH,长城科技,沪市主板,57.15,2.79%,开,749638,780,0万元,0,63570.0,11.18亿,111753,0,0%,缩量,117.98万,5.8,6.1,4.2,阳线,观望,未分类,未分类,未分类,0,62.21,62.29,60.57,48.41,66.92,60.57,54.23,布林带内,3.14,4.07,-1.85,无信号,震荡整理,否,获取公告失败
2026-05-22,300292.SZ,吴通控股,创业板,5.97,3.83%,开,748670,781,0万元,0,62954.0,107.08亿,1070809,0,0%,缩量,66.62万,5.9,6.2,4.3,阳线,观望,未分类,未分类,未分类,0,56.93,59.39,54.46,48.26,65.95,54.46,42.97,布林带内,2.8,3.15,-0.71,无信号,震荡整理,否,获取公告失败
2026-05-22,688307.SH,中润光学,科创板,89.08,1.11%,开,748661,782,0万元,0,64310.0,714.81亿,7148066,0,0%,缩量,110.71万,5.6,6.1,4.1,价升,观望,未分类,未分类,未分类,0,0.0,0.0,0.0,0.0,0.0,0.0,0.0,未知,0.0,0.0,0.0,,未知,否,获取公告失败
2026-05-22,301120.SZ,新特电气,创业板,23.6,2.43%,开,748212,783,0万元,0,63606.0,27.08亿,270816,0,0%,缩量,51.57万,5.7,6.1,4.2,阳线||布林带下轨||MA5上穿MA10,布林带下轨支撑,未分类,未分类,未分类,0,32.98,32.32,32.02,34.73,38.31,32.02,25.72,下轨下方,-0.59,-0.46,-0.25,死叉,震荡整理,否,获取公告失败
2026-05-22,300660.SZ,江苏雷利,创业板,48.06,1.01%,开,748134,784,0万元,0,64309.0,13.50亿,135004,0,0%,缩量,214.72万,5.6,6.1,4.1,阳线||布林带下轨,布林带下轨支撑,未分类,未分类,未分类,0,185.78,192.63,192.36,198.11,244.39,192.36,140.33,下轨下方,-5.88,0.1,-11.95,死叉,震荡整理,否,获取公告失败
2026-05-22,688182.SH,灿勤科技,科创板,39.25,3.70%,开,747304,785,0万元,0,62881.0,1628.41亿,16284099,0,0%,缩量,157.00万,5.9,6.2,4.2,阳线||多头排列||MA5上穿MA10,多头排列,未分类,未分类,未分类,0,40.74,38.51,35.28,31.46,43.55,35.28,27.01,布林带内,2.69,2.15,1.09,无信号,多头排列,是,获取公告失败
2026-05-22,688458.SH,美芯晟,科创板,47.49,12.54%,开,746897,786,0万元,0,58422.0,1249.18亿,12491823,0,0%,缩量,44.51万,6.8,6.6,4.8,阳线||多头排列||MA5上穿MA10,多头排列,未分类,未分类,未分类,0,58.77,58.66,55.29,52.58,65.56,55.29,45.01,布林带内,1.92,2.2,-0.56,死叉,多头排列,是,获取公告失败
2026-05-22,600845.SH,宝信软件,沪市主板,22.84,1.29%,开,746820,787,0万元,0,64039.0,28.30亿,282974,0,0%,缩量,487.42万,5.6,6.1,4.1,阳线,观望,未分类,未分类,未分类,0,0.0,0.0,0.0,0.0,0.0,0.0,0.0,未知,0.0,0.0,0.0,,未知,否,获取公告失败
2026-05-22,688133.SH,泰坦科技,科创板,27.99,13.97%,开,745928,788,0万元,0,57610.0,2123.69亿,21236941,0,0%,缩量,46.03万,6.9,6.7,4.9,阳线||布林带下轨,布林带下轨支撑,未分类,未分类,未分类,0,44.96,45.22,45.22,44.37,54.52,45.22,35.92,下轨下方,-0.26,0.61,-1.74,死叉,震荡整理,否,获取公告失败
2026-05-22,002246.SZ,北化股份,深市主板,23.2,2.47%,开,745157,789,0万元,0,63279.0,27.26亿,272628,0,0%,缩量,127.38万,5.7,6.1,4.2,阳线||MA5上穿MA10,观望,未分类,未分类,未分类,0,36.78,36.19,37.23,37.53,40.8,37.23,33.66,布林带内,-0.47,-0.43,-0.09,无信号,震荡整理,否,获取公告失败
2026-05-22,688663.SH,新风光,科创板,95.0,4.40%,开,744808,790,0万元,0,62283.0,656.36亿,6563649,0,0%,缩量,134.40万,5.9,6.2,4.3,价升||多头排列||MA5上穿MA10,多头排列,未分类,未分类,未分类,0,98.32,90.13,79.89,67.57,105.48,79.89,54.3,布林带内,8.75,6.86,3.77,无信号,多头排列,是,获取公告失败
2026-05-22,000711.SZ,ST京蓝,深市主板,5.79,5.08%,开,742808,791,0万元,0,61740.0,110.00亿,1099955,0,0%,缩量,137.88万,6.0,6.3,4.3,阳线,观望,未分类,未分类,未分类,0,55.3,58.15,52.72,42.04,68.08,52.72,37.36,布林带内,3.64,4.97,-2.64,无信号,震荡整理,否,获取公告失败
2026-05-22,688208.SH,道通科技,科创板,39.91,0.86%,开,742166,792,0万元,0,63787.0,1589.31亿,15893143,0,0%,缩量,267.47万,5.6,6.0,4.1,价升,观望,未分类,未分类,未分类,0,0.0,0.0,0.0,0.0,0.0,0.0,0.0,未知,0.0,0.0,0.0,,未知,否,获取公告失败
2026-05-22,600426.SH,华鲁恒升,沪市主板,31.41,0.13%,开,741837,793,0万元,0,64120.0,20.48亿,204801,0,0%,缩量,664.34万,5.5,6.0,4.0,价升||布林带下轨,布林带下轨支撑,未分类,未分类,未分类,0,328.83,355.65,383.51,402.56,479.28,383.51,287.75,下轨下方,-25.2,-10.97,-28.47,无信号,震荡整理,否,获取公告失败
2026-05-22,002055.SZ,ST得润,深市主板,7.17,4.98%,开,739380,794,0万元,0,61449.0,86.14亿,861380,0,0%,缩量,42.59万,6.0,6.2,4.3,价升||多头排列||布林带上轨||MA5上穿MA10,多头排列,未分类,未分类,未分类,0,40.26,38.38,37.6,37.02,41.44,37.6,33.77,上轨上方,1.07,0.47,1.21,无信号,多头排列,是,获取公告失败
2026-05-22,002685.SZ,华东重机,深市主板,9.09,1.11%,开,738801,795,0万元,0,63324.0,69.93亿,699278,0,0%,缩量,91.59万,5.6,6.1,4.1,价升,观望,未分类,未分类,未分类,0,25.43,25.63,25.19,22.59,28.0,25.19,22.37,布林带内,0.75,0.89,-0.3,无信号,震荡整理,否,获取公告失败
2026-05-22,000026.SZ,飞亚达,深市主板,25.55,9.99%,开,737955,796,0万元,0,58802.0,23.92亿,239173,0,0%,缩量,93.15万,6.5,6.5,4.7,阳线||多头排列||MA5上穿MA10,多头排列,未分类,未分类,未分类,0,182.25,178.6,169.24,147.79,193.63,169.24,144.85,布林带内,9.2,9.21,-0.02,死叉,多头排列,是,获取公告失败
2026-05-22,603052.SH,可川科技,沪市主板,97.59,3.62%,开,736713,797,0万元,0,61861.0,6.37亿,63657,0,0%,缩量,183.37万,5.9,6.2,4.2,阳线||布林带下轨,布林带下轨支撑,未分类,未分类,未分类,0,241.81,262.61,252.09,202.45,342.09,252.09,162.1,下轨下方,5.46,18.38,-25.84,无信号,震荡整理,否,获取公告失败
2026-05-22,300708.SZ,聚灿光电,创业板,9.53,1.49%,开,734614,798,0万元,0,62716.0,67.52亿,675171,0,0%,缩量,67.66万,5.6,6.1,4.1,阳线,观望,未分类,未分类,未分类,0,0.0,0.0,0.0,0.0,0.0,0.0,0.0,未知,0.0,0.0,0.0,,未知,否,获取公告失败
2026-05-22,002457.SZ,青龙管业,深市主板,13.4,0.98%,开,734458,799,0万元,0,62956.0,47.24亿,472403,0,0%,缩量,44.66万,5.6,6.0,4.1,阳线||MA5上穿MA10,观望,未分类,未分类,未分类,0,34.44,33.27,32.17,32.4,35.35,32.17,28.99,布林带内,0.86,0.54,0.63,无信号,震荡整理,否,获取公告失败
2026-05-22,000543.SZ,皖能电力,深市主板,8.73,3.19%,开,731807,800,0万元,0,61585.0,71.05亿,710488,0,0%,缩量,197.90万,5.8,6.2,4.2,阳线||布林带下轨,布林带下轨支撑,未分类,未分类,未分类,0,33.1,33.36,33.03,33.38,35.49,33.03,30.56,下轨下方,-0.12,0.12,-0.47,死叉,震荡整理,否,获取公告失败
2026-05-22,601717.SH,中创智领,沪市主板,18.97,4.23%,开,730973,801,0万元,0,60982.0,32.53亿,325260,0,0%,缩量,292.55万,5.9,6.2,4.3,阳线||布林带下轨,布林带下轨支撑,未分类,未分类,未分类,0,44.8,45.31,46.4,50.43,50.16,46.4,42.65,下轨下方,-1.42,-1.35,-0.15,死叉,震荡整理,否,获取公告失败
2026-05-22,300353.SZ,东土科技,创业板,20.45,4.23%,开,729041,802,0万元,0,60789.0,30.38亿,303822,0,0%,缩量,110.44万,5.9,6.2,4.3,阳线||MA5上穿MA10,观望,未分类,未分类,未分类,0,129.35,127.44,125.2,133.43,134.06,125.2,116.34,布林带内,0.18,-1.02,2.41,无信号,震荡整理,否,获取公告失败
2026-05-22,000612.SZ,焦作万方,深市主板,12.47,5.23%,开,728130,803,0万元,0,60197.0,49.07亿,490706,0,0%,缩量,148.67万,6.0,6.3,4.3,阳线||布林带下轨,布林带下轨支撑,未分类,未分类,未分类,0,115.08,121.3,127.0,129.85,146.34,127.0,107.66,下轨下方,-4.74,-1.69,-6.09,无信号,震荡整理,否,获取公告失败
2026-05-22,300766.SZ,每日互动,创业板,27.21,1.57%,开,727668,804,0万元,0,61983.0,23.01亿,230123,0,0%,缩量,97.39万,5.7,6.1,4.1,阳线,观望,未分类,未分类,未分类,0,28.39,29.58,31.42,36.09,38.54,31.42,24.3,布林带内,-2.27,-2.02,-0.5,无信号,震荡整理,否,获取公告失败
2026-05-22,300252.SZ,金信诺,创业板,15.94,5.70%,开,726834,805,0万元,0,59832.0,38.13亿,381332,0,0%,缩量,89.07万,6.1,6.3,4.4,阳线,观望,未分类,未分类,未分类,0,79.12,80.73,77.78,72.61,85.66,77.78,69.9,布林带内,2.08,2.52,-0.87,无信号,震荡整理,否,获取公告失败
2026-05-22,301236.SZ,软通动力,创业板,38.55,1.13%,开,726100,806,0万元,0,62046.0,16.14亿,161443,0,0%,缩量,302.89万,5.6,6.1,4.1,阳线||布林带下轨,布林带下轨支撑,未分类,未分类,未分类,0,80.51,87.1,90.8,94.42,116.28,90.8,65.32,下轨下方,-4.9,-1.15,-7.51,无信号,震荡整理,否,获取公告失败
2026-05-22,000980.SZ,众泰汽车,深市主板,2.58,5.74%,开,722278,807,0万元,0,59359.0,232.37亿,2323673,0,0%,缩量,130.10万,6.1,6.3,4.4,阳线||布林带下轨,布林带下轨支撑,未分类,未分类,未分类,0,5.23,5.56,5.33,5.41,6.46,5.33,4.21,下轨下方,-0.0,0.11,-0.22,死叉,震荡整理,否,获取公告失败
2026-05-22,601901.SH,方正证券,沪市主板,7.06,0.71%,开,718856,808,0万元,0,61529.0,87.20亿,872037,0,0%,缩量,581.19万,5.6,6.0,4.0,阳线||布林带下轨,布林带下轨支撑,未分类,未分类,未分类,0,7.45,7.57,7.58,7.65,7.86,7.58,7.31,下轨下方,-0.04,-0.01,-0.06,无信号,震荡整理,否,获取公告失败
2026-05-22,600635.SH,大众公用,沪市主板,5.64,3.30%,开,715563,809,0万元,0,59908.0,106.65亿,1066472,0,0%,缩量,136.42万,5.8,6.2,4.2,阳线||布林带下轨,布林带下轨支撑,未分类,未分类,未分类,0,1063.07,1102.0,1127.74,1221.02,1341.28,1127.74,914.21,下轨下方,-47.65,-23.72,-47.86,死叉,震荡整理,否,获取公告失败
2026-05-22,301479.SZ,弘景光电,创业板,120.01,7.44%,开,712267,810,0万元,0,57507.0,4.84亿,48427,0,0%,缩量,61.12万,6.2,6.4,4.5,阳线||布林带下轨,布林带下轨支撑,未分类,未分类,未分类,0,152.62,164.01,162.56,143.42,192.36,162.56,132.76,下轨下方,1.39,6.51,-10.24,无信号,震荡整理,否,获取公告失败
2026-05-22,002449.SZ,国星光电,深市主板,8.92,5.81%,开,711752,811,0万元,0,58269.0,67.99亿,679926,0,0%,缩量,55.17万,6.1,6.3,4.4,阳线||MA5上穿MA10,观望,未分类,未分类,未分类,0,26.33,26.27,26.05,26.34,26.9,26.05,25.2,布林带内,0.08,0.05,0.05,无信号,震荡整理,否,获取公告失败
2026-05-22,603605.SH,珀莱雅,沪市主板,58.19,5.09%,开,710625,812,0万元,0,58516.0,9.99亿,99926,0,0%,缩量,230.42万,6.0,6.3,4.3,阳线||布林带下轨,布林带下轨支撑,未分类,未分类,未分类,0,107.78,115.94,123.51,132.32,155.59,123.51,91.43,下轨下方,-8.29,-3.76,-9.06,无信号,震荡整理,否,获取公告失败
2026-05-22,301458.SZ,钧崴电子,创业板,44.66,10.14%,开,709868,813,0万元,0,55919.0,12.84亿,128433,0,0%,缩量,52.47万,6.5,6.5,4.7,阳线,观望,未分类,未分类,未分类,0,42.79,43.36,42.02,38.24,45.86,42.02,38.18,布林带内,1.5,1.61,-0.23,无信号,震荡整理,否,获取公告失败
2026-05-22,000922.SZ,佳电股份,深市主板,13.91,5.78%,开,709107,814,0万元,0,58021.0,41.77亿,417660,0,0%,缩量,98.06万,6.1,6.3,4.4,阳线,观望,未分类,未分类,未分类,0,0.0,0.0,0.0,0.0,0.0,0.0,0.0,未知,0.0,0.0,0.0,,未知,否,获取公告失败
2026-05-22,002413.SZ,雷科防务,深市主板,11.48,0.79%,开,705990,815,0万元,0,60204.0,53.04亿,530449,0,0%,缩量,148.72万,5.6,6.0,4.1,阳线,观望,未分类,未分类,未分类,0,58.01,60.46,62.42,65.36,70.01,62.42,54.83,布林带内,-1.94,-1.15,-1.59,无信号,震荡整理,否,获取公告失败
2026-05-22,000628.SZ,高新发展,深市主板,59.38,2.27%,开,704777,816,0万元,0,59341.0,10.05亿,100477,0,0%,缩量,114.15万,5.7,6.1,4.2,价升||布林带下轨,布林带下轨支撑,未分类,未分类,未分类,0,182.32,188.8,193.94,177.35,221.14,193.94,166.75,下轨下方,-1.11,4.17,-10.55,无信号,震荡整理,否,获取公告失败
2026-05-22,301219.SZ,腾远钴业,创业板,83.44,4.56%,开,704737,817,0万元,0,58193.0,7.08亿,70767,0,0%,缩量,175.57万,6.0,6.2,4.3,阳线||布林带下轨,布林带下轨支撑,未分类,未分类,未分类,0,181.74,201.41,208.28,184.88,269.12,208.28,147.44,下轨下方,-5.02,6.54,-23.12,无信号,震荡整理,否,获取公告失败
2026-05-22,688328.SH,深科达,科创板,69.32,0.55%,开,703046,818,0万元,0,60029.0,871.84亿,8718435,0,0%,缩量,65.48万,5.6,6.0,4.0,价升,观望,未分类,未分类,未分类,0,0.0,0.0,0.0,0.0,0.0,0.0,0.0,未知,0.0,0.0,0.0,,未知,否,获取公告失败
2026-05-22,301111.SZ,粤万年青,创业板,30.13,16.33%,开,702540,819,0万元,0,52088.0,17.89亿,178902,0,0%,缩量,48.21万,7.1,6.8,5.1,阳线||多头排列||布林带上轨||MA5上穿MA10,多头排列,未分类,未分类,未分类,0,26.46,25.28,22.73,21.19,28.82,22.73,16.64,上轨上方,1.88,1.2,1.35,无信号,多头排列,是,获取公告失败
2026-05-22,301568.SZ,思泰克,创业板,65.1,11.45%,开,701867,820,0万元,0,54460.0,8.69亿,86860,0,0%,缩量,30.99万,6.6,6.6,4.8,阳线,观望,未分类,未分类,未分类,0,0.0,0.0,0.0,0.0,0.0,0.0,0.0,未知,0.0,0.0,0.0,,未知,否,获取公告失败
2026-05-22,300444.SZ,双杰电气,创业板,14.91,2.54%,开,700993,821,0万元,0,58827.0,39.60亿,395979,0,0%,缩量,92.66万,5.8,6.1,4.2,阳线,观望,未分类,未分类,未分类,0,0.0,0.0,0.0,0.0,0.0,0.0,0.0,未知,0.0,0.0,0.0,,未知,否,获取公告失败
2026-05-22,688612.SH,威迈斯,科创板,36.14,9.05%,开,699372,822,0万元,0,55411.0,1576.19亿,15761947,0,0%,缩量,91.27万,6.4,6.5,4.6,阳线||MACD金叉||布林带上轨||MA5上穿MA10,MACD金叉,未分类,未分类,未分类,0,33.64,33.1,33.48,31.88,35.48,33.48,31.48,上轨上方,0.44,0.28,0.3,金叉,震荡整理,否,获取公告失败
2026-05-22,002236.SZ,大华股份,深市主板,17.86,1.65%,开,697212,823,0万元,0,58896.0,33.17亿,331704,0,0%,缩量,427.06万,5.7,6.1,4.1,阳线||布林带下轨,布林带下轨支撑,未分类,未分类,未分类,0,821.0,830.74,843.1,839.36,892.63,843.1,793.57,下轨下方,-9.16,-1.21,-15.89,无信号,震荡整理,否,获取公告失败
2026-05-22,000534.SZ,万泽股份,深市主板,35.91,0.42%,开,696967,824,0万元,0,59487.0,16.67亿,166723,0,0%,缩量,179.88万,5.5,6.0,4.0,价升||布林带下轨,布林带下轨支撑,未分类,未分类,未分类,0,120.0,125.2,132.77,136.02,156.81,132.77,108.74,下轨下方,-6.18,-2.79,-6.78,无信号,震荡整理,否,获取公告失败
2026-05-22,688556.SH,高测股份,科创板,13.88,2.66%,开,694553,825,0万元,0,58124.0,4213.23亿,42132293,0,0%,缩量,115.31万,5.8,6.1,4.2,阳线||布林带下轨,布林带下轨支撑,未分类,未分类,未分类,0,56.39,63.74,64.36,68.22,89.11,64.36,39.62,下轨下方,-4.03,-0.44,-7.19,无信号,震荡整理,否,获取公告失败
2026-05-22,300196.SZ,长海股份,创业板,19.93,7.21%,开,694310,826,0万元,0,55827.0,28.24亿,282409,0,0%,缩量,49.21万,6.2,6.4,4.5,阳线,观望,未分类,未分类,未分类,0,0.0,0.0,0.0,0.0,0.0,0.0,0.0,未知,0.0,0.0,0.0,,未知,否,获取公告失败
2026-05-22,600126.SH,杭钢股份,沪市主板,8.29,1.84%,开,690353,827,0万元,0,58114.0,70.68亿,706800,0,0%,缩量,279.97万,5.7,6.1,4.1,阳线||布林带下轨,布林带下轨支撑,未分类,未分类,未分类,0,37.05,38.85,40.52,40.26,46.76,40.52,34.28,下轨下方,-1.32,-0.42,-1.81,无信号,震荡整理,否,获取公告失败
2026-05-22,301292.SZ,海科新源,创业板,74.66,0.82%,开,688988,828,0万元,0,58487.0,7.88亿,78850,0,0%,缩量,63.51万,5.6,6.0,4.1,阳线,观望,未分类,未分类,未分类,0,76.06,79.71,83.46,77.33,95.44,83.46,71.48,布林带内,-2.26,-0.53,-3.46,无信号,震荡整理,否,获取公告失败
2026-05-22,000762.SZ,西藏矿业,深市主板,31.88,2.02%,开,686840,829,0万元,0,57676.0,18.32亿,183196,0,0%,缩量,166.03万,5.7,6.1,4.1,阳线||布林带下轨,布林带下轨支撑,未分类,未分类,未分类,0,170.94,184.24,198.28,179.82,240.77,198.28,155.79,下轨下方,-6.39,1.58,-15.95,无信号,震荡整理,否,获取公告失败
2026-05-22,002918.SZ,蒙娜丽莎,深市主板,14.63,4.43%,开,685057,830,0万元,0,56293.0,39.97亿,399748,0,0%,缩量,31.34万,5.9,6.2,4.3,阳线||布林带下轨,布林带下轨支撑,未分类,未分类,未分类,0,40.41,42.56,38.05,37.53,52.99,38.05,23.12,下轨下方,0.9,1.78,-1.76,死叉,震荡整理,否,获取公告失败
2026-05-22,300545.SZ,联得装备,创业板,35.91,3.07%,开,683065,831,0万元,0,56771.0,16.05亿,160525,0,0%,缩量,42.93万,5.8,6.2,4.2,阳线||多头排列||MA5上穿MA10,多头排列,未分类,未分类,未分类,0,73.5,72.56,70.7,68.66,76.1,70.7,65.3,布林带内,1.62,1.51,0.23,无信号,多头排列,是,获取公告失败
2026-05-22,600602.SH,云赛智联,沪市主板,21.26,1.14%,开,682818,832,0万元,0,57711.0,27.25亿,272548,0,0%,缩量,228.40万,5.6,6.1,4.1,阳线||布林带下轨,布林带下轨支撑,未分类,未分类,未分类,0,10410.69,11854.43,12464.34,12800.2,18338.35,12464.34,6590.33,下轨下方,-1133.62,-250.38,-1766.48,无信号,震荡整理,否,获取公告失败
2026-05-22,688226.SH,威腾电气,科创板,60.88,4.28%,开,682681,833,0万元,0,56127.0,933.50亿,9334983,0,0%,缩量,114.93万,5.9,6.2,4.3,阳线||多头排列||MA5上穿MA10,多头排列,未分类,未分类,未分类,0,61.88,61.1,59.33,51.25,65.14,59.33,53.51,布林带内,2.58,2.76,-0.36,无信号,多头排列,是,获取公告失败
2026-05-22,600207.SH,安彩高科,沪市主板,6.73,0.45%,开,681458,834,0万元,0,57922.0,85.76亿,857581,0,0%,缩量,73.31万,5.5,6.0,4.0,阳线||布林带下轨,布林带下轨支撑,未分类,未分类,未分类,0,9.87,10.19,9.87,9.66,11.34,9.87,8.41,下轨下方,0.04,0.17,-0.26,死叉,震荡整理,否,获取公告失败
2026-05-22,002531.SZ,天顺风能,深市主板,11.63,3.56%,开,679749,835,0万元,0,56194.0,48.66亿,486607,0,0%,缩量,207.80万,5.9,6.2,4.2,阳线||MA5上穿MA10,观望,未分类,未分类,未分类,0,90.71,90.44,91.47,88.11,98.07,91.47,84.86,布林带内,0.22,0.57,-0.7,无信号,震荡整理,否,获取公告失败
2026-05-22,301251.SZ,威尔高,创业板,72.8,6.82%,开,679695,836,0万元,0,54558.0,7.58亿,75754,0,0%,缩量,39.31万,6.2,6.3,4.5,阳线||多头排列||MA5上穿MA10,多头排列,未分类,未分类,未分类,0,70.43,69.67,67.44,65.14,73.24,67.44,61.64,布林带内,1.73,1.42,0.61,无信号,多头排列,是,获取公告失败
2026-05-22,300249.SZ,依米康,创业板,18.01,3.45%,开,678111,837,0万元,0,56088.0,31.49亿,314942,0,0%,缩量,67.38万,5.8,6.2,4.2,阳线,观望,未分类,未分类,未分类,0,92.52,93.62,91.9,89.55,97.72,91.9,86.09,布林带内,1.09,1.46,-0.73,无信号,震荡整理,否,获取公告失败
2026-05-22,605289.SH,罗曼股份,沪市主板,105.97,4.43%,开,677364,838,0万元,0,55519.0,5.27亿,52725,0,0%,缩量,160.73万,5.9,6.2,4.3,阳线,观望,未分类,未分类,未分类,0,0.0,0.0,0.0,0.0,0.0,0.0,0.0,未知,0.0,0.0,0.0,,未知,否,获取公告失败
2026-05-22,688097.SH,博众精工,科创板,59.53,2.67%,开,677296,839,0万元,0,56393.0,945.70亿,9457032,0,0%,缩量,264.91万,5.8,6.1,4.2,阳线,观望,未分类,未分类,未分类,0,61.69,62.84,61.71,58.25,66.99,61.71,56.43,布林带内,0.38,0.89,-1.03,无信号,震荡整理,否,获取公告失败
2026-05-22,300905.SZ,宝丽迪,创业板,70.88,1.88%,开,676554,840,0万元,0,56714.0,8.05亿,80494,0,0%,缩量,98.98万,5.7,6.1,4.1,阳线||布林带下轨,布林带下轨支撑,未分类,未分类,未分类,0,134.63,146.26,137.39,95.52,182.93,137.39,91.85,下轨下方,8.58,15.77,-14.37,无信号,震荡整理,否,获取公告失败
2026-05-22,600078.SH,澄星股份,沪市主板,14.53,1.61%,开,675371,841,0万元,0,56733.0,39.47亿,394710,0,0%,缩量,96.27万,5.7,6.1,4.1,阳线,观望,未分类,未分类,未分类,0,97.15,98.49,92.68,84.73,109.5,92.68,75.86,布林带内,3.34,4.57,-2.47,死叉,震荡整理,否,获取公告失败
2026-05-22,300255.SZ,常山药业,创业板,40.68,0.35%,开,674686,842,0万元,0,57296.0,14.14亿,141376,0,0%,缩量,373.29万,5.5,6.0,4.0,阳线,观望,未分类,未分类,未分类,0,315.56,327.06,325.23,322.37,361.97,325.23,288.49,布林带内,-1.37,1.66,-6.07,无信号,震荡整理,否,获取公告失败
2026-05-22,000620.SZ,盈新发展,深市主板,3.13,1.95%,开,672541,843,0万元,0,56277.0,180.92亿,1809179,0,0%,缩量,146.23万,5.7,6.1,4.1,阳线||布林带下轨,布林带下轨支撑,未分类,未分类,未分类,0,10.28,10.55,10.24,10.23,12.3,10.24,8.17,下轨下方,-0.06,0.16,-0.43,死叉,震荡整理,否,获取公告失败
2026-05-22,688191.SH,智洋创新,科创板,58.04,11.64%,开,672034,844,0万元,0,51385.0,922.43亿,9224339,0,0%,缩量,135.98万,6.7,6.6,4.8,阳线,观望,未分类,未分类,未分类,0,79.05,79.24,74.28,70.49,91.94,74.28,56.62,布林带内,2.67,3.68,-2.01,死叉,震荡整理,否,获取公告失败
2026-05-22,300137.SZ,先河环保,创业板,20.0,0.65%,开,670741,845,0万元,0,56747.0,28.18亿,281805,0,0%,缩量,106.01万,5.6,6.0,4.0,价升||多头排列||MA5上穿MA10,多头排列,未分类,未分类,未分类,0,88.56,86.49,81.98,66.13,94.2,81.98,69.75,布林带内,6.02,6.07,-0.11,死叉,多头排列,是,获取公告失败
2026-05-22,002311.SZ,海大集团,深市主板,45.68,1.22%,开,669753,846,0万元,0,56366.0,12.35亿,123486,0,0%,缩量,751.05万,5.6,6.1,4.1,阳线,观望,未分类,未分类,未分类,0,309.86,312.86,318.15,340.55,335.54,318.15,300.76,布林带内,-6.96,-6.86,-0.2,无信号,震荡整理,否,获取公告失败
2026-05-22,688102.SH,斯瑞新材,科创板,40.58,2.42%,开,669465,847,0万元,0,55735.0,1390.31亿,13903066,0,0%,缩量,315.55万,5.7,6.1,4.2,阳线||布林带下轨,布林带下轨支撑,未分类,未分类,未分类,0,68.55,75.2,75.21,71.96,94.31,75.21,56.1,下轨下方,-1.44,1.73,-6.34,无信号,震荡整理,否,获取公告失败
2026-05-22,605222.SH,起帆电缆,沪市主板,36.52,0.11%,开,669258,848,0万元,0,56871.0,15.50亿,154994,0,0%,缩量,150.79万,5.5,6.0,4.0,阳线,观望,未分类,未分类,未分类,0,37.14,39.05,37.16,28.07,42.57,37.16,31.74,布林带内,2.45,3.16,-1.42,无信号,震荡整理,否,获取公告失败
2026-05-22,600480.SH,凌云股份,沪市主板,11.88,3.04%,开,668757,849,0万元,0,55358.0,47.26亿,472574,0,0%,缩量,144.09万,5.8,6.2,4.2,阳线||布林带下轨,布林带下轨支撑,未分类,未分类,未分类,0,41.54,44.66,43.88,43.56,57.07,43.88,30.7,下轨下方,-1.2,0.54,-3.48,死叉,震荡整理,否,获取公告失败
2026-05-22,002165.SZ,红 宝 丽,深市主板,8.04,2.29%,开,668540,850,0万元,0,55709.0,70.59亿,705908,0,0%,缩量,58.50万,5.7,6.1,4.2,阳线,观望,未分类,未分类,未分类,0,64.2,65.62,65.74,74.49,72.03,65.74,59.45,布林带内,-2.31,-2.03,-0.54,死叉,震荡整理,否,获取公告失败
2026-05-22,688275.SH,万润新能,科创板,145.2,1.62%,开,668418,851,0万元,0,56030.0,389.63亿,3896350,0,0%,缩量,183.12万,5.7,6.1,4.1,阳线||布林带下轨,布林带下轨支撑,未分类,未分类,未分类,0,202.64,215.68,219.99,183.82,260.16,219.99,179.82,下轨下方,1.15,9.45,-16.59,无信号,震荡整理,否,获取公告失败
2026-05-22,000012.SZ,南  玻Ａ,深市主板,4.4,10.00%,开,668240,852,0万元,0,51824.0,125.77亿,1257726,0,0%,缩量,86.21万,6.5,6.5,4.7,阳线||布林带下轨,布林带下轨支撑,未分类,未分类,未分类,0,134.71,140.99,147.96,159.31,176.41,147.96,119.52,下轨下方,-8.18,-4.79,-6.78,无信号,震荡整理,否,获取公告失败
2026-05-22,002560.SZ,通达股份,深市主板,9.49,3.38%,开,668134,853,0万元,0,55125.0,58.39亿,583939,0,0%,缩量,60.10万,5.8,6.2,4.2,阳线,观望,未分类,未分类,未分类,0,0.0,0.0,0.0,0.0,0.0,0.0,0.0,未知,0.0,0.0,0.0,,未知,否,获取公告失败
2026-05-22,300553.SZ,集智股份,创业板,67.26,10.53%,开,665790,854,0万元,0,51312.0,7.94亿,79378,0,0%,缩量,57.10万,6.6,6.5,4.7,阳线,观望,未分类,未分类,未分类,0,99.27,100.3,89.13,75.27,120.61,89.13,57.65,布林带内,6.51,7.92,-2.82,死叉,震荡整理,否,获取公告失败
2026-05-22,000029.SZ,深深房Ａ,深市主板,25.5,3.36%,开,665102,855,0万元,0,54828.0,21.90亿,219019,0,0%,缩量,227.37万,5.8,6.2,4.2,阳线,观望,未分类,未分类,未分类,0,52.18,53.31,48.01,44.14,62.41,48.01,33.61,布林带内,2.22,2.95,-1.47,死叉,震荡整理,否,获取公告失败
2026-05-22,301387.SZ,光大同创,创业板,116.89,2.54%,开,664210,856,0万元,0,55149.0,4.79亿,47886,0,0%,缩量,49.89万,5.8,6.1,4.2,阳线||多头排列||MA5上穿MA10,多头排列,未分类,未分类,未分类,0,142.05,133.7,114.68,93.09,161.2,114.68,68.15,布林带内,14.47,12.45,4.04,无信号,多头排列,是,获取公告失败
2026-05-22,605366.SH,宏柏新材,沪市主板,12.99,9.99%,开,660557,857,0万元,0,51060.0,40.42亿,404200,0,0%,缩量,100.81万,6.5,6.5,4.7,阳线||布林带下轨,布林带下轨支撑,未分类,未分类,未分类,0,20.75,21.6,23.41,21.68,29.12,23.41,17.7,下轨下方,-0.91,0.0,-1.83,无信号,震荡整理,否,获取公告失败
2026-05-22,002913.SZ,奥士康,深市主板,56.06,6.72%,开,658789,858,0万元,0,52519.0,9.45亿,94482,0,0%,缩量,169.12万,6.2,6.3,4.4,阳线||布林带下轨,布林带下轨支撑,未分类,未分类,未分类,0,101.57,110.54,111.3,107.04,139.63,111.3,82.96,下轨下方,-2.93,1.6,-9.06,无信号,震荡整理,否,获取公告失败
2026-05-22,603236.SH,移远通信,沪市主板,74.96,0.60%,开,658019,859,0万元,0,55500.0,7.37亿,73745,0,0%,缩量,196.14万,5.6,6.0,4.0,价升||布林带下轨,布林带下轨支撑,未分类,未分类,未分类,0,191.34,205.17,214.56,224.43,282.43,214.56,146.69,下轨下方,-13.33,-4.3,-18.06,死叉,震荡整理,否,获取公告失败
2026-05-22,300130.SZ,新国都,创业板,24.34,3.09%,开,657669,860,0万元,0,54221.0,22.52亿,225153,0,0%,缩量,105.67万,5.8,6.2,4.2,阳线||MA5上穿MA10,观望,未分类,未分类,未分类,0,164.97,164.13,164.12,170.63,171.24,164.12,156.99,布林带内,-0.8,-1.62,1.64,无信号,震荡整理,否,获取公告失败
2026-05-22,688181.SH,八亿时空,科创板,40.9,3.83%,开,656947,861,0万元,0,53778.0,1339.62亿,13396216,0,0%,缩量,55.00万,5.9,6.2,4.3,阳线||布林带下轨,布林带下轨支撑,未分类,未分类,未分类,0,53.46,54.05,52.76,49.32,60.1,52.76,45.41,下轨下方,0.95,1.7,-1.51,死叉,震荡整理,否,获取公告失败
2026-05-22,688697.SH,纽威数控,科创板,24.49,2.17%,开,656556,862,0万元,0,54571.0,2280.76亿,22807555,0,0%,缩量,112.00万,5.7,6.1,4.1,阳线||多头排列||MA5上穿MA10,多头排列,未分类,未分类,未分类,0,33.27,32.45,29.56,25.23,38.26,29.56,20.87,布林带内,2.2,2.4,-0.4,死叉,多头排列,是,获取公告失败
2026-05-22,688006.SH,杭可科技,科创板,35.2,4.05%,开,655968,863,0万元,0,53572.0,1535.14亿,15351367,0,0%,缩量,212.49万,5.9,6.2,4.3,阳线||布林带下轨,布林带下轨支撑,未分类,未分类,未分类,0,46.98,47.62,47.08,43.16,53.8,47.08,40.35,下轨下方,0.49,1.43,-1.88,死叉,震荡整理,否,获取公告失败
2026-05-22,002283.SZ,天润工业,深市主板,12.07,5.14%,开,654916,864,0万元,0,52922.0,44.46亿,444639,0,0%,缩量,121.04万,6.0,6.3,4.3,阳线,观望,未分类,未分类,未分类,0,0.0,0.0,0.0,0.0,0.0,0.0,0.0,未知,0.0,0.0,0.0,,未知,否,获取公告失败
2026-05-22,300907.SZ,康平科技,创业板,41.11,19.99%,开,654360,865,0万元,0,45439.0,11.60亿,116040,0,0%,缩量,39.47万,7.5,7.0,5.3,阳线||多头排列||布林带上轨||MA5上穿MA10,多头排列,未分类,未分类,未分类,0,38.04,35.95,33.98,31.79,39.53,33.98,28.42,上轨上方,1.89,1.29,1.21,无信号,多头排列,是,获取公告失败
2026-05-22,300861.SZ,美畅股份,创业板,21.6,6.46%,开,653301,866,0万元,0,52102.0,24.58亿,245841,0,0%,缩量,91.12万,6.1,6.3,4.4,阳线||布林带下轨,布林带下轨支撑,未分类,未分类,未分类,0,34.39,36.27,35.26,32.85,43.38,35.26,27.15,下轨下方,0.24,1.32,-2.17,无信号,震荡整理,否,获取公告失败
2026-05-22,601702.SH,华峰铝业,沪市主板,20.07,9.14%,开,652916,867,0万元,0,50724.0,25.81亿,258130,0,0%,缩量,200.41万,6.4,6.5,4.6,阳线||MA5上穿MA10,观望,未分类,未分类,未分类,0,19.37,19.31,19.56,20.94,20.7,19.56,18.42,布林带内,-0.32,-0.42,0.2,无信号,震荡整理,否,获取公告失败
2026-05-22,002643.SZ,万润股份,深市主板,17.31,2.85%,开,651100,868,0万元,0,53684.0,31.35亿,313458,0,0%,缩量,157.40万,5.8,6.1,4.2,阳线||多头排列||MA5上穿MA10,多头排列,未分类,未分类,未分类,0,99.0,98.76,96.93,94.52,102.42,96.93,91.43,布林带内,1.25,1.44,-0.39,死叉,多头排列,是,获取公告失败
2026-05-22,601006.SH,大秦铁路,沪市主板,5.42,0.18%,开,650464,869,0万元,0,54954.0,101.42亿,1014214,0,0%,缩量,1091.98万,5.5,6.0,4.0,价升||布林带下轨,布林带下轨支撑,未分类,未分类,未分类,0,12.22,12.58,12.71,12.76,14.41,12.71,11.01,下轨下方,-0.26,-0.02,-0.48,死叉,震荡整理,否,获取公告失败
2026-05-22,300952.SZ,恒辉安防,创业板,39.25,7.01%,开,650072,870,0万元,0,51504.0,13.40亿,134024,0,0%,缩量,41.65万,6.2,6.4,4.5,阳线||MA5上穿MA10,观望,未分类,未分类,未分类,0,37.62,37.53,36.56,38.27,40.0,36.56,33.11,布林带内,0.07,-0.25,0.64,无信号,震荡整理,否,获取公告失败
2026-05-22,600744.SH,华银电力,沪市主板,7.7,0.39%,开,648935,871,0万元,0,54698.0,71.44亿,714417,0,0%,缩量,156.40万,5.5,6.0,4.0,阳线||布林带下轨,布林带下轨支撑,未分类,未分类,未分类,0,30.93,33.88,34.76,33.54,41.88,34.76,27.63,下轨下方,-0.79,0.51,-2.59,无信号,震荡整理,否,获取公告失败
2026-05-22,603175.SH,超颖电子,沪市主板,95.12,4.33%,开,647342,872,0万元,0,52568.0,5.57亿,55713,0,0%,缩量,43.26万,5.9,6.2,4.3,阳线,观望,未分类,未分类,未分类,0,93.03,95.64,96.69,87.79,104.85,96.69,88.53,布林带内,1.11,2.25,-2.28,无信号,震荡整理,否,获取公告失败
2026-05-22,600595.SH,中孚实业,沪市主板,7.4,4.37%,开,643811,873,0万元,0,52195.0,71.13亿,711337,0,0%,缩量,296.58万,5.9,6.2,4.3,阳线,观望,未分类,未分类,未分类,0,50.78,52.14,54.92,56.68,62.27,54.92,47.56,布林带内,-1.72,-1.3,-0.85,无信号,震荡整理,否,获取公告失败
2026-05-22,300429.SZ,强力新材,创业板,15.41,2.46%,开,643570,874,0万元,0,53127.0,34.63亿,346337,0,0%,缩量,62.03万,5.7,6.1,4.2,阳线||布林带下轨,布林带下轨支撑,未分类,未分类,未分类,0,85.16,87.92,87.51,85.03,107.21,87.51,67.81,下轨下方,-1.06,1.51,-5.14,死叉,震荡整理,否,获取公告失败
2026-05-22,301382.SZ,蜂助手,创业板,50.39,6.22%,开,643231,875,0万元,0,51214.0,10.31亿,103087,0,0%,缩量,119.10万,6.1,6.3,4.4,阳线||布林带下轨,布林带下轨支撑,未分类,未分类,未分类,0,76.95,80.33,76.83,65.63,94.26,76.83,59.4,下轨下方,2.41,4.74,-4.67,无信号,震荡整理,否,获取公告失败
2026-05-22,600930.SH,华电新能,沪市主板,6.05,0.17%,开,643177,876,0万元,0,54235.0,89.49亿,894896,0,0%,缩量,195.40万,5.5,6.0,4.0,阳线,观望,未分类,未分类,未分类,0,6.18,6.33,6.33,6.34,6.66,6.33,6.0,布林带内,-0.03,0.01,-0.08,无信号,震荡整理,否,获取公告失败
2026-05-22,300720.SZ,海川智能,创业板,69.86,3.40%,开,641741,877,0万元,0,52472.0,7.61亿,76057,0,0%,缩量,128.64万,5.8,6.2,4.2,阳线||布林带下轨,布林带下轨支撑,未分类,未分类,未分类,0,168.22,181.87,183.36,158.64,240.28,183.36,126.43,下轨下方,-2.71,6.33,-18.08,无信号,震荡整理,否,获取公告失败
2026-05-22,002745.SZ,木林森,深市主板,9.84,1.65%,开,641284,878,0万元,0,53302.0,54.50亿,544956,0,0%,缩量,104.71万,5.7,6.1,4.1,阳线||布林带下轨,布林带下轨支撑,未分类,未分类,未分类,0,22.64,22.93,22.61,21.5,24.53,22.61,20.69,下轨下方,0.3,0.52,-0.43,死叉,震荡整理,否,获取公告失败
2026-05-22,000006.SZ,深振业Ａ,深市主板,10.88,4.02%,开,639816,879,0万元,0,51974.0,48.19亿,481894,0,0%,缩量,146.88万,5.9,6.2,4.3,阳线||多头排列||布林带下轨||MA5上穿MA10,多头排列;布林带下轨支撑,未分类,未分类,未分类,0,749.73,747.52,731.95,695.6,837.46,731.95,626.44,下轨下方,7.97,17.41,-18.88,死叉,多头排列,是,获取公告失败
2026-05-22,688258.SH,卓易信息,科创板,131.09,3.23%,开,637813,880,0万元,0,52167.0,403.73亿,4037309,0,0%,缩量,158.81万,5.8,6.2,4.2,阳线||布林带下轨,布林带下轨支撑,未分类,未分类,未分类,0,176.52,185.52,184.15,170.71,221.71,184.15,146.59,下轨下方,0.91,6.23,-10.63,无信号,震荡整理,否,获取公告失败
2026-05-22,300758.SZ,七彩化学,创业板,14.75,1.72%,开,637050,881,0万元,0,52843.0,36.63亿,366276,0,0%,缩量,53.06万,5.7,6.1,4.1,价升||布林带下轨,布林带下轨支撑,未分类,未分类,未分类,0,39.96,43.16,44.89,46.66,59.45,44.89,30.33,下轨下方,-2.54,-0.61,-3.86,死叉,震荡整理,否,获取公告失败
2026-05-22,688188.SH,柏楚电子,科创板,173.19,1.88%,开,635322,882,0万元,0,52594.0,308.05亿,3080464,0,0%,缩量,501.70万,5.7,6.1,4.1,阳线||布林带下轨,布林带下轨支撑,未分类,未分类,未分类,0,427.36,444.94,427.01,411.29,567.19,427.01,286.83,下轨下方,-1.65,13.47,-30.23,死叉,震荡整理,否,获取公告失败
2026-05-22,301045.SZ,天禄科技,创业板,58.97,9.85%,开,634043,883,0万元,0,48477.0,8.48亿,84813,0,0%,缩量,41.11万,6.5,6.5,4.7,阳线||多头排列||MA5上穿MA10,多头排列,未分类,未分类,未分类,0,56.42,54.89,50.55,45.44,61.88,50.55,39.22,布林带内,3.72,3.2,1.04,无信号,多头排列,是,获取公告失败
2026-05-22,301282.SZ,金禄电子,创业板,28.9,10.22%,开,633586,884,0万元,0,48248.0,17.07亿,170690,0,0%,缩量,51.03万,6.5,6.5,4.7,阳线,观望,未分类,未分类,未分类,0,0.0,0.0,0.0,0.0,0.0,0.0,0.0,未知,0.0,0.0,0.0,,未知,否,获取公告失败
2026-05-22,301285.SZ,鸿日达,创业板,112.69,0.85%,开,632810,885,0万元,0,52856.0,4.72亿,47240,0,0%,缩量,232.90万,5.6,6.0,4.1,阳线||多头排列||MA5上穿MA10,多头排列,未分类,未分类,未分类,0,116.66,116.17,111.0,93.35,124.42,111.0,97.58,布林带内,5.98,6.64,-1.31,无信号,多头排列,是,获取公告失败
2026-05-22,688662.SH,富信科技,科创板,86.01,0.74%,开,632449,886,0万元,0,52876.0,612.90亿,6128994,0,0%,缩量,75.90万,5.6,6.0,4.0,价升||多头排列||MA5上穿MA10,多头排列,未分类,未分类,未分类,0,89.1,86.51,79.25,68.15,96.01,79.25,62.49,布林带内,5.99,5.42,1.13,无信号,多头排列,是,获取公告失败
2026-05-22,300052.SZ,中青宝,创业板,15.29,2.07%,开,632437,887,0万元,0,52209.0,34.47亿,344656,0,0%,缩量,40.04万,5.7,6.1,4.1,阳线||多头排列||MA5上穿MA10,多头排列,未分类,未分类,未分类,0,40.63,40.1,37.13,36.01,44.66,37.13,29.6,布林带内,1.6,1.27,0.67,无信号,多头排列,是,获取公告失败
2026-05-22,600977.SH,中国电影,沪市主板,14.8,1.65%,开,631121,888,0万元,0,52288.0,35.71亿,357115,0,0%,缩量,276.32万,5.7,6.1,4.1,阳线||多头排列||MA5上穿MA10,多头排列,未分类,未分类,未分类,0,15.79,15.72,15.43,15.25,16.25,15.43,14.61,布林带内,0.1,0.07,0.07,无信号,多头排列,是,获取公告失败
2026-05-22,603045.SH,福达合金,沪市主板,65.29,2.29%,开,630626,889,0万元,0,51919.0,8.04亿,80392,0,0%,缩量,88.43万,5.7,6.1,4.2,阳线,观望,未分类,未分类,未分类,0,89.66,95.34,79.58,56.38,119.54,79.58,39.61,布林带内,9.77,11.9,-4.27,死叉,震荡整理,否,获取公告失败
2026-05-22,301487.SZ,盟固利,创业板,25.99,2.32%,开,629474,890,0万元,0,51786.0,20.09亿,200899,0,0%,缩量,70.90万,5.7,6.1,4.2,阳线||MACD金叉||多头排列||MA5上穿MA10,MACD金叉;多头排列,未分类,未分类,未分类,0,25.46,25.38,24.75,23.15,26.8,24.75,22.69,布林带内,0.79,0.78,0.02,金叉,多头排列,是,获取公告失败
2026-05-22,301366.SZ,一博科技,创业板,43.19,4.80%,开,628543,891,0万元,0,50452.0,11.77亿,117694,0,0%,缩量,50.53万,6.0,6.2,4.3,阳线||布林带下轨,布林带下轨支撑,未分类,未分类,未分类,0,91.25,98.7,99.43,90.82,127.33,99.43,71.53,下轨下方,-1.28,3.21,-8.98,无信号,震荡整理,否,获取公告失败
2026-05-22,002426.SZ,胜利精密,深市主板,3.66,3.39%,开,627789,892,0万元,0,51084.0,141.82亿,1418238,0,0%,缩量,124.54万,5.8,6.2,4.2,阳线,观望,未分类,未分类,未分类,0,19.34,19.77,19.99,20.26,21.31,19.99,18.68,布林带内,-0.16,-0.02,-0.28,无信号,震荡整理,否,获取公告失败
2026-05-22,002915.SZ,中欣氟材,深市主板,22.13,0.50%,开,627477,893,0万元,0,52498.0,24.02亿,240206,0,0%,缩量,63.75万,5.5,6.0,4.0,阳线||布林带下轨,布林带下轨支撑,未分类,未分类,未分类,0,44.91,45.72,44.43,45.61,57.14,44.43,31.72,下轨下方,-0.82,0.32,-2.28,死叉,震荡整理,否,获取公告失败
2026-05-22,600023.SH,浙能电力,沪市主板,5.75,0.70%,开,627112,894,0万元,0,52361.0,91.28亿,912798,0,0%,缩量,771.00万,5.6,6.0,4.0,阳线||布林带下轨,布林带下轨支撑,未分类,未分类,未分类,0,10.54,10.65,10.56,10.22,11.52,10.56,9.6,下轨下方,0.02,0.15,-0.26,无信号,震荡整理,否,获取公告失败
2026-05-22,300153.SZ,科泰电源,创业板,29.69,3.67%,开,625371,895,0万元,0,50704.0,17.22亿,172187,0,0%,缩量,94.51万,5.9,6.2,4.2,阳线,观望,未分类,未分类,未分类,0,126.96,128.24,124.52,125.69,138.19,124.52,110.84,布林带内,2.16,2.37,-0.42,无信号,震荡整理,否,获取公告失败
2026-05-22,688207.SH,格灵深瞳,科创板,18.05,11.21%,开,624139,896,0万元,0,46807.0,2638.91亿,26389108,0,0%,缩量,46.74万,6.6,6.6,4.7,阳线||布林带下轨,布林带下轨支撑,未分类,未分类,未分类,0,22.96,23.37,22.21,21.58,26.15,22.21,18.28,下轨下方,0.41,0.7,-0.58,死叉,震荡整理,否,获取公告失败
2026-05-22,300351.SZ,永贵电器,创业板,25.6,7.02%,开,623667,897,0万元,0,48855.0,19.63亿,196327,0,0%,缩量,67.43万,6.2,6.4,4.5,阳线,观望,未分类,未分类,未分类,0,0.0,0.0,0.0,0.0,0.0,0.0,0.0,未知,0.0,0.0,0.0,,未知,否,获取公告失败
2026-05-22,300779.SZ,惠城环保,创业板,68.7,3.92%,开,623548,898,0万元,0,50396.0,7.41亿,74056,0,0%,缩量,111.47万,5.9,6.2,4.3,阳线||布林带下轨,布林带下轨支撑,未分类,未分类,未分类,0,90.28,94.54,99.73,121.47,121.18,99.73,78.28,下轨下方,-9.25,-7.9,-2.7,死叉,震荡整理,否,获取公告失败
2026-05-22,600458.SH,时代新材,沪市主板,12.88,7.33%,开,623176,899,0万元,0,48651.0,38.62亿,386155,0,0%,缩量,111.05万,6.2,6.4,4.5,阳线||布林带下轨,布林带下轨支撑,未分类,未分类,未分类,0,98.4,102.17,102.11,108.6,113.91,102.11,90.32,下轨下方,-2.22,-0.83,-2.79,死叉,震荡整理,否,获取公告失败
2026-05-22,300409.SZ,道氏技术,创业板,25.36,3.30%,开,622246,900,0万元,0,50575.0,20.39亿,203937,0,0%,缩量,174.35万,5.8,6.2,4.2,阳线,观望,未分类,未分类,未分类,0,141.73,144.3,149.3,151.52,162.87,149.3,135.73,布林带内,-2.84,-1.42,-2.84,无信号,震荡整理,否,获取公告失败
2026-05-22,002787.SZ,华源控股,深市主板,26.48,1.77%,开,622059,901,0万元,0,51322.0,19.53亿,195324,0,0%,缩量,66.43万,5.7,6.1,4.1,价升||多头排列||MA5上穿MA10,多头排列,未分类,未分类,未分类,0,54.92,54.38,48.41,35.19,62.15,48.41,34.68,布林带内,5.83,5.73,0.2,无信号,多头排列,是,获取公告失败
2026-05-22,688419.SH,耐科装备,科创板,60.44,11.10%,开,621944,902,0万元,0,46643.0,802.01亿,8020113,0,0%,缩量,69.24万,6.6,6.6,4.7,阳线||MA5上穿MA10,观望,未分类,未分类,未分类,0,72.4,68.95,65.89,65.97,78.46,65.89,53.32,布林带内,1.51,0.83,1.37,无信号,震荡整理,否,获取公告失败
2026-05-22,000510.SZ,新金路,深市主板,14.94,10.01%,开,620923,903,0万元,0,47085.0,32.36亿,323628,0,0%,缩量,90.63万,6.5,6.5,4.7,阳线||布林带下轨,布林带下轨支撑,未分类,未分类,未分类,0,179.37,199.15,199.9,219.47,245.18,199.9,154.62,下轨下方,-8.85,-3.4,-10.89,无信号,震荡整理,否,获取公告失败
2026-05-22,601020.SH,华钰矿业,沪市主板,26.9,1.24%,开,620620,904,0万元,0,51441.0,19.24亿,192367,0,0%,缩量,220.57万,5.6,6.1,4.1,阳线||布林带下轨,布林带下轨支撑,未分类,未分类,未分类,0,37.03,38.98,41.45,43.79,49.92,41.45,32.98,下轨下方,-2.13,-1.02,-2.22,无信号,震荡整理,否,获取公告失败
2026-05-22,002439.SZ,启明星辰,深市主板,15.3,1.53%,开,619821,905,0万元,0,51219.0,33.47亿,334693,0,0%,缩量,111.48万,5.7,6.1,4.1,价升,观望,未分类,未分类,未分类,0,131.8,134.31,133.01,123.4,142.47,133.01,123.55,布林带内,2.03,3.56,-3.06,无信号,震荡整理,否,获取公告失败
2026-05-22,301265.SZ,华新科技,创业板,27.8,8.34%,开,619489,906,0万元,0,47779.0,17.42亿,174207,0,0%,缩量,47.20万,6.3,6.4,4.6,阳线,观望,未分类,未分类,未分类,0,26.58,26.7,26.62,22.72,27.96,26.62,25.27,布林带内,0.87,1.09,-0.44,无信号,震荡整理,否,获取公告失败
2026-05-22,688678.SH,福立旺,科创板,24.92,0.12%,开,619042,907,0万元,0,51844.0,2103.35亿,21033526,0,0%,缩量,100.45万,5.5,6.0,4.0,阳线,观望,未分类,未分类,未分类,0,0.0,0.0,0.0,0.0,0.0,0.0,0.0,未知,0.0,0.0,0.0,,未知,否,获取公告失败
2026-05-22,301349.SZ,信德新材,创业板,52.58,6.48%,开,616151,908,0万元,0,48375.0,9.27亿,92655,0,0%,缩量,59.16万,6.1,6.3,4.4,阳线,观望,未分类,未分类,未分类,0,0.0,0.0,0.0,0.0,0.0,0.0,0.0,未知,0.0,0.0,0.0,,未知,否,获取公告失败
2026-05-22,301081.SZ,严牌股份,创业板,21.15,15.01%,开,615450,909,0万元,0,44041.0,21.85亿,218539,0,0%,缩量,46.22万,7.0,6.8,5.0,阳线||多头排列||MA5上穿MA10,多头排列,未分类,未分类,未分类,0,23.56,23.14,21.89,19.71,25.4,21.89,18.39,布林带内,0.97,0.99,-0.04,死叉,多头排列,是,获取公告失败
2026-05-22,688295.SH,中复神鹰,科创板,53.25,4.09%,开,614976,910,0万元,0,49455.0,935.36亿,9353633,0,0%,缩量,479.25万,5.9,6.2,4.3,阳线,观望,未分类,未分类,未分类,0,0.0,0.0,0.0,0.0,0.0,0.0,0.0,未知,0.0,0.0,0.0,,未知,否,获取公告失败
2026-05-22,600588.SH,用友网络,沪市主板,10.87,0.18%,开,613811,911,0万元,0,51289.0,47.53亿,475315,0,0%,缩量,371.43万,5.5,6.0,4.0,价升||布林带下轨,布林带下轨支撑,未分类,未分类,未分类,0,500.05,544.5,569.9,603.34,731.74,569.9,408.06,下轨下方,-37.32,-13.18,-48.27,无信号,震荡整理,否,获取公告失败
2026-05-22,002151.SZ,北斗星通,深市主板,38.87,1.54%,开,612066,912,0万元,0,50436.0,13.03亿,130296,0,0%,缩量,172.12万,5.7,6.1,4.1,阳线,观望,未分类,未分类,未分类,0,232.21,240.64,240.11,239.85,263.46,240.11,216.77,布林带内,-0.78,1.9,-5.36,无信号,震荡整理,否,获取公告失败
2026-05-22,688159.SH,有方科技,科创板,55.57,3.60%,开,611620,913,0万元,0,49363.0,904.33亿,9043266,0,0%,缩量,51.53万,5.9,6.2,4.2,阳线,观望,未分类,未分类,未分类,0,59.31,61.44,54.48,47.11,70.8,54.48,38.15,布林带内,3.91,4.28,-0.73,死叉,震荡整理,否,获取公告失败
2026-05-22,603040.SH,新坐标,沪市主板,94.0,3.30%,开,610943,914,0万元,0,49446.0,5.42亿,54246,0,0%,缩量,127.60万,5.8,6.2,4.2,阳线||布林带下轨||MA5上穿MA10,布林带下轨支撑,未分类,未分类,未分类,0,183.85,183.43,184.77,192.93,217.24,184.77,152.3,下轨下方,-3.91,-1.63,-4.56,死叉,震荡整理,否,获取公告失败
2026-05-22,603345.SH,安井食品,沪市主板,99.43,1.24%,开,610161,915,0万元,0,50395.0,5.08亿,50764,0,0%,缩量,291.62万,5.6,6.1,4.1,阳线||布林带下轨,布林带下轨支撑,未分类,未分类,未分类,0,108.02,110.82,112.29,105.77,122.19,112.29,102.39,下轨下方,0.11,1.69,-3.15,无信号,震荡整理,否,获取公告失败
2026-05-22,002338.SZ,奥普光电,深市主板,65.2,4.14%,开,610003,916,0万元,0,48932.0,7.63亿,76324,0,0%,缩量,156.48万,5.9,6.2,4.3,阳线||MACD金叉||多头排列||布林带上轨||MA5上穿MA10,MACD金叉;多头排列,未分类,未分类,未分类,0,200.29,197.68,193.46,170.78,206.57,193.46,180.35,上轨上方,8.35,8.2,0.3,金叉,多头排列,是,获取公告失败
2026-05-22,688728.SH,格科微,科创板,14.97,2.75%,开,608956,917,0万元,0,49523.0,3359.29亿,33592870,0,0%,缩量,374.08万,5.8,6.1,4.2,阳线||多头排列||MA5上穿MA10,多头排列,未分类,未分类,未分类,0,14.93,14.78,14.24,14.14,15.58,14.24,12.89,布林带内,0.35,0.27,0.16,无信号,多头排列,是,获取公告失败
2026-05-22,688508.SH,芯朋微,科创板,91.0,1.68%,开,608239,918,0万元,0,49986.0,548.30亿,5483033,0,0%,缩量,120.50万,5.7,6.1,4.1,阳线,观望,未分类,未分类,未分类,0,92.3,92.3,86.32,71.51,100.28,86.32,72.37,布林带内,6.22,6.39,-0.34,死叉,震荡整理,否,获取公告失败
2026-05-22,002708.SZ,光洋股份,深市主板,15.98,4.58%,开,608035,919,0万元,0,48513.0,30.84亿,308423,0,0%,缩量,82.56万,6.0,6.2,4.3,阳线||多头排列||MA5上穿MA10,多头排列,未分类,未分类,未分类,0,48.76,48.6,45.32,41.71,52.36,45.32,38.28,布林带内,2.19,1.95,0.48,无信号,多头排列,是,获取公告失败
2026-05-22,002886.SZ,沃特股份,深市主板,27.98,4.52%,开,605859,920,0万元,0,48326.0,17.63亿,176264,0,0%,缩量,58.50万,6.0,6.2,4.3,阳线,观望,未分类,未分类,未分类,0,0.0,0.0,0.0,0.0,0.0,0.0,0.0,未知,0.0,0.0,0.0,,未知,否,获取公告失败
2026-05-22,600345.SH,长江通信,沪市主板,52.31,2.53%,开,603542,921,0万元,0,49090.0,9.42亿,94204,0,0%,缩量,110.67万,5.8,6.1,4.2,阳线||布林带下轨,布林带下轨支撑,未分类,未分类,未分类,0,91.1,96.79,94.44,83.92,109.68,94.44,79.19,下轨下方,0.97,3.55,-5.15,无信号,震荡整理,否,获取公告失败
2026-05-22,605303.SH,园林股份,沪市主板,31.9,7.77%,开,603101,922,0万元,0,46425.0,15.05亿,150499,0,0%,缩量,51.43万,6.3,6.4,4.5,阳线||多头排列||布林带上轨||MA5上穿MA10,多头排列,未分类,未分类,未分类,0,29.21,27.54,25.74,21.14,30.75,25.74,20.73,上轨上方,2.24,1.84,0.81,无信号,多头排列,是,获取公告失败
2026-05-22,688239.SH,航宇科技,科创板,68.07,4.71%,开,601294,923,0万元,0,47776.0,706.50亿,7064966,0,0%,缩量,129.76万,6.0,6.2,4.3,阳线||布林带下轨,布林带下轨支撑,未分类,未分类,未分类,0,87.19,91.28,88.06,85.24,104.31,88.06,71.8,下轨下方,0.64,2.52,-3.75,无信号,震荡整理,否,获取公告失败
2026-05-22,300128.SZ,锦富技术,创业板,8.08,3.06%,开,599606,924,0万元,0,48430.0,60.82亿,608156,0,0%,缩量,104.84万,5.8,6.2,4.2,阳线||多头排列||MA5上穿MA10,多头排列,未分类,未分类,未分类,0,78.71,75.47,69.11,65.55,83.89,69.11,54.34,布林带内,4.53,3.33,2.39,无信号,多头排列,是,获取公告失败
2026-05-22,688727.SH,恒坤新材,科创板,59.7,2.56%,开,599278,925,0万元,0,48648.0,819.09亿,8190946,0,0%,缩量,32.25万,5.8,6.1,4.2,阳线||多头排列||MA5上穿MA10,多头排列,未分类,未分类,未分类,0,62.19,60.65,55.92,52.3,66.72,55.92,45.13,布林带内,3.02,2.6,0.84,无信号,多头排列,是,获取公告失败
2026-05-22,601233.SH,桐昆股份,沪市主板,19.49,0.98%,开,598862,926,0万元,0,49394.0,25.42亿,254213,0,0%,缩量,462.82万,5.6,6.0,4.1,阳线,观望,未分类,未分类,未分类,0,59.68,62.15,63.84,62.05,71.93,63.84,55.75,布林带内,-0.51,0.47,-1.96,无信号,震荡整理,否,获取公告失败
2026-05-22,301023.SZ,奕帆传动,创业板,51.08,4.78%,开,598667,927,0万元,0,47477.0,9.61亿,96111,0,0%,缩量,22.24万,6.0,6.2,4.3,阳线||布林带下轨,布林带下轨支撑,未分类,未分类,未分类,0,94.44,96.68,95.38,94.79,118.5,95.38,72.26,下轨下方,-1.05,1.39,-4.88,死叉,震荡整理,否,获取公告失败
2026-05-22,603588.SH,高能环境,沪市主板,12.99,2.93%,开,597829,928,0万元,0,48317.0,37.32亿,373243,0,0%,缩量,197.87万,5.8,6.1,4.2,阳线,观望,未分类,未分类,未分类,0,0.0,0.0,0.0,0.0,0.0,0.0,0.0,未知,0.0,0.0,0.0,,未知,否,获取公告失败
2026-05-22,000681.SZ,视觉中国,深市主板,20.59,0.10%,开,597816,929,0万元,0,49733.0,24.25亿,242509,0,0%,缩量,139.22万,5.5,6.0,4.0,价升||布林带下轨,布林带下轨支撑,未分类,未分类,未分类,0,104.8,109.06,109.14,111.27,126.25,109.14,92.02,下轨下方,-2.22,0.04,-4.52,无信号,震荡整理,否,获取公告失败
2026-05-22,300067.SZ,安诺其,创业板,6.71,4.03%,开,596795,930,0万元,0,47664.0,72.39亿,723917,0,0%,缩量,62.89万,5.9,6.2,4.3,阳线||布林带下轨,布林带下轨支撑,未分类,未分类,未分类,0,51.15,53.81,54.86,44.89,64.29,54.86,45.43,下轨下方,1.66,3.46,-3.61,无信号,震荡整理,否,获取公告失败
2026-05-22,600877.SH,电科芯片,沪市主板,16.23,3.64%,开,596699,931,0万元,0,47850.0,29.79亿,297930,0,0%,缩量,192.17万,5.9,6.2,4.2,阳线||布林带下轨,布林带下轨支撑,未分类,未分类,未分类,0,71.99,74.76,76.07,77.25,83.79,76.07,68.35,下轨下方,-1.57,-0.39,-2.36,无信号,震荡整理,否,获取公告失败
2026-05-22,300005.SZ,探路者,创业板,16.5,3.45%,开,595401,932,0万元,0,47816.0,29.51亿,295131,0,0%,缩量,144.64万,5.8,6.2,4.2,阳线||多头排列||MA5上穿MA10,多头排列,未分类,未分类,未分类,0,190.8,188.39,185.57,173.15,203.65,185.57,167.49,布林带内,5.1,4.51,1.17,无信号,多头排列,是,获取公告失败
2026-05-22,300547.SZ,川环科技,创业板,42.0,2.92%,开,595349,933,0万元,0,48077.0,11.51亿,115072,0,0%,缩量,74.85万,5.8,6.1,4.2,阳线||布林带下轨,布林带下轨支撑,未分类,未分类,未分类,0,147.45,152.7,150.73,140.67,185.01,150.73,116.45,下轨下方,-0.7,4.04,-9.47,死叉,震荡整理,否,获取公告失败
2026-05-22,603989.SH,艾华集团,沪市主板,28.42,9.98%,开,595152,934,0万元,0,44523.0,16.00亿,159994,0,0%,缩量,113.33万,6.5,6.5,4.7,阳线||多头排列||布林带上轨||MA5上穿MA10,多头排列,未分类,未分类,未分类,0,56.9,52.8,50.09,45.92,59.16,50.09,41.03,上轨上方,3.28,2.08,2.4,无信号,多头排列,是,获取公告失败
2026-05-22,688337.SH,普源精电,科创板,65.19,5.11%,开,594466,935,0万元,0,46891.0,725.65亿,7256486,0,0%,缩量,121.20万,6.0,6.3,4.3,阳线||布林带下轨,布林带下轨支撑,未分类,未分类,未分类,0,91.06,91.66,93.39,78.82,108.21,93.39,78.57,下轨下方,1.25,3.8,-5.1,无信号,震荡整理,否,获取公告失败
2026-05-22,301588.SZ,美新科技,创业板,40.13,20.01%,开,592869,936,0万元,0,39284.0,10.24亿,102400,0,0%,缩量,29.44万,7.5,7.0,5.3,阳线||MACD金叉||多头排列||MA5上穿MA10,MACD金叉;多头排列,未分类,未分类,未分类,0,35.89,35.77,33.74,27.24,41.16,33.74,26.33,布林带内,2.9,2.87,0.05,金叉,多头排列,是,获取公告失败
2026-05-22,600015.SH,华夏银行,沪市主板,6.75,0.75%,开,592851,937,0万元,0,48912.0,72.86亿,728607,0,0%,缩量,1038.64万,5.6,6.0,4.0,阳线||布林带下轨,布林带下轨支撑,未分类,未分类,未分类,0,30.5,31.45,32.5,33.41,37.56,32.5,27.44,下轨下方,-1.21,-0.55,-1.32,无信号,震荡整理,否,获取公告失败
2026-05-22,300868.SZ,杰美特,创业板,98.1,9.63%,开,592537,938,0万元,0,44437.0,4.65亿,46504,0,0%,缩量,79.23万,6.5,6.5,4.6,阳线,观望,未分类,未分类,未分类,0,93.71,93.95,84.65,61.41,106.53,84.65,62.78,布林带内,8.38,8.63,-0.49,无信号,震荡整理,否,获取公告失败
2026-05-22,002379.SZ,宏桥控股,深市主板,20.94,1.36%,开,592476,939,0万元,0,48570.0,23.32亿,233155,0,0%,缩量,237.96万,5.6,6.1,4.1,阳线,观望,未分类,未分类,未分类,0,0.0,0.0,0.0,0.0,0.0,0.0,0.0,未知,0.0,0.0,0.0,,未知,否,获取公告失败
2026-05-22,603286.SH,日盈电子,沪市主板,70.29,2.84%,开,592461,940,0万元,0,47827.0,6.86亿,68613,0,0%,缩量,81.28万,5.8,6.1,4.2,阳线||MACD金叉,MACD金叉,未分类,未分类,未分类,0,68.37,68.56,66.64,62.87,73.06,66.64,60.21,布林带内,1.69,1.6,0.19,金叉,震荡整理,否,获取公告失败
2026-05-22,300004.SZ,南风股份,创业板,16.15,5.14%,开,591766,941,0万元,0,46605.0,29.16亿,291614,0,0%,缩量,77.52万,6.0,6.3,4.3,阳线||多头排列||MA5上穿MA10,多头排列,未分类,未分类,未分类,0,65.75,64.64,59.8,57.01,71.28,59.8,48.32,布林带内,2.83,2.24,1.19,无信号,多头排列,是,获取公告失败
2026-05-22,603698.SH,航天工程,沪市主板,38.65,0.39%,开,591758,942,0万元,0,48981.0,12.73亿,127322,0,0%,缩量,207.16万,5.5,6.0,4.0,价升||布林带下轨,布林带下轨支撑,未分类,未分类,未分类,0,50.8,53.16,55.07,48.39,64.67,55.07,45.47,下轨下方,-0.32,1.52,-3.68,无信号,震荡整理,否,获取公告失败
2026-05-22,002226.SZ,江南化工,深市主板,5.91,1.55%,开,590121,943,0万元,0,48239.0,80.60亿,806029,0,0%,缩量,156.55万,5.7,6.1,4.1,阳线||布林带下轨,布林带下轨支撑,未分类,未分类,未分类,0,72.46,72.54,71.77,74.04,82.45,71.77,61.09,下轨下方,-0.73,0.02,-1.5,死叉,震荡整理,否,获取公告失败
2026-05-22,601117.SH,中国化学,沪市主板,7.91,0.51%,开,589851,944,0万元,0,48731.0,62.05亿,620476,0,0%,缩量,480.10万,5.6,6.0,4.0,价升||布林带下轨,布林带下轨支撑,未分类,未分类,未分类,0,9.69,9.99,10.23,10.76,11.1,10.23,9.37,下轨下方,-0.31,-0.2,-0.23,无信号,震荡整理,否,获取公告失败
2026-05-22,300680.SZ,隆盛科技,创业板,43.7,1.23%,开,589448,945,0万元,0,48331.0,11.15亿,111513,0,0%,缩量,76.84万,5.6,6.1,4.1,阳线||布林带下轨,布林带下轨支撑,未分类,未分类,未分类,0,96.82,103.19,103.1,106.35,132.55,103.1,73.66,下轨下方,-3.81,-0.02,-7.57,死叉,震荡整理,否,获取公告失败
2026-05-22,300304.SZ,云意电气,创业板,13.92,3.03%,开,589403,946,0万元,0,47423.0,34.66亿,346564,0,0%,缩量,118.95万,5.8,6.2,4.2,阳线,观望,未分类,未分类,未分类,0,0.0,0.0,0.0,0.0,0.0,0.0,0.0,未知,0.0,0.0,0.0,,未知,否,获取公告失败
2026-05-22,300400.SZ,劲拓股份,创业板,31.85,6.52%,开,589168,947,0万元,0,45656.0,14.67亿,146661,0,0%,缩量,77.02万,6.2,6.3,4.4,阳线,观望,未分类,未分类,未分类,0,99.59,99.77,93.02,83.85,109.28,93.02,76.76,布林带内,4.0,4.15,-0.3,死叉,震荡整理,否,获取公告失败
2026-05-22,688711.SH,宏微科技,科创板,33.55,3.01%,开,588714,948,0万元,0,47367.0,1412.70亿,14126966,0,0%,缩量,71.49万,5.8,6.2,4.2,阳线||布林带下轨,布林带下轨支撑,未分类,未分类,未分类,0,65.09,67.37,63.8,63.29,82.53,63.8,45.07,下轨下方,0.22,1.79,-3.13,死叉,震荡整理,否,获取公告失败
2026-05-22,300936.SZ,中英科技,创业板,94.27,8.23%,开,587659,949,0万元,0,44650.0,4.86亿,48630,0,0%,缩量,44.70万,6.3,6.4,4.5,阳线||多头排列||MA5上穿MA10,多头排列,未分类,未分类,未分类,0,89.99,89.3,83.31,68.42,96.82,83.31,69.81,布林带内,5.87,5.66,0.42,无信号,多头排列,是,获取公告失败
2026-05-22,600363.SH,联创光电,沪市主板,39.71,1.22%,开,587637,950,0万元,0,48152.0,12.20亿,122000,0,0%,缩量,179.05万,5.6,6.1,4.1,阳线||布林带下轨,布林带下轨支撑,未分类,未分类,未分类,0,119.1,128.77,141.28,158.88,175.6,141.28,106.96,下轨下方,-11.94,-8.35,-7.18,无信号,震荡整理,否,获取公告失败
2026-05-22,002459.SZ,晶澳科技,深市主板,9.83,1.65%,开,587433,951,0万元,0,47916.0,49.16亿,491632,0,0%,缩量,324.96万,5.7,6.1,4.1,阳线||布林带下轨,布林带下轨支撑,未分类,未分类,未分类,0,25.25,27.9,29.1,31.45,36.93,29.1,21.27,下轨下方,-2.0,-0.81,-2.37,无信号,震荡整理,否,获取公告失败
2026-05-22,688351.SH,微电生理,科创板,27.52,5.97%,开,586962,952,0万元,0,45712.0,1662.62亿,16626217,0,0%,缩量,129.51万,6.1,6.3,4.4,阳线,观望,未分类,未分类,未分类,0,26.34,26.38,25.17,23.79,28.12,25.17,22.22,布林带内,0.81,0.71,0.2,无信号,震荡整理,否,获取公告失败
2026-05-22,688375.SH,国博电子,科创板,106.81,0.76%,开,586710,953,0万元,0,48289.0,455.89亿,4558928,0,0%,缩量,636.60万,5.6,6.0,4.1,价升||布林带下轨,布林带下轨支撑,未分类,未分类,未分类,0,154.54,169.64,181.05,175.51,224.38,181.05,137.72,下轨下方,-9.03,-1.54,-14.97,无信号,震荡整理,否,获取公告失败
2026-05-22,688677.SH,海泰新光,科创板,136.99,8.83%,开,586179,954,0万元,0,44205.0,335.31亿,3353057,0,0%,缩量,164.22万,6.4,6.4,4.6,阳线,观望,未分类,未分类,未分类,0,170.65,182.7,170.81,108.29,211.62,170.81,129.99,布林带内,14.86,21.04,-12.35,无信号,震荡整理,否,获取公告失败
2026-05-22,301419.SZ,阿莱德,创业板,47.01,6.12%,开,584866,955,0万元,0,45428.0,9.74亿,97424,0,0%,缩量,37.29万,6.1,6.3,4.4,阳线||布林带下轨,布林带下轨支撑,未分类,未分类,未分类,0,51.83,52.89,52.38,50.35,56.72,52.38,48.04,下轨下方,-0.1,0.37,-0.95,无信号,震荡整理,否,获取公告失败
2026-05-22,000727.SZ,冠捷科技,深市主板,2.88,1.41%,开,584602,956,0万元,0,47756.0,168.72亿,1687237,0,0%,缩量,130.45万,5.6,6.1,4.1,阳线||布林带下轨,布林带下轨支撑,未分类,未分类,未分类,0,15.31,15.58,15.41,15.18,17.31,15.41,13.52,下轨下方,-0.05,0.16,-0.44,死叉,震荡整理,否,获取公告失败
2026-05-22,000830.SZ,鲁西化工,深市主板,13.77,2.53%,开,582258,957,0万元,0,46960.0,34.55亿,345462,0,0%,缩量,262.21万,5.8,6.1,4.2,阳线||布林带下轨,布林带下轨支撑,未分类,未分类,未分类,0,97.39,105.4,112.77,120.57,140.24,112.77,85.31,下轨下方,-7.52,-3.42,-8.19,无信号,震荡整理,否,获取公告失败
2026-05-22,301238.SZ,瑞泰新材,创业板,22.86,5.69%,开,581392,958,0万元,0,45296.0,20.18亿,201832,0,0%,缩量,167.64万,6.1,6.3,4.4,阳线,观望,未分类,未分类,未分类,0,22.01,22.1,22.22,21.19,23.43,22.22,21.02,布林带内,0.24,0.29,-0.11,无信号,震荡整理,否,获取公告失败
2026-05-22,000157.SZ,中联重科,深市主板,7.3,0.41%,开,581163,959,0万元,0,47910.0,66.06亿,660557,0,0%,缩量,516.09万,5.5,6.0,4.0,价升||布林带下轨,布林带下轨支撑,未分类,未分类,未分类,0,498.45,526.55,545.02,587.54,629.53,545.02,460.51,下轨下方,-27.14,-15.59,-23.1,无信号,震荡整理,否,获取公告失败
2026-05-22,002515.SZ,金字火腿,深市主板,6.93,1.17%,开,580939,960,0万元,0,47510.0,68.08亿,680754,0,0%,缩量,76.36万,5.6,6.1,4.1,阳线||多头排列||MA5上穿MA10,多头排列,未分类,未分类,未分类,0,79.79,79.37,76.52,69.09,87.1,76.52,65.94,布林带内,2.79,3.32,-1.05,无信号,多头排列,是,获取公告失败
2026-05-22,688609.SH,九联科技,科创板,12.66,4.11%,开,580869,961,0万元,0,46031.0,3735.37亿,37353664,0,0%,缩量,63.30万,5.9,6.2,4.3,阳线||多头排列||MA5上穿MA10,多头排列,未分类,未分类,未分类,0,12.79,12.11,11.11,9.41,13.59,11.11,8.63,布林带内,0.98,0.84,0.27,无信号,多头排列,是,获取公告失败
2026-05-22,300382.SZ,斯莱克,创业板,16.51,5.03%,开,579777,962,0万元,0,45465.0,28.03亿,280256,0,0%,缩量,107.04万,6.0,6.3,4.3,阳线||多头排列||MA5上穿MA10,多头排列,未分类,未分类,未分类,0,177.26,175.47,172.81,147.69,186.17,172.81,159.45,布林带内,8.23,9.03,-1.6,无信号,多头排列,是,获取公告失败
2026-05-22,600103.SH,青山纸业,沪市主板,4.22,0.96%,开,577584,963,0万元,0,47280.0,112.59亿,1125913,0,0%,缩量,93.36万,5.6,6.0,4.1,阳线||布林带下轨,布林带下轨支撑,未分类,未分类,未分类,0,22.09,23.96,24.86,21.66,30.19,24.86,19.54,下轨下方,-0.31,0.72,-2.05,无信号,震荡整理,否,获取公告失败
2026-05-22,688530.SH,欧莱新材,科创板,51.76,4.57%,开,576828,964,0万元,0,45400.0,892.28亿,8922752,0,0%,缩量,36.12万,6.0,6.2,4.3,阳线,观望,未分类,未分类,未分类,0,53.98,55.05,51.76,38.81,64.8,51.76,38.72,布林带内,4.37,5.32,-1.88,无信号,震荡整理,否,获取公告失败
2026-05-22,300850.SZ,新强联,创业板,35.43,2.37%,开,576656,965,0万元,0,46481.0,13.13亿,131327,0,0%,缩量,106.57万,5.7,6.1,4.2,阳线,观望,未分类,未分类,未分类,0,0.0,0.0,0.0,0.0,0.0,0.0,0.0,未知,0.0,0.0,0.0,,未知,否,获取公告失败
2026-05-22,603950.SH,长源东谷,沪市主板,68.85,3.86%,开,576499,966,0万元,0,45719.0,6.72亿,67206,0,0%,缩量,222.80万,5.9,6.2,4.3,阳线||布林带下轨,布林带下轨支撑,未分类,未分类,未分类,0,93.36,98.83,92.89,74.31,114.31,92.89,71.46,下轨下方,4.04,6.83,-5.58,无信号,震荡整理,否,获取公告失败
2026-05-22,688690.SH,纳微科技,科创板,36.21,4.41%,开,575428,967,0万元,0,45337.0,1272.92亿,12729234,0,0%,缩量,146.22万,5.9,6.2,4.3,阳线||多头排列||MA5上穿MA10,多头排列,未分类,未分类,未分类,0,36.1,35.54,34.58,29.72,36.99,34.58,32.17,布林带内,1.57,1.65,-0.16,无信号,多头排列,是,获取公告失败
2026-05-22,688787.SH,海天瑞声,科创板,148.01,3.72%,开,575405,968,0万元,0,45680.0,312.33亿,3123301,0,0%,缩量,89.29万,5.9,6.2,4.2,阳线||布林带下轨,布林带下轨支撑,未分类,未分类,未分类,0,196.19,199.52,195.28,196.16,224.84,195.28,165.73,下轨下方,-0.51,2.24,-5.51,死叉,震荡整理,否,获取公告失败
2026-05-22,000890.SZ,法尔胜,深市主板,11.7,0.43%,开,575055,969,0万元,0,47291.0,40.30亿,403008,0,0%,缩量,49.08万,5.5,6.0,4.0,阳线||布林带下轨,布林带下轨支撑,未分类,未分类,未分类,0,39.28,41.99,47.92,43.35,62.1,47.92,33.74,下轨下方,-2.5,-0.67,-3.66,无信号,震荡整理,否,获取公告失败
2026-05-22,002639.SZ,雪人集团,深市主板,15.77,2.01%,开,573985,970,0万元,0,46396.0,29.59亿,295901,0,0%,缩量,103.02万,5.7,6.1,4.1,阳线,观望,未分类,未分类,未分类,0,49.06,51.57,53.23,57.6,58.97,53.23,47.49,布林带内,-2.3,-1.67,-1.26,无信号,震荡整理,否,获取公告失败
2026-05-22,301317.SZ,鑫磊股份,创业板,78.68,5.07%,开,573923,971,0万元,0,44855.0,5.78亿,57836,0,0%,缩量,41.07万,6.0,6.3,4.3,阳线||多头排列||MA5上穿MA10,多头排列,未分类,未分类,未分类,0,78.82,75.86,68.34,60.16,85.52,68.34,51.16,布林带内,5.53,4.73,1.61,无信号,多头排列,是,获取公告失败
2026-05-22,301513.SZ,尚水智能,创业板,85.06,3.08%,开,573550,972,0万元,0,45816.0,5.33亿,53315,0,0%,缩量,17.14万,5.8,6.2,4.2,阳线||MA5上穿MA10,观望,未分类,未分类,未分类,0,86.24,85.12,85.11,,93.35,85.11,76.86,布林带内,-3.05,-3.66,1.22,无信号,震荡整理,否,获取公告失败
2026-05-22,603439.SH,三力制药,沪市主板,14.29,10.01%,开,573268,973,0万元,0,42323.0,30.37亿,303675,0,0%,缩量,57.71万,6.5,6.5,4.7,阳线||多头排列||MA5上穿MA10,多头排列,未分类,未分类,未分类,0,13.94,13.48,12.72,12.39,14.46,12.72,10.98,布林带内,0.52,0.33,0.38,无信号,多头排列,是,获取公告失败
2026-05-22,688090.SH,瑞松科技,科创板,89.7,2.41%,开,571724,974,0万元,0,45968.0,516.73亿,5167296,0,0%,缩量,109.52万,5.7,6.1,4.2,阳线||布林带下轨,布林带下轨支撑,未分类,未分类,未分类,0,147.8,155.13,146.6,118.79,186.28,146.6,106.91,下轨下方,5.79,10.87,-10.16,无信号,震荡整理,否,获取公告失败
2026-05-22,301510.SZ,固高科技,创业板,39.99,1.14%,开,571680,975,0万元,0,46599.0,11.67亿,116729,0,0%,缩量,111.64万,5.6,6.1,4.1,阳线||多头排列||MA5上穿MA10,多头排列,未分类,未分类,未分类,0,40.81,40.7,39.09,34.78,44.63,39.09,33.56,布林带内,1.88,2.02,-0.29,无信号,多头排列,是,获取公告失败
2026-05-22,301086.SZ,鸿富瀚,创业板,247.97,4.81%,开,571210,976,0万元,0,44716.0,1.83亿,18280,0,0%,缩量,116.35万,6.0,6.2,4.3,阳线||布林带下轨,布林带下轨支撑,未分类,未分类,未分类,0,338.75,341.38,320.19,243.65,388.09,320.19,252.3,下轨下方,22.91,29.67,-13.51,死叉,震荡整理,否,获取公告失败
2026-05-22,002669.SZ,康达新材,深市主板,14.69,4.93%,开,568632,977,0万元,0,44399.0,30.76亿,307597,0,0%,缩量,44.47万,6.0,6.2,4.3,阳线,观望,未分类,未分类,未分类,0,29.82,30.04,29.83,29.22,31.05,29.83,28.61,布林带内,0.3,0.3,-0.01,无信号,震荡整理,否,获取公告失败
2026-05-22,301306.SZ,西测测试,创业板,141.18,2.77%,开,568020,978,0万元,0,45419.0,3.29亿,32874,0,0%,缩量,82.25万,5.8,6.1,4.2,阳线,观望,未分类,未分类,未分类,0,143.16,152.56,157.89,142.01,180.58,157.89,135.21,布林带内,-2.82,1.09,-7.83,无信号,震荡整理,否,获取公告失败
2026-05-22,600104.SH,上汽集团,沪市主板,12.48,0.65%,开,566945,979,0万元,0,46372.0,37.41亿,374083,0,0%,缩量,1434.61万,5.6,6.0,4.0,阳线||布林带下轨,布林带下轨支撑,未分类,未分类,未分类,0,133.48,142.03,147.6,153.29,179.03,147.6,116.17,下轨下方,-7.45,-2.8,-9.3,无信号,震荡整理,否,获取公告失败
2026-05-22,300397.SZ,天和防务,创业板,14.52,3.71%,开,564641,980,0万元,0,44607.0,30.95亿,309538,0,0%,缩量,59.27万,5.9,6.2,4.2,价升||布林带下轨,布林带下轨支撑,未分类,未分类,未分类,0,46.55,48.34,47.26,46.65,57.4,47.26,37.11,下轨下方,-0.08,1.08,-2.32,死叉,震荡整理,否,获取公告失败
2026-05-22,002201.SZ,九鼎新材,深市主板,12.15,4.83%,开,564408,981,0万元,0,44025.0,36.48亿,364772,0,0%,缩量,73.15万,6.0,6.2,4.3,阳线||布林带下轨,布林带下轨支撑,未分类,未分类,未分类,0,79.99,90.45,97.62,91.1,126.18,97.62,69.06,下轨下方,-4.74,0.42,-10.32,无信号,震荡整理,否,获取公告失败
2026-05-22,000603.SZ,盛达资源,深市主板,33.05,2.01%,开,563650,982,0万元,0,45362.0,13.83亿,138265,0,0%,缩量,220.35万,5.7,6.1,4.1,阳线||布林带下轨,布林带下轨支撑,未分类,未分类,未分类,0,122.06,137.44,145.71,163.46,185.78,145.71,105.64,下轨下方,-12.25,-6.25,-11.99,无信号,震荡整理,否,获取公告失败
2026-05-22,300473.SZ,德尔股份,创业板,37.55,6.13%,开,563207,983,0万元,0,43254.0,11.72亿,117207,0,0%,缩量,56.52万,6.1,6.3,4.4,阳线||多头排列||MA5上穿MA10,多头排列,未分类,未分类,未分类,0,38.14,36.8,36.72,36.17,39.36,36.72,34.08,布林带内,0.58,0.3,0.55,无信号,多头排列,是,获取公告失败
2026-05-22,600400.SH,红豆股份,沪市主板,3.16,4.64%,开,562938,984,0万元,0,43976.0,138.76亿,1387600,0,0%,缩量,72.41万,6.0,6.2,4.3,阳线||多头排列||MA5上穿MA10,多头排列,未分类,未分类,未分类,0,36.74,36.67,34.74,31.22,41.71,34.74,27.78,布林带内,1.55,1.93,-0.76,死叉,多头排列,是,获取公告失败
2026-05-22,301293.SZ,三博脑科,创业板,64.69,1.24%,开,560401,985,0万元,0,45422.0,7.09亿,70895,0,0%,缩量,133.25万,5.6,6.1,4.1,阳线||布林带下轨,布林带下轨支撑,未分类,未分类,未分类,0,82.84,86.47,86.6,91.6,98.84,86.6,74.36,下轨下方,-2.57,-1.05,-3.05,无信号,震荡整理,否,获取公告失败
2026-05-22,688190.SH,云路股份,科创板,106.14,2.41%,开,560390,986,0万元,0,44833.0,418.01亿,4180148,0,0%,缩量,127.37万,5.7,6.1,4.2,阳线||MA5上穿MA10,观望,未分类,未分类,未分类,0,104.42,98.77,93.21,99.77,108.52,93.21,77.89,布林带内,2.99,0.5,4.98,无信号,震荡整理,否,获取公告失败
2026-05-22,688778.SH,厦钨新能,科创板,70.31,1.43%,开,559830,987,0万元,0,45269.0,646.93亿,6469350,0,0%,缩量,354.85万,5.6,6.1,4.1,阳线||布林带下轨,布林带下轨支撑,未分类,未分类,未分类,0,111.4,120.46,131.14,130.74,165.31,131.14,96.97,下轨下方,-7.64,-2.27,-10.74,无信号,震荡整理,否,获取公告失败
2026-05-22,301563.SZ,云汉芯城,创业板,171.1,5.54%,开,559415,988,0万元,0,43172.0,2.55亿,25503,0,0%,缩量,25.19万,6.1,6.3,4.4,阳线,观望,未分类,未分类,未分类,0,170.53,170.83,168.74,158.53,178.2,168.74,159.28,布林带内,2.95,3.62,-1.35,无信号,震荡整理,否,获取公告失败
2026-05-22,600063.SH,皖维高新,沪市主板,6.38,7.41%,开,559407,989,0万元,0,42237.0,67.62亿,676195,0,0%,缩量,132.01万,6.2,6.4,4.5,阳线,观望,未分类,未分类,未分类,0,0.0,0.0,0.0,0.0,0.0,0.0,0.0,未知,0.0,0.0,0.0,,未知,否,获取公告失败
2026-05-22,600905.SH,三峡能源,沪市主板,4.11,0.49%,开,558994,990,0万元,0,45655.0,111.32亿,1113176,0,0%,缩量,1174.95万,5.5,6.0,4.0,阳线||布林带下轨,布林带下轨支撑,未分类,未分类,未分类,0,4.36,4.41,4.4,4.48,4.57,4.4,4.24,下轨下方,-0.03,-0.01,-0.04,死叉,震荡整理,否,获取公告失败
2026-05-22,688583.SH,思看科技,科创板,132.5,5.45%,开,558708,991,0万元,0,43145.0,325.93亿,3259340,0,0%,缩量,40.81万,6.0,6.3,4.4,阳线||布林带下轨||MA5上穿MA10,布林带下轨支撑,未分类,未分类,未分类,0,160.34,158.77,157.72,164.86,174.62,157.72,140.82,下轨下方,-1.56,-0.74,-1.65,死叉,震荡整理,否,获取公告失败
2026-05-22,000791.SZ,甘肃能源,深市主板,8.78,0.34%,开,558624,992,0万元,0,45691.0,52.22亿,522175,0,0%,缩量,169.95万,5.5,6.0,4.0,阳线,观望,未分类,未分类,未分类,0,0.0,0.0,0.0,0.0,0.0,0.0,0.0,未知,0.0,0.0,0.0,,未知,否,获取公告失败
2026-05-22,300053.SZ,航宇微,创业板,17.75,1.60%,开,556873,993,0万元,0,44886.0,25.67亿,256704,0,0%,缩量,115.52万,5.7,6.1,4.1,阳线,观望,未分类,未分类,未分类,0,93.4,96.47,94.51,92.36,105.28,94.51,83.73,布林带内,0.47,1.4,-1.86,无信号,震荡整理,否,获取公告失败
2026-05-22,300626.SZ,华瑞股份,创业板,32.52,11.45%,开,556580,994,0万元,0,39935.0,12.74亿,127433,0,0%,缩量,58.50万,6.6,6.6,4.8,阳线,观望,未分类,未分类,未分类,0,56.6,57.89,53.39,44.2,63.85,53.39,42.93,布林带内,3.28,3.51,-0.46,无信号,震荡整理,否,获取公告失败
2026-05-22,002012.SZ,凯恩股份,深市主板,7.82,4.13%,开,556579,995,0万元,0,43594.0,57.45亿,574491,0,0%,缩量,36.57万,5.9,6.2,4.3,阳线||布林带下轨,布林带下轨支撑,未分类,未分类,未分类,0,36.14,36.25,35.89,35.71,39.36,35.89,32.41,下轨下方,0.0,0.27,-0.53,死叉,震荡整理,否,获取公告失败
2026-05-22,600886.SH,国投电力,沪市主板,13.35,0.53%,开,555755,996,0万元,0,45312.0,34.23亿,342279,0,0%,缩量,995.13万,5.6,6.0,4.0,阳线||布林带下轨,布林带下轨支撑,未分类,未分类,未分类,0,592.38,607.67,616.42,631.78,679.54,616.42,553.3,下轨下方,-13.72,-4.91,-17.63,无信号,震荡整理,否,获取公告失败
2026-05-22,688601.SH,力芯微,科创板,65.38,3.37%,开,553227,997,0万元,0,43639.0,682.04亿,6820363,0,0%,缩量,87.41万,5.8,6.2,4.2,阳线||布林带下轨,布林带下轨支撑,未分类,未分类,未分类,0,123.9,129.56,120.56,116.87,157.66,120.56,83.47,下轨下方,1.09,4.2,-6.21,死叉,震荡整理,否,获取公告失败
2026-05-22,600590.SH,泰豪科技,沪市主板,14.21,2.53%,开,552166,998,0万元,0,43954.0,31.15亿,311476,0,0%,缩量,119.87万,5.8,6.1,4.2,阳线,观望,未分类,未分类,未分类,0,63.1,65.97,69.74,66.19,79.88,69.74,59.59,布林带内,-1.24,0.16,-2.78,无信号,震荡整理,否,获取公告失败
2026-05-22,603496.SH,恒为科技,沪市主板,29.9,2.08%,开,551473,999,0万元,0,44106.0,14.91亿,149092,0,0%,缩量,95.74万,5.7,6.1,4.1,阳线||布林带下轨,布林带下轨支撑,未分类,未分类,未分类,0,77.42,82.46,85.0,83.48,105.79,85.0,64.22,下轨下方,-2.91,0.34,-6.49,无信号,震荡整理,否,获取公告失败
2026-05-22,300045.SZ,华力创通,创业板,22.45,1.17%,开,549418,1000,0万元,0,44356.0,19.81亿,198146,0,0%,缩量,115.91万,5.6,6.1,4.1,阳线,观望,未分类,未分类,未分类,0,189.11,192.13,187.13,188.88,204.47,187.13,169.79,布林带内,1.14,1.83,-1.38,无信号,震荡整理,否,获取公告失败
2026-05-22,688383.SH,新益昌,科创板,135.99,2.25%,开,547900,1001,0万元,0,43666.0,328.64亿,3286432,0,0%,缩量,138.23万,5.7,6.1,4.1,阳线||多头排列||MA5上穿MA10,多头排列,未分类,未分类,未分类,0,134.47,126.77,114.3,91.26,144.77,114.3,83.83,布林带内,11.91,9.88,4.04,无信号,多头排列,是,获取公告失败
2026-05-22,688485.SH,九州一轨,科创板,56.05,2.17%,开,547655,1002,0万元,0,43681.0,768.84亿,7688390,0,0%,缩量,49.75万,5.7,6.1,4.1,阳线,观望,未分类,未分类,未分类,0,56.29,58.09,55.28,38.69,66.81,55.28,43.75,布林带内,4.41,5.55,-2.27,无信号,震荡整理,否,获取公告失败
2026-05-22,603269.SH,海鸥股份,沪市主板,23.1,10.00%,开,547390,1003,0万元,0,39739.0,17.80亿,178020,0,0%,缩量,71.32万,6.5,6.5,4.7,阳线||布林带下轨,布林带下轨支撑,未分类,未分类,未分类,0,63.86,67.07,60.03,53.79,86.48,60.03,33.58,下轨下方,2.21,4.48,-4.54,死叉,震荡整理,否,获取公告失败
2026-05-22,300730.SZ,科创信息,创业板,16.74,6.83%,开,546661,1004,0万元,0,41252.0,25.07亿,250688,0,0%,缩量,34.61万,6.2,6.3,4.5,阳线||布林带下轨,布林带下轨支撑,未分类,未分类,未分类,0,38.61,39.46,37.18,35.89,44.71,37.18,29.64,下轨下方,0.42,0.88,-0.91,死叉,震荡整理,否,获取公告失败
2026-05-22,000506.SZ,招金黄金,深市主板,14.2,1.79%,开,545980,1005,0万元,0,43702.0,30.99亿,309906,0,0%,缩量,131.88万,5.7,6.1,4.1,阳线||布林带下轨,布林带下轨支撑,未分类,未分类,未分类,0,41.76,45.97,49.05,55.1,60.54,49.05,37.55,下轨下方,-3.94,-2.37,-3.13,无信号,震荡整理,否,获取公告失败
2026-05-22,002917.SZ,金奥博,深市主板,14.66,4.27%,开,545517,1006,0万元,0,42418.0,28.81亿,288065,0,0%,缩量,38.20万,5.9,6.2,4.3,阳线||布林带下轨,布林带下轨支撑,未分类,未分类,未分类,0,30.65,32.47,32.73,33.78,41.39,32.73,24.06,下轨下方,-1.36,-0.24,-2.25,死叉,震荡整理,否,获取公告失败
2026-05-22,688088.SH,虹软科技,科创板,44.56,1.76%,开,545351,1007,0万元,0,43656.0,990.75亿,9907480,0,0%,缩量,178.76万,5.7,6.1,4.1,阳线||多头排列||MA5上穿MA10,多头排列,未分类,未分类,未分类,0,45.84,45.23,44.28,44.16,47.46,44.28,41.11,布林带内,0.63,0.53,0.22,无信号,多头排列,是,获取公告失败
2026-05-22,300219.SZ,鸿利智汇,创业板,8.43,2.31%,开,545119,1008,0万元,0,43359.0,52.58亿,525848,0,0%,缩量,59.57万,5.7,6.1,4.2,阳线||多头排列||MA5上穿MA10,多头排列,未分类,未分类,未分类,0,44.13,43.91,42.87,42.4,45.69,42.87,40.05,布林带内,0.68,0.6,0.16,无信号,多头排列,是,获取公告失败
2026-05-22,301189.SZ,奥尼电子,创业板,93.9,4.00%,开,545051,1009,0万元,0,42506.0,4.54亿,45397,0,0%,缩量,105.50万,5.9,6.2,4.3,阳线||多头排列||MA5上穿MA10,多头排列,未分类,未分类,未分类,0,94.91,94.46,89.64,64.04,103.88,89.64,75.41,布林带内,7.42,8.63,-2.42,无信号,多头排列,是,获取公告失败
2026-05-22,600518.SH,康美药业,沪市主板,1.56,2.63%,开,544287,1010,0万元,0,43113.0,279.51亿,2795072,0,0%,缩量,215.63万,5.8,6.1,4.2,阳线||布林带下轨,布林带下轨支撑,未分类,未分类,未分类,0,82.33,87.95,91.71,97.42,109.42,91.71,73.99,下轨下方,-5.05,-2.4,-5.31,无信号,震荡整理,否,获取公告失败
2026-05-22,688386.SH,泛亚微透,科创板,93.13,8.40%,开,543880,1011,0万元,0,40186.0,435.93亿,4359322,0,0%,缩量,84.75万,6.3,6.4,4.6,阳线||布林带下轨||MA5上穿MA10,布林带下轨支撑,未分类,未分类,未分类,0,110.63,110.55,110.56,109.9,122.85,110.56,98.28,下轨下方,-0.03,0.96,-1.99,死叉,震荡整理,否,获取公告失败
2026-05-22,603337.SH,杰克科技,沪市主板,43.36,5.24%,开,542693,1012,0万元,0,41648.0,9.83亿,98256,0,0%,缩量,205.41万,6.0,6.3,4.3,阳线||布林带下轨,布林带下轨支撑,未分类,未分类,未分类,0,88.41,91.64,91.37,94.02,105.09,91.37,77.65,下轨下方,-1.75,-0.08,-3.34,死叉,震荡整理,否,获取公告失败
2026-05-22,300709.SZ,精研科技,创业板,48.98,2.83%,开,542501,1013,0万元,0,42833.0,8.81亿,88070,0,0%,缩量,73.12万,5.8,6.1,4.2,阳线||布林带下轨,布林带下轨支撑,未分类,未分类,未分类,0,84.82,86.26,82.37,80.26,103.01,82.37,61.74,下轨下方,0.5,2.35,-3.72,死叉,震荡整理,否,获取公告失败
2026-05-22,600683.SH,京投发展,沪市主板,15.96,9.99%,开,540965,1014,0万元,0,39100.0,25.31亿,253119,0,0%,缩量,118.23万,6.5,6.5,4.7,阳线,观望,未分类,未分类,未分类,0,88.2,96.12,88.59,65.43,111.77,88.59,65.4,布林带内,6.24,8.76,-5.04,无信号,震荡整理,否,获取公告失败
2026-05-22,000539.SZ,粤电力Ａ,深市主板,6.53,1.40%,开,539717,1015,0万元,0,43273.0,66.86亿,668623,0,0%,缩量,166.87万,5.6,6.1,4.1,阳线,观望,未分类,未分类,未分类,0,86.6,89.18,88.83,81.02,94.93,88.83,82.73,布林带内,1.38,2.39,-2.03,无信号,震荡整理,否,获取公告失败
2026-05-22,688305.SH,科德数控,科创板,70.85,2.89%,开,539249,1016,0万元,0,42480.0,611.47亿,6114654,0,0%,缩量,93.67万,5.8,6.1,4.2,阳线,观望,未分类,未分类,未分类,0,85.25,85.47,82.07,78.96,93.52,82.07,70.62,布林带内,1.89,2.42,-1.06,死叉,震荡整理,否,获取公告失败
2026-05-22,002079.SZ,苏州固锝,深市主板,12.6,2.36%,开,538009,1017,0万元,0,42623.0,34.09亿,340913,0,0%,缩量,102.13万,5.7,6.1,4.2,阳线,观望,未分类,未分类,未分类,0,61.43,61.78,58.44,52.62,66.87,58.44,50.01,布林带内,2.86,2.94,-0.16,死叉,震荡整理,否,获取公告失败
2026-05-22,300948.SZ,冠中生态,创业板,26.88,2.99%,开,537642,1018,0万元,0,42270.0,15.77亿,157726,0,0%,缩量,40.74万,5.8,6.1,4.2,阳线||多头排列||MA5上穿MA10,多头排列,未分类,未分类,未分类,0,34.31,34.01,32.61,31.61,38.58,32.61,26.65,布林带内,0.85,0.98,-0.26,死叉,多头排列,是,获取公告失败
2026-05-22,300603.SZ,立昂技术,创业板,11.12,1.83%,开,537427,1019,0万元,0,42827.0,38.71亿,387110,0,0%,缩量,41.58万,5.7,6.1,4.1,阳线||布林带下轨,布林带下轨支撑,未分类,未分类,未分类,0,26.06,26.7,27.29,28.56,35.33,27.29,19.26,下轨下方,-1.45,-0.52,-1.86,死叉,震荡整理,否,获取公告失败
2026-05-22,002298.SZ,中电鑫龙,深市主板,10.66,0.76%,开,537420,1020,0万元,0,43364.0,40.64亿,406367,0,0%,缩量,70.44万,5.6,6.0,4.1,阳线,观望,未分类,未分类,未分类,0,34.77,34.91,33.21,33.96,37.69,33.21,28.74,布林带内,0.47,0.45,0.05,无信号,震荡整理,否,获取公告失败
2026-05-22,000682.SZ,东方电子,深市主板,13.74,3.62%,开,536549,1021,0万元,0,41845.0,30.90亿,308974,0,0%,缩量,184.20万,5.9,6.2,4.2,阳线||布林带下轨,布林带下轨支撑,未分类,未分类,未分类,0,219.42,222.4,223.58,222.79,248.48,223.58,198.67,下轨下方,-1.8,1.51,-6.62,死叉,震荡整理,否,获取公告失败
2026-05-22,301026.SZ,浩通科技,创业板,35.71,5.49%,开,535834,1022,0万元,0,40836.0,11.52亿,115159,0,0%,缩量,40.82万,6.0,6.3,4.4,阳线||布林带下轨,布林带下轨支撑,未分类,未分类,未分类,0,45.07,45.39,45.2,44.25,50.61,45.2,39.8,下轨下方,0.16,0.7,-1.08,死叉,震荡整理,否,获取公告失败
2026-05-22,300241.SZ,瑞丰光电,创业板,7.0,1.74%,开,535610,1023,0万元,0,42689.0,62.50亿,625001,0,0%,缩量,41.16万,5.7,6.1,4.1,阳线,观望,未分类,未分类,未分类,0,28.58,28.89,28.51,28.06,30.06,28.51,26.95,布林带内,0.22,0.3,-0.17,无信号,震荡整理,否,获取公告失败
2026-05-22,301255.SZ,通力科技,创业板,34.2,5.62%,开,534653,1024,0万元,0,40655.0,12.19亿,121907,0,0%,缩量,13.02万,6.1,6.3,4.4,阳线||布林带下轨,布林带下轨支撑,未分类,未分类,未分类,0,64.74,67.64,67.67,64.39,84.17,67.67,51.18,下轨下方,-1.08,1.16,-4.5,死叉,震荡整理,否,获取公告失败
2026-05-22,603328.SH,依顿电子,沪市主板,12.34,5.74%,开,533336,1025,0万元,0,40463.0,33.22亿,332172,0,0%,缩量,123.21万,6.1,6.3,4.4,阳线||布林带下轨,布林带下轨支撑,未分类,未分类,未分类,0,32.36,33.38,34.14,33.86,37.95,34.14,30.34,下轨下方,-0.64,-0.13,-1.01,无信号,震荡整理,否,获取公告失败
2026-05-22,301127.SZ,武汉天源,创业板,14.33,7.18%,开,533161,1026,0万元,0,39726.0,28.06亿,280591,0,0%,缩量,93.75万,6.2,6.4,4.5,阳线||布林带下轨,布林带下轨支撑,未分类,未分类,未分类,0,18.0,18.8,19.74,22.29,22.95,19.74,16.53,下轨下方,-1.32,-1.02,-0.61,无信号,震荡整理,否,获取公告失败
2026-05-22,301291.SZ,明阳电气,创业板,55.04,1.93%,开,532889,1027,0万元,0,42326.0,7.61亿,76129,0,0%,缩量,89.50万,5.7,6.1,4.1,阳线,观望,未分类,未分类,未分类,0,56.25,56.25,58.12,58.19,64.52,58.12,51.73,布林带内,-0.36,0.03,-0.77,无信号,震荡整理,否,获取公告失败
2026-05-22,000716.SZ,黑芝麻,深市主板,5.76,4.35%,开,531409,1028,0万元,0,40967.0,71.80亿,717961,0,0%,缩量,42.55万,5.9,6.2,4.3,阳线,观望,未分类,未分类,未分类,0,20.45,20.62,20.25,21.18,22.11,20.25,18.39,布林带内,0.0,-0.07,0.15,无信号,震荡整理,否,获取公告失败
2026-05-22,603178.SH,圣龙股份,沪市主板,19.99,0.81%,开,531404,1029,0万元,0,42737.0,21.25亿,212453,0,0%,缩量,47.26万,5.6,6.0,4.1,阳线||多头排列||MA5上穿MA10,多头排列,未分类,未分类,未分类,0,22.01,21.65,20.72,18.29,23.98,20.72,17.47,布林带内,0.99,1.09,-0.21,死叉,多头排列,是,获取公告失败
2026-05-22,002128.SZ,电投能源,深市主板,29.61,1.72%,开,531178,1030,0万元,0,42259.0,14.33亿,143310,0,0%,缩量,663.73万,5.7,6.1,4.1,阳线,观望,未分类,未分类,未分类,0,0.0,0.0,0.0,0.0,0.0,0.0,0.0,未知,0.0,0.0,0.0,,未知,否,获取公告失败
2026-05-22,600166.SH,福田汽车,沪市主板,3.13,0.97%,开,530088,1031,0万元,0,42525.0,136.01亿,1360063,0,0%,缩量,247.81万,5.6,6.0,4.1,价升||布林带下轨,布林带下轨支撑,未分类,未分类,未分类,0,74.92,80.47,83.94,78.5,96.7,83.94,71.18,下轨下方,-1.93,0.58,-5.01,无信号,震荡整理,否,获取公告失败
2026-05-22,300229.SZ,拓尔思,创业板,18.37,0.66%,开,529867,1032,0万元,0,42658.0,23.47亿,234660,0,0%,缩量,160.38万,5.6,6.0,4.0,阳线||布林带下轨,布林带下轨支撑,未分类,未分类,未分类,0,92.12,95.88,96.23,100.09,112.55,96.23,79.91,下轨下方,-2.67,-0.55,-4.25,死叉,震荡整理,否,获取公告失败
2026-05-22,002893.SZ,京能热力,深市主板,11.7,2.36%,开,529331,1033,0万元,0,41752.0,35.46亿,354622,0,0%,缩量,23.73万,5.7,6.1,4.2,阳线||布林带下轨,布林带下轨支撑,未分类,未分类,未分类,0,18.92,19.21,19.14,19.96,22.96,19.14,15.32,下轨下方,-0.45,-0.08,-0.73,死叉,震荡整理,否,获取公告失败
2026-05-22,688699.SH,明微电子,科创板,64.91,4.27%,开,527865,1034,0万元,0,40650.0,634.99亿,6349920,0,0%,缩量,71.44万,5.9,6.2,4.3,阳线,观望,未分类,未分类,未分类,0,94.21,97.34,89.23,78.43,117.85,89.23,60.61,布林带内,4.35,6.31,-3.91,死叉,震荡整理,否,获取公告失败
2026-05-22,002124.SZ,天邦食品,深市主板,2.78,2.21%,开,526789,1035,0万元,0,41576.0,148.08亿,1480794,0,0%,缩量,54.83万,5.7,6.1,4.1,阳线||布林带下轨,布林带下轨支撑,未分类,未分类,未分类,0,45.91,48.24,47.85,46.32,56.93,47.85,38.78,下轨下方,-0.72,0.56,-2.56,无信号,震荡整理,否,获取公告失败
2026-05-22,000007.SZ,全新好,深市主板,12.46,7.23%,开,525704,1036,0万元,0,38956.0,30.98亿,309780,0,0%,缩量,43.17万,6.2,6.4,4.5,阳线||布林带下轨,布林带下轨支撑,未分类,未分类,未分类,0,164.43,187.4,205.69,202.24,276.58,205.69,134.81,下轨下方,-13.67,-2.44,-22.48,无信号,震荡整理,否,获取公告失败
2026-05-22,002042.SZ,华孚时尚,深市主板,4.95,5.10%,开,525017,1037,0万元,0,39954.0,82.11亿,821124,0,0%,缩量,84.18万,6.0,6.3,4.3,阳线||布林带下轨,布林带下轨支撑,未分类,未分类,未分类,0,34.65,36.06,36.95,35.32,42.92,36.95,30.98,下轨下方,-0.66,0.37,-2.06,无信号,震荡整理,否,获取公告失败
2026-05-22,002445.SZ,中南文化,深市主板,3.68,4.25%,开,524986,1038,0万元,0,40374.0,110.25亿,1102522,0,0%,缩量,87.08万,5.9,6.2,4.3,阳线,观望,未分类,未分类,未分类,0,27.17,27.95,27.36,26.16,30.16,27.36,24.56,布林带内,0.29,0.54,-0.49,无信号,震荡整理,否,获取公告失败
2026-05-22,002970.SZ,锐明技术,深市主板,72.45,1.74%,开,524546,1039,0万元,0,41584.0,5.77亿,57672,0,0%,缩量,90.69万,5.7,6.1,4.1,阳线,观望,未分类,未分类,未分类,0,0.0,0.0,0.0,0.0,0.0,0.0,0.0,未知,0.0,0.0,0.0,,未知,否,获取公告失败
2026-05-22,300251.SZ,光线传媒,创业板,13.17,0.84%,开,523611,1040,0万元,0,41940.0,32.05亿,320485,0,0%,缩量,365.52万,5.6,6.0,4.1,价升,观望,未分类,未分类,未分类,0,346.5,357.73,370.79,406.71,406.09,370.79,335.5,布林带内,-18.34,-16.24,-4.19,无信号,震荡整理,否,获取公告失败
2026-05-22,000690.SZ,宝新能源,深市主板,5.21,0.77%,开,522728,1041,0万元,0,41886.0,80.55亿,805472,0,0%,缩量,113.29万,5.6,6.0,4.1,价升,观望,未分类,未分类,未分类,0,0.0,0.0,0.0,0.0,0.0,0.0,0.0,未知,0.0,0.0,0.0,,未知,否,获取公告失败
2026-05-22,300774.SZ,倍杰特,创业板,15.45,13.77%,开,521961,1042,0万元,0,35311.0,23.84亿,238436,0,0%,缩量,30.11万,6.9,6.7,4.9,阳线,观望,未分类,未分类,未分类,0,15.01,16.19,16.77,19.41,19.25,16.77,14.28,布林带内,-0.92,-0.73,-0.38,无信号,震荡整理,否,获取公告失败
2026-05-22,603931.SH,格林达,沪市主板,54.65,10.00%,开,521880,1043,0万元,0,37186.0,7.00亿,69992,0,0%,缩量,109.06万,6.5,6.5,4.7,阳线||布林带下轨,布林带下轨支撑,未分类,未分类,未分类,0,88.81,89.15,82.16,67.15,108.36,82.16,55.96,下轨下方,5.82,7.58,-3.51,死叉,震荡整理,否,获取公告失败
2026-05-22,688786.SH,悦安新材,科创板,36.58,11.83%,开,520666,1044,0万元,0,36151.0,1013.76亿,10137629,0,0%,缩量,52.60万,6.7,6.6,4.8,阳线||布林带下轨,布林带下轨支撑,未分类,未分类,未分类,0,54.57,56.68,56.42,56.92,66.42,56.42,46.42,下轨下方,-0.99,0.36,-2.69,死叉,震荡整理,否,获取公告失败
2026-05-22,603077.SH,和邦生物,沪市主板,2.63,3.14%,开,519466,1045,0万元,0,40378.0,155.37亿,1553672,0,0%,缩量,232.27万,5.8,6.2,4.2,阳线,观望,未分类,未分类,未分类,0,36.96,37.77,39.32,40.11,43.01,39.32,35.64,布林带内,-1.04,-0.6,-0.87,无信号,震荡整理,否,获取公告失败
2026-05-22,688499.SH,利元亨,科创板,57.78,2.74%,开,518861,1046,0万元,0,40517.0,704.57亿,7045716,0,0%,缩量,97.49万,5.8,6.1,4.2,阳线||布林带下轨,布林带下轨支撑,未分类,未分类,未分类,0,76.19,76.86,77.42,75.31,87.38,77.42,67.46,下轨下方,-0.28,1.03,-2.61,死叉,震荡整理,否,获取公告失败
2026-05-22,688693.SH,锴威特,科创板,119.99,3.44%,开,517968,1047,0万元,0,40077.0,339.18亿,3391786,0,0%,缩量,46.68万,5.8,6.2,4.2,阳线,观望,未分类,未分类,未分类,0,124.15,129.86,111.19,73.9,152.44,111.19,69.93,布林带内,13.36,14.88,-3.05,无信号,震荡整理,否,获取公告失败
2026-05-22,002823.SZ,凯中精密,深市主板,17.69,10.01%,开,515722,1048,0万元,0,36566.0,21.37亿,213673,0,0%,缩量,38.72万,6.5,6.5,4.7,阳线,观望,未分类,未分类,未分类,0,0.0,0.0,0.0,0.0,0.0,0.0,0.0,未知,0.0,0.0,0.0,,未知,否,获取公告失败
2026-05-22,688261.SH,东微半导,科创板,78.79,1.40%,开,515414,1049,0万元,0,40840.0,522.23亿,5222277,0,0%,缩量,96.20万,5.6,6.1,4.1,价升||布林带下轨,布林带下轨支撑,未分类,未分类,未分类,0,138.76,147.18,142.07,146.4,178.18,142.07,105.95,下轨下方,-2.18,1.86,-8.09,死叉,震荡整理,否,获取公告失败
2026-05-22,301235.SZ,华康洁净,创业板,73.08,4.21%,开,515262,1050,0万元,0,39423.0,5.54亿,55394,0,0%,缩量,53.16万,5.9,6.2,4.3,阳线||多头排列||MA5上穿MA10,多头排列,未分类,未分类,未分类,0,73.87,69.65,61.85,54.01,80.03,61.85,43.67,布林带内,5.94,4.76,2.36,无信号,多头排列,是,获取公告失败
2026-05-22,688550.SH,瑞联新材,科创板,50.52,1.96%,开,514908,1051,0万元,0,40512.0,802.63亿,8026328,0,0%,缩量,87.83万,5.7,6.1,4.1,阳线||布林带下轨,布林带下轨支撑,未分类,未分类,未分类,0,112.7,117.19,114.15,114.65,148.2,114.15,80.11,下轨下方,-1.64,1.68,-6.64,死叉,震荡整理,否,获取公告失败
2026-05-22,002418.SZ,康盛股份,深市主板,5.6,3.70%,开,514668,1052,0万元,0,39615.0,71.78亿,717763,0,0%,缩量,63.64万,5.9,6.2,4.2,阳线,观望,未分类,未分类,未分类,0,28.85,29.76,30.04,26.67,33.22,30.04,26.86,布林带内,0.28,0.82,-1.09,无信号,震荡整理,否,获取公告失败
2026-05-22,000159.SZ,国际实业,深市主板,7.09,4.26%,开,513613,1053,0万元,0,39229.0,55.38亿,553808,0,0%,缩量,34.08万,5.9,6.2,4.3,阳线||布林带下轨,布林带下轨支撑,未分类,未分类,未分类,0,21.43,21.51,21.61,21.89,24.9,21.61,18.33,下轨下方,-0.24,0.08,-0.65,死叉,震荡整理,否,获取公告失败
2026-05-22,000532.SZ,华金资本,深市主板,13.64,10.00%,开,512980,1054,0万元,0,36298.0,27.55亿,275506,0,0%,缩量,46.86万,6.5,6.5,4.7,阳线||布林带下轨,布林带下轨支撑,未分类,未分类,未分类,0,54.44,56.41,58.96,64.42,70.03,58.96,47.88,下轨下方,-3.28,-2.1,-2.38,死叉,震荡整理,否,获取公告失败
2026-05-22,600719.SH,大连热电,沪市主板,8.87,10.05%,开,512938,1055,0万元,0,36269.0,42.63亿,426280,0,0%,缩量,35.89万,6.5,6.5,4.7,阳线,观望,未分类,未分类,未分类,0,44.58,49.38,46.29,40.13,58.5,46.29,34.09,布林带内,1.31,2.77,-2.92,无信号,震荡整理,否,获取公告失败
2026-05-22,002652.SZ,扬子新材,深市主板,6.38,7.23%,开,512864,1056,0万元,0,37673.0,59.27亿,592745,0,0%,缩量,32.67万,6.2,6.4,4.5,阳线,观望,未分类,未分类,未分类,0,31.28,31.29,29.76,25.9,35.41,29.76,24.11,布林带内,1.69,1.82,-0.25,无信号,震荡整理,否,获取公告失败
2026-05-22,603803.SH,瑞斯康达,沪市主板,15.07,2.45%,开,511536,1057,0万元,0,39930.0,26.41亿,264082,0,0%,缩量,64.03万,5.7,6.1,4.2,阳线,观望,未分类,未分类,未分类,0,16.16,16.84,16.25,14.57,18.44,16.25,14.06,布林带内,0.32,0.55,-0.47,无信号,震荡整理,否,获取公告失败
2026-05-22,002266.SZ,浙富控股,深市主板,5.53,2.03%,开,511367,1058,0万元,0,40122.0,73.30亿,732973,0,0%,缩量,267.79万,5.7,6.1,4.1,阳线,观望,未分类,未分类,未分类,0,61.34,61.73,59.51,54.83,67.69,59.51,51.33,布林带内,2.28,2.51,-0.46,无信号,震荡整理,否,获取公告失败
2026-05-22,600388.SH,龙净环保,沪市主板,19.43,0.83%,开,510801,1059,0万元,0,40665.0,20.71亿,207102,0,0%,缩量,246.77万,5.6,6.0,4.1,阳线,观望,未分类,未分类,未分类,0,0.0,0.0,0.0,0.0,0.0,0.0,0.0,未知,0.0,0.0,0.0,,未知,否,获取公告失败
2026-05-22,600737.SH,中粮糖业,沪市主板,14.35,0.35%,开,510508,1060,0万元,0,40876.0,28.54亿,285381,0,0%,缩量,306.92万,5.5,6.0,4.0,阳线||布林带下轨,布林带下轨支撑,未分类,未分类,未分类,0,192.39,198.94,198.83,198.51,220.08,198.83,177.57,下轨下方,-1.95,1.28,-6.47,无信号,震荡整理,否,获取公告失败
2026-05-22,600611.SH,大众交通,沪市主板,6.13,10.05%,开,508649,1061,0万元,0,35838.0,58.46亿,584626,0,0%,缩量,95.83万,6.5,6.5,4.7,价升||布林带下轨,布林带下轨支撑,未分类,未分类,未分类,0,829.19,862.86,888.1,947.15,1158.49,888.1,617.72,下轨下方,-43.02,-16.04,-53.96,死叉,震荡整理,否,获取公告失败
2026-05-22,688567.SH,孚能科技,科创板,14.7,1.45%,开,508336,1062,0万元,0,40109.0,2731.93亿,27319298,0,0%,缩量,179.65万,5.6,6.1,4.1,价升||布林带上轨||MA5上穿MA10,观望,未分类,未分类,未分类,0,14.16,13.9,13.9,13.75,14.63,13.9,13.17,上轨上方,0.15,0.07,0.16,无信号,震荡整理,否,获取公告失败
2026-05-22,002011.SZ,盾安环境,深市主板,12.91,4.37%,开,506137,1063,0万元,0,38431.0,30.28亿,302842,0,0%,缩量,136.79万,5.9,6.2,4.3,阳线||布林带下轨,布林带下轨支撑,未分类,未分类,未分类,0,69.39,69.85,68.5,69.65,73.97,68.5,63.04,下轨下方,0.07,0.39,-0.65,死叉,震荡整理,否,获取公告失败
2026-05-22,688484.SH,南芯科技,科创板,45.33,2.14%,开,505943,1064,0万元,0,39524.0,875.41亿,8754114,0,0%,缩量,193.86万,5.7,6.1,4.1,阳线,观望,未分类,未分类,未分类,0,46.31,46.6,43.29,40.08,51.0,43.29,35.59,布林带内,2.14,2.04,0.19,无信号,震荡整理,否,获取公告失败
2026-05-22,600339.SH,中油工程,沪市主板,3.95,1.02%,开,505915,1065,0万元,0,40080.0,101.82亿,1018202,0,0%,缩量,220.53万,5.6,6.1,4.1,阳线||布林带下轨||MA5上穿MA10,布林带下轨支撑,未分类,未分类,未分类,0,17.75,17.51,17.53,18.46,18.83,17.53,16.22,下轨下方,-0.24,-0.19,-0.09,死叉,震荡整理,否,获取公告失败
2026-05-22,601058.SH,赛轮轮胎,沪市主板,12.79,1.67%,开,505886,1066,0万元,0,39754.0,31.19亿,311912,0,0%,缩量,420.55万,5.7,6.1,4.1,阳线,观望,未分类,未分类,未分类,0,62.37,63.63,65.77,67.72,71.07,65.77,60.46,布林带内,-1.44,-1.0,-0.89,无信号,震荡整理,否,获取公告失败
2026-05-22,002455.SZ,百川股份,深市主板,9.71,1.04%,开,505322,1067,0万元,0,40012.0,41.57亿,415727,0,0%,缩量,64.16万,5.6,6.1,4.1,阳线,观望,未分类,未分类,未分类,0,58.02,59.2,61.68,72.17,67.6,61.68,55.76,布林带内,-3.67,-3.73,0.11,无信号,震荡整理,否,获取公告失败
2026-05-22,000420.SZ,吉林化纤,深市主板,4.8,2.78%,开,505178,1068,0万元,0,39126.0,82.30亿,823030,0,0%,缩量,117.99万,5.8,6.1,4.2,阳线||布林带下轨,布林带下轨支撑,未分类,未分类,未分类,0,30.18,32.5,33.43,31.82,39.21,33.43,27.66,下轨下方,-0.91,0.22,-2.25,无信号,震荡整理,否,获取公告失败
2026-05-22,300469.SZ,信息发展,创业板,55.27,0.66%,开,504798,1069,0万元,0,40152.0,7.21亿,72067,0,0%,缩量,137.13万,5.6,6.0,4.0,价升||布林带下轨,布林带下轨支撑,未分类,未分类,未分类,0,165.35,176.68,172.83,185.17,216.16,172.83,129.51,下轨下方,-5.39,-0.36,-10.05,死叉,震荡整理,否,获取公告失败
2026-05-22,603223.SH,恒通股份,沪市主板,10.7,9.97%,开,504405,1070,0万元,0,35456.0,33.74亿,337434,0,0%,缩量,75.52万,6.5,6.5,4.7,阳线||布林带下轨,布林带下轨支撑,未分类,未分类,未分类,0,34.28,35.58,36.17,36.11,46.28,36.17,26.07,下轨下方,-1.04,0.25,-2.59,死叉,震荡整理,否,获取公告失败
2026-05-22,002906.SZ,华阳集团,深市主板,32.06,1.78%,开,504108,1071,0万元,0,39522.0,12.39亿,123887,0,0%,缩量,168.19万,5.7,6.1,4.1,阳线,观望,未分类,未分类,未分类,0,0.0,0.0,0.0,0.0,0.0,0.0,0.0,未知,0.0,0.0,0.0,,未知,否,获取公告失败
2026-05-22,000758.SZ,中色股份,深市主板,7.1,5.65%,开,501743,1072,0万元,0,37347.0,53.40亿,534046,0,0%,缩量,140.78万,6.1,6.3,4.4,阳线||布林带下轨,布林带下轨支撑,未分类,未分类,未分类,0,109.35,115.42,115.6,116.76,129.03,115.6,102.17,下轨下方,-1.49,0.69,-4.35,无信号,震荡整理,否,获取公告失败
2026-05-22,688538.SH,和辉光电-U,科创板,2.38,0.42%,开,501729,1073,0万元,0,39962.0,17095.28亿,170952795,0,0%,缩量,136.90万,5.5,6.0,4.0,阳线||MA5上穿MA10,观望,未分类,未分类,未分类,0,2.34,2.33,2.3,2.36,2.39,2.3,2.2,布林带内,0.01,-0.0,0.02,无信号,震荡整理,否,获取公告失败
2026-05-22,605500.SH,森林包装,沪市主板,10.88,10.01%,开,501650,1074,0万元,0,35160.0,33.40亿,333950,0,0%,缩量,45.09万,6.5,6.5,4.7,阳线||布林带下轨,布林带下轨支撑,未分类,未分类,未分类,0,19.65,20.33,20.48,20.37,25.11,20.48,15.85,下轨下方,-0.49,0.1,-1.17,死叉,震荡整理,否,获取公告失败
2026-05-22,300349.SZ,金卡智能,创业板,14.93,4.70%,开,500562,1075,0万元,0,37707.0,25.14亿,251393,0,0%,缩量,55.20万,6.0,6.2,4.3,价升,观望,未分类,未分类,未分类,0,0.0,0.0,0.0,0.0,0.0,0.0,0.0,未知,0.0,0.0,0.0,,未知,否,获取公告失败
2026-05-22,300393.SZ,中来股份,创业板,10.27,0.59%,开,500028,1076,0万元,0,39709.0,38.30亿,382996,0,0%,缩量,98.17万,5.6,6.0,4.0,价升||布林带下轨,布林带下轨支撑,未分类,未分类,未分类,0,56.08,64.66,64.2,63.16,89.2,64.2,39.19,下轨下方,-2.8,1.14,-7.88,无信号,震荡整理,否,获取公告失败
2026-05-22,300540.SZ,蜀道装备,创业板,28.89,5.25%,开,499679,1077,0万元,0,37345.0,13.11亿,131126,0,0%,缩量,59.72万,6.0,6.3,4.3,阳线,观望,未分类,未分类,未分类,0,0.0,0.0,0.0,0.0,0.0,0.0,0.0,未知,0.0,0.0,0.0,,未知,否,获取公告失败
2026-05-22,600770.SH,综艺股份,沪市主板,6.77,2.27%,开,499589,1078,0万元,0,38826.0,58.00亿,580028,0,0%,缩量,88.01万,5.7,6.1,4.2,阳线||布林带下轨,布林带下轨支撑,未分类,未分类,未分类,0,136.6,149.82,151.72,132.48,187.41,151.72,116.04,下轨下方,0.49,6.46,-11.95,无信号,震荡整理,否,获取公告失败
2026-05-22,600113.SH,浙江东日,沪市主板,39.12,3.82%,开,499078,1079,0万元,0,37997.0,9.81亿,98078,0,0%,缩量,160.95万,5.9,6.2,4.3,阳线,观望,未分类,未分类,未分类,0,0.0,0.0,0.0,0.0,0.0,0.0,0.0,未知,0.0,0.0,0.0,,未知,否,获取公告失败
2026-05-22,688523.SH,航天环宇,科创板,68.02,2.02%,开,498414,1080,0万元,0,38829.0,577.31亿,5773145,0,0%,缩量,65.65万,5.7,6.1,4.1,阳线,观望,未分类,未分类,未分类,0,69.9,76.06,72.34,66.99,88.11,72.34,56.56,布林带内,1.13,2.56,-2.86,无信号,震荡整理,否,获取公告失败
2026-05-22,300590.SZ,移为通信,创业板,15.25,0.93%,开,497462,1081,0万元,0,39283.0,26.17亿,261708,0,0%,缩量,54.57万,5.6,6.0,4.1,阳线||布林带下轨,布林带下轨支撑,未分类,未分类,未分类,0,75.96,81.68,82.93,73.81,108.56,82.93,57.3,下轨下方,-0.87,3.2,-8.15,无信号,震荡整理,否,获取公告失败
2026-05-22,300483.SZ,首华燃气,创业板,22.12,1.28%,开,496910,1082,0万元,0,39050.0,17.72亿,177179,0,0%,缩量,84.43万,5.6,6.1,4.1,阳线||布林带下轨,布林带下轨支撑,未分类,未分类,未分类,0,36.9,37.15,38.14,37.99,46.29,38.14,29.99,下轨下方,-0.84,0.11,-1.9,死叉,震荡整理,否,获取公告失败
2026-05-22,002182.SZ,宝武镁业,深市主板,15.26,1.13%,开,496722,1083,0万元,0,39109.0,25.66亿,256607,0,0%,缩量,132.08万,5.6,6.1,4.1,阳线||布林带下轨,布林带下轨支撑,未分类,未分类,未分类,0,64.34,67.74,69.35,74.96,79.75,69.35,58.95,下轨下方,-2.83,-1.37,-2.92,无信号,震荡整理,否,获取公告失败
2026-05-22,301525.SZ,儒竞科技,创业板,84.23,0.54%,开,496425,1084,0万元,0,39374.0,4.67亿,46740,0,0%,缩量,41.61万,5.6,6.0,4.0,阳线||MA5上穿MA10,观望,未分类,未分类,未分类,0,80.28,79.24,76.59,78.43,84.75,76.59,68.43,布林带内,1.63,0.6,2.05,无信号,震荡整理,否,获取公告失败
2026-05-22,688551.SH,科威尔,科创板,67.01,5.44%,开,496062,1085,0万元,0,36884.0,563.82亿,5638186,0,0%,缩量,56.34万,6.0,6.3,4.4,阳线||多头排列||MA5上穿MA10,多头排列,未分类,未分类,未分类,0,68.51,68.1,58.98,50.45,78.6,58.98,39.35,布林带内,5.73,5.11,1.24,无信号,多头排列,是,获取公告失败
2026-05-22,300244.SZ,迪安诊断,创业板,18.32,0.88%,开,496035,1086,0万元,0,39163.0,21.47亿,214692,0,0%,缩量,91.87万,5.6,6.0,4.1,阳线||布林带下轨,布林带下轨支撑,未分类,未分类,未分类,0,186.4,193.92,196.73,199.59,215.9,196.73,177.56,下轨下方,-3.62,-1.03,-5.17,无信号,震荡整理,否,获取公告失败
2026-05-22,688155.SH,先惠技术,科创板,95.28,1.18%,开,495703,1087,0万元,0,38981.0,413.30亿,4133042,0,0%,缩量,120.47万,5.6,6.1,4.1,价升||布林带下轨,布林带下轨支撑,未分类,未分类,未分类,0,130.67,137.76,135.05,122.35,163.31,135.05,106.79,下轨下方,1.54,5.55,-8.01,无信号,震荡整理,否,获取公告失败
2026-05-22,600095.SH,湘财股份,沪市主板,9.05,2.14%,开,493812,1088,0万元,0,38309.0,43.63亿,436285,0,0%,缩量,258.76万,5.7,6.1,4.1,阳线||布林带下轨,布林带下轨支撑,未分类,未分类,未分类,0,28.87,29.66,30.04,31.89,32.75,30.04,27.34,下轨下方,-0.86,-0.56,-0.59,死叉,震荡整理,否,获取公告失败
2026-05-22,601789.SH,宁波建工,沪市主板,5.78,3.96%,开,492684,1089,0万元,0,37290.0,65.26亿,652641,0,0%,缩量,62.82万,5.9,6.2,4.3,阳线||布林带下轨,布林带下轨支撑,未分类,未分类,未分类,0,13.93,14.22,14.13,13.92,15.36,14.13,12.89,下轨下方,-0.02,0.15,-0.33,无信号,震荡整理,否,获取公告失败
2026-05-22,600732.SH,爱旭股份,沪市主板,12.71,2.09%,开,491681,1090,0万元,0,38124.0,30.35亿,303515,0,0%,缩量,266.84万,5.7,6.1,4.1,阳线||布林带下轨,布林带下轨支撑,未分类,未分类,未分类,0,81.13,89.66,96.43,100.41,122.08,96.43,70.78,下轨下方,-7.04,-2.99,-8.1,无信号,震荡整理,否,获取公告失败
2026-05-22,688231.SH,隆达股份,科创板,53.94,12.02%,开,490164,1091,0万元,0,33004.0,620.84亿,6208359,0,0%,缩量,133.15万,6.7,6.6,4.8,阳线||多头排列||MA5上穿MA10,多头排列,未分类,未分类,未分类,0,51.23,46.73,42.42,36.48,54.04,42.42,30.79,布林带内,4.35,3.27,2.16,无信号,多头排列,是,获取公告失败
2026-05-22,002194.SZ,武汉凡谷,深市主板,12.41,2.39%,开,489953,1092,0万元,0,37799.0,30.66亿,306649,0,0%,缩量,63.40万,5.7,6.1,4.2,阳线||布林带下轨,布林带下轨支撑,未分类,未分类,未分类,0,44.95,45.81,44.58,43.18,50.26,44.58,38.89,下轨下方,0.56,1.08,-1.03,死叉,震荡整理,否,获取公告失败
2026-05-22,603185.SH,弘元绿能,沪市主板,20.7,0.88%,开,489895,1093,0万元,0,38551.0,18.63亿,186261,0,0%,缩量,140.56万,5.6,6.0,4.1,阳线||布林带下轨,布林带下轨支撑,未分类,未分类,未分类,0,76.52,84.31,89.87,96.7,123.43,89.87,56.31,下轨下方,-7.82,-3.18,-9.3,无信号,震荡整理,否,获取公告失败
2026-05-22,002779.SZ,中坚科技,深市主板,76.4,3.55%,开,489745,1094,0万元,0,37199.0,4.87亿,48736,0,0%,缩量,126.68万,5.9,6.2,4.2,阳线||布林带下轨,布林带下轨支撑,未分类,未分类,未分类,0,148.07,153.95,165.44,183.96,204.44,165.44,126.44,下轨下方,-12.37,-9.52,-5.7,无信号,震荡整理,否,获取公告失败
2026-05-22,600835.SH,上海机电,沪市主板,26.0,1.25%,开,489010,1095,0万元,0,38278.0,14.85亿,148450,0,0%,缩量,209.69万,5.6,6.1,4.1,阳线||多头排列||布林带上轨||MA5上穿MA10,多头排列,未分类,未分类,未分类,0,94.77,89.7,87.27,84.95,102.76,87.27,71.77,上轨上方,3.87,1.48,4.78,无信号,多头排列,是,获取公告失败
2026-05-22,601222.SH,林洋能源,沪市主板,6.48,2.21%,开,488611,1096,0万元,0,37757.0,58.60亿,586048,0,0%,缩量,132.27万,5.7,6.1,4.1,阳线||布林带下轨,布林带下轨支撑,未分类,未分类,未分类,0,34.22,34.22,34.02,34.24,36.56,34.02,31.49,下轨下方,-0.09,0.1,-0.4,死叉,震荡整理,否,获取公告失败
2026-05-22,300552.SZ,万集科技,创业板,29.99,0.20%,开,488312,1097,0万元,0,38731.0,12.95亿,129536,0,0%,缩量,40.51万,5.5,6.0,4.0,阳线||布林带下轨,布林带下轨支撑,未分类,未分类,未分类,0,51.34,53.35,52.67,53.71,64.11,52.67,41.22,下轨下方,-0.9,0.39,-2.59,死叉,震荡整理,否,获取公告失败
2026-05-22,600674.SH,川投能源,沪市主板,14.86,0.41%,开,487837,1098,0万元,0,38581.0,26.14亿,261352,0,0%,缩量,724.37万,5.5,6.0,4.0,阳线||布林带下轨,布林带下轨支撑,未分类,未分类,未分类,0,276.19,286.13,290.71,292.8,331.47,290.71,249.94,下轨下方,-6.85,-0.64,-12.42,无信号,震荡整理,否,获取公告失败
2026-05-22,300518.SZ,新迅达,创业板,32.48,1.79%,开,487441,1099,0万元,0,37851.0,11.75亿,117483,0,0%,缩量,64.76万,5.7,6.1,4.1,价升||布林带下轨,布林带下轨支撑,未分类,未分类,未分类,0,56.25,57.65,54.12,44.6,69.57,54.12,38.67,下轨下方,2.65,4.15,-3.01,死叉,震荡整理,否,获取公告失败
2026-05-22,600733.SH,北汽蓝谷,沪市主板,6.58,0.30%,开,487364,1100,0万元,0,38584.0,59.13亿,591306,0,0%,缩量,321.87万,5.5,6.0,4.0,阳线||布林带下轨,布林带下轨支撑,未分类,未分类,未分类,0,69.39,72.4,75.01,79.06,83.09,75.01,66.92,下轨下方,-2.79,-1.72,-2.14,无信号,震荡整理,否,获取公告失败
2026-05-22,603353.SH,和顺石油,沪市主板,50.66,1.42%,开,487207,1101,0万元,0,38010.0,7.50亿,75005,0,0%,缩量,86.33万,5.6,6.1,4.1,阳线,观望,未分类,未分类,未分类,0,63.34,65.71,61.51,56.41,77.66,61.51,45.35,布林带内,2.27,3.25,-1.97,死叉,震荡整理,否,获取公告失败
2026-05-22,002270.SZ,华明装备,深市主板,22.94,0.13%,开,487134,1102,0万元,0,38648.0,16.85亿,168482,0,0%,缩量,205.59万,5.5,6.0,4.0,价升,观望,未分类,未分类,未分类,0,0.0,0.0,0.0,0.0,0.0,0.0,0.0,未知,0.0,0.0,0.0,,未知,否,获取公告失败
2026-05-22,688379.SH,华光新材,科创板,75.6,5.47%,开,486583,1103,0万元,0,35924.0,485.59亿,4855878,0,0%,缩量,68.10万,6.0,6.3,4.4,阳线,观望,未分类,未分类,未分类,0,75.43,76.59,72.06,58.08,84.75,72.06,59.37,布林带内,5.24,5.85,-1.22,无信号,震荡整理,否,获取公告失败
2026-05-22,301069.SZ,凯盛新材,创业板,23.81,4.06%,开,486383,1104,0万元,0,36606.0,15.55亿,155522,0,0%,缩量,101.61万,5.9,6.2,4.3,阳线,观望,未分类,未分类,未分类,0,0.0,0.0,0.0,0.0,0.0,0.0,0.0,未知,0.0,0.0,0.0,,未知,否,获取公告失败
2026-05-22,000889.SZ,中嘉博创,深市主板,4.23,4.44%,开,485922,1105,0万元,0,36370.0,87.43亿,874276,0,0%,缩量,36.79万,5.9,6.2,4.3,阳线||布林带下轨,布林带下轨支撑,未分类,未分类,未分类,0,20.05,23.09,23.33,19.62,30.15,23.33,16.52,下轨下方,-0.36,1.03,-2.78,无信号,震荡整理,否,获取公告失败
2026-05-22,688619.SH,罗普特,科创板,20.45,13.11%,开,485612,1106,0万元,0,32007.0,1609.98亿,16099777,0,0%,缩量,37.92万,6.8,6.7,4.9,阳线||多头排列||布林带上轨||MA5上穿MA10,多头排列,未分类,未分类,未分类,0,19.1,18.15,17.29,15.9,19.77,17.29,14.82,上轨上方,0.94,0.68,0.52,无信号,多头排列,是,获取公告失败
2026-05-22,002937.SZ,兴瑞科技,深市主板,33.82,0.80%,开,485313,1107,0万元,0,38129.0,11.31亿,113056,0,0%,缩量,100.43万,5.6,6.0,4.1,阳线||布林带下轨,布林带下轨支撑,未分类,未分类,未分类,0,54.43,55.61,55.84,49.55,67.03,55.84,44.64,下轨下方,0.21,2.04,-3.68,无信号,震荡整理,否,获取公告失败
2026-05-22,688352.SH,颀中科技,科创板,15.0,4.17%,开,485133,1108,0万元,0,36430.0,2463.18亿,24631769,0,0%,缩量,54.88万,5.9,6.2,4.3,阳线||多头排列||MA5上穿MA10,多头排列,未分类,未分类,未分类,0,15.32,14.97,14.06,13.61,16.11,14.06,12.01,布林带内,0.58,0.46,0.25,无信号,多头排列,是,获取公告失败
2026-05-22,301085.SZ,亚康股份,创业板,81.57,7.36%,开,484585,1109,0万元,0,34780.0,4.32亿,43242,0,0%,缩量,48.05万,6.2,6.4,4.5,阳线||多头排列||MA5上穿MA10,多头排列,未分类,未分类,未分类,0,82.04,80.61,77.67,68.75,86.6,77.67,68.74,布林带内,3.6,3.69,-0.18,无信号,多头排列,是,获取公告失败
2026-05-22,603960.SH,克来机电,沪市主板,23.67,9.99%,开,484473,1110,0万元,0,33452.0,14.71亿,147100,0,0%,缩量,62.06万,6.5,6.5,4.7,阳线||布林带下轨,布林带下轨支撑,未分类,未分类,未分类,0,64.77,69.43,70.62,72.52,85.37,70.62,55.86,下轨下方,-2.9,-0.57,-4.67,无信号,震荡整理,否,获取公告失败
2026-05-22,300378.SZ,鼎捷数智,创业板,40.53,0.90%,开,484240,1111,0万元,0,37976.0,9.44亿,94423,0,0%,缩量,109.23万,5.6,6.0,4.1,阳线||MA5上穿MA10,观望,未分类,未分类,未分类,0,93.66,93.6,93.14,93.8,100.09,93.14,86.19,布林带内,0.07,0.23,-0.33,无信号,震荡整理,否,获取公告失败
2026-05-22,688679.SH,通源环境,科创板,69.07,2.40%,开,483668,1112,0万元,0,37166.0,537.71亿,5377074,0,0%,缩量,90.96万,5.7,6.1,4.2,阳线||多头排列||MA5上穿MA10,多头排列,未分类,未分类,未分类,0,67.96,65.69,60.39,52.72,72.33,60.39,48.45,布林带内,4.24,3.46,1.56,无信号,多头排列,是,获取公告失败
2026-05-22,300890.SZ,翔丰华,创业板,37.53,1.93%,开,483401,1113,0万元,0,37376.0,10.08亿,100796,0,0%,缩量,40.86万,5.7,6.1,4.1,阳线,观望,未分类,未分类,未分类,0,37.89,39.04,40.53,34.52,44.6,40.53,36.46,布林带内,0.71,1.48,-1.54,无信号,震荡整理,否,获取公告失败
2026-05-22,002023.SZ,海特高新,深市主板,12.67,3.01%,开,483250,1114,0万元,0,36821.0,29.40亿,293999,0,0%,缩量,93.87万,5.8,6.2,4.2,阳线||布林带下轨,布林带下轨支撑,未分类,未分类,未分类,0,119.4,124.99,124.14,114.54,140.82,124.14,107.46,下轨下方,0.43,3.51,-6.18,无信号,震荡整理,否,获取公告失败
2026-05-22,002256.SZ,兆新股份,深市主板,4.58,2.00%,开,483092,1115,0万元,0,37307.0,82.21亿,822091,0,0%,缩量,92.26万,5.7,6.1,4.1,阳线,观望,未分类,未分类,未分类,0,71.14,73.91,71.66,64.28,80.75,71.66,62.57,布林带内,1.92,2.87,-1.91,无信号,震荡整理,否,获取公告失败
2026-05-22,300745.SZ,欣锐科技,创业板,49.6,2.86%,开,482629,1116,0万元,0,36832.0,7.47亿,74726,0,0%,缩量,70.59万,5.8,6.1,4.2,价升||多头排列||MA5上穿MA10,多头排列,未分类,未分类,未分类,0,49.48,48.56,40.98,31.22,58.7,40.98,23.26,布林带内,5.8,5.32,0.96,无信号,多头排列,是,获取公告失败
2026-05-22,300191.SZ,潜能恒信,创业板,38.29,2.96%,开,481358,1117,0万元,0,36657.0,9.62亿,96221,0,0%,缩量,84.70万,5.8,6.1,4.2,阳线||MA5上穿MA10,观望,未分类,未分类,未分类,0,156.81,153.37,160.35,162.92,182.93,160.35,137.77,布林带内,-1.47,-1.06,-0.83,无信号,震荡整理,否,获取公告失败
2026-05-22,600397.SH,江钨装备,沪市主板,13.34,4.46%,开,481037,1118,0万元,0,35872.0,27.27亿,272689,0,0%,缩量,132.06万,5.9,6.2,4.3,阳线||布林带下轨,布林带下轨支撑,未分类,未分类,未分类,0,44.88,47.51,48.41,53.33,54.66,48.41,42.17,下轨下方,-1.86,-1.09,-1.55,无信号,震荡整理,否,获取公告失败
2026-05-22,002989.SZ,中天精装,深市主板,32.51,5.18%,开,480751,1119,0万元,0,35487.0,11.10亿,111042,0,0%,缩量,59.60万,6.0,6.3,4.3,阳线,观望,未分类,未分类,未分类,0,40.2,40.52,38.01,36.27,46.55,38.01,29.46,布林带内,1.23,1.66,-0.87,死叉,震荡整理,否,获取公告失败
2026-05-22,603990.SH,麦迪科技,沪市主板,16.88,2.43%,开,480555,1120,0万元,0,36842.0,21.82亿,218217,0,0%,缩量,51.70万,5.7,6.1,4.2,阳线||布林带下轨,布林带下轨支撑,未分类,未分类,未分类,0,44.28,47.41,47.58,47.02,62.39,47.58,32.77,下轨下方,-1.69,0.35,-4.06,死叉,震荡整理,否,获取公告失败
2026-05-22,002549.SZ,凯美特气,深市主板,18.03,0.17%,开,479443,1121,0万元,0,37861.0,21.12亿,211177,0,0%,缩量,124.83万,5.5,6.0,4.0,阳线,观望,未分类,未分类,未分类,0,149.43,152.27,155.7,156.27,167.83,155.7,143.58,布林带内,-1.91,-0.5,-2.82,无信号,震荡整理,否,获取公告失败
2026-05-22,300629.SZ,新劲刚,创业板,26.59,4.07%,开,479182,1122,0万元,0,35883.0,13.62亿,136180,0,0%,缩量,57.64万,5.9,6.2,4.3,阳线||布林带下轨,布林带下轨支撑,未分类,未分类,未分类,0,62.28,64.92,65.41,63.88,77.97,65.41,52.84,下轨下方,-1.07,0.8,-3.75,无信号,震荡整理,否,获取公告失败
2026-05-22,688138.SH,清溢光电,科创板,33.78,3.49%,开,478053,1123,0万元,0,36059.0,1082.05亿,10820549,0,0%,缩量,106.34万,5.8,6.2,4.2,阳线||多头排列||MA5上穿MA10,多头排列,未分类,未分类,未分类,0,34.48,34.16,32.95,30.25,36.09,32.95,29.81,布林带内,1.29,1.3,-0.02,死叉,多头排列,是,获取公告失败
2026-05-22,002263.SZ,大东南,深市主板,3.86,4.04%,开,477985,1124,0万元,0,35777.0,94.13亿,941264,0,0%,缩量,72.50万,5.9,6.2,4.3,阳线,观望,未分类,未分类,未分类,0,17.33,17.87,18.56,18.24,20.72,18.56,16.41,布林带内,-0.59,-0.34,-0.5,无信号,震荡整理,否,获取公告失败
2026-05-22,603375.SH,盛景微,沪市主板,52.62,3.26%,开,477627,1125,0万元,0,36134.0,6.90亿,68960,0,0%,缩量,33.56万,5.8,6.2,4.2,阳线||多头排列||MA5上穿MA10,多头排列,未分类,未分类,未分类,0,50.83,49.49,46.79,41.35,53.87,46.79,39.71,布林带内,2.86,2.46,0.82,无信号,多头排列,是,获取公告失败
2026-05-22,000925.SZ,众合科技,深市主板,8.34,1.96%,开,477089,1126,0万元,0,36731.0,44.51亿,445099,0,0%,缩量,56.15万,5.7,6.1,4.1,阳线||布林带下轨,布林带下轨支撑,未分类,未分类,未分类,0,28.97,32.8,32.75,28.59,40.6,32.75,24.89,下轨下方,0.15,1.47,-2.63,无信号,震荡整理,否,获取公告失败
2026-05-22,603527.SH,众源新材,沪市主板,13.45,8.73%,开,477054,1127,0万元,0,33340.0,25.10亿,251032,0,0%,缩量,42.63万,6.4,6.4,4.6,阳线||布林带下轨,布林带下轨支撑,未分类,未分类,未分类,0,26.27,27.48,27.25,25.43,32.02,27.25,22.47,下轨下方,-0.01,0.76,-1.55,无信号,震荡整理,否,获取公告失败
2026-05-22,301538.SZ,骏鼎达,创业板,106.49,2.84%,开,476536,1128,0万元,0,36234.0,3.49亿,34941,0,0%,缩量,33.25万,5.8,6.1,4.2,阳线||多头排列||布林带下轨||MA5上穿MA10,多头排列;布林带下轨支撑,未分类,未分类,未分类,0,196.52,195.88,174.78,163.92,242.84,174.78,106.73,下轨下方,7.76,10.22,-4.91,死叉,多头排列,是,获取公告失败
2026-05-22,000751.SZ,锌业股份,深市主板,5.51,5.15%,开,476353,1129,0万元,0,35059.0,64.59亿,645868,0,0%,缩量,77.68万,6.0,6.3,4.3,阳线||布林带下轨,布林带下轨支撑,未分类,未分类,未分类,0,17.53,19.54,20.73,20.44,25.96,20.73,15.49,下轨下方,-0.93,0.0,-1.86,无信号,震荡整理,否,获取公告失败
2026-05-22,000158.SZ,常山北明,深市主板,15.45,0.19%,开,475622,1130,0万元,0,37465.0,24.45亿,244526,0,0%,缩量,245.33万,5.5,6.0,4.0,阳线||布林带下轨,布林带下轨支撑,未分类,未分类,未分类,0,42.3,44.9,46.96,49.99,54.55,46.96,39.37,下轨下方,-2.24,-1.14,-2.19,无信号,震荡整理,否,获取公告失败
2026-05-22,688316.SH,青云科技-U,科创板,73.57,5.95%,开,475427,1131,0万元,0,34569.0,479.20亿,4792028,0,0%,缩量,35.24万,6.1,6.3,4.4,阳线,观望,未分类,未分类,未分类,0,74.92,75.61,75.01,75.54,81.51,75.01,68.52,布林带内,-0.06,0.18,-0.49,无信号,震荡整理,否,获取公告失败
2026-05-22,600100.SH,同方股份,沪市主板,8.26,1.35%,开,474888,1132,0万元,0,36814.0,45.05亿,450472,0,0%,缩量,276.73万,5.6,6.1,4.1,阳线||布林带下轨,布林带下轨支撑,未分类,未分类,未分类,0,157.96,165.75,164.56,165.37,186.49,164.56,142.63,下轨下方,-2.36,0.69,-6.09,无信号,震荡整理,否,获取公告失败
2026-05-22,600529.SH,山东药玻,沪市主板,18.58,5.09%,开,474042,1133,0万元,0,34859.0,19.10亿,191032,0,0%,缩量,123.30万,6.0,6.3,4.3,阳线,观望,未分类,未分类,未分类,0,0.0,0.0,0.0,0.0,0.0,0.0,0.0,未知,0.0,0.0,0.0,,未知,否,获取公告失败
2026-05-22,300565.SZ,科信技术,创业板,14.75,4.09%,开,472645,1134,0万元,0,35218.0,23.97亿,239689,0,0%,缩量,33.66万,5.9,6.2,4.3,阳线||MA5上穿MA10,观望,未分类,未分类,未分类,0,19.83,19.3,18.17,18.42,21.12,18.17,15.22,布林带内,0.42,0.23,0.39,无信号,震荡整理,否,获取公告失败
2026-05-22,300536.SZ,农尚环境,创业板,13.46,0.98%,开,472556,1135,0万元,0,36768.0,26.60亿,265963,0,0%,缩量,39.47万,5.6,6.0,4.1,价升,观望,未分类,未分类,未分类,0,40.02,41.05,35.73,29.75,49.95,35.73,21.52,布林带内,2.84,3.54,-1.4,死叉,震荡整理,否,获取公告失败
2026-05-22,002068.SZ,黑猫股份,深市主板,10.28,2.49%,开,472302,1136,0万元,0,35984.0,34.81亿,348138,0,0%,缩量,75.56万,5.7,6.1,4.2,阳线||多头排列||MA5上穿MA10,多头排列,未分类,未分类,未分类,0,58.56,56.53,54.23,52.46,61.31,54.23,47.15,布林带内,1.88,1.56,0.66,无信号,多头排列,是,获取公告失败
2026-05-22,000533.SZ,顺钠股份,深市主板,12.32,1.73%,开,470430,1137,0万元,0,36176.0,29.49亿,294898,0,0%,缩量,84.38万,5.7,6.1,4.1,阳线,观望,未分类,未分类,未分类,0,25.79,26.84,27.12,29.44,30.68,27.12,23.56,布林带内,-1.04,-0.78,-0.52,无信号,震荡整理,否,获取公告失败
2026-05-22,603160.SH,汇顶科技,沪市主板,64.6,1.80%,开,469712,1138,0万元,0,36073.0,5.63亿,56316,0,0%,缩量,300.96万,5.7,6.1,4.1,阳线,观望,未分类,未分类,未分类,0,0.0,0.0,0.0,0.0,0.0,0.0,0.0,未知,0.0,0.0,0.0,,未知,否,获取公告失败
2026-05-22,300700.SZ,岱勒新材,创业板,20.52,7.60%,开,469657,1139,0万元,0,33164.0,16.54亿,165352,0,0%,缩量,55.53万,6.3,6.4,4.5,阳线||布林带下轨,布林带下轨支撑,未分类,未分类,未分类,0,54.72,59.55,58.19,50.77,77.47,58.19,38.91,下轨下方,0.04,2.99,-5.9,无信号,震荡整理,否,获取公告失败
2026-05-22,601858.SH,中国科传,沪市主板,26.09,0.12%,开,469655,1140,0万元,0,36908.0,14.08亿,140789,0,0%,缩量,206.24万,5.5,6.0,4.0,价升,观望,未分类,未分类,未分类,0,28.51,29.55,27.78,25.31,32.22,27.78,23.33,布林带内,0.99,1.24,-0.49,无信号,震荡整理,否,获取公告失败
2026-05-22,603232.SH,格尔软件,沪市主板,20.04,9.99%,开,468345,1141,0万元,0,31840.0,15.89亿,158883,0,0%,缩量,46.35万,6.5,6.5,4.7,价升||布林带下轨,布林带下轨支撑,未分类,未分类,未分类,0,58.84,63.48,64.81,72.7,82.43,64.81,47.18,下轨下方,-4.27,-1.99,-4.55,死叉,震荡整理,否,获取公告失败
2026-05-22,600312.SH,平高电气,沪市主板,21.26,0.81%,开,468340,1142,0万元,0,36431.0,17.20亿,171972,0,0%,缩量,288.48万,5.6,6.0,4.1,阳线||布林带下轨,布林带下轨支撑,未分类,未分类,未分类,0,125.64,129.44,130.01,129.8,142.28,130.01,117.73,下轨下方,-1.13,0.8,-3.86,无信号,震荡整理,否,获取公告失败
2026-05-22,002334.SZ,英威腾,深市主板,9.06,3.42%,开,468223,1143,0万元,0,35110.0,39.30亿,392961,0,0%,缩量,66.59万,5.8,6.2,4.2,阳线||MA5上穿MA10,观望,未分类,未分类,未分类,0,107.86,107.66,101.42,104.43,114.77,101.42,88.07,布林带内,1.99,1.22,1.56,无信号,震荡整理,否,获取公告失败
2026-05-22,301099.SZ,雅创电子,创业板,64.25,4.47%,开,467537,1144,0万元,0,34518.0,5.45亿,54549,0,0%,缩量,57.68万,5.9,6.2,4.3,阳线||布林带下轨,布林带下轨支撑,未分类,未分类,未分类,0,98.21,103.08,101.01,87.71,122.44,101.01,79.58,下轨下方,1.38,4.77,-6.79,无信号,震荡整理,否,获取公告失败
2026-05-22,300618.SZ,寒锐钴业,创业板,42.84,2.96%,开,466730,1145,0万元,0,35195.0,8.40亿,83992,0,0%,缩量,116.74万,5.8,6.1,4.2,阳线||布林带下轨,布林带下轨支撑,未分类,未分类,未分类,0,92.8,98.22,104.59,106.29,125.07,104.59,84.12,下轨下方,-4.64,-1.46,-6.35,无信号,震荡整理,否,获取公告失败
2026-05-22,300611.SZ,美力科技,创业板,28.96,4.02%,开,464474,1146,0万元,0,34436.0,12.07亿,120721,0,0%,缩量,42.95万,5.9,6.2,4.3,阳线||布林带上轨||MA5上穿MA10,观望,未分类,未分类,未分类,0,55.97,53.79,53.22,55.12,58.04,53.22,48.4,上轨上方,0.34,-0.53,1.73,无信号,震荡整理,否,获取公告失败
2026-05-22,300034.SZ,钢研高纳,创业板,20.02,2.77%,开,464460,1147,0万元,0,35060.0,17.62亿,176228,0,0%,缩量,153.56万,5.8,6.1,4.2,阳线||布林带下轨,布林带下轨支撑,未分类,未分类,未分类,0,107.79,114.62,115.86,116.72,136.79,115.86,94.93,下轨下方,-2.88,0.47,-6.69,无信号,震荡整理,否,获取公告失败
2026-05-22,601069.SH,西部黄金,沪市主板,28.13,1.77%,开,464303,1148,0万元,0,35544.0,12.76亿,127621,0,0%,缩量,249.57万,5.7,6.1,4.1,阳线,观望,未分类,未分类,未分类,0,28.76,30.9,32.11,33.67,36.89,32.11,27.34,布林带内,-1.28,-0.67,-1.23,无信号,震荡整理,否,获取公告失败
2026-05-22,301468.SZ,博盈特焊,创业板,52.27,3.10%,开,464263,1149,0万元,0,34878.0,6.64亿,66448,0,0%,缩量,39.20万,5.8,6.2,4.2,阳线,观望,未分类,未分类,未分类,0,54.81,57.54,56.78,57.17,64.78,56.78,48.77,布林带内,-0.07,0.74,-1.63,无信号,震荡整理,否,获取公告失败
2026-05-22,603124.SH,江南新材,沪市主板,126.01,6.92%,开,462310,1150,0万元,0,32769.0,2.65亿,26537,0,0%,缩量,97.79万,6.2,6.3,4.5,阳线,观望,未分类,未分类,未分类,0,121.91,125.39,127.86,115.88,138.63,127.86,117.09,布林带内,1.03,2.7,-3.34,无信号,震荡整理,否,获取公告失败
2026-05-22,688590.SH,新致软件,科创板,17.49,7.17%,开,461905,1151,0万元,0,32606.0,1929.08亿,19290811,0,0%,缩量,49.24万,6.2,6.4,4.5,阳线||多头排列||MA5上穿MA10,多头排列,未分类,未分类,未分类,0,22.08,21.74,20.79,20.01,24.22,20.79,17.36,布林带内,0.49,0.64,-0.31,死叉,多头排列,是,获取公告失败
2026-05-22,600352.SH,浙江龙盛,沪市主板,11.63,1.57%,开,461150,1152,0万元,0,35329.0,30.55亿,305465,0,0%,缩量,378.36万,5.7,6.1,4.1,阳线||布林带下轨,布林带下轨支撑,未分类,未分类,未分类,0,204.99,217.66,228.9,248.36,270.35,228.9,187.46,下轨下方,-13.02,-7.45,-11.15,无信号,震荡整理,否,获取公告失败
2026-05-22,002132.SZ,恒星科技,深市主板,5.46,3.41%,开,461105,1153,0万元,0,34406.0,63.67亿,636663,0,0%,缩量,76.40万,5.8,6.2,4.2,阳线,观望,未分类,未分类,未分类,0,31.34,32.64,30.45,25.52,36.31,30.45,24.59,布林带内,1.76,2.12,-0.72,无信号,震荡整理,否,获取公告失败
2026-05-22,002135.SZ,东南网架,深市主板,8.72,1.75%,开,460571,1154,0万元,0,35182.0,40.60亿,406038,0,0%,缩量,91.03万,5.7,6.1,4.1,阳线,观望,未分类,未分类,未分类,0,27.57,28.13,27.16,24.16,31.63,27.16,22.69,布林带内,0.96,1.21,-0.5,无信号,震荡整理,否,获取公告失败
2026-05-22,300681.SZ,英搏尔,创业板,33.57,0.96%,开,460202,1155,0万元,0,35539.0,10.66亿,106623,0,0%,缩量,77.48万,5.6,6.0,4.1,阳线||布林带下轨,布林带下轨支撑,未分类,未分类,未分类,0,84.3,90.46,89.94,75.85,117.56,89.94,62.32,下轨下方,0.3,4.83,-9.06,无信号,震荡整理,否,获取公告失败
2026-05-22,603012.SH,创力集团,沪市主板,9.74,3.18%,开,460029,1156,0万元,0,34414.0,35.15亿,351454,0,0%,缩量,62.97万,5.8,6.2,4.2,阳线,观望,未分类,未分类,未分类,0,19.96,20.38,19.84,18.53,21.47,19.84,18.22,布林带内,0.42,0.5,-0.16,无信号,震荡整理,否,获取公告失败
2026-05-22,002522.SZ,浙江众成,深市主板,6.81,4.13%,开,460012,1157,0万元,0,33937.0,50.39亿,503949,0,0%,缩量,61.63万,5.9,6.2,4.3,阳线,观望,未分类,未分类,未分类,0,58.82,61.58,59.09,55.41,67.17,59.09,51.01,布林带内,1.16,1.84,-1.37,无信号,震荡整理,否,获取公告失败
2026-05-22,300443.SZ,金雷股份,创业板,27.78,5.99%,开,459850,1158,0万元,0,32990.0,12.16亿,121627,0,0%,缩量,67.44万,6.1,6.3,4.4,阳线,观望,未分类,未分类,未分类,0,0.0,0.0,0.0,0.0,0.0,0.0,0.0,未知,0.0,0.0,0.0,,未知,否,获取公告失败
2026-05-22,688719.SH,爱科赛博,科创板,79.59,5.38%,开,459726,1159,0万元,0,33285.0,421.45亿,4214492,0,0%,缩量,71.41万,6.0,6.3,4.4,阳线,观望,未分类,未分类,未分类,0,102.85,104.64,95.59,73.54,119.85,95.59,71.34,布林带内,7.51,9.26,-3.49,死叉,震荡整理,否,获取公告失败
2026-05-22,603301.SH,振德医疗,沪市主板,92.7,2.94%,开,459204,1160,0万元,0,34449.0,3.75亿,37546,0,0%,缩量,244.61万,5.8,6.1,4.2,阳线||布林带下轨,布林带下轨支撑,未分类,未分类,未分类,0,173.01,182.56,187.24,189.73,232.24,187.24,142.25,下轨下方,-7.64,-1.01,-13.27,无信号,震荡整理,否,获取公告失败
2026-05-22,300648.SZ,星云股份,创业板,55.42,6.58%,开,458494,1161,0万元,0,32561.0,5.99亿,59863,0,0%,缩量,73.54万,6.2,6.3,4.4,阳线||布林带上轨||MA5上穿MA10,观望,未分类,未分类,未分类,0,105.96,102.92,101.55,108.37,108.45,101.55,94.65,上轨上方,0.32,-1.06,2.77,无信号,震荡整理,否,获取公告失败
2026-05-22,000966.SZ,长源电力,深市主板,4.74,0.85%,开,457395,1162,0万元,0,35314.0,74.87亿,748662,0,0%,缩量,154.60万,5.6,6.0,4.1,阳线||布林带下轨,布林带下轨支撑,未分类,未分类,未分类,0,17.62,18.3,18.14,18.32,20.77,18.14,15.5,下轨下方,-0.24,0.1,-0.7,死叉,震荡整理,否,获取公告失败
2026-05-22,600791.SH,京能置业,沪市主板,15.78,7.71%,开,457106,1163,0万元,0,31854.0,20.58亿,205847,0,0%,缩量,71.38万,6.3,6.4,4.5,阳线,观望,未分类,未分类,未分类,0,99.57,102.22,97.05,78.04,111.5,97.05,82.59,布林带内,4.94,6.62,-3.37,无信号,震荡整理,否,获取公告失败
2026-05-22,301596.SZ,瑞迪智驱,创业板,89.5,2.64%,开,456888,1164,0万元,0,34370.0,3.93亿,39338,0,0%,缩量,28.03万,5.8,6.1,4.2,阳线||多头排列||MA5上穿MA10,多头排列,未分类,未分类,未分类,0,112.98,109.18,103.54,99.9,122.58,103.54,84.5,布林带内,3.23,3.07,0.34,无信号,多头排列,是,获取公告失败
2026-05-22,600499.SH,科达制造,沪市主板,16.9,0.96%,开,456798,1165,0万元,0,35202.0,20.86亿,208604,0,0%,缩量,324.12万,5.6,6.0,4.1,价升||布林带下轨,布林带下轨支撑,未分类,未分类,未分类,0,443.09,466.56,491.79,473.36,569.1,491.79,414.48,下轨下方,-13.11,-0.76,-24.71,无信号,震荡整理,否,获取公告失败
2026-05-22,002134.SZ,天津普林,深市主板,29.64,2.45%,开,456710,1166,0万元,0,34444.0,11.68亿,116757,0,0%,缩量,73.06万,5.7,6.1,4.2,阳线||多头排列||MA5上穿MA10,多头排列,未分类,未分类,未分类,0,37.53,37.5,34.63,29.63,41.67,34.63,27.58,布林带内,2.42,2.46,-0.09,死叉,多头排列,是,获取公告失败
2026-05-22,603777.SH,来伊份,沪市主板,20.18,5.10%,开,455160,1167,0万元,0,32964.0,16.32亿,163167,0,0%,缩量,67.49万,6.0,6.3,4.3,阳线,观望,未分类,未分类,未分类,0,28.91,29.07,26.73,22.76,32.38,26.73,21.07,布林带内,1.72,1.76,-0.08,死叉,震荡整理,否,获取公告失败
2026-05-22,688376.SH,美埃科技,科创板,81.08,5.86%,开,454701,1168,0万元,0,32539.0,408.80亿,4088000,0,0%,缩量,109.66万,6.1,6.3,4.4,阳线||多头排列||MA5上穿MA10,多头排列,未分类,未分类,未分类,0,81.57,79.4,74.97,67.88,85.65,74.97,64.28,布林带内,3.54,3.13,0.83,无信号,多头排列,是,获取公告失败
2026-05-22,603823.SH,百合花,沪市主板,23.18,2.48%,开,454598,1169,0万元,0,34222.0,14.85亿,148527,0,0%,缩量,96.51万,5.7,6.1,4.2,阳线||多头排列||布林带下轨||MA5上穿MA10,多头排列;布林带下轨支撑,未分类,未分类,未分类,0,39.5,38.84,35.85,33.31,46.52,35.85,25.17,下轨下方,1.59,1.98,-0.78,死叉,多头排列,是,获取公告失败
2026-05-22,603260.SH,合盛硅业,沪市主板,40.65,2.11%,开,454290,1170,0万元,0,34374.0,8.52亿,85193,0,0%,缩量,480.57万,5.7,6.1,4.1,阳线||布林带下轨,布林带下轨支撑,未分类,未分类,未分类,0,59.87,64.11,66.94,69.43,80.01,66.94,53.86,下轨下方,-3.1,-1.02,-4.17,无信号,震荡整理,否,获取公告失败
2026-05-22,300069.SZ,金利华电,创业板,52.87,20.00%,开,454147,1171,0万元,0,25417.0,4.81亿,48074,0,0%,缩量,61.86万,7.5,7.0,5.3,价升||多头排列||布林带上轨||MA5上穿MA10,多头排列,未分类,未分类,未分类,0,76.46,63.27,54.18,44.0,86.94,54.18,21.43,上轨上方,10.69,5.36,10.65,无信号,多头排列,是,获取公告失败
2026-05-22,688227.SH,品高股份,科创板,90.05,0.61%,开,454102,1172,0万元,0,35103.0,389.20亿,3892035,0,0%,缩量,101.81万,5.6,6.0,4.0,价升,观望,未分类,未分类,未分类,0,95.16,102.58,115.64,85.97,149.22,115.64,82.06,布林带内,0.53,6.21,-11.36,无信号,震荡整理,否,获取公告失败
2026-05-22,688049.SH,炬芯科技,科创板,50.31,2.38%,开,453804,1173,0万元,0,34190.0,683.68亿,6836788,0,0%,缩量,88.13万,5.7,6.1,4.2,阳线||布林带下轨,布林带下轨支撑,未分类,未分类,未分类,0,69.71,71.66,70.68,70.17,81.6,70.68,59.77,下轨下方,-0.49,0.86,-2.7,死叉,震荡整理,否,获取公告失败
2026-05-22,600039.SH,四川路桥,沪市主板,8.1,0.25%,开,453007,1174,0万元,0,35177.0,43.61亿,436053,0,0%,缩量,704.34万,5.5,6.0,4.0,阳线||布林带下轨,布林带下轨支撑,未分类,未分类,未分类,0,91.44,96.2,103.17,113.44,131.76,103.17,74.59,下轨下方,-7.83,-4.75,-6.16,死叉,震荡整理,否,获取公告失败
2026-05-22,002310.SZ,东方新能,深市主板,2.86,0.70%,开,452561,1175,0万元,0,34904.0,122.98亿,1229767,0,0%,缩量,125.81万,5.6,6.0,4.0,阳线||布林带下轨,布林带下轨支撑,未分类,未分类,未分类,0,143.91,150.72,151.51,148.61,167.37,151.51,135.65,下轨下方,-2.36,0.16,-5.03,无信号,震荡整理,否,获取公告失败
2026-05-22,600686.SH,金龙汽车,沪市主板,14.57,3.33%,开,452436,1176,0万元,0,33577.0,23.14亿,231357,0,0%,缩量,104.47万,5.8,6.2,4.2,阳线||布林带下轨,布林带下轨支撑,未分类,未分类,未分类,0,156.21,160.06,170.88,181.39,197.6,170.88,144.15,下轨下方,-8.14,-6.19,-3.9,无信号,震荡整理,否,获取公告失败
2026-05-22,300424.SZ,航新科技,创业板,20.79,0.92%,开,452411,1177,0万元,0,34780.0,16.67亿,166721,0,0%,缩量,51.00万,5.6,6.0,4.1,价升||多头排列||MA5上穿MA10,多头排列,未分类,未分类,未分类,0,36.99,36.62,35.04,33.41,38.82,35.04,31.26,布林带内,1.26,1.0,0.52,无信号,多头排列,是,获取公告失败
2026-05-22,300145.SZ,南方泵业,创业板,5.07,2.63%,开,451817,1178,0万元,0,33866.0,67.59亿,675918,0,0%,缩量,96.88万,5.8,6.1,4.2,阳线||多头排列||MA5上穿MA10,多头排列,未分类,未分类,未分类,0,99.28,99.16,97.5,94.94,102.42,97.5,92.59,布林带内,1.36,1.5,-0.29,无信号,多头排列,是,获取公告失败
2026-05-22,000801.SZ,四川九洲,深市主板,13.74,1.78%,开,451388,1179,0万元,0,34250.0,25.25亿,252508,0,0%,缩量,139.59万,5.7,6.1,4.1,阳线||布林带下轨,布林带下轨支撑,未分类,未分类,未分类,0,186.08,195.59,197.45,211.09,224.75,197.45,170.14,下轨下方,-6.7,-3.43,-6.54,无信号,震荡整理,否,获取公告失败
2026-05-22,603373.SH,安邦护卫,沪市主板,50.15,3.08%,开,451356,1180,0万元,0,33594.0,6.64亿,66382,0,0%,缩量,22.78万,5.8,6.2,4.2,阳线||多头排列||MA5上穿MA10,多头排列,未分类,未分类,未分类,0,47.81,47.45,44.1,43.65,51.64,44.1,36.56,布林带内,1.72,1.09,1.25,无信号,多头排列,是,获取公告失败
2026-05-22,600459.SH,贵研铂业,沪市主板,19.85,3.60%,开,450856,1181,0万元,0,33285.0,16.89亿,168899,0,0%,缩量,150.80万,5.9,6.2,4.2,阳线||布林带下轨,布林带下轨支撑,未分类,未分类,未分类,0,131.19,143.07,150.27,156.32,193.24,150.27,107.3,下轨下方,-9.04,-2.34,-13.41,无信号,震荡整理,否,获取公告失败
2026-05-22,002277.SZ,友阿股份,深市主板,6.81,2.41%,开,450150,1182,0万元,0,33812.0,49.87亿,498683,0,0%,缩量,94.94万,5.7,6.1,4.2,阳线||MA5上穿MA10,观望,未分类,未分类,未分类,0,41.01,40.39,38.97,39.68,42.87,38.97,35.07,布林带内,0.95,0.53,0.83,无信号,震荡整理,否,获取公告失败
2026-05-22,300921.SZ,南凌科技,创业板,28.8,1.41%,开,449872,1183,0万元,0,34283.0,11.94亿,119353,0,0%,缩量,33.42万,5.6,6.1,4.1,价升||布林带下轨,布林带下轨支撑,未分类,未分类,未分类,0,65.71,69.41,69.34,68.44,89.59,69.34,49.09,下轨下方,-1.83,0.88,-5.42,死叉,震荡整理,否,获取公告失败
2026-05-22,301326.SZ,捷邦科技,创业板,185.34,4.11%,开,449300,1184,0万元,0,32877.0,1.80亿,17976,0,0%,缩量,133.55万,5.9,6.2,4.3,阳线,观望,未分类,未分类,未分类,0,178.37,183.49,177.8,154.34,202.08,177.8,153.51,布林带内,7.21,8.76,-3.09,无信号,震荡整理,否,获取公告失败
2026-05-22,000537.SZ,绿发电力,深市主板,10.26,0.69%,开,448484,1185,0万元,0,34505.0,33.76亿,337582,0,0%,缩量,210.92万,5.6,6.0,4.0,阳线||布林带下轨,布林带下轨支撑,未分类,未分类,未分类,0,58.09,61.47,62.27,61.66,75.84,62.27,48.71,下轨下方,-1.82,0.21,-4.07,无信号,震荡整理,否,获取公告失败
2026-05-22,603488.SH,展鹏科技,沪市主板,11.55,7.84%,开,448295,1186,0万元,0,30908.0,26.89亿,268945,0,0%,缩量,33.72万,6.3,6.4,4.5,阳线||布林带下轨,布林带下轨支撑,未分类,未分类,未分类,0,16.3,17.48,17.78,16.8,21.12,17.78,14.45,下轨下方,-0.34,0.27,-1.22,无信号,震荡整理,否,获取公告失败
2026-05-22,002544.SZ,普天科技,深市主板,23.98,2.04%,开,447322,1187,0万元,0,33711.0,14.27亿,142711,0,0%,缩量,163.18万,5.7,6.1,4.1,阳线,观望,未分类,未分类,未分类,0,153.94,159.99,161.14,167.36,175.53,161.14,146.76,布林带内,-3.33,-1.75,-3.17,无信号,震荡整理,否,获取公告失败
2026-05-22,688210.SH,统联精密,科创板,49.8,1.84%,开,446092,1188,0万元,0,33689.0,682.15亿,6821469,0,0%,缩量,80.61万,5.7,6.1,4.1,阳线||布林带下轨,布林带下轨支撑,未分类,未分类,未分类,0,89.1,93.16,92.09,92.43,113.58,92.09,70.6,下轨下方,-1.99,0.71,-5.4,死叉,震荡整理,否,获取公告失败
2026-05-22,301325.SZ,曼恩斯特,创业板,46.86,8.47%,开,444661,1189,0万元,0,30230.0,6.61亿,66101,0,0%,缩量,67.43万,6.3,6.4,4.6,阳线||布林带下轨,布林带下轨支撑,未分类,未分类,未分类,0,51.72,52.45,53.2,56.16,56.77,53.2,49.62,下轨下方,-1.09,-0.78,-0.62,死叉,震荡整理,否,获取公告失败
2026-05-22,300210.SZ,森远股份,创业板,12.08,1.60%,开,444449,1190,0万元,0,33646.0,27.98亿,279836,0,0%,缩量,58.49万,5.7,6.1,4.1,价升||多头排列||MA5上穿MA10,多头排列,未分类,未分类,未分类,0,71.06,68.5,63.13,57.07,76.97,63.13,49.28,布林带内,4.37,3.5,1.73,无信号,多头排列,是,获取公告失败
2026-05-22,603390.SH,通达电气,沪市主板,14.36,0.56%,开,444311,1191,0万元,0,34151.0,23.95亿,239490,0,0%,缩量,50.33万,5.6,6.0,4.0,阳线||多头排列||MA5上穿MA10,多头排列,未分类,未分类,未分类,0,14.8,14.57,14.32,13.08,15.61,14.32,13.03,布林带内,0.49,0.5,-0.04,死叉,多头排列,是,获取公告失败
2026-05-22,300840.SZ,酷特智能,创业板,24.64,3.23%,开,443769,1192,0万元,0,32764.0,13.38亿,133766,0,0%,缩量,43.63万,5.8,6.2,4.2,阳线||多头排列||MA5上穿MA10,多头排列,未分类,未分类,未分类,0,25.19,25.17,23.03,20.2,28.06,23.03,18.01,布林带内,1.54,1.53,0.02,无信号,多头排列,是,获取公告失败
2026-05-22,300652.SZ,雷迪克,创业板,49.28,3.81%,开,443714,1193,0万元,0,32465.0,6.77亿,67693,0,0%,缩量,59.00万,5.9,6.2,4.3,阳线||布林带下轨,布林带下轨支撑,未分类,未分类,未分类,0,62.14,62.55,60.18,60.14,70.28,60.18,50.07,下轨下方,0.51,1.05,-1.09,死叉,震荡整理,否,获取公告失败
2026-05-22,300161.SZ,华中数控,创业板,37.83,2.19%,开,443710,1194,0万元,0,33277.0,8.94亿,89435,0,0%,缩量,73.77万,5.7,6.1,4.1,阳线,观望,未分类,未分类,未分类,0,57.24,57.91,53.42,48.01,66.52,53.42,40.32,布林带内,3.32,3.3,0.05,无信号,震荡整理,否,获取公告失败
2026-05-22,300046.SZ,台基股份,创业板,33.67,2.97%,开,443441,1195,0万元,0,32861.0,9.86亿,98612,0,0%,缩量,79.64万,5.8,6.1,4.2,阳线||多头排列||布林带上轨||MA5上穿MA10,多头排列,未分类,未分类,未分类,0,134.91,132.96,128.73,126.73,140.45,128.73,117.02,上轨上方,3.23,2.14,2.19,无信号,多头排列,是,获取公告失败
2026-05-22,688209.SH,英集芯,科创板,25.63,2.77%,开,443383,1196,0万元,0,32955.0,1289.69亿,12896908,0,0%,缩量,111.18万,5.8,6.1,4.2,阳线,观望,未分类,未分类,未分类,0,26.35,26.4,25.18,22.7,28.08,25.18,22.28,布林带内,1.07,1.13,-0.11,死叉,震荡整理,否,获取公告失败
2026-05-22,600361.SH,创新新材,沪市主板,4.45,4.71%,开,443079,1197,0万元,0,31955.0,72.92亿,729233,0,0%,缩量,166.10万,6.0,6.2,4.3,阳线||布林带下轨,布林带下轨支撑,未分类,未分类,未分类,0,24.2,24.93,25.56,25.81,28.84,25.56,22.29,下轨下方,-0.61,-0.11,-1.0,无信号,震荡整理,否,获取公告失败
2026-05-22,002250.SZ,联化科技,深市主板,15.17,5.42%,开,441752,1198,0万元,0,31465.0,21.12亿,211152,0,0%,缩量,135.77万,6.0,6.3,4.4,阳线,观望,未分类,未分类,未分类,0,89.68,92.63,95.85,97.01,104.97,95.85,86.73,布林带内,-2.24,-1.27,-1.95,无信号,震荡整理,否,获取公告失败
2026-05-22,300976.SZ,达瑞电子,创业板,80.08,1.64%,开,441716,1199,0万元,0,33353.0,4.19亿,41877,0,0%,缩量,69.20万,5.7,6.1,4.1,阳线||布林带下轨,布林带下轨支撑,未分类,未分类,未分类,0,184.11,186.5,176.74,159.77,235.37,176.74,118.12,下轨下方,4.05,9.59,-11.09,死叉,震荡整理,否,获取公告失败
2026-05-22,301070.SZ,开勒股份,创业板,96.09,5.27%,开,441007,1200,0万元,0,31466.0,3.32亿,33247,0,0%,缩量,57.02万,6.0,6.3,4.4,阳线||布林带下轨,布林带下轨支撑,未分类,未分类,未分类,0,126.94,137.87,138.32,114.49,164.55,138.32,112.08,下轨下方,0.47,5.95,-10.97,无信号,震荡整理,否,获取公告失败
2026-05-22,603318.SH,水发燃气,沪市主板,9.97,0.91%,开,439704,1201,0万元,0,33515.0,33.90亿,339015,0,0%,缩量,45.77万,5.6,6.0,4.1,价升,观望,未分类,未分类,未分类,0,32.19,33.7,36.17,29.26,45.64,36.17,26.71,布林带内,0.6,1.86,-2.51,无信号,震荡整理,否,获取公告失败
2026-05-22,300327.SZ,中颖电子,创业板,27.85,3.15%,开,439690,1202,0万元,0,32395.0,11.76亿,117580,0,0%,缩量,94.37万,5.8,6.2,4.2,阳线||布林带下轨,布林带下轨支撑,未分类,未分类,未分类,0,75.56,78.42,78.85,76.81,90.36,78.85,67.33,下轨下方,-0.87,0.91,-3.57,无信号,震荡整理,否,获取公告失败
2026-05-22,603322.SH,超讯通信,沪市主板,36.37,2.34%,开,439196,1203,0万元,0,32752.0,9.08亿,90771,0,0%,缩量,57.31万,5.7,6.1,4.2,阳线||布林带下轨,布林带下轨支撑,未分类,未分类,未分类,0,69.36,70.31,68.7,67.13,79.98,68.7,57.43,下轨下方,0.11,1.29,-2.36,死叉,震荡整理,否,获取公告失败
2026-05-22,301041.SZ,金百泽,创业板,34.21,5.55%,开,438549,1204,0万元,0,31078.0,9.15亿,91452,0,0%,缩量,27.02万,6.1,6.3,4.4,阳线||多头排列||MA5上穿MA10,多头排列,未分类,未分类,未分类,0,33.73,33.58,31.88,29.56,35.88,31.88,27.87,布林带内,1.36,1.26,0.2,无信号,多头排列,是,获取公告失败
2026-05-22,600120.SH,浙江东方,沪市主板,5.12,3.85%,开,437989,1205,0万元,0,31872.0,62.21亿,622113,0,0%,缩量,174.87万,5.9,6.2,4.3,阳线||布林带下轨,布林带下轨支撑,未分类,未分类,未分类,0,284.19,320.37,344.66,369.93,468.44,344.66,220.88,下轨下方,-30.43,-11.81,-37.23,无信号,震荡整理,否,获取公告失败
2026-05-22,603726.SH,朗迪集团,沪市主板,29.0,0.69%,开,437972,1206,0万元,0,33450.0,11.54亿,115430,0,0%,缩量,53.56万,5.6,6.0,4.0,价升||多头排列||布林带下轨||MA5上穿MA10,多头排列;布林带下轨支撑,未分类,未分类,未分类,0,59.33,59.26,56.43,54.59,67.82,56.43,45.05,下轨下方,1.08,1.78,-1.41,死叉,多头排列,是,获取公告失败
2026-05-22,688798.SH,XD艾为电,科创板,73.18,3.96%,开,437128,1207,0万元,0,31731.0,440.06亿,4400628,0,0%,缩量,99.34万,5.9,6.2,4.3,阳线,观望,未分类,未分类,未分类,0,0.0,0.0,0.0,0.0,0.0,0.0,0.0,未知,0.0,0.0,0.0,,未知,否,获取公告失败
2026-05-22,688281.SH,华秦科技,科创板,82.8,3.11%,开,436626,1208,0万元,0,32106.0,390.39亿,3903942,0,0%,缩量,225.69万,5.8,6.2,4.2,阳线||布林带下轨,布林带下轨支撑,未分类,未分类,未分类,0,292.67,321.5,318.21,328.67,438.51,318.21,197.91,下轨下方,-12.97,2.44,-30.8,死叉,震荡整理,否,获取公告失败
2026-05-22,300232.SZ,洲明科技,创业板,6.29,1.62%,开,435967,1209,0万元,0,32789.0,53.57亿,535728,0,0%,缩量,55.71万,5.7,6.1,4.1,价升||布林带下轨,布林带下轨支撑,未分类,未分类,未分类,0,60.85,62.69,63.7,71.12,70.35,63.7,57.05,下轨下方,-2.78,-2.09,-1.37,死叉,震荡整理,否,获取公告失败
2026-05-22,603725.SH,天安新材,沪市主板,12.0,6.01%,开,435955,1210,0万元,0,30592.0,25.65亿,256524,0,0%,缩量,34.40万,6.1,6.3,4.4,阳线||布林带下轨,布林带下轨支撑,未分类,未分类,未分类,0,20.05,20.46,20.34,19.62,24.57,20.34,16.1,下轨下方,-0.04,0.43,-0.94,死叉,震荡整理,否,获取公告失败
2026-05-22,603991.SH,至正股份,沪市主板,117.31,0.46%,开,435002,1211,0万元,0,33269.0,2.85亿,28521,0,0%,缩量,87.44万,5.5,6.0,4.0,价升,观望,未分类,未分类,未分类,0,122.66,124.65,120.74,108.78,132.93,120.74,108.56,布林带内,3.47,4.58,-2.23,无信号,震荡整理,否,获取公告失败
2026-05-22,002805.SZ,丰元股份,深市主板,23.36,2.10%,开,434119,1212,0万元,0,32363.0,13.94亿,139383,0,0%,缩量,65.13万,5.7,6.1,4.1,阳线||布林带下轨,布林带下轨支撑,未分类,未分类,未分类,0,44.69,48.96,46.63,40.07,62.92,46.63,30.35,下轨下方,0.83,3.03,-4.39,无信号,震荡整理,否,获取公告失败
2026-05-22,000949.SZ,新乡化纤,深市主板,7.3,0.41%,开,433853,1213,0万元,0,33179.0,45.78亿,457845,0,0%,缩量,120.92万,5.5,6.0,4.0,价升||布林带下轨,布林带下轨支撑,未分类,未分类,未分类,0,32.2,34.13,34.79,33.06,39.68,34.79,29.9,下轨下方,-0.5,0.43,-1.86,无信号,震荡整理,否,获取公告失败
2026-05-22,000049.SZ,德赛电池,深市主板,27.42,3.79%,开,433755,1214,0万元,0,31483.0,11.59亿,115938,0,0%,缩量,105.44万,5.9,6.2,4.3,阳线||布林带下轨,布林带下轨支撑,未分类,未分类,未分类,0,186.59,202.07,214.54,209.98,271.77,214.54,157.31,下轨下方,-10.7,-1.37,-18.68,无信号,震荡整理,否,获取公告失败
2026-05-22,300035.SZ,中科电气,创业板,19.41,0.36%,开,433429,1215,0万元,0,33162.0,17.06亿,170601,0,0%,缩量,113.23万,5.5,6.0,4.0,阳线,观望,未分类,未分类,未分类,0,157.36,159.43,171.77,174.68,204.25,171.77,139.29,布林带内,-6.42,-5.23,-2.38,无信号,震荡整理,否,获取公告失败
2026-05-22,688582.SH,芯动联科,科创板,52.71,3.01%,开,433297,1216,0万元,0,31825.0,610.37亿,6103664,0,0%,缩量,131.89万,5.8,6.2,4.2,阳线,观望,未分类,未分类,未分类,0,0.0,0.0,0.0,0.0,0.0,0.0,0.0,未知,0.0,0.0,0.0,,未知,否,获取公告失败
2026-05-22,688709.SH,成都华微,科创板,39.68,4.95%,开,433128,1217,0万元,0,30840.0,796.45亿,7964547,0,0%,缩量,87.99万,6.0,6.2,4.3,阳线||MACD金叉,MACD金叉,未分类,未分类,未分类,0,39.57,39.86,40.48,43.49,43.82,40.48,37.13,布林带内,-1.03,-1.06,0.07,金叉,震荡整理,否,获取公告失败
2026-05-22,300913.SZ,兆龙互连,创业板,52.63,3.22%,开,432841,1218,0万元,0,31676.0,6.06亿,60599,0,0%,缩量,134.62万,5.8,6.2,4.2,阳线||布林带下轨,布林带下轨支撑,未分类,未分类,未分类,0,121.21,133.84,136.54,133.06,177.79,136.54,95.29,下轨下方,-5.75,1.07,-13.64,无信号,震荡整理,否,获取公告失败
2026-05-22,688218.SH,江苏北人,科创板,43.9,0.87%,开,432255,1219,0万元,0,32789.0,745.80亿,7458019,0,0%,缩量,51.13万,5.6,6.0,4.1,价升||多头排列||MA5上穿MA10,多头排列,未分类,未分类,未分类,0,45.03,43.74,39.06,29.14,50.3,39.06,27.82,布林带内,4.58,4.43,0.31,无信号,多头排列,是,获取公告失败
2026-05-22,688757.SH,胜科纳米,科创板,35.22,2.65%,开,432231,1220,0万元,0,31897.0,900.44亿,9004416,0,0%,缩量,63.83万,5.8,6.1,4.2,阳线||多头排列||MA5上穿MA10,多头排列,未分类,未分类,未分类,0,35.97,34.65,31.31,28.33,39.15,31.31,23.47,布林带内,2.48,2.06,0.83,无信号,多头排列,是,获取公告失败
2026-05-22,600336.SH,澳柯玛,沪市主板,8.65,7.32%,开,432160,1221,0万元,0,29556.0,34.63亿,346266,0,0%,缩量,69.03万,6.2,6.4,4.5,阳线||布林带下轨,布林带下轨支撑,未分类,未分类,未分类,0,23.47,24.11,23.49,22.87,26.89,23.49,20.09,下轨下方,0.15,0.5,-0.7,死叉,震荡整理,否,获取公告失败
2026-05-22,600776.SH,东方通信,沪市主板,15.73,0.96%,开,432033,1222,0万元,0,32722.0,20.95亿,209517,0,0%,缩量,150.38万,5.6,6.0,4.1,阳线||布林带下轨,布林带下轨支撑,未分类,未分类,未分类,0,67.95,72.87,73.51,71.01,84.26,73.51,62.76,下轨下方,-1.12,0.83,-3.9,无信号,震荡整理,否,获取公告失败
2026-05-22,600736.SH,苏州高新,沪市主板,7.55,1.62%,开,431805,1223,0万元,0,32373.0,43.01亿,430127,0,0%,缩量,86.92万,5.7,6.1,4.1,阳线||布林带下轨,布林带下轨支撑,未分类,未分类,未分类,0,185.32,204.34,205.64,175.17,248.71,205.64,162.57,下轨下方,2.04,9.89,-15.69,无信号,震荡整理,否,获取公告失败
2026-05-22,002430.SZ,杭氧股份,深市主板,27.37,0.18%,开,431635,1224,0万元,0,33072.0,12.07亿,120701,0,0%,缩量,267.66万,5.5,6.0,4.0,价升||布林带下轨,布林带下轨支撑,未分类,未分类,未分类,0,64.28,66.71,68.96,68.42,76.36,68.96,61.56,下轨下方,-1.28,-0.15,-2.26,无信号,震荡整理,否,获取公告失败
2026-05-22,600520.SH,三佳科技,沪市主板,30.43,1.10%,开,431371,1225,0万元,0,32589.0,10.68亿,106822,0,0%,缩量,48.21万,5.6,6.1,4.1,阳线||布林带下轨,布林带下轨支撑,未分类,未分类,未分类,0,68.0,69.62,68.89,62.86,76.41,68.89,61.38,下轨下方,1.19,2.4,-2.43,无信号,震荡整理,否,获取公告失败
2026-05-22,600198.SH,大唐电信,沪市主板,8.78,1.62%,开,430621,1226,0万元,0,32252.0,36.95亿,369524,0,0%,缩量,114.31万,5.7,6.1,4.1,阳线,观望,未分类,未分类,未分类,0,14.28,15.19,14.36,14.18,17.06,14.36,11.66,布林带内,0.09,0.33,-0.49,无信号,震荡整理,否,获取公告失败
2026-05-22,603110.SH,东方材料,沪市主板,23.84,5.35%,开,429934,1227,0万元,0,30320.0,13.01亿,130132,0,0%,缩量,47.97万,6.0,6.3,4.4,阳线||布林带下轨,布林带下轨支撑,未分类,未分类,未分类,0,44.71,47.68,45.36,38.31,56.12,45.36,34.6,下轨下方,1.73,3.11,-2.76,无信号,震荡整理,否,获取公告失败
2026-05-22,601992.SH,金隅集团,沪市主板,1.68,9.80%,开,429759,1228,0万元,0,28074.0,169.15亿,1691542,0,0%,缩量,140.01万,6.5,6.5,4.7,阳线||布林带下轨,布林带下轨支撑,未分类,未分类,未分类,0,4.45,4.64,4.77,5.06,5.34,4.77,4.19,下轨下方,-0.19,-0.11,-0.16,无信号,震荡整理,否,获取公告失败
2026-05-22,300638.SZ,广和通,创业板,23.46,0.43%,开,429320,1229,0万元,0,32718.0,13.84亿,138402,0,0%,缩量,124.44万,5.5,6.0,4.0,价升||布林带下轨,布林带下轨支撑,未分类,未分类,未分类,0,175.7,192.17,198.13,218.44,277.14,198.13,119.13,下轨下方,-16.08,-6.12,-19.93,死叉,震荡整理,否,获取公告失败
2026-05-22,002545.SZ,东方铁塔,深市主板,23.16,1.22%,开,429298,1230,0万元,0,32318.0,14.04亿,140441,0,0%,缩量,261.75万,5.6,6.1,4.1,阳线||MACD金叉||多头排列||布林带上轨||MA5上穿MA10,MACD金叉;多头排列,未分类,未分类,未分类,0,167.6,145.17,131.59,123.61,243.9,131.59,19.29,上轨上方,20.66,5.24,30.82,金叉,多头排列,是,获取公告失败
2026-05-22,600379.SH,宝光股份,沪市主板,13.54,1.73%,开,429160,1231,0万元,0,32052.0,23.79亿,237917,0,0%,缩量,44.71万,5.7,6.1,4.1,阳线||布林带下轨,布林带下轨支撑,未分类,未分类,未分类,0,36.44,43.07,41.7,36.52,57.79,41.7,25.6,下轨下方,-0.09,2.42,-5.01,无信号,震荡整理,否,获取公告失败
2026-05-22,688353.SH,华盛锂电,科创板,95.51,0.75%,开,427574,1232,0万元,0,32383.0,342.21亿,3422071,0,0%,缩量,152.34万,5.6,6.0,4.0,阳线||布林带下轨,布林带下轨支撑,未分类,未分类,未分类,0,134.57,143.3,156.83,164.08,196.26,156.83,117.39,下轨下方,-11.83,-6.81,-10.05,无信号,震荡整理,否,获取公告失败
2026-05-22,300217.SZ,东方电热,创业板,5.53,2.98%,开,427127,1233,0万元,0,31223.0,56.84亿,568352,0,0%,缩量,68.65万,5.8,6.1,4.2,阳线,观望,未分类,未分类,未分类,0,70.77,71.09,69.59,70.41,73.35,69.59,65.83,布林带内,0.42,0.28,0.29,无信号,震荡整理,否,获取公告失败
2026-05-22,603011.SH,合锻智能,沪市主板,19.81,2.64%,开,426172,1234,0万元,0,31296.0,15.99亿,159937,0,0%,缩量,97.94万,5.8,6.1,4.2,阳线,观望,未分类,未分类,未分类,0,40.97,42.58,42.85,45.73,46.11,42.85,39.59,布林带内,-0.95,-0.66,-0.58,无信号,震荡整理,否,获取公告失败
2026-05-22,603341.SH,龙旗科技,沪市主板,37.65,2.23%,开,426102,1235,0万元,0,31497.0,8.43亿,84339,0,0%,缩量,100.23万,5.7,6.1,4.1,阳线,观望,未分类,未分类,未分类,0,38.89,39.8,39.09,40.6,41.74,39.09,36.43,布林带内,-0.27,-0.15,-0.23,无信号,震荡整理,否,获取公告失败
2026-05-22,002576.SZ,通达动力,深市主板,19.65,3.91%,开,425436,1236,0万元,0,30587.0,16.05亿,160477,0,0%,缩量,31.84万,5.9,6.2,4.3,阳线||多头排列||MA5上穿MA10,多头排列,未分类,未分类,未分类,0,25.95,25.79,25.53,25.37,26.42,25.53,24.64,布林带内,0.21,0.16,0.1,无信号,多头排列,是,获取公告失败
2026-05-22,300018.SZ,中元股份,创业板,14.97,3.17%,开,424681,1237,0万元,0,30883.0,20.75亿,207529,0,0%,缩量,53.99万,5.8,6.2,4.2,阳线||多头排列||MA5上穿MA10,多头排列,未分类,未分类,未分类,0,96.88,94.49,92.13,85.89,100.87,92.13,83.39,布林带内,3.1,2.72,0.75,无信号,多头排列,是,获取公告失败
2026-05-22,603125.SH,常青科技,沪市主板,26.39,1.62%,开,424266,1238,0万元,0,31618.0,12.00亿,120028,0,0%,缩量,106.84万,5.7,6.1,4.1,价升||布林带下轨,布林带下轨支撑,未分类,未分类,未分类,0,51.68,51.9,48.86,42.12,64.44,48.86,33.27,下轨下方,2.03,3.47,-2.89,死叉,震荡整理,否,获取公告失败
2026-05-22,688131.SH,皓元医药,科创板,75.62,0.79%,开,424211,1239,0万元,0,32028.0,425.50亿,4254986,0,0%,缩量,160.39万,5.6,6.0,4.1,阳线||布林带下轨,布林带下轨支撑,未分类,未分类,未分类,0,177.62,187.39,195.48,192.29,252.77,195.48,138.19,下轨下方,-9.34,-1.37,-15.94,死叉,震荡整理,否,获取公告失败
2026-05-22,002392.SZ,北京利尔,深市主板,9.14,2.01%,开,423384,1240,0万元,0,31334.0,34.39亿,343883,0,0%,缩量,105.80万,5.7,6.1,4.1,阳线,观望,未分类,未分类,未分类,0,80.35,84.09,80.24,68.57,92.52,80.24,67.96,布林带内,3.53,4.96,-2.86,无信号,震荡整理,否,获取公告失败
2026-05-22,688692.SH,达梦数据,科创板,261.68,2.53%,开,423345,1241,0万元,0,31071.0,120.02亿,1200198,0,0%,缩量,191.38万,5.8,6.1,4.2,阳线||布林带下轨,布林带下轨支撑,未分类,未分类,未分类,0,367.9,389.55,392.31,364.36,462.49,392.31,322.13,下轨下方,-2.71,9.53,-24.48,无信号,震荡整理,否,获取公告失败
2026-05-22,601216.SH,君正集团,沪市主板,5.43,2.07%,开,423078,1242,0万元,0,31274.0,57.82亿,578151,0,0%,缩量,458.18万,5.7,6.1,4.1,阳线||布林带下轨,布林带下轨支撑,未分类,未分类,未分类,0,79.73,81.71,82.37,84.96,89.52,82.37,75.23,下轨下方,-1.41,-0.42,-1.98,无信号,震荡整理,否,获取公告失败
2026-05-22,600933.SH,爱柯迪,沪市主板,17.61,0.63%,开,423032,1243,0万元,0,31989.0,18.18亿,181781,0,0%,缩量,172.76万,5.6,6.0,4.0,价升||布林带下轨,布林带下轨支撑,未分类,未分类,未分类,0,19.01,19.35,19.16,19.21,20.29,19.16,18.02,下轨下方,-0.04,0.06,-0.2,无信号,震荡整理,否,获取公告失败
2026-05-22,002683.SZ,广东宏大,深市主板,36.26,0.72%,开,422701,1244,0万元,0,31909.0,8.77亿,87678,0,0%,缩量,241.69万,5.6,6.0,4.0,阳线,观望,未分类,未分类,未分类,0,0.0,0.0,0.0,0.0,0.0,0.0,0.0,未知,0.0,0.0,0.0,,未知,否,获取公告失败
2026-05-22,002446.SZ,盛路通信,深市主板,10.42,3.27%,开,422202,1245,0万元,0,30585.0,29.64亿,296420,0,0%,缩量,88.34万,5.8,6.2,4.2,阳线,观望,未分类,未分类,未分类,0,51.91,52.81,51.81,51.18,55.94,51.81,47.67,布林带内,0.33,0.53,-0.4,无信号,震荡整理,否,获取公告失败
2026-05-22,301051.SZ,信濠光电,创业板,26.22,0.81%,开,421926,1246,0万元,0,31789.0,12.16亿,121609,0,0%,缩量,42.30万,5.6,6.0,4.1,价升||布林带下轨,布林带下轨支撑,未分类,未分类,未分类,0,56.64,61.44,60.98,57.91,78.52,60.98,43.43,下轨下方,-1.13,1.39,-5.04,死叉,震荡整理,否,获取公告失败
2026-05-22,002845.SZ,同兴达,深市主板,15.61,0.84%,开,421568,1247,0万元,0,31737.0,20.56亿,205642,0,0%,缩量,39.06万,5.6,6.0,4.1,阳线||布林带下轨,布林带下轨支撑,未分类,未分类,未分类,0,42.28,42.59,42.16,41.97,48.37,42.16,35.95,下轨下方,-0.09,0.45,-1.07,死叉,震荡整理,否,获取公告失败
2026-05-22,300582.SZ,英飞特,创业板,16.65,0.91%,开,421185,1248,0万元,0,31664.0,19.18亿,191757,0,0%,缩量,36.89万,5.6,6.0,4.1,阳线||布林带下轨,布林带下轨支撑,未分类,未分类,未分类,0,37.23,37.35,35.75,34.59,43.91,35.75,27.6,下轨下方,0.7,1.3,-1.19,死叉,震荡整理,否,获取公告失败
2026-05-22,603327.SH,福蓉科技,沪市主板,10.85,4.33%,开,421134,1249,0万元,0,29950.0,28.01亿,280059,0,0%,缩量,113.43万,5.9,6.2,4.3,阳线||布林带下轨,布林带下轨支撑,未分类,未分类,未分类,0,24.95,26.76,27.6,26.73,35.6,27.6,19.61,下轨下方,-1.05,0.22,-2.55,无信号,震荡整理,否,获取公告失败
2026-05-22,002108.SZ,沧州明珠,深市主板,5.3,2.51%,开,420932,1250,0万元,0,30836.0,58.63亿,586255,0,0%,缩量,87.32万,5.8,6.1,4.2,阳线||布林带下轨,布林带下轨支撑,未分类,未分类,未分类,0,89.6,94.3,95.08,87.86,103.93,95.08,86.22,下轨下方,0.06,1.83,-3.55,无信号,震荡整理,否,获取公告失败
2026-05-22,300658.SZ,延江股份,创业板,12.97,3.93%,开,420901,1251,0万元,0,30127.0,23.32亿,233172,0,0%,缩量,28.64万,5.9,6.2,4.3,价升||布林带下轨,布林带下轨支撑,未分类,未分类,未分类,0,38.29,48.19,54.54,64.25,77.58,54.54,31.5,下轨下方,-7.72,-4.11,-7.23,无信号,震荡整理,否,获取公告失败
2026-05-22,301302.SZ,华如科技,创业板,27.97,1.93%,开,420707,1252,0万元,0,31105.0,11.10亿,110957,0,0%,缩量,38.88万,5.7,6.1,4.1,阳线||布林带下轨||MA5上穿MA10,布林带下轨支撑,未分类,未分类,未分类,0,39.26,39.25,38.27,39.38,44.94,38.27,31.6,下轨下方,0.24,0.71,-0.94,死叉,震荡整理,否,获取公告失败
2026-05-22,600741.SH,华域汽车,沪市主板,17.04,0.06%,开,419383,1253,0万元,0,31909.0,18.77亿,187730,0,0%,缩量,537.22万,5.5,6.0,4.0,价升||布林带下轨,布林带下轨支撑,未分类,未分类,未分类,0,802.22,842.49,884.42,910.06,1051.4,884.42,717.45,下轨下方,-43.52,-19.72,-47.6,无信号,震荡整理,否,获取公告失败
2026-05-22,600871.SH,石化油服,沪市主板,2.44,1.67%,开,418883,1254,0万元,0,31055.0,128.44亿,1284438,0,0%,缩量,330.55万,5.7,6.1,4.1,阳线||布林带下轨,布林带下轨支撑,未分类,未分类,未分类,0,5.81,6.07,6.3,7.14,7.42,6.3,5.17,下轨下方,-0.37,-0.23,-0.28,无信号,震荡整理,否,获取公告失败
2026-05-22,300872.SZ,天阳科技,创业板,20.5,0.59%,开,418084,1255,0万元,0,31514.0,15.44亿,154426,0,0%,缩量,86.52万,5.6,6.0,4.0,价升||布林带下轨,布林带下轨支撑,未分类,未分类,未分类,0,34.42,35.84,33.49,31.94,43.28,33.49,23.7,下轨下方,0.58,1.4,-1.64,死叉,震荡整理,否,获取公告失败
2026-05-22,301218.SZ,华是科技,创业板,37.6,4.47%,开,416837,1256,0万元,0,29447.0,7.84亿,78411,0,0%,缩量,26.35万,5.9,6.2,4.3,阳线||布林带下轨,布林带下轨支撑,未分类,未分类,未分类,0,50.1,50.75,51.77,52.66,59.13,51.77,44.4,下轨下方,-1.18,-0.37,-1.62,死叉,震荡整理,否,获取公告失败
2026-05-22,002106.SZ,莱宝高科,深市主板,11.41,5.65%,开,416680,1257,0万元,0,28844.0,25.79亿,257872,0,0%,缩量,80.43万,6.1,6.3,4.4,阳线,观望,未分类,未分类,未分类,0,40.93,41.27,40.94,42.25,42.55,40.94,39.34,布林带内,-0.14,-0.1,-0.09,死叉,震荡整理,否,获取公告失败
2026-05-22,002725.SZ,跃岭股份,深市主板,16.54,9.97%,开,415707,1258,0万元,0,26584.0,16.57亿,165697,0,0%,缩量,35.46万,6.5,6.5,4.7,阳线,观望,未分类,未分类,未分类,0,43.73,44.75,44.66,43.43,47.61,44.66,41.7,布林带内,0.1,0.51,-0.83,无信号,震荡整理,否,获取公告失败
2026-05-22,000683.SZ,博源化工,深市主板,7.5,0.40%,开,414908,1259,0万元,0,31290.0,41.53亿,415342,0,0%,缩量,250.66万,5.5,6.0,4.0,阳线||布林带下轨,布林带下轨支撑,未分类,未分类,未分类,0,60.82,65.93,70.29,72.95,85.03,70.29,55.56,下轨下方,-3.95,-1.6,-4.69,无信号,震荡整理,否,获取公告失败
2026-05-22,301361.SZ,众智科技,创业板,46.04,2.65%,开,414886,1260,0万元,0,30162.0,6.70亿,67022,0,0%,缩量,25.94万,5.8,6.1,4.2,阳线||多头排列||MA5上穿MA10,多头排列,未分类,未分类,未分类,0,44.66,42.62,39.85,39.71,46.61,39.85,33.09,布林带内,1.81,1.02,1.58,无信号,多头排列,是,获取公告失败
2026-05-22,002768.SZ,国恩股份,深市主板,64.14,0.79%,开,414688,1261,0万元,0,31076.0,4.85亿,48522,0,0%,缩量,113.37万,5.6,6.0,4.1,阳线||多头排列||MA5上穿MA10,多头排列,未分类,未分类,未分类,0,196.53,192.99,180.06,165.18,208.59,180.06,151.53,布林带内,10.21,8.89,2.65,无信号,多头排列,是,获取公告失败
2026-05-22,688408.SH,中信博,科创板,38.77,3.80%,开,414519,1262,0万元,0,29551.0,761.88亿,7618779,0,0%,缩量,84.93万,5.9,6.2,4.3,阳线||布林带下轨,布林带下轨支撑,未分类,未分类,未分类,0,55.65,58.27,61.21,62.96,72.81,61.21,49.61,下轨下方,-2.54,-0.93,-3.21,无信号,震荡整理,否,获取公告失败
2026-05-22,300628.SZ,亿联网络,创业板,38.01,1.69%,开,412886,1263,0万元,0,30446.0,8.10亿,81046,0,0%,缩量,275.86万,5.7,6.1,4.1,阳线||布林带下轨,布林带下轨支撑,未分类,未分类,未分类,0,636.16,701.11,719.32,702.65,986.89,719.32,451.75,下轨下方,-35.17,4.85,-80.04,无信号,震荡整理,否,获取公告失败
2026-05-22,600366.SH,宁波韵升,沪市主板,13.11,2.90%,开,412851,1264,0万元,0,29833.0,22.94亿,229423,0,0%,缩量,144.08万,5.8,6.1,4.2,阳线||布林带下轨,布林带下轨支撑,未分类,未分类,未分类,0,130.08,134.55,134.96,133.05,146.18,134.96,123.74,下轨下方,-0.87,1.1,-3.94,无信号,震荡整理,否,获取公告失败
2026-05-22,600962.SH,国投中鲁,沪市主板,26.36,2.01%,开,412621,1265,0万元,0,30256.0,11.68亿,116804,0,0%,缩量,69.12万,5.7,6.1,4.1,阳线||多头排列||MA5上穿MA10,多头排列,未分类,未分类,未分类,0,44.62,44.13,41.56,37.8,48.64,41.56,34.48,布林带内,1.9,2.07,-0.33,死叉,多头排列,是,获取公告失败
2026-05-22,600506.SH,统一股份,沪市主板,18.3,2.18%,开,411647,1266,0万元,0,30076.0,16.50亿,164951,0,0%,缩量,45.68万,5.7,6.1,4.1,阳线,观望,未分类,未分类,未分类,0,0.0,0.0,0.0,0.0,0.0,0.0,0.0,未知,0.0,0.0,0.0,,未知,否,获取公告失败
2026-05-22,603458.SH,勘设股份,沪市主板,13.98,3.33%,开,411289,1267,0万元,0,29466.0,21.35亿,213456,0,0%,缩量,42.80万,5.8,6.2,4.2,阳线||布林带下轨,布林带下轨支撑,未分类,未分类,未分类,0,32.98,35.54,34.96,32.41,45.53,34.96,24.38,下轨下方,-0.46,1.09,-3.09,死叉,震荡整理,否,获取公告失败
2026-05-22,002903.SZ,宇环数控,深市主板,44.64,0.20%,开,410900,1268,0万元,0,30989.0,6.94亿,69444,0,0%,缩量,47.62万,5.5,6.0,4.0,阳线,观望,未分类,未分类,未分类,0,70.15,71.62,64.22,50.67,83.67,64.22,44.76,布林带内,5.83,6.35,-1.04,无信号,震荡整理,否,获取公告失败
2026-05-22,688228.SH,开普云,科创板,109.21,2.26%,开,410132,1269,0万元,0,29885.0,278.07亿,2780674,0,0%,缩量,73.77万,5.7,6.1,4.2,阳线||MA5上穿MA10,观望,未分类,未分类,未分类,0,112.61,110.9,109.25,112.88,117.69,109.25,100.8,布林带内,0.08,-0.4,0.96,无信号,震荡整理,否,获取公告失败
2026-05-22,603899.SH,晨光股份,沪市主板,22.48,6.34%,开,409693,1270,0万元,0,27800.0,12.58亿,125820,0,0%,缩量,207.03万,6.1,6.3,4.4,阳线,观望,未分类,未分类,未分类,0,0.0,0.0,0.0,0.0,0.0,0.0,0.0,未知,0.0,0.0,0.0,,未知,否,获取公告失败
2026-05-22,688319.SH,欧林生物,科创板,36.96,3.47%,开,409247,1271,0万元,0,29189.0,798.49亿,7984861,0,0%,缩量,149.84万,5.8,6.2,4.2,阳线||多头排列||MA5上穿MA10,多头排列,未分类,未分类,未分类,0,38.52,38.42,34.72,31.0,43.56,34.72,25.87,布林带内,2.31,2.26,0.08,无信号,多头排列,是,获取公告失败
2026-05-22,688486.SH,龙迅股份,科创板,86.85,2.81%,开,408986,1272,0万元,0,29496.0,342.28亿,3422814,0,0%,缩量,116.14万,5.8,6.1,4.2,阳线||布林带下轨,布林带下轨支撑,未分类,未分类,未分类,0,153.7,158.8,155.9,138.21,192.35,155.9,119.46,下轨下方,2.53,7.68,-10.3,死叉,震荡整理,否,获取公告失败
2026-05-22,688303.SH,大全能源,科创板,20.65,1.47%,开,408831,1273,0万元,0,30146.0,1475.23亿,14752294,0,0%,缩量,442.98万,5.6,6.1,4.1,阳线||布林带下轨,布林带下轨支撑,未分类,未分类,未分类,0,24.71,25.85,26.61,26.91,29.84,26.61,23.38,下轨下方,-0.74,-0.21,-1.06,无信号,震荡整理,否,获取公告失败
2026-05-22,301228.SZ,实朴检测,创业板,67.98,3.03%,开,408146,1274,0万元,0,29299.0,4.31亿,43112,0,0%,缩量,81.20万,5.8,6.2,4.2,阳线||多头排列||MA5上穿MA10,多头排列,未分类,未分类,未分类,0,66.8,64.52,60.58,50.28,70.61,60.58,50.55,布林带内,4.5,4.11,0.77,无信号,多头排列,是,获取公告失败
2026-05-22,301076.SZ,新瀚新材,创业板,32.77,4.76%,开,407687,1275,0万元,0,28387.0,8.79亿,87873,0,0%,缩量,49.72万,6.0,6.2,4.3,阳线,观望,未分类,未分类,未分类,0,0.0,0.0,0.0,0.0,0.0,0.0,0.0,未知,0.0,0.0,0.0,,未知,否,获取公告失败
2026-05-22,600483.SH,福能股份,沪市主板,10.75,1.99%,开,407512,1276,0万元,0,29755.0,27.99亿,279877,0,0%,缩量,298.87万,5.7,6.1,4.1,阳线||布林带下轨,布林带下轨支撑,未分类,未分类,未分类,0,29.57,30.24,30.1,30.59,35.11,30.1,25.09,下轨下方,-0.55,0.04,-1.18,死叉,震荡整理,否,获取公告失败
2026-05-22,000899.SZ,赣能股份,深市主板,13.08,1.95%,开,406202,1277,0万元,0,29646.0,22.76亿,227585,0,0%,缩量,127.62万,5.7,6.1,4.1,阳线||布林带下轨,布林带下轨支撑,未分类,未分类,未分类,0,40.99,42.18,42.13,43.0,47.02,42.13,37.23,下轨下方,-0.61,0.04,-1.31,无信号,震荡整理,否,获取公告失败
2026-05-22,603297.SH,永新光学,沪市主板,147.51,1.49%,开,405700,1278,0万元,0,29827.0,2.03亿,20317,0,0%,缩量,163.34万,5.6,6.1,4.1,阳线,观望,未分类,未分类,未分类,0,186.34,187.77,174.77,160.0,209.79,174.77,139.74,布林带内,7.72,9.06,-2.66,死叉,震荡整理,否,获取公告失败
2026-05-22,002276.SZ,万马股份,深市主板,13.01,1.01%,开,405626,1279,0万元,0,30058.0,23.14亿,231414,0,0%,缩量,131.02万,5.6,6.1,4.1,阳线,观望,未分类,未分类,未分类,0,49.88,50.69,51.15,55.13,54.34,51.15,47.96,布林带内,-1.22,-1.14,-0.17,无信号,震荡整理,否,获取公告失败
2026-05-22,603000.SH,人民网,沪市主板,18.23,0.11%,开,404839,1280,0万元,0,30429.0,16.79亿,167901,0,0%,缩量,201.57万,5.5,6.0,4.0,阳线||布林带下轨,布林带下轨支撑,未分类,未分类,未分类,0,80.02,82.34,83.39,86.4,89.0,83.39,77.79,下轨下方,-1.85,-1.15,-1.4,无信号,震荡整理,否,获取公告失败
2026-05-22,600530.SH,交大昂立,沪市主板,7.52,9.94%,开,403767,1281,0万元,0,25406.0,34.22亿,342168,0,0%,缩量,58.27万,6.5,6.5,4.7,阳线,观望,未分类,未分类,未分类,0,39.61,40.92,36.01,33.72,47.07,36.01,24.95,布林带内,2.22,2.18,0.07,无信号,震荡整理,否,获取公告失败
2026-05-22,688577.SH,浙海德曼,科创板,94.95,1.32%,开,403236,1282,0万元,0,29662.0,316.77亿,3167663,0,0%,缩量,105.66万,5.6,6.1,4.1,阳线||多头排列||布林带下轨||MA5上穿MA10,多头排列;布林带下轨支撑,未分类,未分类,未分类,0,160.15,158.98,151.82,139.86,191.52,151.82,112.11,下轨下方,4.36,6.94,-5.16,死叉,多头排列,是,获取公告失败
2026-05-22,301168.SZ,通灵股份,创业板,48.36,6.38%,开,403236,1282,0万元,0,27134.0,5.73亿,57303,0,0%,缩量,46.09万,6.1,6.3,4.4,阳线||多头排列||布林带上轨||MA5上穿MA10,多头排列,未分类,未分类,未分类,0,46.78,45.68,44.52,43.34,48.18,44.52,40.86,上轨上方,0.98,0.62,0.71,无信号,多头排列,是,获取公告失败
2026-05-22,300986.SZ,志特新材,创业板,21.05,1.15%,开,403226,1283,0万元,0,29746.0,14.18亿,141811,0,0%,缩量,86.65万,5.6,6.1,4.1,价升||布林带下轨,布林带下轨支撑,未分类,未分类,未分类,0,55.98,62.46,66.09,73.42,88.11,66.09,44.08,下轨下方,-5.83,-2.61,-6.43,无信号,震荡整理,否,获取公告失败
2026-05-22,301587.SZ,中瑞股份,创业板,29.09,8.26%,开,402910,1284,0万元,0,26160.0,9.15亿,91510,0,0%,缩量,21.37万,6.3,6.4,4.6,阳线,观望,未分类,未分类,未分类,0,28.37,28.47,29.08,26.99,31.05,29.08,27.11,布林带内,0.18,0.4,-0.43,无信号,震荡整理,否,获取公告失败
2026-05-22,603069.SH,海汽集团,沪市主板,19.01,3.04%,开,402626,1285,0万元,0,28745.0,15.49亿,154900,0,0%,缩量,60.07万,5.8,6.2,4.2,阳线||布林带上轨||MA5上穿MA10,观望,未分类,未分类,未分类,0,18.47,18.05,17.57,18.48,18.99,17.57,16.15,上轨上方,0.17,-0.07,0.48,无信号,震荡整理,否,获取公告失败
2026-05-22,002064.SZ,华峰化学,深市主板,10.4,1.36%,开,402252,1286,0万元,0,29543.0,28.49亿,284913,0,0%,缩量,515.01万,5.6,6.1,4.1,阳线||布林带下轨,布林带下轨支撑,未分类,未分类,未分类,0,120.39,125.46,128.85,127.87,140.25,128.85,117.45,下轨下方,-2.14,-0.34,-3.59,无信号,震荡整理,否,获取公告失败
2026-05-22,300493.SZ,润欣科技,创业板,16.99,2.97%,开,402098,1287,0万元,0,28725.0,17.20亿,171993,0,0%,缩量,86.07万,5.8,6.1,4.2,阳线||布林带下轨,布林带下轨支撑,未分类,未分类,未分类,0,60.75,62.64,62.52,63.93,72.27,62.52,52.77,下轨下方,-1.14,0.08,-2.43,死叉,震荡整理,否,获取公告失败
2026-05-22,603338.SH,浙江鼎力,沪市主板,55.69,1.72%,开,401804,1288,0万元,0,29322.0,5.26亿,52644,0,0%,缩量,281.99万,5.7,6.1,4.1,阳线||布林带下轨,布林带下轨支撑,未分类,未分类,未分类,0,359.7,386.32,391.78,385.33,489.68,391.78,293.87,下轨下方,-10.7,4.02,-29.44,无信号,震荡整理,否,获取公告失败
2026-05-22,600685.SH,中船防务,沪市主板,30.0,0.23%,开,400149,1289,0万元,0,29898.0,9.94亿,99354,0,0%,缩量,246.43万,5.5,6.0,4.0,价升||布林带下轨,布林带下轨支撑,未分类,未分类,未分类,0,52.06,53.77,54.67,55.4,58.92,54.67,50.43,下轨下方,-0.68,-0.03,-1.32,无信号,震荡整理,否,获取公告失败
2026-05-22,002139.SZ,拓邦股份,深市主板,11.19,1.36%,开,398973,1290,0万元,0,29218.0,26.45亿,264464,0,0%,缩量,119.85万,5.6,6.1,4.1,阳线,观望,未分类,未分类,未分类,0,0.0,0.0,0.0,0.0,0.0,0.0,0.0,未知,0.0,0.0,0.0,,未知,否,获取公告失败
2026-05-22,300490.SZ,华自科技,创业板,17.42,2.65%,开,397618,1291,0万元,0,28436.0,16.51亿,165068,0,0%,缩量,68.50万,5.8,6.1,4.2,阳线||布林带下轨,布林带下轨支撑,未分类,未分类,未分类,0,37.28,38.95,39.5,36.84,43.53,39.5,35.47,下轨下方,-0.19,0.62,-1.63,无信号,震荡整理,否,获取公告失败
2026-05-22,002559.SZ,亚威股份,深市主板,11.0,2.61%,开,397399,1292,0万元,0,28434.0,26.03亿,260267,0,0%,缩量,55.44万,5.8,6.1,4.2,阳线,观望,未分类,未分类,未分类,0,0.0,0.0,0.0,0.0,0.0,0.0,0.0,未知,0.0,0.0,0.0,,未知,否,获取公告失败
2026-05-22,300619.SZ,金银河,创业板,45.56,2.73%,开,397191,1293,0万元,0,28355.0,6.23亿,62340,0,0%,缩量,66.74万,5.8,6.1,4.2,阳线||布林带下轨,布林带下轨支撑,未分类,未分类,未分类,0,73.3,76.99,75.02,73.05,91.64,75.02,58.41,下轨下方,-0.69,1.44,-4.26,死叉,震荡整理,否,获取公告失败
2026-05-22,300163.SZ,先锋新材,创业板,5.64,0.71%,开,396841,1294,0万元,0,29327.0,52.15亿,521459,0,0%,缩量,25.75万,5.6,6.0,4.0,价升||MA5上穿MA10,观望,未分类,未分类,未分类,0,34.49,31.77,30.34,30.49,35.88,30.34,24.81,布林带内,1.26,0.42,1.67,无信号,震荡整理,否,获取公告失败
2026-05-22,002930.SZ,宏川智慧,深市主板,14.07,1.01%,开,396785,1295,0万元,0,29176.0,20.83亿,208337,0,0%,缩量,60.97万,5.6,6.1,4.1,价升||布林带下轨,布林带下轨支撑,未分类,未分类,未分类,0,26.7,29.5,28.52,28.25,37.02,28.52,20.02,下轨下方,-0.64,0.5,-2.28,无信号,震荡整理,否,获取公告失败
2026-05-22,300041.SZ,回天新材,创业板,12.58,2.44%,开,396344,1296,0万元,0,28413.0,22.78亿,227834,0,0%,缩量,68.45万,5.7,6.1,4.2,阳线||布林带下轨,布林带下轨支撑,未分类,未分类,未分类,0,89.24,90.35,88.93,87.31,98.03,88.93,79.82,下轨下方,0.54,1.46,-1.84,死叉,震荡整理,否,获取公告失败
2026-05-22,603289.SH,泰瑞机器,沪市主板,12.13,8.59%,开,396342,1297,0万元,0,25337.0,21.17亿,211656,0,0%,缩量,35.59万,6.4,6.4,4.6,阳线,观望,未分类,未分类,未分类,0,16.43,16.8,16.93,16.63,18.07,16.93,15.78,布林带内,-0.15,-0.0,-0.31,无信号,震荡整理,否,获取公告失败
2026-05-22,603285.SH,键邦股份,沪市主板,53.38,2.75%,开,395813,1298,0万元,0,28205.0,5.29亿,52859,0,0%,缩量,33.25万,5.8,6.1,4.2,阳线||多头排列||MA5上穿MA10,多头排列,未分类,未分类,未分类,0,52.09,51.5,47.94,39.48,56.33,47.94,39.55,布林带内,3.94,3.76,0.35,无信号,多头排列,是,获取公告失败
2026-05-22,600449.SH,宁夏建材,沪市主板,14.86,6.60%,开,395788,1299,0万元,0,26279.0,17.80亿,177955,0,0%,缩量,71.06万,6.2,6.3,4.4,阳线||布林带下轨,布林带下轨支撑,未分类,未分类,未分类,0,51.94,52.96,51.37,50.6,57.61,51.37,45.12,下轨下方,0.34,0.87,-1.05,死叉,震荡整理,否,获取公告失败
2026-05-22,603037.SH,凯众股份,沪市主板,14.83,0.75%,开,395066,1300,0万元,0,29133.0,19.88亿,198823,0,0%,缩量,39.47万,5.6,6.0,4.0,阳线||布林带下轨,布林带下轨支撑,未分类,未分类,未分类,0,48.37,52.6,53.55,54.45,69.74,53.55,37.36,下轨下方,-2.47,-0.18,-4.58,无信号,震荡整理,否,获取公告失败
2026-05-22,002826.SZ,易明医药,深市主板,19.59,9.99%,开,394001,1301,0万元,0,24403.0,12.93亿,129342,0,0%,缩量,36.18万,6.5,6.5,4.7,阳线,观望,未分类,未分类,未分类,0,19.13,19.36,19.89,20.76,21.39,19.89,18.39,布林带内,-0.48,-0.42,-0.12,无信号,震荡整理,否,获取公告失败
2026-05-22,000027.SZ,深圳能源,深市主板,7.31,0.83%,开,393837,1302,0万元,0,28970.0,39.68亿,396813,0,0%,缩量,347.77万,5.6,6.0,4.1,阳线||布林带下轨,布林带下轨支撑,未分类,未分类,未分类,0,92.83,93.4,92.08,91.45,98.02,92.08,86.15,下轨下方,0.34,0.84,-1.0,死叉,震荡整理,否,获取公告失败
2026-05-22,002698.SZ,博实股份,深市主板,14.23,0.92%,开,393789,1303,0万元,0,28918.0,20.47亿,204702,0,0%,缩量,119.57万,5.6,6.0,4.1,阳线||布林带下轨,布林带下轨支撑,未分类,未分类,未分类,0,37.4,39.5,39.53,40.63,47.23,39.53,31.84,下轨下方,-1.1,-0.08,-2.04,无信号,震荡整理,否,获取公告失败
2026-05-22,002237.SZ,恒邦股份,深市主板,14.35,3.24%,开,393697,1304,0万元,0,27751.0,19.56亿,195619,0,0%,缩量,171.10万,5.8,6.2,4.2,阳线,观望,未分类,未分类,未分类,0,120.73,128.67,135.35,135.74,155.55,135.35,115.14,布林带内,-4.08,-1.33,-5.51,无信号,震荡整理,否,获取公告失败
2026-05-22,688707.SH,振华新材,科创板,16.47,0.67%,开,392451,1305,0万元,0,28909.0,1761.45亿,17614505,0,0%,缩量,83.79万,5.6,6.0,4.0,价升,观望,未分类,未分类,未分类,0,17.09,17.4,17.7,15.87,18.95,17.7,16.45,布林带内,0.29,0.53,-0.47,无信号,震荡整理,否,获取公告失败
2026-05-22,002640.SZ,跨境通,深市主板,3.86,0.78%,开,392266,1306,0万元,0,28835.0,75.42亿,754212,0,0%,缩量,59.76万,5.6,6.0,4.1,阳线,观望,未分类,未分类,未分类,0,50.4,53.0,49.26,47.21,60.04,49.26,38.48,布林带内,1.35,1.85,-1.0,无信号,震荡整理,否,获取公告失败
2026-05-22,002843.SZ,泰嘉股份,深市主板,26.14,3.65%,开,392159,1307,0万元,0,27392.0,10.58亿,105802,0,0%,缩量,65.40万,5.9,6.2,4.2,阳线||布林带下轨,布林带下轨支撑,未分类,未分类,未分类,0,38.94,41.64,42.17,39.66,50.22,42.17,34.12,下轨下方,-0.56,0.91,-2.94,无信号,震荡整理,否,获取公告失败
2026-05-22,688418.SH,震有科技,科创板,49.89,2.23%,开,391868,1308,0万元,0,28070.0,559.78亿,5597804,0,0%,缩量,96.07万,5.7,6.1,4.1,价升,观望,未分类,未分类,未分类,0,50.14,51.28,49.28,44.4,56.44,49.28,42.12,布林带内,1.55,1.94,-0.77,无信号,震荡整理,否,获取公告失败
2026-05-22,301381.SZ,赛维时代,创业板,20.9,9.25%,开,391472,1309,0万元,0,24521.0,12.19亿,121856,0,0%,缩量,40.85万,6.4,6.5,4.6,阳线,观望,未分类,未分类,未分类,0,21.16,22.32,22.33,21.66,24.3,22.33,20.37,布林带内,-0.15,0.16,-0.62,无信号,震荡整理,否,获取公告失败
2026-05-22,601865.SH,福莱特,沪市主板,12.33,1.82%,开,391293,1310,0万元,0,28221.0,23.12亿,231212,0,0%,缩量,234.40万,5.7,6.1,4.1,阳线||布林带下轨,布林带下轨支撑,未分类,未分类,未分类,0,13.49,14.11,14.67,15.91,16.43,14.67,12.91,下轨下方,-0.66,-0.47,-0.37,无信号,震荡整理,否,获取公告失败
2026-05-22,688733.SH,壹石通,科创板,36.18,5.48%,开,390945,1311,0万元,0,26354.0,741.37亿,7413677,0,0%,缩量,72.28万,6.0,6.3,4.4,阳线||多头排列||MA5上穿MA10,多头排列,未分类,未分类,未分类,0,37.09,36.56,33.6,30.85,40.42,33.6,26.79,布林带内,2.0,1.85,0.3,无信号,多头排列,是,获取公告失败
2026-05-22,300257.SZ,开山股份,创业板,31.55,0.96%,开,390910,1312,0万元,0,28611.0,9.07亿,90652,0,0%,缩量,301.20万,5.6,6.0,4.1,阳线,观望,未分类,未分类,未分类,0,203.1,212.41,202.89,189.4,234.86,202.89,170.91,布林带内,4.68,6.95,-4.55,无信号,震荡整理,否,获取公告失败
2026-05-22,002584.SZ,西陇科学,深市主板,8.3,2.60%,开,390858,1313,0万元,0,27788.0,34.28亿,342801,0,0%,缩量,38.88万,5.8,6.1,4.2,阳线||MA5上穿MA10,观望,未分类,未分类,未分类,0,21.76,21.55,21.22,21.33,22.24,21.22,20.19,布林带内,0.26,0.16,0.2,无信号,震荡整理,否,获取公告失败
2026-05-22,603681.SH,永冠新材,沪市主板,22.11,1.94%,开,390581,1314,0万元,0,28090.0,12.56亿,125607,0,0%,缩量,52.56万,5.7,6.1,4.1,阳线||多头排列||MA5上穿MA10,多头排列,未分类,未分类,未分类,0,22.36,22.2,20.79,20.38,23.88,20.79,17.71,布林带内,0.83,0.64,0.36,无信号,多头排列,是,获取公告失败
2026-05-22,002647.SZ,仁东控股,深市主板,11.94,2.67%,开,390207,1315,0万元,0,27688.0,23.29亿,232920,0,0%,缩量,121.23万,5.8,6.1,4.2,阳线||布林带下轨,布林带下轨支撑,未分类,未分类,未分类,0,44.49,46.53,47.19,40.16,52.86,47.19,41.52,下轨下方,0.94,2.13,-2.38,无信号,震荡整理,否,获取公告失败
2026-05-22,301172.SZ,君逸数码,创业板,38.5,0.79%,开,390126,1316,0万元,0,28620.0,7.41亿,74068,0,0%,缩量,38.02万,5.6,6.0,4.1,价升||布林带下轨,布林带下轨支撑,未分类,未分类,未分类,0,49.43,50.1,47.44,41.9,55.83,47.44,39.05,下轨下方,1.89,2.44,-1.09,死叉,震荡整理,否,获取公告失败
2026-05-22,300478.SZ,杭州高新,创业板,40.23,6.80%,开,389849,1317,0万元,0,25587.0,6.41亿,64095,0,0%,缩量,50.96万,6.2,6.3,4.5,阳线||多头排列||MA5上穿MA10,多头排列,未分类,未分类,未分类,0,78.24,76.08,67.23,54.57,86.69,67.23,47.76,布林带内,6.98,6.44,1.07,无信号,多头排列,是,获取公告失败
2026-05-22,300616.SZ,尚品宅配,创业板,17.06,0.77%,开,389829,1318,0万元,0,28599.0,16.31亿,163099,0,0%,缩量,26.48万,5.6,6.0,4.1,价升||多头排列||MA5上穿MA10,多头排列,未分类,未分类,未分类,0,36.54,36.35,34.6,31.48,39.94,34.6,29.25,布林带内,1.39,1.54,-0.29,死叉,多头排列,是,获取公告失败
2026-05-22,301565.SZ,中仑新材,创业板,23.63,8.34%,开,389213,1319,0万元,0,24749.0,10.73亿,107262,0,0%,缩量,30.25万,6.3,6.4,4.6,阳线||布林带上轨||MA5上穿MA10,观望,未分类,未分类,未分类,0,22.65,22.52,22.18,22.41,23.53,22.18,20.83,上轨上方,0.23,0.14,0.18,无信号,震荡整理,否,获取公告失败
2026-05-22,300317.SZ,珈伟新能,创业板,5.28,4.55%,开,387452,1320,0万元,0,26468.0,51.19亿,511904,0,0%,缩量,43.77万,6.0,6.2,4.3,阳线||MACD金叉||多头排列||布林带上轨||MA5上穿MA10,MACD金叉;多头排列,未分类,未分类,未分类,0,16.23,15.99,15.14,14.95,18.76,15.14,11.52,上轨上方,0.71,0.33,0.76,金叉,多头排列,是,获取公告失败
2026-05-22,300267.SZ,尔康制药,创业板,4.4,3.77%,开,387087,1321,0万元,0,26822.0,62.15亿,621519,0,0%,缩量,62.58万,5.9,6.2,4.3,阳线,观望,未分类,未分类,未分类,0,46.2,47.42,45.89,43.27,50.8,45.89,40.98,布林带内,0.93,1.31,-0.76,无信号,震荡整理,否,获取公告失败
2026-05-22,688229.SH,博睿数据,科创板,97.03,7.04%,开,387040,1322,0万元,0,25185.0,266.13亿,2661260,0,0%,缩量,43.08万,6.2,6.4,4.5,阳线,观望,未分类,未分类,未分类,0,96.59,97.22,95.57,92.71,106.83,95.57,84.31,布林带内,1.29,1.48,-0.39,无信号,震荡整理,否,获取公告失败
2026-05-22,601611.SH,中国核建,沪市主板,12.38,0.08%,开,386844,1323,0万元,0,28644.0,23.19亿,231947,0,0%,缩量,373.11万,5.5,6.0,4.0,价升||布林带下轨,布林带下轨支撑,未分类,未分类,未分类,0,13.22,13.69,13.95,15.29,15.1,13.95,12.79,下轨下方,-0.49,-0.38,-0.21,无信号,震荡整理,否,获取公告失败
2026-05-22,300780.SZ,德恩精工,创业板,33.15,2.98%,开,386101,1324,0万元,0,27119.0,8.14亿,81387,0,0%,缩量,35.65万,5.8,6.1,4.2,阳线||多头排列||MA5上穿MA10,多头排列,未分类,未分类,未分类,0,33.62,33.04,29.41,25.17,37.53,29.41,21.3,布林带内,2.6,2.36,0.47,无信号,多头排列,是,获取公告失败
2026-05-22,688112.SH,鼎阳科技,科创板,73.02,3.28%,开,385927,1325,0万元,0,26952.0,365.46亿,3654622,0,0%,缩量,116.54万,5.8,6.2,4.2,阳线||多头排列||布林带下轨||MA5上穿MA10,多头排列;布林带下轨支撑,未分类,未分类,未分类,0,103.11,98.8,95.36,77.48,116.12,95.36,74.6,下轨下方,5.68,7.06,-2.76,死叉,多头排列,是,获取公告失败
2026-05-22,301281.SZ,科源制药,创业板,40.55,12.14%,开,385662,1326,0万元,0,22496.0,5.78亿,57766,0,0%,缩量,28.77万,6.7,6.6,4.8,阳线||布林带下轨,布林带下轨支撑,未分类,未分类,未分类,0,51.05,54.4,54.92,58.05,62.88,54.92,46.96,下轨下方,-1.66,-0.47,-2.38,无信号,震荡整理,否,获取公告失败
2026-05-22,601933.SH,永辉超市,沪市主板,3.46,0.58%,开,385026,1327,0万元,0,28212.0,81.59亿,815950,0,0%,缩量,314.00万,5.6,6.0,4.0,阳线||布林带下轨,布林带下轨支撑,未分类,未分类,未分类,0,34.14,35.14,36.03,37.41,39.07,36.03,32.99,下轨下方,-1.02,-0.58,-0.89,无信号,震荡整理,否,获取公告失败
2026-05-22,000720.SZ,新能泰山,深市主板,4.99,1.84%,开,383923,1328,0万元,0,27474.0,55.40亿,554049,0,0%,缩量,62.70万,5.7,6.1,4.1,阳线||布林带下轨,布林带下轨支撑,未分类,未分类,未分类,0,36.72,40.21,38.07,35.71,47.32,38.07,28.83,下轨下方,-0.15,0.93,-2.16,无信号,震荡整理,否,获取公告失败
2026-05-22,600654.SH,中安科,沪市主板,3.58,0.85%,开,383875,1329,0万元,0,27965.0,78.50亿,785026,0,0%,缩量,82.96万,5.6,6.0,4.1,价升||布林带下轨,布林带下轨支撑,未分类,未分类,未分类,0,913.34,1057.77,1118.25,1105.76,1616.18,1118.25,620.31,下轨下方,-97.9,-14.43,-166.93,无信号,震荡整理,否,获取公告失败
2026-05-22,002927.SZ,泰永长征,深市主板,21.66,0.46%,开,383519,1330,0万元,0,28120.0,12.98亿,129767,0,0%,缩量,47.81万,5.5,6.0,4.0,价升||布林带下轨||MA5上穿MA10,布林带下轨支撑,未分类,未分类,未分类,0,49.12,48.69,46.72,46.75,58.39,46.72,35.05,下轨下方,0.38,1.15,-1.55,死叉,震荡整理,否,获取公告失败
2026-05-22,300497.SZ,富祥股份,创业板,15.98,0.63%,开,382578,1331,0万元,0,27943.0,17.67亿,176688,0,0%,缩量,72.32万,5.6,6.0,4.0,价升||布林带下轨,布林带下轨支撑,未分类,未分类,未分类,0,87.69,94.76,103.75,102.4,133.36,103.75,74.14,下轨下方,-6.98,-2.31,-9.35,无信号,震荡整理,否,获取公告失败
2026-05-22,000983.SZ,山西焦煤,深市主板,6.41,0.16%,开,382491,1332,0万元,0,28171.0,44.09亿,440854,0,0%,缩量,363.90万,5.5,6.0,4.0,价升||布林带下轨,布林带下轨支撑,未分类,未分类,未分类,0,66.24,71.16,73.69,76.08,93.93,73.69,53.45,下轨下方,-3.77,-0.79,-5.96,无信号,震荡整理,否,获取公告失败
2026-05-22,002866.SZ,传艺科技,深市主板,22.0,3.38%,开,382267,1333,0万元,0,26535.0,12.18亿,121762,0,0%,缩量,39.87万,5.8,6.2,4.2,阳线,观望,未分类,未分类,未分类,0,0.0,0.0,0.0,0.0,0.0,0.0,0.0,未知,0.0,0.0,0.0,,未知,否,获取公告失败
2026-05-22,300008.SZ,天海防务,创业板,7.03,0.57%,开,381781,1334,0万元,0,27892.0,39.76亿,397600,0,0%,缩量,115.80万,5.6,6.0,4.0,阳线,观望,未分类,未分类,未分类,0,81.59,84.44,87.21,90.57,95.2,87.21,79.22,布林带内,-2.08,-1.14,-1.87,无信号,震荡整理,否,获取公告失败
2026-05-22,300572.SZ,安车检测,创业板,33.19,5.80%,开,381568,1335,0万元,0,25256.0,7.79亿,77892,0,0%,缩量,60.17万,6.1,6.3,4.4,阳线||布林带下轨,布林带下轨支撑,未分类,未分类,未分类,0,89.75,95.75,92.0,84.65,112.91,92.0,71.08,下轨下方,0.6,3.45,-5.7,无信号,震荡整理,否,获取公告失败
2026-05-22,002824.SZ,和胜股份,深市主板,25.2,2.82%,开,381175,1336,0万元,0,26710.0,10.68亿,106752,0,0%,缩量,57.00万,5.8,6.1,4.2,阳线||布林带下轨,布林带下轨支撑,未分类,未分类,未分类,0,52.98,55.95,57.12,50.81,67.14,57.12,47.09,下轨下方,-0.7,1.27,-3.94,无信号,震荡整理,否,获取公告失败
2026-05-22,300802.SZ,矩子科技,创业板,23.18,5.12%,开,380943,1337,0万元,0,25532.0,11.20亿,112038,0,0%,缩量,45.14万,6.0,6.3,4.3,阳线||布林带下轨,布林带下轨支撑,未分类,未分类,未分类,0,52.68,55.44,54.6,53.15,70.78,54.6,38.41,下轨下方,-0.78,1.31,-4.17,死叉,震荡整理,否,获取公告失败
2026-05-22,603248.SH,锡华科技,沪市主板,29.59,1.06%,开,380693,1338,0万元,0,27540.0,9.33亿,93275,0,0%,缩量,20.51万,5.6,6.1,4.1,阳线||多头排列||MA5上穿MA10,多头排列,未分类,未分类,未分类,0,30.72,30.28,28.48,27.56,33.37,28.48,23.59,布林带内,0.88,0.74,0.27,无信号,多头排列,是,获取公告失败
2026-05-22,300012.SZ,华测检测,创业板,15.07,0.47%,开,379953,1339,0万元,0,27762.0,18.37亿,183671,0,0%,缩量,215.69万,5.5,6.0,4.0,价升,观望,未分类,未分类,未分类,0,0.0,0.0,0.0,0.0,0.0,0.0,0.0,未知,0.0,0.0,0.0,,未知,否,获取公告失败
2026-05-22,688320.SH,禾川科技,科创板,40.54,0.87%,开,378874,1340,0万元,0,27452.0,688.94亿,6889442,0,0%,缩量,61.22万,5.6,6.0,4.1,阳线||多头排列||MA5上穿MA10,多头排列,未分类,未分类,未分类,0,40.77,39.8,36.75,33.76,44.39,36.75,29.11,布林带内,2.3,1.97,0.66,无信号,多头排列,是,获取公告失败
2026-05-22,301517.SZ,陕西华达,创业板,65.16,2.55%,开,378237,1341,0万元,0,26549.0,4.11亿,41119,0,0%,缩量,63.57万,5.8,6.1,4.2,阳线||布林带下轨,布林带下轨支撑,未分类,未分类,未分类,0,87.22,92.98,94.83,87.84,111.31,94.83,78.36,下轨下方,-1.55,1.56,-6.22,无信号,震荡整理,否,获取公告失败
2026-05-22,300337.SZ,银邦股份,创业板,13.38,3.00%,开,378191,1342,0万元,0,26318.0,19.88亿,198795,0,0%,缩量,95.19万,5.8,6.2,4.2,阳线,观望,未分类,未分类,未分类,0,59.64,61.64,62.52,60.28,68.18,62.52,56.86,布林带内,-0.22,0.57,-1.58,无信号,震荡整理,否,获取公告失败
2026-05-22,688173.SH,希荻微,科创板,18.7,3.72%,开,378120,1343,0万元,0,25954.0,1411.84亿,14118443,0,0%,缩量,76.72万,5.9,6.2,4.2,阳线||多头排列||MA5上穿MA10,多头排列,未分类,未分类,未分类,0,18.77,18.61,17.37,15.63,20.48,17.37,14.26,布林带内,1.01,0.97,0.09,无信号,多头排列,是,获取公告失败
2026-05-22,603912.SH,佳力图,沪市主板,10.71,3.28%,开,377883,1344,0万元,0,26149.0,24.74亿,247394,0,0%,缩量,58.03万,5.8,6.2,4.2,阳线||布林带下轨,布林带下轨支撑,未分类,未分类,未分类,0,29.25,31.62,31.87,30.16,40.22,31.87,23.51,下轨下方,-0.8,0.57,-2.75,无信号,震荡整理,否,获取公告失败
2026-05-22,300449.SZ,汉邦高科,创业板,8.65,1.65%,开,377245,1345,0万元,0,26902.0,31.44亿,314362,0,0%,缩量,33.39万,5.7,6.1,4.1,价升||布林带下轨,布林带下轨支撑,未分类,未分类,未分类,0,30.45,34.95,30.88,29.2,44.11,30.88,17.64,下轨下方,0.6,1.81,-2.42,无信号,震荡整理,否,获取公告失败
2026-05-22,600633.SH,浙数文化,沪市主板,12.86,1.26%,开,376539,1346,0万元,0,27024.0,21.09亿,210946,0,0%,缩量,163.07万,5.6,6.1,4.1,阳线||MACD金叉||多头排列||布林带上轨||MA5上穿MA10,MACD金叉;多头排列,未分类,未分类,未分类,0,78.78,77.41,77.25,74.6,88.37,77.25,66.12,上轨上方,1.75,0.67,2.17,金叉,多头排列,是,获取公告失败
2026-05-22,603916.SH,苏博特,沪市主板,15.41,2.46%,开,376520,1347,0万元,0,26422.0,17.18亿,171846,0,0%,缩量,64.77万,5.7,6.1,4.2,阳线||多头排列||MA5上穿MA10,多头排列,未分类,未分类,未分类,0,19.91,19.75,17.97,16.37,22.48,17.97,13.45,布林带内,1.02,1.08,-0.12,死叉,多头排列,是,获取公告失败
2026-05-22,603730.SH,岱美股份,沪市主板,11.99,1.52%,开,376270,1348,0万元,0,26865.0,22.58亿,225837,0,0%,缩量,257.62万,5.7,6.1,4.1,阳线||布林带下轨,布林带下轨支撑,未分类,未分类,未分类,0,57.18,62.17,63.22,59.32,87.82,63.22,38.62,下轨下方,-2.05,1.47,-7.03,死叉,震荡整理,否,获取公告失败
2026-05-22,300725.SZ,药石科技,创业板,37.64,0.03%,开,375792,1349,0万元,0,27566.0,7.35亿,73497,0,0%,缩量,76.30万,5.5,6.0,4.0,价升||布林带下轨,布林带下轨支撑,未分类,未分类,未分类,0,89.62,96.12,99.43,98.29,120.43,99.43,78.43,下轨下方,-3.8,-0.4,-6.8,无信号,震荡整理,否,获取公告失败
2026-05-22,300098.SZ,高新兴,创业板,5.82,1.57%,开,375213,1350,0万元,0,26736.0,46.32亿,463160,0,0%,缩量,89.73万,5.7,6.1,4.1,阳线,观望,未分类,未分类,未分类,0,89.8,90.85,87.08,85.61,97.25,87.08,76.92,布林带内,1.81,1.83,-0.03,死叉,震荡整理,否,获取公告失败
2026-05-22,300185.SZ,通裕重工,创业板,2.95,0.34%,开,374920,1351,0万元,0,27322.0,92.87亿,928723,0,0%,缩量,113.46万,5.5,6.0,4.0,价升||布林带下轨,布林带下轨支撑,未分类,未分类,未分类,0,25.9,26.88,27.09,28.39,29.09,27.09,25.09,下轨下方,-0.64,-0.37,-0.54,无信号,震荡整理,否,获取公告失败
2026-05-22,300488.SZ,恒锋工具,创业板,36.6,1.64%,开,374602,1352,0万元,0,26641.0,7.31亿,73118,0,0%,缩量,59.38万,5.7,6.1,4.1,阳线||布林带下轨,布林带下轨支撑,未分类,未分类,未分类,0,92.46,97.74,91.92,86.43,117.97,91.92,65.86,下轨下方,1.87,4.47,-5.18,死叉,震荡整理,否,获取公告失败
2026-05-22,605287.SH,德才股份,沪市主板,50.24,3.93%,开,374562,1353,0万元,0,25491.0,5.17亿,51701,0,0%,缩量,70.34万,5.9,6.2,4.3,阳线||布林带下轨,布林带下轨支撑,未分类,未分类,未分类,0,65.14,70.07,72.71,66.95,91.45,72.71,53.97,下轨下方,-1.1,1.52,-5.25,无信号,震荡整理,否,获取公告失败
2026-05-22,002575.SZ,群兴玩具,深市主板,6.35,2.75%,开,374334,1354,0万元,0,26058.0,41.73亿,417309,0,0%,缩量,37.10万,5.8,6.1,4.2,阳线,观望,未分类,未分类,未分类,0,29.67,31.08,30.52,33.47,34.51,30.52,26.52,布林带内,-0.77,-0.57,-0.4,无信号,震荡整理,否,获取公告失败
2026-05-22,301179.SZ,泽宇智能,创业板,25.24,2.85%,开,373942,1355,0万元,0,25968.0,10.38亿,103805,0,0%,缩量,59.94万,5.8,6.1,4.2,阳线||布林带下轨,布林带下轨支撑,未分类,未分类,未分类,0,69.93,75.41,76.49,75.16,101.77,76.49,51.21,下轨下方,-3.7,-0.06,-7.28,无信号,震荡整理,否,获取公告失败
2026-05-22,300189.SZ,神农种业,创业板,5.41,3.05%,开,373808,1356,0万元,0,25857.0,47.98亿,479771,0,0%,缩量,47.95万,5.8,6.2,4.2,阳线,观望,未分类,未分类,未分类,0,35.69,37.32,38.71,45.09,43.26,38.71,34.15,布林带内,-2.24,-1.98,-0.51,无信号,震荡整理,否,获取公告失败
2026-05-22,301589.SZ,诺瓦星云,创业板,180.2,0.38%,开,373523,1357,0万元,0,27163.0,1.52亿,15249,0,0%,缩量,62.11万,5.5,6.0,4.0,价升||布林带下轨,布林带下轨支撑,未分类,未分类,未分类,0,311.04,321.18,321.66,320.06,391.48,321.66,251.84,下轨下方,-6.49,2.42,-17.81,死叉,震荡整理,否,获取公告失败
2026-05-22,603958.SH,哈森股份,沪市主板,24.71,6.01%,开,373370,1358,0万元,0,24334.0,9.95亿,99455,0,0%,缩量,54.20万,6.1,6.3,4.4,阳线||MA5上穿MA10,观望,未分类,未分类,未分类,0,24.4,24.31,24.6,22.5,26.57,24.6,22.63,布林带内,0.34,0.43,-0.18,无信号,震荡整理,否,获取公告失败
2026-05-22,300756.SZ,金马游乐,创业板,49.8,6.14%,开,373250,1359,0万元,0,24256.0,5.00亿,50047,0,0%,缩量,68.30万,6.1,6.3,4.4,阳线||布林带下轨,布林带下轨支撑,未分类,未分类,未分类,0,146.31,165.52,179.53,165.24,243.73,179.53,115.33,下轨下方,-10.35,0.88,-22.47,无信号,震荡整理,否,获取公告失败
2026-05-22,300225.SZ,*ST金泰,创业板,8.53,4.28%,开,372553,1360,0万元,0,25116.0,30.28亿,302787,0,0%,缩量,40.27万,5.9,6.2,4.3,阳线||多头排列||布林带上轨||MA5上穿MA10,多头排列,未分类,未分类,未分类,0,60.27,56.81,53.4,45.5,63.35,53.4,43.45,上轨上方,4.44,3.3,2.28,无信号,多头排列,是,获取公告失败
2026-05-22,002664.SZ,信质集团,深市主板,22.73,0.18%,开,371961,1361,0万元,0,27108.0,11.95亿,119493,0,0%,缩量,91.51万,5.5,6.0,4.0,价升,观望,未分类,未分类,未分类,0,0.0,0.0,0.0,0.0,0.0,0.0,0.0,未知,0.0,0.0,0.0,,未知,否,获取公告失败
2026-05-22,600722.SH,金牛化工,沪市主板,11.43,0.88%,开,371893,1362,0万元,0,26748.0,23.47亿,234720,0,0%,缩量,77.76万,5.6,6.0,4.1,阳线||布林带下轨,布林带下轨支撑,未分类,未分类,未分类,0,63.92,68.02,72.6,78.0,86.88,72.6,58.31,下轨下方,-4.75,-2.76,-3.98,无信号,震荡整理,否,获取公告失败
2026-05-22,603976.SH,正川股份,沪市主板,24.2,10.00%,开,371820,1363,0万元,0,22182.0,9.40亿,94041,0,0%,缩量,36.59万,6.5,6.5,4.7,阳线||MACD金叉||多头排列||布林带上轨||MA5上穿MA10,MACD金叉;多头排列,未分类,未分类,未分类,0,32.76,32.69,32.32,30.96,33.68,32.32,30.96,上轨上方,0.6,0.51,0.18,金叉,多头排列,是,获取公告失败
2026-05-22,300277.SZ,汽轮科技,创业板,15.84,1.02%,开,371682,1364,0万元,0,26658.0,16.87亿,168678,0,0%,缩量,121.60万,5.6,6.1,4.1,价升,观望,未分类,未分类,未分类,0,84.69,88.35,92.95,102.21,105.39,92.95,80.52,布林带内,-4.32,-3.27,-2.11,无信号,震荡整理,否,获取公告失败
2026-05-22,600433.SH,冠豪高新,沪市主板,4.32,1.65%,开,370355,1365,0万元,0,26212.0,61.57亿,615748,0,0%,缩量,75.61万,5.7,6.1,4.1,阳线||布林带下轨,布林带下轨支撑,未分类,未分类,未分类,0,27.34,29.22,29.78,26.8,35.62,29.78,23.94,下轨下方,-0.08,0.92,-2.01,无信号,震荡整理,否,获取公告失败
2026-05-22,600456.SH,宝钛股份,沪市主板,33.13,1.38%,开,369304,1366,0万元,0,26242.0,7.99亿,79909,0,0%,缩量,158.29万,5.6,6.1,4.1,阳线||布林带下轨,布林带下轨支撑,未分类,未分类,未分类,0,84.54,88.44,89.87,93.09,101.01,89.87,78.73,下轨下方,-2.48,-0.81,-3.35,无信号,震荡整理,否,获取公告失败
2026-05-22,300040.SZ,九洲集团,创业板,7.29,3.26%,开,369198,1367,0万元,0,25291.0,34.99亿,349886,0,0%,缩量,37.72万,5.8,6.2,4.2,阳线||布林带下轨,布林带下轨支撑,未分类,未分类,未分类,0,42.74,44.7,44.89,45.79,51.92,44.89,37.86,下轨下方,-0.99,0.03,-2.04,无信号,震荡整理,否,获取公告失败
2026-05-22,601965.SH,中国汽研,沪市主板,16.59,0.30%,开,368931,1368,0万元,0,26742.0,16.26亿,162628,0,0%,缩量,165.64万,5.5,6.0,4.0,价升||布林带下轨,布林带下轨支撑,未分类,未分类,未分类,0,28.71,29.33,29.05,30.58,31.1,29.05,27.01,下轨下方,-0.4,-0.33,-0.15,死叉,震荡整理,否,获取公告失败
2026-05-22,300486.SZ,东杰智能,创业板,23.1,0.57%,开,368859,1369,0万元,0,26603.0,11.66亿,116579,0,0%,缩量,110.19万,5.6,6.0,4.0,阳线||布林带下轨,布林带下轨支撑,未分类,未分类,未分类,0,45.52,48.5,50.84,53.61,64.14,50.84,37.54,下轨下方,-3.14,-1.35,-3.58,无信号,震荡整理,否,获取公告失败
2026-05-22,601566.SH,九牧王,沪市主板,12.12,0.58%,开,368614,1370,0万元,0,26571.0,22.15亿,221544,0,0%,缩量,69.65万,5.6,6.0,4.0,阳线||布林带下轨,布林带下轨支撑,未分类,未分类,未分类,0,19.75,19.85,19.74,19.73,21.49,19.74,18.0,下轨下方,-0.07,0.09,-0.31,死叉,震荡整理,否,获取公告失败
2026-05-22,301118.SZ,恒光股份,创业板,33.87,3.26%,开,368300,1371,0万元,0,25199.0,7.48亿,74755,0,0%,缩量,35.61万,5.8,6.2,4.2,阳线||多头排列||MA5上穿MA10,多头排列,未分类,未分类,未分类,0,34.85,34.34,31.52,28.53,38.36,31.52,24.68,布林带内,2.15,1.98,0.34,无信号,多头排列,是,获取公告失败
2026-05-22,002350.SZ,北京科锐,深市主板,16.02,1.46%,开,368023,1372,0万元,0,26074.0,16.35亿,163465,0,0%,缩量,84.99万,5.6,6.1,4.1,阳线,观望,未分类,未分类,未分类,0,78.48,80.57,75.9,69.97,89.32,75.9,62.47,布林带内,2.39,3.27,-1.75,无信号,震荡整理,否,获取公告失败
2026-05-22,002729.SZ,好利科技,深市主板,20.85,3.17%,开,367923,1373,0万元,0,25209.0,12.35亿,123457,0,0%,缩量,36.58万,5.8,6.2,4.2,阳线||布林带下轨,布林带下轨支撑,未分类,未分类,未分类,0,51.23,53.75,53.18,54.13,69.72,53.18,36.65,下轨下方,-1.96,0.03,-3.99,死叉,震荡整理,否,获取公告失败
2026-05-22,688607.SH,康众医疗,科创板,67.49,6.35%,开,367642,1374,0万元,0,23589.0,352.22亿,3522226,0,0%,缩量,53.54万,6.1,6.3,4.4,阳线,观望,未分类,未分类,未分类,0,64.71,64.86,66.51,61.16,72.21,66.51,60.8,布林带内,0.38,0.81,-0.86,无信号,震荡整理,否,获取公告失败
2026-05-22,002112.SZ,三变科技,深市主板,19.22,2.23%,开,367470,1375,0万元,0,25630.0,13.43亿,134292,0,0%,缩量,50.37万,5.7,6.1,4.1,阳线||布林带下轨,布林带下轨支撑,未分类,未分类,未分类,0,62.93,67.25,67.63,73.57,77.92,67.63,57.34,下轨下方,-2.78,-1.36,-2.84,无信号,震荡整理,否,获取公告失败
2026-05-22,300599.SZ,雄塑科技,创业板,12.82,4.74%,开,367202,1376,0万元,0,24351.0,19.26亿,192605,0,0%,缩量,40.61万,6.0,6.2,4.3,阳线,观望,未分类,未分类,未分类,0,12.92,13.27,13.09,11.8,14.48,13.09,11.69,布林带内,0.32,0.45,-0.25,无信号,震荡整理,否,获取公告失败
2026-05-22,603766.SH,隆鑫通用,沪市主板,14.41,3.59%,开,367182,1377,0万元,0,24921.0,17.32亿,173166,0,0%,缩量,295.92万,5.9,6.2,4.2,阳线,观望,未分类,未分类,未分类,0,40.75,41.54,42.64,42.32,45.57,42.64,39.71,布林带内,-0.48,-0.21,-0.55,无信号,震荡整理,否,获取公告失败
2026-05-22,688480.SH,赛恩斯,科创板,98.0,6.68%,开,367030,1378,0万元,0,23361.0,242.87亿,2428669,0,0%,缩量,93.42万,6.2,6.3,4.4,阳线,观望,未分类,未分类,未分类,0,95.31,100.48,99.44,100.84,112.33,99.44,86.56,布林带内,0.45,1.47,-2.04,无信号,震荡整理,否,获取公告失败
2026-05-22,688248.SH,南网科技,科创板,61.16,1.92%,开,366711,1379,0万元,0,25713.0,422.11亿,4221141,0,0%,缩量,345.37万,5.7,6.1,4.1,阳线||多头排列||MA5上穿MA10,多头排列,未分类,未分类,未分类,0,63.08,63.02,60.95,60.45,67.66,60.95,54.24,布林带内,0.88,0.89,-0.02,死叉,多头排列,是,获取公告失败
2026-05-22,601077.SH,渝农商行,沪市主板,6.83,0.15%,开,366693,1380,0万元,0,26596.0,39.09亿,390941,0,0%,缩量,603.65万,5.5,6.0,4.0,价升||布林带下轨,布林带下轨支撑,未分类,未分类,未分类,0,8.28,8.49,8.8,8.75,9.84,8.8,7.76,下轨下方,-0.23,-0.08,-0.31,无信号,震荡整理,否,获取公告失败
2026-05-22,000856.SZ,冀东装备,深市主板,10.75,7.07%,开,366458,1381,0万元,0,23110.0,22.21亿,222056,0,0%,缩量,24.40万,6.2,6.4,4.5,阳线||布林带下轨,布林带下轨支撑,未分类,未分类,未分类,0,17.52,18.47,19.12,20.63,23.02,19.12,15.22,下轨下方,-1.08,-0.58,-1.0,无信号,震荡整理,否,获取公告失败
2026-05-22,300481.SZ,濮阳惠成,创业板,15.54,3.39%,开,365726,1382,0万元,0,24876.0,16.27亿,162669,0,0%,缩量,45.08万,5.8,6.2,4.2,阳线,观望,未分类,未分类,未分类,0,0.0,0.0,0.0,0.0,0.0,0.0,0.0,未知,0.0,0.0,0.0,,未知,否,获取公告失败
2026-05-22,002925.SZ,盈趣科技,深市主板,20.59,3.52%,开,365226,1383,0万元,0,24763.0,12.21亿,122104,0,0%,缩量,150.52万,5.9,6.2,4.2,阳线,观望,未分类,未分类,未分类,0,0.0,0.0,0.0,0.0,0.0,0.0,0.0,未知,0.0,0.0,0.0,,未知,否,获取公告失败
2026-05-22,603386.SH,骏亚科技,沪市主板,16.01,2.96%,开,364700,1384,0万元,0,24991.0,15.70亿,156970,0,0%,缩量,52.24万,5.8,6.1,4.2,阳线||布林带下轨,布林带下轨支撑,未分类,未分类,未分类,0,22.47,23.04,21.96,21.37,26.27,21.96,17.65,下轨下方,0.22,0.57,-0.71,死叉,震荡整理,否,获取公告失败
2026-05-22,601106.SH,中国一重,沪市主板,3.95,1.54%,开,364452,1385,0万元,0,25674.0,65.55亿,655497,0,0%,缩量,270.88万,5.7,6.1,4.1,阳线,观望,未分类,未分类,未分类,0,4.06,4.3,4.33,4.48,4.83,4.33,3.83,布林带内,-0.09,-0.03,-0.12,无信号,震荡整理,否,获取公告失败
2026-05-22,301500.SZ,飞南资源,创业板,27.09,2.77%,开,364446,1386,0万元,0,25060.0,9.28亿,92843,0,0%,缩量,39.02万,5.8,6.1,4.2,阳线||布林带下轨,布林带下轨支撑,未分类,未分类,未分类,0,36.18,39.45,39.88,34.28,48.3,39.88,31.45,下轨下方,0.24,1.86,-3.23,无信号,震荡整理,否,获取公告失败
2026-05-22,600995.SH,南网储能,沪市主板,14.25,0.99%,开,364021,1387,0万元,0,25906.0,18.30亿,182993,0,0%,缩量,455.43万,5.6,6.0,4.1,阳线||布林带下轨,布林带下轨支撑,未分类,未分类,未分类,0,111.32,114.71,115.09,116.06,126.96,115.09,103.23,下轨下方,-1.47,0.34,-3.63,无信号,震荡整理,否,获取公告失败
2026-05-22,300697.SZ,电工合金,创业板,17.32,5.93%,开,362913,1388,0万元,0,23325.0,13.62亿,136178,0,0%,缩量,57.37万,6.1,6.3,4.4,阳线||布林带下轨,布林带下轨支撑,未分类,未分类,未分类,0,43.25,46.1,46.43,46.35,57.96,46.43,34.89,下轨下方,-1.35,0.38,-3.46,无信号,震荡整理,否,获取公告失败
2026-05-22,600516.SH,方大炭素,沪市主板,5.15,1.98%,开,362420,1389,0万元,0,25252.0,49.42亿,494178,0,0%,缩量,207.34万,5.7,6.1,4.1,阳线||布林带下轨,布林带下轨支撑,未分类,未分类,未分类,0,67.23,74.1,77.15,82.33,100.63,77.15,53.66,下轨下方,-5.13,-1.58,-7.11,无信号,震荡整理,否,获取公告失败
2026-05-22,300935.SZ,盈建科,创业板,42.58,3.00%,开,361327,1390,0万元,0,24633.0,5.82亿,58188,0,0%,缩量,25.66万,5.8,6.1,4.2,阳线||多头排列||MA5上穿MA10,多头排列,未分类,未分类,未分类,0,54.34,51.56,49.45,47.24,58.59,49.45,40.31,布林带内,1.81,1.66,0.32,无信号,多头排列,是,获取公告失败
2026-05-22,688045.SH,必易微,科创板,71.71,7.22%,开,361199,1391,0万元,0,22509.0,323.93亿,3239307,0,0%,缩量,50.61万,6.2,6.4,4.5,阳线,观望,未分类,未分类,未分类,0,0.0,0.0,0.0,0.0,0.0,0.0,0.0,未知,0.0,0.0,0.0,,未知,否,获取公告失败
2026-05-22,002895.SZ,川恒股份,深市主板,32.86,1.70%,开,361091,1392,0万元,0,25258.0,7.77亿,77713,0,0%,缩量,195.50万,5.7,6.1,4.1,阳线,观望,未分类,未分类,未分类,0,0.0,0.0,0.0,0.0,0.0,0.0,0.0,未知,0.0,0.0,0.0,,未知,否,获取公告失败
2026-05-22,300215.SZ,电科院,创业板,9.07,1.80%,开,361038,1393,0万元,0,25206.0,28.39亿,283892,0,0%,缩量,67.94万,5.7,6.1,4.1,阳线,观望,未分类,未分类,未分类,0,159.99,162.32,158.72,161.08,170.7,158.72,146.73,布林带内,1.38,1.68,-0.61,死叉,震荡整理,否,获取公告失败
2026-05-22,603032.SH,德新科技,沪市主板,23.25,1.26%,开,360985,1394,0万元,0,25467.0,11.03亿,110297,0,0%,缩量,53.90万,5.6,6.1,4.1,阳线||布林带下轨,布林带下轨支撑,未分类,未分类,未分类,0,36.75,38.61,38.99,34.13,45.12,38.99,32.86,下轨下方,0.23,1.39,-2.33,无信号,震荡整理,否,获取公告失败
2026-05-22,002623.SZ,亚玛顿,深市主板,21.39,4.34%,开,360877,1395,0万元,0,23917.0,11.45亿,114454,0,0%,缩量,42.49万,5.9,6.2,4.3,阳线,观望,未分类,未分类,未分类,0,22.97,24.21,23.76,24.9,26.11,23.76,21.41,布林带内,-0.37,-0.17,-0.39,无信号,震荡整理,否,获取公告失败
2026-05-22,301210.SZ,金杨精密,创业板,44.53,4.56%,开,360815,1396,0万元,0,23804.0,5.44亿,54389,0,0%,缩量,19.35万,6.0,6.2,4.3,阳线||布林带下轨,布林带下轨支撑,未分类,未分类,未分类,0,57.82,58.69,56.25,55.56,66.46,56.25,46.04,下轨下方,0.51,1.23,-1.45,死叉,震荡整理,否,获取公告失败
2026-05-22,603933.SH,睿能科技,沪市主板,25.9,1.17%,开,360709,1397,0万元,0,25485.0,9.90亿,99022,0,0%,缩量,53.75万,5.6,6.1,4.1,阳线||布林带下轨,布林带下轨支撑,未分类,未分类,未分类,0,49.68,51.76,50.18,47.69,59.73,50.18,40.63,下轨下方,0.28,1.41,-2.26,无信号,震荡整理,否,获取公告失败
2026-05-22,600968.SH,海油发展,沪市主板,4.17,2.46%,开,360605,1398,0万元,0,24832.0,60.51亿,605069,0,0%,缩量,423.88万,5.7,6.1,4.2,阳线||布林带下轨,布林带下轨支撑,未分类,未分类,未分类,0,4.56,4.6,4.67,4.97,4.96,4.67,4.38,下轨下方,-0.11,-0.08,-0.05,死叉,震荡整理,否,获取公告失败
2026-05-22,605060.SH,联德股份,沪市主板,54.15,0.37%,开,360073,1399,0万元,0,25822.0,4.79亿,47885,0,0%,缩量,129.39万,5.5,6.0,4.0,价升,观望,未分类,未分类,未分类,0,56.65,59.97,61.4,60.08,69.27,61.4,53.53,布林带内,-0.86,0.33,-2.37,无信号,震荡整理,否,获取公告失败
2026-05-22,002474.SZ,榕基软件,深市主板,7.96,0.25%,开,359629,1400,0万元,0,25837.0,32.86亿,328584,0,0%,缩量,42.10万,5.5,6.0,4.0,价升||MA5上穿MA10,观望,未分类,未分类,未分类,0,50.86,50.7,48.53,49.28,54.1,48.53,42.96,布林带内,0.79,0.58,0.43,无信号,震荡整理,否,获取公告失败
2026-05-22,300305.SZ,裕兴股份,创业板,6.99,10.43%,开,359372,1401,0万元,0,20724.0,30.34亿,303443,0,0%,缩量,22.47万,6.5,6.5,4.7,阳线||布林带下轨,布林带下轨支撑,未分类,未分类,未分类,0,27.82,28.21,28.07,27.76,29.58,28.07,26.56,下轨下方,0.06,0.26,-0.39,无信号,震荡整理,否,获取公告失败
2026-05-22,301328.SZ,维峰电子,创业板,86.2,4.01%,开,359358,1402,0万元,0,23933.0,2.86亿,28567,0,0%,缩量,94.73万,5.9,6.2,4.3,阳线,观望,未分类,未分类,未分类,0,116.02,119.2,107.76,87.97,137.1,107.76,78.41,布林带内,7.76,9.43,-3.34,死叉,震荡整理,否,获取公告失败
2026-05-22,688171.SH,纬德信息,科创板,55.89,9.63%,开,359076,1403,0万元,0,21092.0,382.95亿,3829451,0,0%,缩量,46.82万,6.5,6.5,4.6,阳线,观望,未分类,未分类,未分类,0,54.63,56.51,55.32,53.08,60.49,55.32,50.15,布林带内,0.82,1.26,-0.88,无信号,震荡整理,否,获取公告失败
2026-05-22,603915.SH,国茂股份,沪市主板,17.9,0.56%,开,358618,1404,0万元,0,25581.0,14.37亿,143688,0,0%,缩量,117.54万,5.6,6.0,4.0,阳线||布林带下轨,布林带下轨支撑,未分类,未分类,未分类,0,25.27,26.38,25.24,24.25,30.26,25.24,20.21,下轨下方,0.25,0.78,-1.05,死叉,震荡整理,否,获取公告失败
2026-05-22,600255.SH,鑫科材料,沪市主板,3.62,5.85%,开,358529,1405,0万元,0,22929.0,64.34亿,643441,0,0%,缩量,65.38万,6.1,6.3,4.4,阳线||布林带下轨,布林带下轨支撑,未分类,未分类,未分类,0,45.41,46.7,47.56,47.28,52.6,47.56,42.52,下轨下方,-0.82,0.04,-1.72,无信号,震荡整理,否,获取公告失败
2026-05-22,600629.SH,华建集团,沪市主板,19.81,1.12%,开,357555,1406,0万元,0,25194.0,12.72亿,127163,0,0%,缩量,189.81万,5.6,6.1,4.1,阳线||布林带下轨,布林带下轨支撑,未分类,未分类,未分类,0,164.18,174.83,181.9,188.38,226.6,181.9,137.19,下轨下方,-9.46,-2.88,-13.17,无信号,震荡整理,否,获取公告失败
2026-05-22,300505.SZ,川金诺,创业板,22.81,1.56%,开,357351,1407,0万元,0,24956.0,11.02亿,110220,0,0%,缩量,49.58万,5.7,6.1,4.1,阳线||布林带下轨,布林带下轨支撑,未分类,未分类,未分类,0,42.63,46.73,49.21,58.57,62.13,49.21,36.29,下轨下方,-4.36,-2.66,-3.4,无信号,震荡整理,否,获取公告失败
2026-05-22,688091.SH,上海谊众,科创板,55.42,0.78%,开,357299,1408,0万元,0,25339.0,462.38亿,4623787,0,0%,缩量,114.56万,5.6,6.0,4.1,阳线||布林带下轨,布林带下轨支撑,未分类,未分类,未分类,0,104.14,114.81,111.91,108.17,143.51,111.91,80.32,下轨下方,-2.91,1.88,-9.58,无信号,震荡整理,否,获取公告失败
2026-05-22,002152.SZ,广电运通,深市主板,11.23,0.63%,开,357066,1409,0万元,0,25393.0,22.69亿,226926,0,0%,缩量,278.74万,5.6,6.0,4.0,价升||布林带下轨,布林带下轨支撑,未分类,未分类,未分类,0,192.01,195.39,198.1,204.42,210.13,198.1,186.07,下轨下方,-3.43,-1.91,-3.04,无信号,震荡整理,否,获取公告失败
2026-05-22,300740.SZ,水羊股份,创业板,25.53,0.20%,开,356221,1410,0万元,0,25524.0,10.00亿,99951,0,0%,缩量,92.24万,5.5,6.0,4.0,价升||布林带下轨,布林带下轨支撑,未分类,未分类,未分类,0,62.56,65.64,65.35,59.14,76.89,65.35,53.81,下轨下方,0.4,2.34,-3.87,无信号,震荡整理,否,获取公告失败
2026-05-22,603195.SH,公牛集团,沪市主板,44.03,0.30%,开,356200,1411,0万元,0,25472.0,5.82亿,58245,0,0%,缩量,792.83万,5.5,6.0,4.0,价升||布林带下轨,布林带下轨支撑,未分类,未分类,未分类,0,129.96,140.6,144.83,147.08,192.87,144.83,96.8,下轨下方,-7.41,-0.58,-13.66,死叉,震荡整理,否,获取公告失败
2026-05-22,601399.SH,国机重装,沪市主板,3.93,1.29%,开,355963,1412,0万元,0,24952.0,63.83亿,638259,0,0%,缩量,283.49万,5.6,6.1,4.1,阳线,观望,未分类,未分类,未分类,0,3.97,4.11,4.18,4.51,4.48,4.18,3.88,布林带内,-0.12,-0.1,-0.05,无信号,震荡整理,否,获取公告失败
2026-05-22,688291.SH,金橙子,科创板,55.85,2.55%,开,355781,1413,0万元,0,24302.0,448.48亿,4484822,0,0%,缩量,57.34万,5.8,6.1,4.2,阳线,观望,未分类,未分类,未分类,0,0.0,0.0,0.0,0.0,0.0,0.0,0.0,未知,0.0,0.0,0.0,,未知,否,获取公告失败
2026-05-22,600693.SH,东百集团,沪市主板,9.5,0.32%,开,355463,1414,0万元,0,25388.0,26.65亿,266531,0,0%,缩量,82.55万,5.5,6.0,4.0,价升||布林带下轨,布林带下轨支撑,未分类,未分类,未分类,0,112.09,121.8,128.02,136.79,151.66,128.02,104.37,下轨下方,-7.37,-3.8,-7.15,无信号,震荡整理,否,获取公告失败
2026-05-22,002092.SZ,中泰化学,深市主板,5.05,0.20%,开,355322,1415,0万元,0,25433.0,50.46亿,504616,0,0%,缩量,130.07万,5.5,6.0,4.0,价升||布林带下轨,布林带下轨支撑,未分类,未分类,未分类,0,19.23,20.18,21.85,24.3,26.08,21.85,17.62,下轨下方,-1.43,-1.01,-0.85,无信号,震荡整理,否,获取公告失败
2026-05-22,002595.SZ,豪迈科技,深市主板,56.4,0.57%,开,355313,1416,0万元,0,25246.0,4.47亿,44689,0,0%,缩量,649.72万,5.6,6.0,4.0,阳线,观望,未分类,未分类,未分类,0,0.0,0.0,0.0,0.0,0.0,0.0,0.0,未知,0.0,0.0,0.0,,未知,否,获取公告失败
2026-05-22,600780.SH,通宝能源,沪市主板,7.05,2.92%,开,355078,1417,0万元,0,24048.0,34.38亿,343788,0,0%,缩量,80.83万,5.8,6.1,4.2,阳线||布林带下轨,布林带下轨支撑,未分类,未分类,未分类,0,71.31,73.44,73.16,71.55,80.46,73.16,65.85,下轨下方,-0.38,0.74,-2.25,无信号,震荡整理,否,获取公告失败
2026-05-22,605058.SH,澳弘电子,沪市主板,39.2,7.60%,开,354748,1418,0万元,0,21673.0,5.61亿,56115,0,0%,缩量,56.03万,6.3,6.4,4.5,阳线,观望,未分类,未分类,未分类,0,39.3,39.77,38.91,36.39,41.78,38.91,36.04,布林带内,0.68,0.86,-0.37,无信号,震荡整理,否,获取公告失败
2026-05-22,600982.SH,宁波能源,沪市主板,6.14,1.15%,开,354726,1419,0万元,0,24896.0,40.97亿,409664,0,0%,缩量,68.62万,5.6,6.1,4.1,阳线||布林带下轨,布林带下轨支撑,未分类,未分类,未分类,0,23.98,25.24,25.0,23.45,28.8,25.0,21.2,下轨下方,-0.1,0.53,-1.25,无信号,震荡整理,否,获取公告失败
2026-05-22,688510.SH,航亚科技,科创板,31.0,1.44%,开,354708,1420,0万元,0,24751.0,814.98亿,8149826,0,0%,缩量,80.45万,5.6,6.1,4.1,价升,观望,未分类,未分类,未分类,0,32.39,34.04,34.07,35.55,37.79,34.07,30.36,布林带内,-0.58,-0.17,-0.82,无信号,震荡整理,否,获取公告失败
2026-05-22,600108.SH,亚盛集团,沪市主板,3.69,1.37%,开,353838,1421,0万元,0,24697.0,67.25亿,672526,0,0%,缩量,71.84万,5.6,6.1,4.1,价升||布林带下轨,布林带下轨支撑,未分类,未分类,未分类,0,37.46,40.63,42.93,48.47,51.72,42.93,34.14,下轨下方,-3.1,-1.82,-2.56,无信号,震荡整理,否,获取公告失败
2026-05-22,603612.SH,索通发展,沪市主板,22.34,2.29%,开,353446,1422,0万元,0,24200.0,10.86亿,108577,0,0%,缩量,111.28万,5.7,6.1,4.2,阳线||布林带下轨,布林带下轨支撑,未分类,未分类,未分类,0,34.04,35.84,37.36,41.92,41.98,37.36,32.74,下轨下方,-1.91,-1.49,-0.85,无信号,震荡整理,否,获取公告失败
2026-05-22,002406.SZ,远东传动,深市主板,8.14,1.12%,开,353100,1423,0万元,0,24751.0,30.75亿,307485,0,0%,缩量,49.02万,5.6,6.1,4.1,阳线,观望,未分类,未分类,未分类,0,30.96,30.97,30.88,29.87,32.32,30.88,29.44,布林带内,0.3,0.45,-0.29,无信号,震荡整理,否,获取公告失败
2026-05-22,600486.SH,扬农化工,沪市主板,61.07,0.26%,开,352993,1424,0万元,0,25168.0,4.12亿,41247,0,0%,缩量,246.72万,5.5,6.0,4.0,价升||布林带下轨,布林带下轨支撑,未分类,未分类,未分类,0,259.7,277.09,297.39,327.13,365.37,297.39,229.42,下轨下方,-22.23,-13.12,-18.23,无信号,震荡整理,否,获取公告失败
2026-05-22,000970.SZ,中科三环,深市主板,11.95,2.84%,开,352499,1425,0万元,0,23830.0,20.17亿,201651,0,0%,缩量,145.28万,5.8,6.1,4.2,阳线||布林带下轨,布林带下轨支撑,未分类,未分类,未分类,0,198.98,210.41,213.11,222.76,245.33,213.11,180.89,下轨下方,-6.87,-2.02,-9.71,无信号,震荡整理,否,获取公告失败
2026-05-22,300079.SZ,数码视讯,创业板,5.74,1.41%,开,351787,1426,0万元,0,24472.0,43.08亿,430837,0,0%,缩量,73.56万,5.6,6.1,4.1,阳线,观望,未分类,未分类,未分类,0,72.02,72.62,71.39,70.72,74.87,71.39,67.91,布林带内,0.67,0.73,-0.12,无信号,震荡整理,否,获取公告失败
2026-05-22,301055.SZ,张小泉,创业板,39.5,2.62%,开,351770,1427,0万元,0,23865.0,6.13亿,61302,0,0%,缩量,61.62万,5.8,6.1,4.2,阳线||多头排列||MA5上穿MA10,多头排列,未分类,未分类,未分类,0,39.91,39.03,35.76,27.72,43.51,35.76,28.02,布林带内,3.15,3.08,0.16,无信号,多头排列,是,获取公告失败
2026-05-22,605318.SH,法狮龙,沪市主板,99.0,0.35%,开,351563,1428,0万元,0,24979.0,2.57亿,25707,0,0%,缩量,124.47万,5.5,6.0,4.0,价升||MA5上穿MA10,观望,未分类,未分类,未分类,0,101.77,97.53,98.26,86.31,105.99,98.26,90.53,布林带内,2.86,3.11,-0.5,无信号,震荡整理,否,获取公告失败
2026-05-22,300050.SZ,世纪鼎利,创业板,7.35,3.81%,开,351007,1429,0万元,0,23194.0,31.93亿,319271,0,0%,缩量,40.02万,5.9,6.2,4.3,阳线,观望,未分类,未分类,未分类,0,64.77,65.29,63.17,58.76,69.16,63.17,57.18,布林带内,1.19,1.66,-0.94,无信号,震荡整理,否,获取公告失败
2026-05-22,002163.SZ,海南发展,深市主板,11.0,1.29%,开,350855,1430,0万元,0,24441.0,22.37亿,223727,0,0%,缩量,88.39万,5.6,6.1,4.1,阳线,观望,未分类,未分类,未分类,0,51.47,53.73,54.96,59.45,59.95,54.96,49.97,布林带内,-2.03,-1.58,-0.9,无信号,震荡整理,否,获取公告失败
2026-05-22,688179.SH,阿拉丁,科创板,23.78,3.48%,开,350706,1431,0万元,0,23330.0,998.34亿,9983432,0,0%,缩量,86.09万,5.8,6.2,4.2,阳线||布林带下轨,布林带下轨支撑,未分类,未分类,未分类,0,68.25,72.9,70.52,64.18,95.88,70.52,45.16,下轨下方,-0.02,3.31,-6.67,死叉,震荡整理,否,获取公告失败
2026-05-22,300420.SZ,五洋自控,创业板,4.55,2.94%,开,350695,1432,0万元,0,23599.0,52.73亿,527272,0,0%,缩量,50.79万,5.8,6.1,4.2,阳线,观望,未分类,未分类,未分类,0,40.12,40.69,37.66,36.52,45.36,37.66,29.96,布林带内,1.22,1.39,-0.34,死叉,震荡整理,否,获取公告失败
2026-05-22,002063.SZ,远光软件,深市主板,6.37,0.95%,开,350664,1433,0万元,0,24591.0,38.95亿,389502,0,0%,缩量,112.67万,5.6,6.0,4.1,阳线||布林带下轨,布林带下轨支撑,未分类,未分类,未分类,0,99.24,105.84,108.32,113.07,136.31,108.32,80.32,下轨下方,-5.26,-1.35,-7.82,死叉,震荡整理,否,获取公告失败
2026-05-22,603826.SH,坤彩科技,沪市主板,34.04,0.38%,开,350376,1434,0万元,0,24846.0,7.27亿,72705,0,0%,缩量,223.03万,5.5,6.0,4.0,阳线||布林带下轨,布林带下轨支撑,未分类,未分类,未分类,0,61.63,63.55,63.5,52.38,73.4,63.5,53.6,下轨下方,1.13,3.13,-3.99,无信号,震荡整理,否,获取公告失败
2026-05-22,300084.SZ,海默科技,创业板,12.97,2.94%,开,349942,1435,0万元,0,23526.0,18.22亿,182165,0,0%,缩量,46.26万,5.8,6.1,4.2,阳线,观望,未分类,未分类,未分类,0,57.28,57.81,54.78,51.52,61.55,54.78,48.01,布林带内,2.15,2.07,0.16,无信号,震荡整理,否,获取公告失败
2026-05-22,600727.SH,鲁北化工,沪市主板,8.31,7.36%,开,349681,1436,0万元,0,21286.0,26.19亿,261880,0,0%,缩量,43.93万,6.2,6.4,4.5,阳线||布林带下轨,布林带下轨支撑,未分类,未分类,未分类,0,35.72,36.81,36.69,35.19,39.87,36.69,33.51,下轨下方,0.19,0.77,-1.15,无信号,震荡整理,否,获取公告失败
2026-05-22,603212.SH,赛伍技术,沪市主板,14.54,3.34%,开,349032,1437,0万元,0,23233.0,16.18亿,161846,0,0%,缩量,63.61万,5.8,6.2,4.2,阳线,观望,未分类,未分类,未分类,0,14.93,15.16,14.7,14.48,15.93,14.7,13.46,布林带内,0.22,0.25,-0.07,死叉,震荡整理,否,获取公告失败
2026-05-22,688216.SH,气派科技,科创板,36.0,4.23%,开,348994,1438,0万元,0,22786.0,642.56亿,6425573,0,0%,缩量,38.32万,5.9,6.2,4.3,阳线||多头排列||MA5上穿MA10,多头排列,未分类,未分类,未分类,0,36.62,36.25,33.43,31.1,39.83,33.43,27.02,布林带内,1.86,1.67,0.37,无信号,多头排列,是,获取公告失败
2026-05-22,603042.SH,华脉科技,沪市主板,21.55,4.87%,开,348610,1439,0万元,0,22428.0,10.50亿,104999,0,0%,缩量,34.61万,6.0,6.2,4.3,阳线,观望,未分类,未分类,未分类,0,22.15,22.74,21.71,21.16,24.49,21.71,18.93,布林带内,0.27,0.36,-0.19,无信号,震荡整理,否,获取公告失败
2026-05-22,600808.SH,马钢股份,沪市主板,3.12,0.65%,开,348575,1440,0万元,0,24535.0,79.23亿,792338,0,0%,缩量,186.19万,5.6,6.0,4.0,阳线||布林带下轨,布林带下轨支撑,未分类,未分类,未分类,0,6.24,6.73,7.12,7.46,8.55,7.12,5.7,下轨下方,-0.41,-0.19,-0.44,无信号,震荡整理,否,获取公告失败
2026-05-22,301459.SZ,丰茂股份,创业板,43.05,4.80%,开,348337,1441,0万元,0,22436.0,5.31亿,53084,0,0%,缩量,11.24万,6.0,6.2,4.3,阳线||布林带下轨||MA5上穿MA10,布林带下轨支撑,未分类,未分类,未分类,0,50.7,50.6,50.01,51.06,54.66,50.01,45.35,下轨下方,-0.16,0.01,-0.33,死叉,震荡整理,否,获取公告失败
2026-05-22,002967.SZ,广电计量,深市主板,22.05,2.70%,开,348307,1442,0万元,0,23480.0,10.78亿,107798,0,0%,缩量,120.66万,5.8,6.1,4.2,阳线||布林带下轨,布林带下轨支撑,未分类,未分类,未分类,0,33.91,35.52,36.08,36.16,42.8,36.08,29.36,下轨下方,-0.98,0.05,-2.04,无信号,震荡整理,否,获取公告失败
2026-05-22,002803.SZ,吉宏股份,深市主板,22.02,3.28%,开,347956,1443,0万元,0,23154.0,10.61亿,106069,0,0%,缩量,63.57万,5.8,6.2,4.2,阳线||布林带下轨,布林带下轨支撑,未分类,未分类,未分类,0,63.01,66.92,64.96,58.81,80.28,64.96,49.65,下轨下方,0.65,2.89,-4.47,无信号,震荡整理,否,获取公告失败
2026-05-22,603380.SH,易德龙,沪市主板,43.12,0.98%,开,347418,1444,0万元,0,24250.0,5.59亿,55883,0,0%,缩量,69.18万,5.6,6.0,4.1,阳线||多头排列||MA5上穿MA10,多头排列,未分类,未分类,未分类,0,44.38,42.17,40.6,39.11,45.73,40.6,35.48,布林带内,1.54,1.04,1.0,无信号,多头排列,是,获取公告失败
2026-05-22,300682.SZ,朗新科技,创业板,14.27,1.28%,开,347347,1445,0万元,0,24096.0,16.99亿,169904,0,0%,缩量,147.17万,5.6,6.1,4.1,阳线||布林带下轨,布林带下轨支撑,未分类,未分类,未分类,0,21.82,22.73,23.05,25.79,27.7,23.05,18.4,下轨下方,-1.2,-0.74,-0.93,死叉,震荡整理,否,获取公告失败
2026-05-22,605189.SH,富春染织,沪市主板,17.01,1.13%,开,346718,1446,0万元,0,24107.0,14.08亿,140809,0,0%,缩量,33.01万,5.6,6.1,4.1,阳线||布林带下轨,布林带下轨支撑,未分类,未分类,未分类,0,26.15,28.64,28.6,26.17,34.77,28.6,22.44,下轨下方,-0.43,0.66,-2.19,无信号,震荡整理,否,获取公告失败
2026-05-22,002870.SZ,香山股份,深市主板,42.2,3.51%,开,346577,1447,0万元,0,22904.0,5.45亿,54457,0,0%,缩量,54.75万,5.9,6.2,4.2,阳线,观望,未分类,未分类,未分类,0,0.0,0.0,0.0,0.0,0.0,0.0,0.0,未知,0.0,0.0,0.0,,未知,否,获取公告失败
2026-05-22,300836.SZ,佰奥智能,创业板,79.25,4.28%,开,346341,1448,0万元,0,22496.0,2.91亿,29136,0,0%,缩量,50.29万,5.9,6.2,4.3,阳线||多头排列||布林带下轨||MA5上穿MA10,多头排列;布林带下轨支撑,未分类,未分类,未分类,0,134.66,133.49,123.72,115.27,159.38,123.72,88.06,下轨下方,3.9,5.91,-4.04,死叉,多头排列,是,获取公告失败
2026-05-22,002470.SZ,金正大,深市主板,2.48,0.81%,开,346255,1449,0万元,0,24219.0,98.32亿,983176,0,0%,缩量,81.49万,5.6,6.0,4.1,阳线||布林带下轨,布林带下轨支撑,未分类,未分类,未分类,0,11.69,12.44,12.84,13.23,14.48,12.84,11.21,下轨下方,-0.45,-0.2,-0.51,无信号,震荡整理,否,获取公告失败
2026-05-22,000917.SZ,电广传媒,深市主板,8.1,1.12%,开,346157,1450,0万元,0,24054.0,29.97亿,299699,0,0%,缩量,114.81万,5.6,6.1,4.1,阳线||布林带下轨,布林带下轨支撑,未分类,未分类,未分类,0,62.48,65.02,69.21,75.51,82.35,69.21,56.07,下轨下方,-4.21,-2.89,-2.63,无信号,震荡整理,否,获取公告失败
2026-05-22,600222.SH,太龙药业,沪市主板,7.98,4.59%,开,346055,1451,0万元,0,22312.0,28.34亿,283401,0,0%,缩量,45.80万,6.0,6.2,4.3,阳线||布林带下轨,布林带下轨支撑,未分类,未分类,未分类,0,30.26,30.74,29.67,29.4,33.47,29.67,25.88,下轨下方,0.17,0.42,-0.5,死叉,震荡整理,否,获取公告失败
2026-05-22,301096.SZ,百诚医药,创业板,64.6,0.28%,开,345617,1452,0万元,0,24422.0,3.81亿,38072,0,0%,缩量,53.68万,5.5,6.0,4.0,价升,观望,未分类,未分类,未分类,0,64.74,65.07,62.48,56.21,68.32,62.48,56.65,布林带内,2.29,2.38,-0.18,死叉,震荡整理,否,获取公告失败
2026-05-22,688299.SH,长阳科技,科创板,19.5,3.56%,开,345560,1453,0万元,0,22777.0,1178.82亿,11788178,0,0%,缩量,56.04万,5.9,6.2,4.2,阳线||多头排列||MA5上穿MA10,多头排列,未分类,未分类,未分类,0,20.12,20.11,19.27,18.78,21.61,19.27,16.93,布林带内,0.48,0.48,-0.01,死叉,多头排列,是,获取公告失败
2026-05-22,002613.SZ,北玻股份,深市主板,4.17,2.96%,开,344824,1454,0万元,0,23001.0,55.91亿,559060,0,0%,缩量,32.26万,5.8,6.1,4.2,阳线,观望,未分类,未分类,未分类,0,15.17,15.35,15.2,14.88,16.34,15.2,14.05,布林带内,0.14,0.19,-0.11,无信号,震荡整理,否,获取公告失败
2026-05-22,688292.SH,浩瀚深度,科创板,25.95,3.63%,开,344790,1455,0万元,0,22662.0,879.99亿,8799887,0,0%,缩量,41.09万,5.9,6.2,4.2,阳线||MA5上穿MA10,观望,未分类,未分类,未分类,0,26.25,25.24,24.35,25.31,27.2,24.35,21.5,布林带内,0.35,0.01,0.67,无信号,震荡整理,否,获取公告失败
2026-05-22,000723.SZ,美锦能源,深市主板,4.07,2.78%,开,344478,1456,0万元,0,23059.0,57.68亿,576816,0,0%,缩量,178.88万,5.8,6.1,4.2,阳线||布林带下轨,布林带下轨支撑,未分类,未分类,未分类,0,28.35,28.94,30.26,33.57,33.62,30.26,26.89,下轨下方,-1.4,-1.12,-0.57,无信号,震荡整理,否,获取公告失败
2026-05-22,600268.SH,国电南自,沪市主板,13.98,1.30%,开,344341,1457,0万元,0,23782.0,17.03亿,170290,0,0%,缩量,141.31万,5.6,6.1,4.1,阳线||布林带下轨,布林带下轨支撑,未分类,未分类,未分类,0,123.84,134.6,137.49,136.4,168.67,137.49,106.32,下轨下方,-5.52,-0.11,-10.82,无信号,震荡整理,否,获取公告失败
2026-05-22,603120.SH,肯特催化,沪市主板,55.22,6.21%,开,343903,1458,0万元,0,21284.0,3.92亿,39211,0,0%,缩量,20.93万,6.1,6.3,4.4,阳线||多头排列||MA5上穿MA10,多头排列,未分类,未分类,未分类,0,54.67,51.89,45.99,42.76,59.63,45.99,32.35,布林带内,4.01,2.94,2.13,无信号,多头排列,是,获取公告失败
2026-05-22,000863.SZ,三湘印象,深市主板,5.57,3.72%,开,343671,1459,0万元,0,22505.0,40.20亿,401979,0,0%,缩量,64.79万,5.9,6.2,4.2,阳线||布林带下轨,布林带下轨支撑,未分类,未分类,未分类,0,32.8,34.62,33.62,35.16,43.62,33.62,23.61,下轨下方,-0.99,0.11,-2.21,死叉,震荡整理,否,获取公告失败
2026-05-22,300668.SZ,杰恩股份,创业板,61.45,3.64%,开,342905,1460,0万元,0,22469.0,3.69亿,36920,0,0%,缩量,61.26万,5.9,6.2,4.2,阳线,观望,未分类,未分类,未分类,0,157.24,161.61,158.15,116.74,175.04,158.15,141.27,布林带内,7.97,11.13,-6.32,无信号,震荡整理,否,获取公告失败
2026-05-22,002300.SZ,太阳电缆,深市主板,9.27,0.43%,开,342806,1461,0万元,0,24064.0,26.03亿,260253,0,0%,缩量,66.96万,5.5,6.0,4.0,阳线||布林带下轨,布林带下轨支撑,未分类,未分类,未分类,0,61.31,64.46,64.68,64.61,73.89,64.68,55.48,下轨下方,-1.18,0.21,-2.8,无信号,震荡整理,否,获取公告失败
2026-05-22,000411.SZ,英特集团,深市主板,12.12,1.76%,开,342526,1462,0万元,0,23371.0,19.56亿,195613,0,0%,缩量,68.32万,5.7,6.1,4.1,阳线||布林带下轨,布林带下轨支撑,未分类,未分类,未分类,0,36.76,37.85,37.16,37.65,44.1,37.16,30.22,下轨下方,-0.51,0.21,-1.43,死叉,震荡整理,否,获取公告失败
2026-05-22,603790.SH,雅运股份,沪市主板,32.88,3.46%,开,342496,1463,0万元,0,22519.0,6.98亿,69804,0,0%,缩量,62.92万,5.8,6.2,4.2,阳线||多头排列||MA5上穿MA10,多头排列,未分类,未分类,未分类,0,39.21,38.09,35.45,32.51,42.59,35.45,28.31,布林带内,2.09,1.93,0.3,无信号,多头排列,是,获取公告失败
2026-05-22,600088.SH,中视传媒,沪市主板,15.68,1.95%,开,342422,1464,0万元,0,23267.0,14.81亿,148076,0,0%,缩量,62.36万,5.7,6.1,4.1,阳线,观望,未分类,未分类,未分类,0,50.74,53.34,50.57,49.41,59.53,50.57,41.62,布林带内,0.54,1.24,-1.42,无信号,震荡整理,否,获取公告失败
2026-05-22,002876.SZ,三利谱,深市主板,29.85,2.54%,开,342260,1465,0万元,0,22955.0,7.79亿,77908,0,0%,缩量,44.46万,5.8,6.1,4.2,阳线,观望,未分类,未分类,未分类,0,0.0,0.0,0.0,0.0,0.0,0.0,0.0,未知,0.0,0.0,0.0,,未知,否,获取公告失败
2026-05-22,002448.SZ,中原内配,深市主板,14.13,1.65%,开,341383,1466,0万元,0,23311.0,16.59亿,165891,0,0%,缩量,82.03万,5.7,6.1,4.1,阳线,观望,未分类,未分类,未分类,0,78.3,81.52,83.8,83.72,92.73,83.8,74.87,布林带内,-1.46,-0.36,-2.19,无信号,震荡整理,否,获取公告失败
2026-05-22,300955.SZ,嘉亨家化,创业板,50.7,2.99%,开,341359,1467,0万元,0,22643.0,4.50亿,45013,0,0%,缩量,51.11万,5.8,6.1,4.2,阳线||多头排列||MA5上穿MA10,多头排列,未分类,未分类,未分类,0,48.45,46.22,43.09,39.42,51.44,43.09,34.74,布林带内,2.69,1.88,1.62,无信号,多头排列,是,获取公告失败
2026-05-22,600527.SH,江南高纤,沪市主板,2.71,3.04%,开,341349,1468,0万元,0,22614.0,84.64亿,846379,0,0%,缩量,46.93万,5.8,6.2,4.2,阳线||布林带下轨,布林带下轨支撑,未分类,未分类,未分类,0,64.37,69.79,71.34,67.45,88.15,71.34,54.52,下轨下方,-1.94,1.01,-5.91,无信号,震荡整理,否,获取公告失败
2026-05-22,002416.SZ,爱施德,深市主板,11.99,1.10%,开,341070,1469,0万元,0,23559.0,19.84亿,198439,0,0%,缩量,146.75万,5.6,6.1,4.1,阳线||布林带下轨,布林带下轨支撑,未分类,未分类,未分类,0,35.85,37.69,39.18,39.48,44.14,39.18,34.21,下轨下方,-1.25,-0.42,-1.65,无信号,震荡整理,否,获取公告失败
2026-05-22,688653.SH,康希通信,科创板,15.95,4.32%,开,340372,1470,0万元,0,21879.0,1399.64亿,13996412,0,0%,缩量,50.47万,5.9,6.2,4.3,阳线,观望,未分类,未分类,未分类,0,15.96,15.96,15.21,13.91,17.12,15.21,13.31,布林带内,0.65,0.67,-0.02,死叉,震荡整理,否,获取公告失败
2026-05-22,002809.SZ,红墙股份,深市主板,9.89,5.89%,开,340093,1471,0万元,0,21065.0,21.68亿,216774,0,0%,缩量,16.81万,6.1,6.3,4.4,阳线||布林带下轨,布林带下轨支撑,未分类,未分类,未分类,0,26.58,28.64,29.2,32.16,36.24,29.2,22.15,下轨下方,-1.63,-0.64,-1.98,无信号,震荡整理,否,获取公告失败
2026-05-22,300224.SZ,正海磁材,创业板,13.13,3.06%,开,339846,1472,0万元,0,22454.0,17.24亿,172431,0,0%,缩量,121.75万,5.8,6.2,4.2,阳线,观望,未分类,未分类,未分类,0,0.0,0.0,0.0,0.0,0.0,0.0,0.0,未知,0.0,0.0,0.0,,未知,否,获取公告失败
2026-05-22,300772.SZ,运达股份,创业板,16.15,1.44%,开,339703,1473,0万元,0,23248.0,14.46亿,144610,0,0%,缩量,112.71万,5.6,6.1,4.1,阳线||布林带下轨,布林带下轨支撑,未分类,未分类,未分类,0,27.67,29.21,29.79,33.45,36.4,29.79,23.18,下轨下方,-1.69,-0.91,-1.57,死叉,震荡整理,否,获取公告失败
2026-05-22,300710.SZ,万隆光电,创业板,37.55,2.18%,开,339504,1474,0万元,0,22862.0,6.12亿,61180,0,0%,缩量,28.00万,5.7,6.1,4.1,阳线||多头排列||布林带下轨||MA5上穿MA10,多头排列;布林带下轨支撑,未分类,未分类,未分类,0,49.43,49.11,47.45,44.93,55.65,47.45,39.24,下轨下方,1.13,1.58,-0.91,死叉,多头排列,是,获取公告失败
2026-05-22,002180.SZ,奔图科技,深市主板,17.67,3.03%,开,338740,1475,0万元,0,22358.0,12.82亿,128237,0,0%,缩量,240.36万,5.8,6.2,4.2,阳线,观望,未分类,未分类,未分类,0,84.73,85.9,87.37,87.17,91.95,87.37,82.79,布林带内,-0.5,0.07,-1.14,无信号,震荡整理,否,获取公告失败
2026-05-22,603001.SH,奥康国际,沪市主板,9.69,9.99%,开,338353,1476,0万元,0,18841.0,19.88亿,198759,0,0%,缩量,38.85万,6.5,6.5,4.7,阳线||布林带下轨,布林带下轨支撑,未分类,未分类,未分类,0,13.61,13.96,14.0,14.27,15.43,14.0,12.57,下轨下方,-0.24,-0.06,-0.37,无信号,震荡整理,否,获取公告失败
2026-05-22,300735.SZ,光弘科技,创业板,20.65,1.77%,开,338321,1477,0万元,0,22945.0,11.21亿,112145,0,0%,缩量,156.41万,5.7,6.1,4.1,阳线||布林带下轨,布林带下轨支撑,未分类,未分类,未分类,0,36.81,39.11,40.98,43.29,51.01,40.98,30.94,下轨下方,-2.38,-1.01,-2.74,无信号,震荡整理,否,获取公告失败
2026-05-22,300609.SZ,汇纳科技,创业板,38.67,3.45%,开,337925,1478,0万元,0,22067.0,5.72亿,57155,0,0%,缩量,46.38万,5.8,6.2,4.2,阳线,观望,未分类,未分类,未分类,0,40.83,42.09,41.92,39.01,45.87,41.92,37.98,布林带内,0.47,1.09,-1.24,无信号,震荡整理,否,获取公告失败
2026-05-22,002065.SZ,东华软件,深市主板,8.05,0.37%,开,337550,1479,0万元,0,23568.0,29.25亿,292547,0,0%,缩量,234.09万,5.5,6.0,4.0,价升||布林带下轨,布林带下轨支撑,未分类,未分类,未分类,0,255.51,260.16,260.92,264.38,274.61,260.92,247.23,下轨下方,-2.28,-0.47,-3.63,无信号,震荡整理,否,获取公告失败
2026-05-22,300656.SZ,民德电子,创业板,32.26,1.45%,开,337492,1480,0万元,0,23026.0,7.18亿,71813,0,0%,缩量,42.87万,5.6,6.1,4.1,阳线||布林带下轨,布林带下轨支撑,未分类,未分类,未分类,0,77.9,80.27,74.67,66.03,96.42,74.67,52.91,下轨下方,3.06,4.87,-3.62,死叉,震荡整理,否,获取公告失败
2026-05-22,301321.SZ,翰博高新,创业板,30.94,3.93%,开,337380,1481,0万元,0,21773.0,7.15亿,71481,0,0%,缩量,45.67万,5.9,6.2,4.3,阳线||布林带下轨,布林带下轨支撑,未分类,未分类,未分类,0,42.85,43.74,41.21,35.0,50.08,41.21,32.35,下轨下方,1.94,2.85,-1.83,死叉,震荡整理,否,获取公告失败
2026-05-22,300455.SZ,航天智装,创业板,24.85,1.14%,开,337068,1482,0万元,0,23137.0,9.38亿,93847,0,0%,缩量,176.09万,5.6,6.1,4.1,阳线,观望,未分类,未分类,未分类,0,93.68,97.17,97.6,93.8,106.92,97.6,88.29,布林带内,-0.03,1.28,-2.63,无信号,震荡整理,否,获取公告失败
2026-05-22,688083.SH,中望软件,科创板,60.31,2.27%,开,336931,1483,0万元,0,22557.0,374.35亿,3743451,0,0%,缩量,102.31万,5.7,6.1,4.2,阳线||布林带下轨,布林带下轨支撑,未分类,未分类,未分类,0,148.57,155.01,155.07,156.42,202.24,155.07,107.9,下轨下方,-4.6,1.29,-11.78,死叉,震荡整理,否,获取公告失败
2026-05-22,600973.SH,宝胜股份,沪市主板,7.18,4.21%,开,336734,1484,0万元,0,21569.0,30.31亿,303145,0,0%,缩量,98.46万,5.9,6.2,4.3,阳线||布林带下轨,布林带下轨支撑,未分类,未分类,未分类,0,57.03,59.8,60.29,58.72,67.88,60.29,52.7,下轨下方,-0.85,0.53,-2.78,无信号,震荡整理,否,获取公告失败
2026-05-22,301132.SZ,满坤科技,创业板,36.66,5.98%,开,336641,1485,0万元,0,20672.0,5.71亿,57071,0,0%,缩量,34.73万,6.1,6.3,4.4,阳线,观望,未分类,未分类,未分类,0,37.0,38.15,39.45,40.51,43.76,39.45,35.14,布林带内,-1.19,-0.78,-0.83,无信号,震荡整理,否,获取公告失败
2026-05-22,002324.SZ,普利特,深市主板,13.6,1.42%,开,336184,1486,0万元,0,22910.0,16.94亿,169417,0,0%,缩量,105.57万,5.6,6.1,4.1,阳线||布林带下轨,布林带下轨支撑,未分类,未分类,未分类,0,96.82,107.19,114.61,121.69,151.19,114.61,78.03,下轨下方,-8.95,-3.58,-10.75,无信号,震荡整理,否,获取公告失败
2026-05-22,603222.SH,济民健康,沪市主板,9.77,2.73%,开,336069,1487,0万元,0,22240.0,22.55亿,225476,0,0%,缩量,51.30万,5.8,6.1,4.2,阳线||布林带下轨,布林带下轨支撑,未分类,未分类,未分类,0,26.57,27.96,28.2,27.49,32.53,28.2,23.87,下轨下方,-0.67,0.07,-1.48,无信号,震荡整理,否,获取公告失败
2026-05-22,600763.SH,通策医疗,沪市主板,37.0,0.76%,开,335922,1488,0万元,0,23211.0,6.30亿,62979,0,0%,缩量,165.50万,5.6,6.0,4.1,阳线||布林带下轨,布林带下轨支撑,未分类,未分类,未分类,0,121.23,130.47,138.03,146.95,164.79,138.03,111.28,下轨下方,-7.75,-3.75,-7.99,无信号,震荡整理,否,获取公告失败
2026-05-22,688096.SH,京源环保,科创板,12.69,2.26%,开,335671,1489,0万元,0,22439.0,1775.94亿,17759382,0,0%,缩量,29.95万,5.7,6.1,4.2,阳线,观望,未分类,未分类,未分类,0,22.48,23.3,20.45,18.99,28.4,20.45,12.5,布林带内,1.03,1.38,-0.69,死叉,震荡整理,否,获取公告失败
2026-05-22,002832.SZ,比音勒芬,深市主板,20.17,0.90%,开,335512,1490,0万元,0,23101.0,11.41亿,114140,0,0%,缩量,78.55万,5.6,6.0,4.1,阳线||布林带下轨,布林带下轨支撑,未分类,未分类,未分类,0,98.78,108.1,108.3,101.7,144.4,108.3,72.21,下轨下方,-2.96,2.59,-11.1,无信号,震荡整理,否,获取公告失败
2026-05-22,688669.SH,聚石化学,科创板,36.91,5.13%,开,335433,1491,0万元,0,20980.0,566.10亿,5660998,0,0%,缩量,44.78万,6.0,6.3,4.3,阳线,观望,未分类,未分类,未分类,0,44.66,46.05,43.32,38.39,52.99,43.32,33.65,布林带内,1.91,2.62,-1.41,死叉,震荡整理,否,获取公告失败
2026-05-22,688685.SH,迈信林,科创板,54.41,3.50%,开,334510,1492,0万元,0,21701.0,403.48亿,4034801,0,0%,缩量,79.90万,5.9,6.2,4.2,阳线,观望,未分类,未分类,未分类,0,68.53,70.16,66.23,61.77,78.27,66.23,54.18,布林带内,2.19,3.14,-1.9,死叉,震荡整理,否,获取公告失败
2026-05-22,603025.SH,大豪科技,沪市主板,16.39,3.41%,开,334044,1493,0万元,0,21701.0,13.27亿,132678,0,0%,缩量,181.79万,5.8,6.2,4.2,阳线,观望,未分类,未分类,未分类,0,0.0,0.0,0.0,0.0,0.0,0.0,0.0,未知,0.0,0.0,0.0,,未知,否,获取公告失败
2026-05-22,002258.SZ,利尔化学,深市主板,12.17,3.22%,开,333005,1494,0万元,0,21689.0,17.97亿,179676,0,0%,缩量,97.26万,5.8,6.2,4.2,阳线||布林带下轨,布林带下轨支撑,未分类,未分类,未分类,0,66.43,69.96,73.78,84.08,89.37,73.78,58.19,下轨下方,-5.52,-3.79,-3.46,无信号,震荡整理,否,获取公告失败
2026-05-22,002935.SZ,天奥电子,深市主板,21.25,3.81%,开,332892,1495,0万元,0,21384.0,10.08亿,100784,0,0%,缩量,88.21万,5.9,6.2,4.3,阳线||布林带下轨,布林带下轨支撑,未分类,未分类,未分类,0,72.46,79.75,84.68,80.47,115.27,84.68,54.09,下轨下方,-4.17,0.8,-9.93,无信号,震荡整理,否,获取公告失败
2026-05-22,688660.SH,电气风电,科创板,11.77,1.82%,开,332823,1496,0万元,0,22374.0,1913.51亿,19135099,0,0%,缩量,156.93万,5.7,6.1,4.1,阳线,观望,未分类,未分类,未分类,0,12.1,12.3,12.36,13.13,13.04,12.36,11.67,布林带内,-0.23,-0.19,-0.07,无信号,震荡整理,否,获取公告失败
2026-05-22,688282.SH,理工导航,科创板,88.0,0.46%,开,332533,1497,0万元,0,23025.0,255.60亿,2555957,0,0%,缩量,77.44万,5.5,6.0,4.0,价升,观望,未分类,未分类,未分类,0,88.57,92.38,88.32,80.71,102.3,88.32,74.35,布林带内,2.29,3.22,-1.88,无信号,震荡整理,否,获取公告失败
2026-05-22,600133.SH,东湖高新,沪市主板,9.06,1.23%,开,332425,1498,0万元,0,22628.0,25.10亿,251021,0,0%,缩量,96.60万,5.6,6.1,4.1,阳线||布林带下轨,布林带下轨支撑,未分类,未分类,未分类,0,38.07,39.07,38.67,38.87,43.52,38.67,33.82,下轨下方,-0.37,0.26,-1.26,死叉,震荡整理,否,获取公告失败
2026-05-22,002091.SZ,江苏国泰,深市主板,9.04,0.67%,开,332240,1499,0万元,0,22890.0,25.39亿,253948,0,0%,缩量,144.48万,5.6,6.0,4.0,阳线||布林带下轨,布林带下轨支撑,未分类,未分类,未分类,0,64.84,66.29,67.81,67.64,73.73,67.81,61.89,下轨下方,-1.17,-0.35,-1.64,无信号,震荡整理,否,获取公告失败
2026-05-22,000546.SZ,金圆股份,深市主板,6.13,2.00%,开,332033,1500,0万元,0,22205.0,36.77亿,367708,0,0%,缩量,42.71万,5.7,6.1,4.1,阳线||布林带下轨,布林带下轨支撑,未分类,未分类,未分类,0,11.16,12.26,12.79,12.01,15.28,12.79,10.31,下轨下方,-0.35,0.12,-0.93,无信号,震荡整理,否,获取公告失败
2026-05-22,300428.SZ,立中集团,创业板,22.23,3.06%,开,332009,1501,0万元,0,21671.0,9.84亿,98367,0,0%,缩量,132.66万,5.8,6.2,4.2,阳线,观望,未分类,未分类,未分类,0,84.12,84.84,82.86,84.55,88.46,82.86,77.27,布林带内,0.57,0.51,0.11,无信号,震荡整理,否,获取公告失败
2026-05-22,300940.SZ,南极光,创业板,20.74,1.37%,开,330862,1502,0万元,0,22402.0,10.96亿,109603,0,0%,缩量,32.66万,5.6,6.1,4.1,阳线||布林带下轨,布林带下轨支撑,未分类,未分类,未分类,0,29.91,31.29,33.02,36.3,40.16,33.02,25.89,下轨下方,-2.07,-1.36,-1.41,无信号,震荡整理,否,获取公告失败
2026-05-22,600203.SH,福日电子,沪市主板,12.32,2.92%,开,330439,1503,0万元,0,21582.0,17.71亿,177142,0,0%,缩量,73.06万,5.8,6.1,4.2,阳线||布林带下轨,布林带下轨支撑,未分类,未分类,未分类,0,19.6,20.6,20.71,19.82,23.81,20.71,17.62,下轨下方,-0.19,0.34,-1.08,无信号,震荡整理,否,获取公告失败
2026-05-22,301162.SZ,国能日新,创业板,51.45,3.94%,开,329646,1504,0万元,0,20995.0,4.17亿,41666,0,0%,缩量,61.78万,5.9,6.2,4.3,阳线,观望,未分类,未分类,未分类,0,0.0,0.0,0.0,0.0,0.0,0.0,0.0,未知,0.0,0.0,0.0,,未知,否,获取公告失败
2026-05-22,002440.SZ,闰土股份,深市主板,9.59,2.35%,开,329409,1505,0万元,0,21767.0,22.81亿,228108,0,0%,缩量,90.76万,5.7,6.1,4.2,阳线||布林带下轨,布林带下轨支撑,未分类,未分类,未分类,0,51.01,53.11,56.32,61.58,65.01,56.32,47.64,下轨下方,-3.07,-2.22,-1.69,无信号,震荡整理,否,获取公告失败
2026-05-22,600018.SH,上港集团,沪市主板,5.11,0.39%,开,329324,1506,0万元,0,22736.0,44.80亿,448050,0,0%,缩量,1187.91万,5.5,6.0,4.0,阳线||多头排列||布林带上轨||MA5上穿MA10,多头排列,未分类,未分类,未分类,0,19.83,13.8,10.71,8.72,37.75,10.71,-16.33,上轨上方,4.84,0.98,7.72,无信号,多头排列,是,获取公告失败
2026-05-22,601808.SH,中海油服,沪市主板,13.71,0.22%,开,329316,1507,0万元,0,22822.0,16.72亿,167166,0,0%,缩量,405.88万,5.5,6.0,4.0,阳线||布林带下轨,布林带下轨支撑,未分类,未分类,未分类,0,17.02,17.29,17.76,19.41,19.13,17.76,16.38,下轨下方,-0.61,-0.5,-0.23,无信号,震荡整理,否,获取公告失败
2026-05-22,002078.SZ,太阳纸业,深市主板,13.06,0.62%,开,329271,1508,0万元,0,22619.0,17.39亿,173934,0,0%,缩量,362.72万,5.6,6.0,4.0,阳线,观望,未分类,未分类,未分类,0,110.57,113.91,117.56,124.8,127.14,117.56,107.98,布林带内,-3.56,-2.67,-1.78,无信号,震荡整理,否,获取公告失败
2026-05-22,605399.SH,晨光新材,沪市主板,15.89,1.27%,开,328593,1509,0万元,0,22222.0,14.10亿,140997,0,0%,缩量,49.50万,5.6,6.1,4.1,阳线||布林带下轨,布林带下轨支撑,未分类,未分类,未分类,0,25.31,25.72,26.04,26.75,31.13,26.04,20.95,下轨下方,-0.63,-0.1,-1.06,死叉,震荡整理,否,获取公告失败
2026-05-22,300765.SZ,新诺威,创业板,28.84,0.42%,开,327689,1510,0万元,0,22560.0,7.80亿,77981,0,0%,缩量,405.08万,5.5,6.0,4.0,价升||布林带下轨,布林带下轨支撑,未分类,未分类,未分类,0,147.18,169.02,177.53,186.27,248.72,177.53,106.35,下轨下方,-15.59,-4.64,-21.89,无信号,震荡整理,否,获取公告失败
2026-05-22,603155.SH,新亚强,沪市主板,19.81,0.56%,开,327681,1511,0万元,0,22489.0,11.47亿,114655,0,0%,缩量,62.56万,5.6,6.0,4.0,阳线||布林带下轨,布林带下轨支撑,未分类,未分类,未分类,0,40.17,41.59,40.82,40.02,51.93,40.82,29.7,下轨下方,-0.26,1.03,-2.59,死叉,震荡整理,否,获取公告失败
2026-05-22,603315.SH,福鞍股份,沪市主板,16.76,3.71%,开,327194,1512,0万元,0,20863.0,12.59亿,125935,0,0%,缩量,53.69万,5.9,6.2,4.2,阳线,观望,未分类,未分类,未分类,0,35.43,37.71,37.6,34.12,42.06,37.6,33.14,布林带内,0.37,1.16,-1.57,无信号,震荡整理,否,获取公告失败
2026-05-22,300333.SZ,兆日科技,创业板,11.22,0.90%,开,327136,1513,0万元,0,22264.0,19.95亿,199550,0,0%,缩量,37.56万,5.6,6.0,4.1,阳线||多头排列||MA5上穿MA10,多头排列,未分类,未分类,未分类,0,36.23,35.67,32.82,31.91,39.03,32.82,26.61,布林带内,1.66,1.17,0.98,无信号,多头排列,是,获取公告失败
2026-05-22,002534.SZ,西子洁能,深市主板,18.53,1.20%,开,326897,1514,0万元,0,22089.0,11.90亿,119048,0,0%,缩量,152.94万,5.6,6.1,4.1,价升||MA5上穿MA10,观望,未分类,未分类,未分类,0,37.37,36.9,37.08,37.28,38.85,37.08,35.31,布林带内,0.11,0.02,0.19,无信号,震荡整理,否,获取公告失败
2026-05-22,688779.SH,五矿新能,科创板,9.68,1.79%,开,326777,1515,0万元,0,21784.0,2260.22亿,22602150,0,0%,缩量,186.75万,5.7,6.1,4.1,价升,观望,未分类,未分类,未分类,0,10.05,10.28,10.86,11.2,12.18,10.86,9.55,布林带内,-0.35,-0.22,-0.27,无信号,震荡整理,否,获取公告失败
2026-05-22,300651.SZ,金陵体育,创业板,25.38,1.32%,开,326066,1516,0万元,0,21948.0,8.66亿,86634,0,0%,缩量,26.24万,5.6,6.1,4.1,阳线,观望,未分类,未分类,未分类,0,0.0,0.0,0.0,0.0,0.0,0.0,0.0,未知,0.0,0.0,0.0,,未知,否,获取公告失败
2026-05-22,000697.SZ,炼石航空,深市主板,12.05,2.73%,开,326000,1517,0万元,0,21236.0,17.84亿,178445,0,0%,缩量,78.70万,5.8,6.1,4.2,阳线||布林带下轨,布林带下轨支撑,未分类,未分类,未分类,0,43.58,45.93,43.44,39.7,53.01,43.44,33.86,下轨下方,1.14,2.08,-1.88,无信号,震荡整理,否,获取公告失败
2026-05-22,603638.SH,艾迪精密,沪市主板,25.45,0.35%,开,325934,1518,0万元,0,22416.0,8.78亿,87828,0,0%,缩量,211.51万,5.5,6.0,4.0,阳线||布林带下轨,布林带下轨支撑,未分类,未分类,未分类,0,103.2,110.46,108.95,102.15,144.59,108.95,73.3,下轨下方,-1.4,3.57,-9.94,死叉,震荡整理,否,获取公告失败
2026-05-22,688633.SH,星球石墨,科创板,35.05,2.73%,开,325478,1519,0万元,0,21185.0,611.17亿,6111715,0,0%,缩量,50.39万,5.8,6.1,4.2,阳线||布林带下轨,布林带下轨支撑,未分类,未分类,未分类,0,65.37,70.79,70.15,58.58,90.22,70.15,50.07,下轨下方,1.02,4.4,-6.77,无信号,震荡整理,否,获取公告失败
2026-05-22,603070.SH,万控智造,沪市主板,16.9,2.05%,开,325475,1520,0万元,0,21521.0,12.86亿,128589,0,0%,缩量,67.77万,5.7,6.1,4.1,阳线||MA5上穿MA10,观望,未分类,未分类,未分类,0,16.89,16.64,15.81,15.9,18.06,15.81,13.55,布林带内,0.42,0.25,0.34,无信号,震荡整理,否,获取公告失败
2026-05-22,301516.SZ,中远通,创业板,21.29,2.85%,开,325031,1521,0万元,0,21078.0,9.93亿,99337,0,0%,缩量,14.94万,5.8,6.1,4.2,阳线||多头排列||MA5上穿MA10,多头排列,未分类,未分类,未分类,0,21.82,21.69,21.0,19.56,23.16,21.0,18.84,布林带内,0.58,0.63,-0.11,无信号,多头排列,是,获取公告失败
2026-05-22,300909.SZ,汇创达,创业板,47.43,2.71%,开,324883,1522,0万元,0,21135.0,4.49亿,44873,0,0%,缩量,61.25万,5.8,6.1,4.2,阳线||布林带下轨,布林带下轨支撑,未分类,未分类,未分类,0,67.51,70.17,69.71,65.44,81.25,69.71,58.17,下轨下方,0.3,2.12,-3.65,无信号,震荡整理,否,获取公告失败
2026-05-22,300801.SZ,泰和科技,创业板,29.77,4.20%,开,324471,1523,0万元,0,20347.0,6.92亿,69217,0,0%,缩量,40.75万,5.9,6.2,4.3,阳线,观望,未分类,未分类,未分类,0,0.0,0.0,0.0,0.0,0.0,0.0,0.0,未知,0.0,0.0,0.0,,未知,否,获取公告失败
2026-05-22,603068.SH,博通集成,沪市主板,37.91,3.10%,开,324441,1524,0万元,0,20894.0,5.53亿,55326,0,0%,缩量,57.54万,5.8,6.2,4.2,阳线||多头排列||MA5上穿MA10,多头排列,未分类,未分类,未分类,0,38.66,38.41,37.07,35.26,40.6,37.07,33.53,布林带内,1.1,1.08,0.04,无信号,多头排列,是,获取公告失败
2026-05-22,002520.SZ,日发精机,深市主板,6.53,1.40%,开,324337,1525,0万元,0,21735.0,33.59亿,335940,0,0%,缩量,46.85万,5.6,6.1,4.1,阳线,观望,未分类,未分类,未分类,0,57.1,57.6,54.18,53.47,62.9,54.18,45.46,布林带内,1.72,1.58,0.27,无信号,震荡整理,否,获取公告失败
2026-05-22,300881.SZ,盛德鑫泰,创业板,54.98,8.33%,开,322694,1526,0万元,0,18102.0,3.38亿,33808,0,0%,缩量,31.56万,6.3,6.4,4.6,阳线,观望,未分类,未分类,未分类,0,58.98,59.34,57.62,55.04,63.19,57.62,52.05,布林带内,1.32,1.68,-0.71,死叉,震荡整理,否,获取公告失败
2026-05-22,300727.SZ,润禾材料,创业板,35.89,3.97%,开,322693,1527,0万元,0,20285.0,5.76亿,57640,0,0%,缩量,58.18万,5.9,6.2,4.3,阳线||布林带下轨,布林带下轨支撑,未分类,未分类,未分类,0,57.81,59.19,59.35,58.51,65.68,59.35,53.03,下轨下方,-0.4,0.51,-1.82,死叉,震荡整理,否,获取公告失败
2026-05-22,688571.SH,杭华股份,科创板,9.97,7.78%,开,322108,1528,0万元,0,18319.0,1890.02亿,18900164,0,0%,缩量,42.29万,6.3,6.4,4.5,阳线||布林带下轨,布林带下轨支撑,未分类,未分类,未分类,0,12.54,12.67,12.36,11.5,14.12,12.36,10.6,下轨下方,0.25,0.42,-0.35,死叉,震荡整理,否,获取公告失败
2026-05-22,300467.SZ,迅游科技,创业板,38.14,0.50%,开,322083,1529,0万元,0,21958.0,5.76亿,57606,0,0%,缩量,64.92万,5.6,6.0,4.0,价升,观望,未分类,未分类,未分类,0,157.87,159.27,153.67,132.23,178.82,153.67,128.52,布林带内,7.33,8.85,-3.03,无信号,震荡整理,否,获取公告失败
2026-05-22,002366.SZ,融发核电,深市主板,7.11,0.28%,开,321600,1530,0万元,0,22019.0,30.97亿,309745,0,0%,缩量,131.56万,5.5,6.0,4.0,价升,观望,未分类,未分类,未分类,0,16.66,16.98,16.84,17.19,17.77,16.84,15.91,布林带内,-0.05,0.02,-0.14,无信号,震荡整理,否,获取公告失败
2026-05-22,600790.SH,轻纺城,沪市主板,4.23,5.49%,开,321341,1531,0万元,0,19391.0,46.40亿,463996,0,0%,缩量,62.00万,6.0,6.3,4.4,阳线||布林带下轨,布林带下轨支撑,未分类,未分类,未分类,0,51.02,53.59,53.06,50.16,61.47,53.06,44.65,下轨下方,0.14,1.32,-2.37,无信号,震荡整理,否,获取公告失败
2026-05-22,301286.SZ,侨源股份,创业板,56.99,1.59%,开,321262,1532,0万元,0,21333.0,3.78亿,37797,0,0%,缩量,91.91万,5.7,6.1,4.1,阳线,观望,未分类,未分类,未分类,0,60.51,60.97,56.26,51.96,68.68,56.26,43.84,布林带内,2.94,3.1,-0.31,死叉,震荡整理,否,获取公告失败
2026-05-22,603270.SH,金帝股份,沪市主板,31.74,2.06%,开,320899,1533,0万元,0,21061.0,6.69亿,66867,0,0%,缩量,22.45万,5.7,6.1,4.1,阳线||多头排列||MA5上穿MA10,多头排列,未分类,未分类,未分类,0,31.27,30.2,29.01,26.93,32.36,29.01,25.65,布林带内,1.3,1.02,0.56,无信号,多头排列,是,获取公告失败
2026-05-22,300560.SZ,中富通,创业板,17.14,5.09%,开,320894,1534,0万元,0,19545.0,11.73亿,117348,0,0%,缩量,32.05万,6.0,6.3,4.3,阳线,观望,未分类,未分类,未分类,0,45.59,46.31,44.75,43.99,50.93,44.75,38.57,布林带内,0.31,0.73,-0.84,死叉,震荡整理,否,获取公告失败
2026-05-22,300736.SZ,百邦科技,创业板,38.56,2.04%,开,320577,1535,0万元,0,21039.0,5.49亿,54852,0,0%,缩量,48.09万,5.7,6.1,4.1,阳线,观望,未分类,未分类,未分类,0,86.73,94.47,81.57,61.77,115.46,81.57,47.67,布林带内,7.07,9.49,-4.85,死叉,震荡整理,否,获取公告失败
2026-05-22,605056.SH,咸亨国际,沪市主板,24.77,1.93%,开,319770,1536,0万元,0,21010.0,8.56亿,85587,0,0%,缩量,99.92万,5.7,6.1,4.1,阳线,观望,未分类,未分类,未分类,0,25.77,26.0,26.77,26.71,28.86,26.77,24.68,布林带内,-0.55,-0.34,-0.42,无信号,震荡整理,否,获取公告失败
2026-05-22,300554.SZ,三超新材,创业板,27.62,7.01%,开,319733,1537,0万元,0,18467.0,6.85亿,68526,0,0%,缩量,21.85万,6.2,6.4,4.5,阳线,观望,未分类,未分类,未分类,0,48.51,49.1,46.78,44.48,53.32,46.78,40.24,布林带内,1.63,1.65,-0.04,无信号,震荡整理,否,获取公告失败
2026-05-22,002983.SZ,芯瑞达,深市主板,25.77,3.33%,开,319659,1538,0万元,0,20302.0,7.97亿,79674,0,0%,缩量,33.03万,5.8,6.2,4.2,阳线||布林带下轨,布林带下轨支撑,未分类,未分类,未分类,0,38.5,39.06,38.92,39.28,45.72,38.92,32.13,下轨下方,-0.56,0.15,-1.43,死叉,震荡整理,否,获取公告失败
2026-05-22,002909.SZ,集泰股份,深市主板,6.64,3.91%,开,318991,1539,0万元,0,19943.0,30.38亿,303840,0,0%,缩量,25.26万,5.9,6.2,4.3,阳线||布林带下轨,布林带下轨支撑,未分类,未分类,未分类,0,17.77,18.8,19.37,20.22,24.13,19.37,14.61,下轨下方,-0.88,-0.22,-1.32,死叉,震荡整理,否,获取公告失败
2026-05-22,300427.SZ,红相股份,创业板,9.81,2.94%,开,318650,1540,0万元,0,20396.0,20.95亿,209456,0,0%,缩量,49.34万,5.8,6.1,4.2,阳线||布林带下轨,布林带下轨支撑,未分类,未分类,未分类,0,34.13,36.11,37.08,41.76,41.58,37.08,32.59,下轨下方,-1.93,-1.46,-0.94,无信号,震荡整理,否,获取公告失败
2026-05-22,688410.SH,山外山,科创板,17.48,6.39%,开,317933,1541,0万元,0,18598.0,1094.69亿,10946942,0,0%,缩量,55.87万,6.1,6.3,4.4,阳线||布林带下轨,布林带下轨支撑,未分类,未分类,未分类,0,32.83,35.54,36.4,35.93,45.6,36.4,27.21,下轨下方,-1.39,0.05,-2.88,无信号,震荡整理,否,获取公告失败
2026-05-22,603051.SH,鹿山新材,沪市主板,24.42,5.94%,开,317588,1542,0万元,0,18787.0,7.82亿,78228,0,0%,缩量,39.47万,6.1,6.3,4.4,阳线||布林带下轨,布林带下轨支撑,未分类,未分类,未分类,0,32.78,34.37,33.84,32.9,39.21,33.84,28.46,下轨下方,-0.19,0.59,-1.56,无信号,震荡整理,否,获取公告失败
2026-05-22,603686.SH,福龙马,沪市主板,17.11,2.03%,开,317217,1543,0万元,0,20708.0,12.19亿,121878,0,0%,缩量,71.08万,5.7,6.1,4.1,阳线||布林带下轨,布林带下轨支撑,未分类,未分类,未分类,0,51.35,55.45,57.63,60.15,69.09,57.63,46.17,下轨下方,-2.83,-0.98,-3.7,无信号,震荡整理,否,获取公告失败
2026-05-22,300055.SZ,万邦达,创业板,10.1,4.12%,开,317208,1544,0万元,0,19659.0,19.84亿,198439,0,0%,缩量,63.92万,5.9,6.2,4.3,阳线,观望,未分类,未分类,未分类,0,79.98,84.28,88.54,87.59,100.24,88.54,76.84,布林带内,-2.98,-1.52,-2.92,无信号,震荡整理,否,获取公告失败
2026-05-22,300667.SZ,必创科技,创业板,19.09,2.63%,开,317142,1545,0万元,0,20397.0,10.72亿,107191,0,0%,缩量,32.96万,5.8,6.1,4.2,阳线||布林带下轨,布林带下轨支撑,未分类,未分类,未分类,0,42.07,44.63,43.98,41.67,52.28,43.98,35.67,下轨下方,-0.25,1.03,-2.56,无信号,震荡整理,否,获取公告失败
2026-05-22,688768.SH,容知日新,科创板,52.49,8.00%,开,316230,1546,0万元,0,17621.0,338.98亿,3389774,0,0%,缩量,45.80万,6.3,6.4,4.5,阳线||布林带下轨||MA5上穿MA10,布林带下轨支撑,未分类,未分类,未分类,0,67.41,65.83,66.03,70.92,75.79,66.03,56.27,下轨下方,-1.32,-1.32,0.02,无信号,震荡整理,否,获取公告失败
2026-05-22,300998.SZ,宁波方正,创业板,28.12,8.07%,开,316113,1547,0万元,0,17576.0,6.36亿,63628,0,0%,缩量,30.28万,6.3,6.4,4.5,阳线,观望,未分类,未分类,未分类,0,28.23,28.67,28.04,25.44,30.11,28.04,25.97,布林带内,0.74,0.98,-0.48,无信号,震荡整理,否,获取公告失败
2026-05-22,603666.SH,亿嘉和,沪市主板,31.21,1.60%,开,315895,1548,0万元,0,20792.0,6.77亿,67686,0,0%,缩量,64.15万,5.7,6.1,4.1,阳线||布林带下轨,布林带下轨支撑,未分类,未分类,未分类,0,78.2,82.01,81.2,79.07,100.21,81.2,62.19,下轨下方,-0.92,1.56,-4.97,死叉,震荡整理,否,获取公告失败
2026-05-22,603139.SH,康惠股份,沪市主板,39.3,3.01%,开,315402,1549,0万元,0,20033.0,5.13亿,51304,0,0%,缩量,39.25万,5.8,6.2,4.2,阳线,观望,未分类,未分类,未分类,0,39.38,39.62,37.95,31.34,42.08,37.95,33.81,布林带内,2.27,2.52,-0.5,无信号,震荡整理,否,获取公告失败
2026-05-22,301237.SZ,和顺科技,创业板,73.86,7.20%,开,315274,1550,0万元,0,17928.0,2.48亿,24838,0,0%,缩量,43.02万,6.2,6.4,4.5,阳线,观望,未分类,未分类,未分类,0,72.97,74.0,72.65,64.78,77.55,72.65,67.75,布林带内,2.36,2.9,-1.08,无信号,震荡整理,否,获取公告失败
2026-05-22,300101.SZ,振芯科技,创业板,19.26,0.31%,开,315242,1551,0万元,0,21368.0,11.13亿,111316,0,0%,缩量,109.01万,5.5,6.0,4.0,阳线,观望,未分类,未分类,未分类,0,161.77,165.55,170.02,178.72,188.66,170.02,151.38,布林带内,-4.27,-3.1,-2.32,无信号,震荡整理,否,获取公告失败
2026-05-22,002713.SZ,*ST东易,深市主板,13.99,3.25%,开,315096,1552,0万元,0,19886.0,14.41亿,144067,0,0%,缩量,73.66万,5.8,6.2,4.2,阳线||布林带下轨,布林带下轨支撑,未分类,未分类,未分类,0,59.62,61.58,62.78,59.87,78.5,62.78,47.06,下轨下方,-1.87,0.21,-4.14,死叉,震荡整理,否,获取公告失败
2026-05-22,600008.SH,首创环保,沪市主板,3.06,0.33%,开,314849,1553,0万元,0,21321.0,69.69亿,696860,0,0%,缩量,224.62万,5.5,6.0,4.0,价升||布林带下轨,布林带下轨支撑,未分类,未分类,未分类,0,26.49,27.67,28.07,28.73,33.08,28.07,23.06,下轨下方,-0.89,-0.18,-1.41,死叉,震荡整理,否,获取公告失败
2026-05-22,300278.SZ,华昌达,创业板,5.15,0.59%,开,314819,1554,0万元,0,21189.0,41.81亿,418142,0,0%,缩量,72.59万,5.6,6.0,4.0,阳线||MA5上穿MA10,观望,未分类,未分类,未分类,0,22.29,22.04,21.51,21.67,23.22,21.51,19.79,布林带内,0.31,0.27,0.08,无信号,震荡整理,否,获取公告失败
2026-05-22,300561.SZ,*ST汇科,创业板,19.41,7.89%,开,314646,1555,0万元,0,17518.0,9.28亿,92796,0,0%,缩量,46.79万,6.3,6.4,4.5,阳线||布林带下轨,布林带下轨支撑,未分类,未分类,未分类,0,100.19,106.24,105.57,89.73,128.96,105.57,82.19,下轨下方,0.38,4.64,-8.52,无信号,震荡整理,否,获取公告失败
2026-05-22,688153.SH,唯捷创芯,科创板,32.89,3.10%,开,314547,1556,0万元,0,19903.0,611.52亿,6115243,0,0%,缩量,134.60万,5.8,6.2,4.2,阳线,观望,未分类,未分类,未分类,0,33.16,33.31,33.22,34.55,35.68,33.22,30.76,布林带内,-0.31,-0.35,0.09,无信号,震荡整理,否,获取公告失败
2026-05-22,002841.SZ,视源股份,深市主板,38.41,0.50%,开,314445,1557,0万元,0,21196.0,5.52亿,55176,0,0%,缩量,199.50万,5.5,6.0,4.0,阳线,观望,未分类,未分类,未分类,0,0.0,0.0,0.0,0.0,0.0,0.0,0.0,未知,0.0,0.0,0.0,,未知,否,获取公告失败
2026-05-22,600539.SH,狮头股份,沪市主板,14.85,10.00%,开,314280,1558,0万元,0,16428.0,11.40亿,114047,0,0%,缩量,34.16万,6.5,6.5,4.7,阳线||布林带下轨,布林带下轨支撑,未分类,未分类,未分类,0,17.45,19.49,20.56,17.5,25.7,20.56,15.42,下轨下方,-0.44,0.55,-1.97,无信号,震荡整理,否,获取公告失败
2026-05-22,002801.SZ,微光股份,深市主板,34.75,2.90%,开,314059,1559,0万元,0,19955.0,5.80亿,57966,0,0%,缩量,40.24万,5.8,6.1,4.2,阳线,观望,未分类,未分类,未分类,0,0.0,0.0,0.0,0.0,0.0,0.0,0.0,未知,0.0,0.0,0.0,,未知,否,获取公告失败
2026-05-22,600170.SH,上海建工,沪市主板,2.55,0.39%,开,313968,1560,0万元,0,21200.0,83.41亿,834114,0,0%,缩量,226.59万,5.5,6.0,4.0,价升||布林带下轨,布林带下轨支撑,未分类,未分类,未分类,0,39.58,41.55,42.6,44.24,49.84,42.6,35.36,下轨下方,-1.66,-0.59,-2.13,无信号,震荡整理,否,获取公告失败
2026-05-22,688252.SH,天德钰,科创板,23.99,4.03%,开,313924,1561,0万元,0,19376.0,820.37亿,8203696,0,0%,缩量,98.12万,5.9,6.2,4.3,阳线,观望,未分类,未分类,未分类,0,23.89,23.9,23.43,22.03,24.62,23.43,22.23,布林带内,0.53,0.55,-0.04,无信号,震荡整理,否,获取公告失败
2026-05-22,301555.SZ,惠柏新材,创业板,41.01,4.03%,开,313827,1562,0万元,0,19366.0,4.75亿,47520,0,0%,缩量,19.83万,5.9,6.2,4.3,阳线||多头排列||MA5上穿MA10,多头排列,未分类,未分类,未分类,0,41.67,40.47,38.89,37.56,42.97,38.89,34.81,布林带内,1.3,1.05,0.49,无信号,多头排列,是,获取公告失败
2026-05-22,300862.SZ,蓝盾光电,创业板,25.95,3.88%,开,313595,1563,0万元,0,19418.0,7.56亿,75610,0,0%,缩量,39.31万,5.9,6.2,4.3,阳线||布林带下轨,布林带下轨支撑,未分类,未分类,未分类,0,34.63,36.54,35.21,33.4,41.39,35.21,29.04,下轨下方,0.27,1.07,-1.6,无信号,震荡整理,否,获取公告失败
2026-05-22,000595.SZ,*ST宝实,深市主板,7.93,5.03%,开,313575,1564,0万元,0,18841.0,24.08亿,240819,0,0%,缩量,90.30万,6.0,6.3,4.3,阳线||布林带下轨,布林带下轨支撑,未分类,未分类,未分类,0,39.33,39.84,38.37,36.65,47.08,38.37,29.65,下轨下方,0.35,1.12,-1.55,死叉,震荡整理,否,获取公告失败
2026-05-22,300324.SZ,旋极信息,创业板,4.94,3.13%,开,313457,1565,0万元,0,19780.0,40.57亿,405701,0,0%,缩量,84.47万,5.8,6.2,4.2,阳线,观望,未分类,未分类,未分类,0,124.52,125.73,123.2,125.57,133.06,123.2,113.34,布林带内,0.56,0.76,-0.4,无信号,震荡整理,否,获取公告失败
2026-05-22,002452.SZ,长高电新,深市主板,11.54,2.30%,开,313294,1566,0万元,0,20177.0,17.64亿,176373,0,0%,缩量,59.46万,5.7,6.1,4.2,阳线||多头排列||MA5上穿MA10,多头排列,未分类,未分类,未分类,0,63.99,62.98,62.28,61.61,65.26,62.28,59.3,布林带内,0.83,0.7,0.26,无信号,多头排列,是,获取公告失败
2026-05-22,605086.SH,龙高股份,沪市主板,31.81,6.71%,开,312755,1567,0万元,0,17921.0,5.71亿,57089,0,0%,缩量,57.00万,6.2,6.3,4.4,阳线||布林带下轨,布林带下轨支撑,未分类,未分类,未分类,0,42.93,45.63,46.37,49.67,54.2,46.37,38.53,下轨下方,-2.06,-0.95,-2.24,无信号,震荡整理,否,获取公告失败
2026-05-22,600299.SH,安迪苏,沪市主板,11.64,3.84%,开,312579,1568,0万元,0,19340.0,16.58亿,165767,0,0%,缩量,312.17万,5.9,6.2,4.3,阳线,观望,未分类,未分类,未分类,0,0.0,0.0,0.0,0.0,0.0,0.0,0.0,未知,0.0,0.0,0.0,,未知,否,获取公告失败
2026-05-22,603211.SH,晋拓股份,沪市主板,29.76,0.74%,开,312473,1569,0万元,0,20875.0,6.99亿,69921,0,0%,缩量,80.89万,5.6,6.0,4.0,阳线,观望,未分类,未分类,未分类,0,29.64,30.0,28.1,25.58,32.81,28.1,23.39,布林带内,1.22,1.21,0.02,无信号,震荡整理,否,获取公告失败
2026-05-22,002225.SZ,濮耐股份,深市主板,3.98,4.74%,开,312424,1570,0万元,0,18874.0,48.12亿,481199,0,0%,缩量,37.76万,6.0,6.2,4.3,阳线||布林带下轨,布林带下轨支撑,未分类,未分类,未分类,0,8.16,8.63,9.24,10.58,11.2,9.24,7.28,下轨下方,-0.71,-0.55,-0.31,无信号,震荡整理,否,获取公告失败
2026-05-22,002453.SZ,华软科技,深市主板,6.26,10.02%,开,312197,1571,0万元,0,16211.0,26.57亿,265715,0,0%,缩量,37.73万,6.5,6.5,4.7,阳线,观望,未分类,未分类,未分类,0,24.97,25.76,24.17,23.66,29.18,24.17,19.15,布林带内,0.81,0.84,-0.04,无信号,震荡整理,否,获取公告失败
2026-05-22,300228.SZ,富瑞特装,创业板,9.24,2.10%,开,311997,1572,0万元,0,20150.0,21.88亿,218804,0,0%,缩量,51.64万,5.7,6.1,4.1,阳线,观望,未分类,未分类,未分类,0,0.0,0.0,0.0,0.0,0.0,0.0,0.0,未知,0.0,0.0,0.0,,未知,否,获取公告失败
2026-05-22,000509.SZ,华塑控股,深市主板,3.92,3.16%,开,311989,1573,0万元,0,19620.0,51.47亿,514671,0,0%,缩量,42.07万,5.8,6.2,4.2,阳线||布林带下轨,布林带下轨支撑,未分类,未分类,未分类,0,36.65,39.79,39.8,41.66,54.12,39.8,25.47,下轨下方,-2.08,-0.2,-3.76,死叉,震荡整理,否,获取公告失败
2026-05-22,600320.SH,振华重工,沪市主板,4.86,0.83%,开,311629,1574,0万元,0,20748.0,42.79亿,427902,0,0%,缩量,161.45万,5.6,6.0,4.1,阳线||布林带下轨,布林带下轨支撑,未分类,未分类,未分类,0,63.75,66.96,68.62,68.7,77.93,68.62,59.32,下轨下方,-1.77,-0.18,-3.18,无信号,震荡整理,否,获取公告失败
2026-05-22,301239.SZ,普瑞眼科,创业板,42.62,4.74%,开,310985,1575,0万元,0,18727.0,4.44亿,44378,0,0%,缩量,60.54万,6.0,6.2,4.3,阳线,观望,未分类,未分类,未分类,0,41.82,43.13,43.53,38.36,47.91,43.53,39.15,布林带内,0.77,1.39,-1.23,无信号,震荡整理,否,获取公告失败
2026-05-22,603679.SH,华体科技,沪市主板,17.66,5.94%,开,310624,1576,0万元,0,18093.0,10.31亿,103143,0,0%,缩量,31.38万,6.1,6.3,4.4,阳线||布林带下轨,布林带下轨支撑,未分类,未分类,未分类,0,23.56,24.14,22.6,21.77,27.41,22.6,17.79,下轨下方,0.57,0.87,-0.6,死叉,震荡整理,否,获取公告失败
2026-05-22,688199.SH,久日新材,科创板,30.24,4.38%,开,310409,1577,0万元,0,18849.0,627.45亿,6274499,0,0%,缩量,48.76万,5.9,6.2,4.3,阳线||布林带下轨,布林带下轨支撑,未分类,未分类,未分类,0,43.16,44.2,43.69,41.73,50.72,43.69,36.66,下轨下方,0.04,1.0,-1.92,死叉,震荡整理,否,获取公告失败
2026-05-22,300798.SZ,锦鸡股份,创业板,8.97,3.10%,开,310007,1578,0万元,0,19449.0,22.10亿,221015,0,0%,缩量,36.39万,5.8,6.2,4.2,阳线||布林带下轨,布林带下轨支撑,未分类,未分类,未分类,0,9.48,10.15,10.61,10.25,12.24,10.61,8.98,下轨下方,-0.34,-0.07,-0.54,无信号,震荡整理,否,获取公告失败
2026-05-22,000680.SZ,山推股份,深市主板,11.63,0.61%,开,309677,1579,0万元,0,20665.0,17.91亿,179120,0,0%,缩量,152.90万,5.6,6.0,4.0,阳线||布林带下轨,布林带下轨支撑,未分类,未分类,未分类,0,61.59,64.55,65.1,66.39,73.22,65.1,56.99,下轨下方,-1.37,-0.2,-2.36,无信号,震荡整理,否,获取公告失败
2026-05-22,603281.SH,江瀚新材,沪市主板,38.98,4.00%,开,309370,1580,0万元,0,18936.0,4.94亿,49365,0,0%,缩量,145.53万,5.9,6.2,4.3,阳线||布林带下轨,布林带下轨支撑,未分类,未分类,未分类,0,53.13,54.54,53.55,51.32,61.75,53.55,45.34,下轨下方,-0.1,0.92,-2.04,死叉,震荡整理,否,获取公告失败
2026-05-22,603657.SH,春光科技,沪市主板,30.85,0.23%,开,309147,1581,0万元,0,20801.0,6.52亿,65178,0,0%,缩量,41.71万,5.5,6.0,4.0,阳线||布林带下轨,布林带下轨支撑,未分类,未分类,未分类,0,44.54,46.0,44.42,42.17,54.31,44.42,34.54,下轨下方,0.35,1.41,-2.11,死叉,震荡整理,否,获取公告失败
2026-05-22,300129.SZ,泰胜风能,创业板,11.09,1.19%,开,308970,1582,0万元,0,20304.0,18.41亿,184111,0,0%,缩量,79.70万,5.6,6.1,4.1,价升,观望,未分类,未分类,未分类,0,65.65,68.0,67.35,73.18,74.5,67.35,60.21,布林带内,-1.67,-1.37,-0.6,无信号,震荡整理,否,获取公告失败
2026-05-22,002210.SZ,飞马国际,深市主板,2.78,2.21%,开,308529,1583,0万元,0,19750.0,71.47亿,714655,0,0%,缩量,73.82万,5.7,6.1,4.1,价升,观望,未分类,未分类,未分类,0,30.12,31.5,31.29,30.39,36.39,31.29,26.19,布林带内,0.14,0.62,-0.98,无信号,震荡整理,否,获取公告失败
2026-05-22,600623.SH,华谊集团,沪市主板,9.54,0.95%,开,308501,1584,0万元,0,20374.0,21.43亿,214263,0,0%,缩量,178.97万,5.6,6.0,4.1,阳线||布林带下轨,布林带下轨支撑,未分类,未分类,未分类,0,240.88,267.25,288.91,301.19,420.06,288.91,157.75,下轨下方,-24.82,-5.94,-37.76,无信号,震荡整理,否,获取公告失败
2026-05-22,002628.SZ,成都路桥,深市主板,5.64,5.22%,开,308259,1585,0万元,0,18214.0,32.80亿,328002,0,0%,缩量,42.51万,6.0,6.3,4.3,阳线,观望,未分类,未分类,未分类,0,21.44,22.2,21.85,20.62,23.57,21.85,20.13,布林带内,0.28,0.5,-0.43,无信号,震荡整理,否,获取公告失败
2026-05-22,000923.SZ,河钢资源,深市主板,15.76,2.94%,开,308226,1586,0万元,0,19353.0,12.41亿,124057,0,0%,缩量,98.96万,5.8,6.1,4.2,阳线||布林带下轨,布林带下轨支撑,未分类,未分类,未分类,0,26.14,28.89,30.49,33.8,37.97,30.49,23.0,下轨下方,-2.3,-1.23,-2.14,无信号,震荡整理,否,获取公告失败
2026-05-22,600435.SH,北方导航,沪市主板,12.72,0.08%,开,308173,1587,0万元,0,20778.0,16.30亿,162993,0,0%,缩量,192.37万,5.5,6.0,4.0,阳线,观望,未分类,未分类,未分类,0,0.0,0.0,0.0,0.0,0.0,0.0,0.0,未知,0.0,0.0,0.0,,未知,否,获取公告失败
2026-05-22,300855.SZ,图南股份,创业板,37.49,3.56%,开,307987,1588,0万元,0,19017.0,5.11亿,51073,0,0%,缩量,109.83万,5.9,6.2,4.2,阳线||布林带下轨,布林带下轨支撑,未分类,未分类,未分类,0,68.0,73.16,76.16,79.63,94.91,76.16,57.41,下轨下方,-4.38,-1.42,-5.91,无信号,震荡整理,否,获取公告失败
2026-05-22,002083.SZ,孚日股份,深市主板,10.27,0.79%,开,307975,1589,0万元,0,20405.0,20.04亿,200426,0,0%,缩量,97.19万,5.6,6.0,4.1,价升,观望,未分类,未分类,未分类,0,24.58,24.99,25.64,26.61,27.28,25.64,24.0,布林带内,-0.74,-0.61,-0.25,无信号,震荡整理,否,获取公告失败
2026-05-22,301580.SZ,爱迪特,创业板,63.5,3.39%,开,307902,1590,0万元,0,19097.0,3.04亿,30371,0,0%,缩量,45.73万,5.8,6.2,4.2,阳线||布林带下轨,布林带下轨支撑,未分类,未分类,未分类,0,83.39,93.17,99.82,104.77,123.86,99.82,75.78,下轨下方,-6.26,-2.53,-7.45,无信号,震荡整理,否,获取公告失败
2026-05-22,600916.SH,中国黄金,沪市主板,8.18,1.24%,开,307848,1591,0万元,0,20166.0,24.71亿,247061,0,0%,缩量,137.42万,5.6,6.1,4.1,阳线||布林带下轨,布林带下轨支撑,未分类,未分类,未分类,0,9.46,9.86,10.16,10.99,11.27,10.16,9.04,下轨下方,-0.41,-0.26,-0.29,无信号,震荡整理,否,获取公告失败
2026-05-22,600704.SH,物产中大,沪市主板,4.91,0.82%,开,307336,1592,0万元,0,20323.0,41.53亿,415283,0,0%,缩量,253.90万,5.6,6.0,4.1,阳线||布林带下轨,布林带下轨支撑,未分类,未分类,未分类,0,101.3,107.32,110.6,114.94,132.66,110.6,88.54,下轨下方,-4.93,-1.69,-6.47,无信号,震荡整理,否,获取公告失败
2026-05-22,603131.SH,上海沪工,沪市主板,21.64,0.19%,开,307275,1593,0万元,0,20635.0,9.60亿,96043,0,0%,缩量,72.91万,5.5,6.0,4.0,阳线||布林带下轨,布林带下轨支撑,未分类,未分类,未分类,0,60.74,64.59,63.9,63.54,76.8,63.9,51.01,下轨下方,-0.9,0.88,-3.56,无信号,震荡整理,否,获取公告失败
2026-05-22,603819.SH,神力股份,沪市主板,14.7,5.38%,开,307021,1594,0万元,0,18014.0,12.36亿,123623,0,0%,缩量,32.01万,6.0,6.3,4.4,阳线||布林带下轨,布林带下轨支撑,未分类,未分类,未分类,0,24.94,26.63,27.41,25.91,33.52,27.41,21.3,下轨下方,-0.78,0.27,-2.11,无信号,震荡整理,否,获取公告失败
2026-05-22,301007.SZ,德迈仕,创业板,41.5,0.80%,开,306927,1595,0万元,0,20292.0,4.88亿,48764,0,0%,缩量,62.80万,5.6,6.0,4.1,阳线||多头排列||MA5上穿MA10,多头排列,未分类,未分类,未分类,0,42.68,42.35,39.56,36.94,45.84,39.56,33.27,布林带内,1.8,1.63,0.35,无信号,多头排列,是,获取公告失败
2026-05-22,603092.SH,德力佳,沪市主板,71.67,0.90%,开,306905,1596,0万元,0,20240.0,2.86亿,28623,0,0%,缩量,24.78万,5.6,6.0,4.1,阳线||MA5上穿MA10,观望,未分类,未分类,未分类,0,74.07,74.04,74.31,70.84,77.82,74.31,70.81,布林带内,0.73,1.19,-0.92,无信号,震荡整理,否,获取公告失败
2026-05-22,605011.SH,杭州热电,沪市主板,22.18,3.79%,开,306651,1597,0万元,0,18770.0,8.47亿,84724,0,0%,缩量,88.74万,5.9,6.2,4.3,阳线,观望,未分类,未分类,未分类,0,22.96,23.21,22.46,21.8,24.47,22.46,20.45,布林带内,0.44,0.51,-0.14,死叉,震荡整理,否,获取公告失败
2026-05-22,000950.SZ,重药控股,深市主板,6.18,0.98%,开,306611,1598,0万元,0,20171.0,32.85亿,328521,0,0%,缩量,106.80万,5.6,6.0,4.1,阳线||布林带下轨,布林带下轨支撑,未分类,未分类,未分类,0,15.17,15.75,15.28,14.93,17.3,15.28,13.26,下轨下方,-0.02,0.2,-0.44,死叉,震荡整理,否,获取公告失败
2026-05-22,002017.SZ,东信和平,深市主板,18.03,1.75%,开,306337,1599,0万元,0,19759.0,11.04亿,110373,0,0%,缩量,104.59万,5.7,6.1,4.1,阳线||布林带下轨,布林带下轨支撑,未分类,未分类,未分类,0,138.51,151.24,156.67,165.88,198.76,156.67,114.57,下轨下方,-9.31,-2.9,-12.82,无信号,震荡整理,否,获取公告失败
2026-05-22,605277.SH,新亚电子,沪市主板,22.92,4.61%,开,305868,1600,0万元,0,18282.0,8.10亿,81029,0,0%,缩量,72.92万,6.0,6.2,4.3,阳线||布林带下轨,布林带下轨支撑,未分类,未分类,未分类,0,48.6,52.88,54.56,55.77,69.72,54.56,39.41,下轨下方,-2.95,-0.6,-4.7,无信号,震荡整理,否,获取公告失败
2026-05-22,300883.SZ,龙利得,创业板,6.98,0.72%,开,305787,1601,0万元,0,20218.0,29.09亿,290861,0,0%,缩量,23.08万,5.6,6.0,4.0,阳线,观望,未分类,未分类,未分类,0,7.15,7.31,7.11,6.88,7.7,7.11,6.53,布林带内,0.1,0.14,-0.08,无信号,震荡整理,否,获取公告失败
2026-05-22,002774.SZ,快意电梯,深市主板,12.78,6.06%,开,305700,1602,0万元,0,17541.0,13.79亿,137930,0,0%,缩量,36.01万,6.1,6.3,4.4,阳线,观望,未分类,未分类,未分类,0,0.0,0.0,0.0,0.0,0.0,0.0,0.0,未知,0.0,0.0,0.0,,未知,否,获取公告失败
2026-05-22,300082.SZ,奥克股份,创业板,10.73,3.77%,开,305488,1603,0万元,0,18663.0,17.66亿,176631,0,0%,缩量,72.78万,5.9,6.2,4.3,阳线,观望,未分类,未分类,未分类,0,78.62,81.9,86.29,81.09,98.13,86.29,74.44,布林带内,-1.54,0.2,-3.48,无信号,震荡整理,否,获取公告失败
2026-05-22,600135.SH,乐凯胶片,沪市主板,10.9,1.87%,开,305285,1604,0万元,0,19594.0,18.06亿,180607,0,0%,缩量,60.31万,5.7,6.1,4.1,阳线||布林带下轨,布林带下轨支撑,未分类,未分类,未分类,0,28.45,29.9,29.74,28.58,33.48,29.74,25.99,下轨下方,-0.21,0.4,-1.22,无信号,震荡整理,否,获取公告失败
2026-05-22,002891.SZ,中宠股份,深市主板,30.02,0.07%,开,305273,1605,0万元,0,20494.0,6.84亿,68353,0,0%,缩量,96.63万,5.5,6.0,4.0,价升||布林带下轨,布林带下轨支撑,未分类,未分类,未分类,0,70.12,76.95,86.16,100.93,118.33,86.16,53.99,下轨下方,-10.18,-6.6,-7.15,无信号,震荡整理,否,获取公告失败
2026-05-22,002490.SZ,山东墨龙,深市主板,8.36,0.97%,开,304830,1606,0万元,0,20000.0,24.15亿,241527,0,0%,缩量,45.29万,5.6,6.0,4.1,阳线,观望,未分类,未分类,未分类,0,17.87,18.66,19.46,20.37,22.06,19.46,16.86,布林带内,-0.58,-0.28,-0.61,无信号,震荡整理,否,获取公告失败
2026-05-22,600236.SH,桂冠电力,沪市主板,10.65,2.11%,开,303956,1607,0万元,0,19341.0,18.29亿,182920,0,0%,缩量,839.47万,5.7,6.1,4.1,阳线||布林带下轨,布林带下轨支撑,未分类,未分类,未分类,0,57.64,61.25,60.12,58.03,70.36,60.12,49.88,下轨下方,-0.44,1.11,-3.09,无信号,震荡整理,否,获取公告失败
2026-05-22,603226.SH,菲林格尔,沪市主板,50.13,0.66%,开,303733,1608,0万元,0,20042.0,4.08亿,40759,0,0%,缩量,178.21万,5.6,6.0,4.0,阳线||布林带下轨,布林带下轨支撑,未分类,未分类,未分类,0,169.92,176.82,169.15,153.6,227.79,169.15,110.51,下轨下方,1.3,7.78,-12.97,死叉,震荡整理,否,获取公告失败
2026-05-22,002006.SZ,精工科技,深市主板,18.39,1.04%,开,303429,1609,0万元,0,19821.0,10.83亿,108287,0,0%,缩量,95.59万,5.6,6.1,4.1,阳线||布林带下轨,布林带下轨支撑,未分类,未分类,未分类,0,134.32,136.42,135.17,138.64,151.38,135.17,118.97,下轨下方,-1.56,0.19,-3.5,死叉,震荡整理,否,获取公告失败
2026-05-22,300965.SZ,恒宇信通,创业板,70.3,1.66%,开,303355,1610,0万元,0,19504.0,2.79亿,27928,0,0%,缩量,38.03万,5.7,6.1,4.1,阳线,观望,未分类,未分类,未分类,0,73.04,74.79,65.67,60.54,88.3,65.67,43.04,布林带内,4.87,4.48,0.79,无信号,震荡整理,否,获取公告失败
2026-05-22,601608.SH,中信重工,沪市主板,5.67,1.98%,开,303082,1611,0万元,0,19319.0,34.35亿,343523,0,0%,缩量,259.66万,5.7,6.1,4.1,阳线,观望,未分类,未分类,未分类,0,8.99,9.21,9.36,10.04,9.93,9.36,8.79,布林带内,-0.24,-0.19,-0.08,无信号,震荡整理,否,获取公告失败
2026-05-22,300889.SZ,爱克股份,创业板,23.72,3.13%,开,302972,1612,0万元,0,18732.0,7.91亿,79139,0,0%,缩量,34.72万,5.8,6.2,4.2,阳线||布林带下轨||MA5上穿MA10,布林带下轨支撑,未分类,未分类,未分类,0,32.5,32.29,33.31,35.9,38.59,33.31,28.03,下轨下方,-1.34,-0.85,-0.99,死叉,震荡整理,否,获取公告失败
2026-05-22,600873.SH,梅花生物,沪市主板,9.57,0.63%,开,302824,1613,0万元,0,19967.0,20.94亿,209428,0,0%,缩量,268.37万,5.6,6.0,4.0,阳线||布林带下轨,布林带下轨支撑,未分类,未分类,未分类,0,63.98,65.61,68.0,74.98,78.87,68.0,57.13,下轨下方,-3.61,-2.5,-2.22,死叉,震荡整理,否,获取公告失败
2026-05-22,603225.SH,新凤鸣,沪市主板,16.65,0.24%,开,302704,1614,0万元,0,20150.0,12.11亿,121078,0,0%,缩量,277.81万,5.5,6.0,4.0,价升||布林带下轨,布林带下轨支撑,未分类,未分类,未分类,0,32.93,34.74,36.06,37.14,42.59,36.06,29.53,下轨下方,-1.41,-0.44,-1.93,无信号,震荡整理,否,获取公告失败
2026-05-22,688065.SH,凯赛生物,科创板,43.46,0.39%,开,302383,1615,0万元,0,20042.0,461.92亿,4619191,0,0%,缩量,253.54万,5.5,6.0,4.0,价升||布林带下轨,布林带下轨支撑,未分类,未分类,未分类,0,60.27,64.14,66.78,71.56,78.6,66.78,54.95,下轨下方,-3.45,-1.75,-3.4,无信号,震荡整理,否,获取公告失败
2026-05-22,600227.SH,赤天化,沪市主板,3.16,1.94%,开,302237,1616,0万元,0,19256.0,61.64亿,616354,0,0%,缩量,40.37万,5.7,6.1,4.1,阳线||布林带下轨,布林带下轨支撑,未分类,未分类,未分类,0,17.66,19.09,20.24,20.58,24.42,20.24,16.06,下轨下方,-1.01,-0.32,-1.37,无信号,震荡整理,否,获取公告失败
2026-05-22,300508.SZ,维宏股份,创业板,47.52,0.81%,开,301790,1617,0万元,0,19776.0,4.16亿,41559,0,0%,缩量,38.96万,5.6,6.0,4.1,价升,观望,未分类,未分类,未分类,0,0.0,0.0,0.0,0.0,0.0,0.0,0.0,未知,0.0,0.0,0.0,,未知,否,获取公告失败
2026-05-22,300097.SZ,智云股份,创业板,10.48,5.12%,开,301646,1618,0万元,0,17607.0,16.94亿,169418,0,0%,缩量,28.30万,6.0,6.3,4.3,阳线,观望,未分类,未分类,未分类,0,38.25,39.01,39.41,33.67,42.86,39.41,35.96,布林带内,0.99,1.64,-1.3,无信号,震荡整理,否,获取公告失败
2026-05-22,301075.SZ,多瑞医药,创业板,88.2,3.68%,开,301266,1619,0万元,0,18287.0,2.15亿,21473,0,0%,缩量,70.56万,5.9,6.2,4.2,阳线||多头排列||MA5上穿MA10,多头排列,未分类,未分类,未分类,0,87.26,85.78,83.53,77.84,90.69,83.53,76.37,布林带内,3.3,3.16,0.28,无信号,多头排列,是,获取公告失败
2026-05-22,603138.SH,海量数据,沪市主板,17.98,2.16%,开,300975,1620,0万元,0,19018.0,10.71亿,107142,0,0%,缩量,51.84万,5.7,6.1,4.1,阳线||布林带下轨,布林带下轨支撑,未分类,未分类,未分类,0,52.98,56.58,58.32,62.02,71.07,58.32,45.57,下轨下方,-3.21,-1.36,-3.71,无信号,震荡整理,否,获取公告失败
2026-05-22,605018.SH,长华集团,沪市主板,14.06,2.85%,开,300934,1621,0万元,0,18667.0,13.31亿,133074,0,0%,缩量,66.09万,5.8,6.1,4.2,阳线||多头排列||MA5上穿MA10,多头排列,未分类,未分类,未分类,0,14.53,14.36,14.06,13.12,14.86,14.06,13.25,布林带内,0.38,0.39,-0.02,死叉,多头排列,是,获取公告失败
2026-05-22,301050.SZ,雷电微力,创业板,37.86,2.02%,开,300775,1622,0万元,0,19067.0,5.09亿,50947,0,0%,缩量,79.70万,5.7,6.1,4.1,阳线||布林带下轨,布林带下轨支撑,未分类,未分类,未分类,0,88.02,97.24,102.76,118.25,136.83,102.76,68.69,下轨下方,-10.03,-5.72,-8.61,无信号,震荡整理,否,获取公告失败
2026-05-22,601061.SH,中信金属,沪市主板,13.62,2.10%,开,300614,1623,0万元,0,19012.0,14.04亿,140434,0,0%,缩量,667.38万,5.7,6.1,4.1,阳线||布林带下轨,布林带下轨支撑,未分类,未分类,未分类,0,14.25,14.59,14.67,13.96,15.51,14.67,13.83,下轨下方,0.13,0.3,-0.34,无信号,震荡整理,否,获取公告失败
2026-05-22,688721.SH,龙图光罩,科创板,48.5,2.08%,开,300458,1624,0万元,0,19004.0,394.24亿,3942396,0,0%,缩量,25.94万,5.7,6.1,4.1,阳线||多头排列||MA5上穿MA10,多头排列,未分类,未分类,未分类,0,49.27,48.54,47.2,44.18,51.13,47.2,43.26,布林带内,1.64,1.55,0.18,无信号,多头排列,是,获取公告失败
2026-05-22,688230.SH,芯导科技,科创板,74.0,4.74%,开,300268,1625,0万元,0,17656.0,241.97亿,2419740,0,0%,缩量,87.02万,6.0,6.2,4.3,阳线,观望,未分类,未分类,未分类,0,0.0,0.0,0.0,0.0,0.0,0.0,0.0,未知,0.0,0.0,0.0,,未知,否,获取公告失败
2026-05-22,002539.SZ,云图控股,深市主板,12.9,0.23%,开,300135,1626,0万元,0,19897.0,15.36亿,153577,0,0%,缩量,114.78万,5.5,6.0,4.0,价升||布林带下轨,布林带下轨支撑,未分类,未分类,未分类,0,76.86,80.07,83.16,84.62,92.09,83.16,74.23,下轨下方,-2.22,-0.95,-2.55,无信号,震荡整理,否,获取公告失败
2026-05-22,688350.SH,富淼科技,科创板,38.55,2.66%,开,299935,1627,0万元,0,18662.0,480.45亿,4804502,0,0%,缩量,55.22万,5.8,6.1,4.2,价升||多头排列||MA5上穿MA10,多头排列,未分类,未分类,未分类,0,39.79,38.53,34.75,31.88,43.28,34.75,26.22,布林带内,2.44,1.99,0.89,无信号,多头排列,是,获取公告失败
2026-05-22,300688.SZ,创业黑马,创业板,25.93,4.39%,开,299810,1628,0万元,0,17787.0,6.97亿,69671,0,0%,缩量,38.47万,5.9,6.2,4.3,阳线||布林带下轨,布林带下轨支撑,未分类,未分类,未分类,0,49.61,53.56,53.96,56.03,68.26,53.96,39.65,下轨下方,-2.17,-0.13,-4.08,无信号,震荡整理,否,获取公告失败
2026-05-22,603517.SH,ST绝味,沪市主板,13.58,2.72%,开,299715,1629,0万元,0,18610.0,13.66亿,136640,0,0%,缩量,82.30万,5.8,6.1,4.2,阳线||布林带下轨,布林带下轨支撑,未分类,未分类,未分类,0,21.91,22.02,22.63,22.64,27.05,22.63,18.22,下轨下方,-0.6,-0.12,-0.96,死叉,震荡整理,否,获取公告失败
2026-05-22,000528.SZ,柳    工,深市主板,9.16,0.77%,开,299130,1630,0万元,0,19528.0,21.38亿,213821,0,0%,缩量,186.33万,5.6,6.0,4.1,阳线||布林带下轨,布林带下轨支撑,未分类,未分类,未分类,0,94.16,99.32,102.28,105.93,118.27,102.28,86.29,下轨下方,-3.79,-1.34,-4.91,无信号,震荡整理,否,获取公告失败
2026-05-22,300227.SZ,光韵达,创业板,10.91,1.30%,开,298929,1631,0万元,0,19243.0,17.73亿,177330,0,0%,缩量,47.25万,5.6,6.1,4.1,价升||布林带下轨,布林带下轨支撑,未分类,未分类,未分类,0,56.09,60.26,61.48,64.72,75.41,61.48,47.54,下轨下方,-3.03,-1.0,-4.06,无信号,震荡整理,否,获取公告失败
2026-05-22,603567.SH,珍宝岛,沪市主板,7.66,1.19%,开,298704,1632,0万元,0,19276.0,25.35亿,253458,0,0%,缩量,71.96万,5.6,6.1,4.1,阳线,观望,未分类,未分类,未分类,0,17.46,17.5,17.1,17.33,18.51,17.1,15.68,布林带内,0.11,0.13,-0.04,死叉,震荡整理,否,获取公告失败
2026-05-22,000722.SZ,湖南发展,深市主板,13.63,0.74%,开,298535,1633,0万元,0,19484.0,14.35亿,143534,0,0%,缩量,63.26万,5.6,6.0,4.0,阳线,观望,未分类,未分类,未分类,0,0.0,0.0,0.0,0.0,0.0,0.0,0.0,未知,0.0,0.0,0.0,,未知,否,获取公告失败
2026-05-22,002960.SZ,青鸟智控,深市主板,9.53,0.95%,开,298116,1634,0万元,0,19335.0,20.40亿,204000,0,0%,缩量,92.27万,5.6,6.0,4.1,价升,观望,未分类,未分类,未分类,0,0.0,0.0,0.0,0.0,0.0,0.0,0.0,未知,0.0,0.0,0.0,,未知,否,获取公告失败
2026-05-22,002218.SZ,拓日新能,深市主板,5.11,1.59%,开,297512,1635,0万元,0,18956.0,37.47亿,374720,0,0%,缩量,70.91万,5.7,6.1,4.1,阳线,观望,未分类,未分类,未分类,0,30.05,31.62,31.62,34.08,34.95,31.62,28.29,布林带内,-0.97,-0.64,-0.66,无信号,震荡整理,否,获取公告失败
2026-05-22,300487.SZ,蓝晓科技,创业板,60.95,1.13%,开,297461,1636,0万元,0,19182.0,3.16亿,31621,0,0%,缩量,187.74万,5.6,6.1,4.1,阳线||布林带下轨,布林带下轨支撑,未分类,未分类,未分类,0,314.68,339.39,358.88,391.31,457.87,358.88,259.89,下轨下方,-26.59,-12.82,-27.55,无信号,震荡整理,否,获取公告失败
2026-05-22,000819.SZ,岳阳兴长,深市主板,15.51,1.04%,开,297171,1637,0万元,0,19196.0,12.40亿,124031,0,0%,缩量,56.69万,5.6,6.1,4.1,价升||布林带下轨,布林带下轨支撑,未分类,未分类,未分类,0,117.91,124.73,129.2,126.44,155.22,129.2,103.18,下轨下方,-3.77,0.54,-8.62,无信号,震荡整理,否,获取公告失败
2026-05-22,301160.SZ,翔楼新材,创业板,62.07,2.24%,开,296750,1638,0万元,0,18555.0,2.99亿,29917,0,0%,缩量,47.08万,5.7,6.1,4.1,阳线||布林带下轨,布林带下轨支撑,未分类,未分类,未分类,0,84.46,87.57,87.44,88.57,100.68,87.44,74.2,下轨下方,-1.31,0.43,-3.49,死叉,震荡整理,否,获取公告失败
2026-05-22,300106.SZ,西部牧业,创业板,13.88,2.44%,开,296667,1639,0万元,0,18449.0,13.36亿,133648,0,0%,缩量,29.33万,5.7,6.1,4.2,阳线||多头排列||MA5上穿MA10,多头排列,未分类,未分类,未分类,0,21.83,21.63,19.48,16.82,24.89,19.48,14.07,布林带内,1.64,1.58,0.13,无信号,多头排列,是,获取公告失败
2026-05-22,601908.SH,京运通,沪市主板,3.83,1.86%,开,296618,1640,0万元,0,18731.0,49.31亿,493117,0,0%,缩量,92.48万,5.7,6.1,4.1,阳线||布林带下轨,布林带下轨支撑,未分类,未分类,未分类,0,17.34,17.92,18.01,18.67,19.75,18.01,16.26,下轨下方,-0.46,-0.29,-0.34,无信号,震荡整理,否,获取公告失败
2026-05-22,688500.SH,慧辰股份,科创板,58.69,1.79%,开,296571,1641,0万元,0,18764.0,322.43亿,3224278,0,0%,缩量,43.03万,5.7,6.1,4.1,阳线||多头排列||MA5上穿MA10,多头排列,未分类,未分类,未分类,0,58.81,55.44,51.97,51.94,61.9,51.97,42.04,布林带内,2.22,1.09,2.25,无信号,多头排列,是,获取公告失败
2026-05-22,002811.SZ,郑中设计,深市主板,13.35,6.80%,开,296450,1642,0万元,0,16245.0,12.37亿,123713,0,0%,缩量,37.73万,6.2,6.3,4.5,阳线||布林带下轨,布林带下轨支撑,未分类,未分类,未分类,0,21.12,22.37,23.11,24.35,27.7,23.11,18.52,下轨下方,-1.07,-0.37,-1.4,无信号,震荡整理,否,获取公告失败
2026-05-22,300877.SZ,金春股份,创业板,33.26,9.77%,开,295994,1643,0万元,0,14715.0,4.55亿,45454,0,0%,缩量,39.91万,6.5,6.5,4.7,阳线,观望,未分类,未分类,未分类,0,33.06,33.2,31.84,30.61,35.18,31.84,28.5,布林带内,0.95,0.94,0.02,无信号,震荡整理,否,获取公告失败
2026-05-22,300818.SZ,耐普矿机,创业板,25.2,0.88%,开,295883,1644,0万元,0,19148.0,7.58亿,75769,0,0%,缩量,35.82万,5.6,6.0,4.1,价升,观望,未分类,未分类,未分类,0,0.0,0.0,0.0,0.0,0.0,0.0,0.0,未知,0.0,0.0,0.0,,未知,否,获取公告失败
2026-05-22,603809.SH,豪能股份,沪市主板,11.25,0.09%,开,295684,1645,0万元,0,19524.0,17.41亿,174129,0,0%,缩量,103.53万,5.5,6.0,4.0,价升||布林带下轨,布林带下轨支撑,未分类,未分类,未分类,0,69.88,76.9,79.04,82.09,108.92,79.04,49.15,下轨下方,-4.92,-0.68,-8.48,死叉,震荡整理,否,获取公告失败
2026-05-22,300290.SZ,荣科科技,创业板,14.49,1.19%,开,295335,1646,0万元,0,18940.0,13.13亿,131321,0,0%,缩量,92.67万,5.6,6.1,4.1,阳线||布林带下轨,布林带下轨支撑,未分类,未分类,未分类,0,85.89,91.1,93.45,93.05,110.58,93.45,76.32,下轨下方,-2.8,0.13,-5.87,无信号,震荡整理,否,获取公告失败
2026-05-22,000560.SZ,我爱我家,深市主板,2.85,0.35%,开,295130,1647,0万元,0,19337.0,68.15亿,681524,0,0%,缩量,66.65万,5.5,6.0,4.0,阳线||布林带下轨,布林带下轨支撑,未分类,未分类,未分类,0,14.47,15.53,15.51,15.91,17.94,15.51,13.08,下轨下方,-0.4,-0.03,-0.74,无信号,震荡整理,否,获取公告失败
2026-05-22,301408.SZ,华人健康,创业板,17.87,0.28%,开,295102,1648,0万元,0,19370.0,10.87亿,108731,0,0%,缩量,40.92万,5.5,6.0,4.0,价升,观望,未分类,未分类,未分类,0,18.46,19.3,20.18,19.23,22.87,20.18,17.48,布林带内,-0.38,0.03,-0.81,无信号,震荡整理,否,获取公告失败
2026-05-22,301115.SZ,联检科技,创业板,26.85,6.97%,开,294640,1649,0万元,0,15978.0,6.08亿,60840,0,0%,缩量,41.55万,6.2,6.3,4.5,阳线,观望,未分类,未分类,未分类,0,26.89,26.96,24.98,23.25,29.8,24.98,20.16,布林带内,1.25,1.15,0.19,无信号,震荡整理,否,获取公告失败
2026-05-22,002760.SZ,凤形股份,深市主板,22.98,2.77%,开,294554,1650,0万元,0,18069.0,8.00亿,80002,0,0%,缩量,24.82万,5.8,6.1,4.2,阳线,观望,未分类,未分类,未分类,0,24.52,24.61,23.92,23.34,26.14,23.92,21.7,布林带内,0.38,0.5,-0.24,无信号,震荡整理,否,获取公告失败
2026-05-22,688657.SH,浩辰软件,科创板,39.04,6.52%,开,294475,1651,0万元,0,16187.0,419.82亿,4198162,0,0%,缩量,23.30万,6.2,6.3,4.4,阳线,观望,未分类,未分类,未分类,0,0.0,0.0,0.0,0.0,0.0,0.0,0.0,未知,0.0,0.0,0.0,,未知,否,获取公告失败
2026-05-22,688595.SH,芯海科技,科创板,36.33,3.21%,开,294341,1652,0万元,0,17829.0,496.28亿,4962797,0,0%,缩量,52.35万,5.8,6.2,4.2,阳线||布林带下轨,布林带下轨支撑,未分类,未分类,未分类,0,48.94,51.15,50.33,47.86,58.06,50.33,42.6,下轨下方,0.02,1.17,-2.3,无信号,震荡整理,否,获取公告失败
2026-05-22,688620.SH,安凯微,科创板,13.78,3.45%,开,294247,1653,0万元,0,17698.0,1307.70亿,13077009,0,0%,缩量,32.01万,5.8,6.2,4.2,阳线||多头排列||MA5上穿MA10,多头排列,未分类,未分类,未分类,0,13.81,13.76,13.36,11.92,14.56,13.36,12.16,布林带内,0.55,0.59,-0.09,无信号,多头排列,是,获取公告失败
2026-05-22,300492.SZ,华图山鼎,创业板,47.1,4.43%,开,294142,1654,0万元,0,17197.0,3.73亿,37328,0,0%,缩量,92.64万,5.9,6.2,4.3,阳线||布林带下轨,布林带下轨支撑,未分类,未分类,未分类,0,99.97,110.19,117.36,138.99,151.99,117.36,82.73,下轨下方,-11.41,-7.12,-8.57,无信号,震荡整理,否,获取公告失败
2026-05-22,300504.SZ,天邑股份,创业板,18.51,6.50%,开,294108,1655,0万元,0,16160.0,8.93亿,89337,0,0%,缩量,40.40万,6.2,6.3,4.4,阳线,观望,未分类,未分类,未分类,0,19.53,19.93,19.23,17.9,21.23,19.23,17.23,布林带内,0.5,0.66,-0.32,无信号,震荡整理,否,获取公告失败
2026-05-22,605389.SH,长龄液压,沪市主板,117.88,3.40%,开,293337,1656,0万元,0,17632.0,1.52亿,15188,0,0%,缩量,160.63万,5.8,6.2,4.2,阳线,观望,未分类,未分类,未分类,0,157.62,162.29,156.72,122.07,197.69,156.72,115.75,布林带内,9.17,13.9,-9.46,无信号,震荡整理,否,获取公告失败
2026-05-22,002153.SZ,石基信息,深市主板,8.82,0.68%,开,293124,1657,0万元,0,18970.0,21.65亿,216514,0,0%,缩量,141.10万,5.6,6.0,4.0,阳线,观望,未分类,未分类,未分类,0,0.0,0.0,0.0,0.0,0.0,0.0,0.0,未知,0.0,0.0,0.0,,未知,否,获取公告失败
2026-05-22,603363.SH,傲农生物,沪市主板,3.39,2.11%,开,292642,1658,0万元,0,18210.0,53.64亿,536406,0,0%,缩量,72.65万,5.7,6.1,4.1,阳线||布林带下轨,布林带下轨支撑,未分类,未分类,未分类,0,4.56,4.58,4.71,5.39,5.5,4.71,3.91,下轨下方,-0.27,-0.23,-0.09,死叉,震荡整理,否,获取公告失败
2026-05-22,605128.SH,上海沿浦,沪市主板,35.69,2.85%,开,292545,1659,0万元,0,17828.0,5.03亿,50286,0,0%,缩量,75.36万,5.8,6.1,4.2,阳线||布林带下轨,布林带下轨支撑,未分类,未分类,未分类,0,69.42,73.13,74.53,77.16,93.1,74.53,55.96,下轨下方,-3.15,-0.72,-4.86,死叉,震荡整理,否,获取公告失败
2026-05-22,300596.SZ,利安隆,创业板,43.95,2.04%,开,292505,1660,0万元,0,18229.0,4.17亿,41712,0,0%,缩量,100.92万,5.7,6.1,4.1,阳线,观望,未分类,未分类,未分类,0,69.74,70.24,68.63,70.59,74.59,68.63,62.67,布林带内,0.15,0.28,-0.27,死叉,震荡整理,否,获取公告失败
2026-05-22,002243.SZ,力合科创,深市主板,8.81,2.44%,开,292479,1661,0万元,0,18027.0,20.82亿,208242,0,0%,缩量,106.08万,5.7,6.1,4.2,阳线,观望,未分类,未分类,未分类,0,15.63,15.63,15.62,16.4,16.4,15.62,14.83,布林带内,-0.14,-0.14,0.01,无信号,震荡整理,否,获取公告失败
2026-05-22,301129.SZ,瑞纳智能,创业板,28.88,6.96%,开,292264,1662,0万元,0,15745.0,5.53亿,55338,0,0%,缩量,19.14万,6.2,6.3,4.5,阳线||布林带下轨,布林带下轨支撑,未分类,未分类,未分类,0,48.1,50.39,50.75,50.14,61.42,50.75,40.08,下轨下方,-1.1,0.47,-3.15,无信号,震荡整理,否,获取公告失败
2026-05-22,300663.SZ,科蓝软件,创业板,8.39,1.70%,开,291674,1663,0万元,0,18319.0,21.88亿,218798,0,0%,缩量,38.57万,5.7,6.1,4.1,价升||布林带下轨,布林带下轨支撑,未分类,未分类,未分类,0,26.53,29.2,34.97,44.18,50.7,34.97,19.24,下轨下方,-5.56,-4.14,-2.84,无信号,震荡整理,否,获取公告失败
2026-05-22,600583.SH,海油工程,沪市主板,6.02,0.67%,开,291514,1664,0万元,0,18817.0,31.41亿,314081,0,0%,缩量,266.17万,5.6,6.0,4.0,阳线||布林带下轨,布林带下轨支撑,未分类,未分类,未分类,0,125.3,130.27,136.13,144.2,158.0,136.13,114.25,下轨下方,-6.42,-3.48,-5.87,无信号,震荡整理,否,获取公告失败
2026-05-22,600098.SH,广州发展,沪市主板,7.2,0.14%,开,291345,1665,0万元,0,19065.0,26.55亿,265515,0,0%,缩量,252.42万,5.5,6.0,4.0,阳线||布林带下轨,布林带下轨支撑,未分类,未分类,未分类,0,38.15,38.95,39.12,39.92,43.63,39.12,34.6,下轨下方,-0.69,-0.11,-1.17,死叉,震荡整理,否,获取公告失败
2026-05-22,002054.SZ,德美化工,深市主板,8.2,4.33%,开,291328,1666,0万元,0,16970.0,20.73亿,207271,0,0%,缩量,31.49万,5.9,6.2,4.3,阳线,观望,未分类,未分类,未分类,0,0.0,0.0,0.0,0.0,0.0,0.0,0.0,未知,0.0,0.0,0.0,,未知,否,获取公告失败
2026-05-22,002319.SZ,乐通股份,深市主板,12.36,6.19%,开,291277,1667,0万元,0,16035.0,13.12亿,131237,0,0%,缩量,25.89万,6.1,6.3,4.4,阳线||MA5上穿MA10,观望,未分类,未分类,未分类,0,24.44,24.17,23.8,24.82,25.41,23.8,22.18,布林带内,0.17,0.01,0.32,无信号,震荡整理,否,获取公告失败
2026-05-22,301591.SZ,肯特股份,创业板,47.17,7.06%,开,290962,1668,0万元,0,15567.0,3.36亿,33568,0,0%,缩量,16.22万,6.2,6.4,4.5,阳线||MA5上穿MA10,观望,未分类,未分类,未分类,0,46.42,46.19,43.9,44.39,49.15,43.9,38.65,布林带内,1.0,0.64,0.71,无信号,震荡整理,否,获取公告失败
2026-05-22,002212.SZ,天融信,深市主板,7.26,1.26%,开,290726,1669,0万元,0,18445.0,25.31亿,253066,0,0%,缩量,84.71万,5.6,6.1,4.1,价升,观望,未分类,未分类,未分类,0,24.19,24.37,24.83,25.55,26.24,24.83,23.42,布林带内,-0.34,-0.26,-0.17,无信号,震荡整理,否,获取公告失败
2026-05-22,300491.SZ,通合科技,创业板,27.55,3.26%,开,290264,1670,0万元,0,17396.0,6.36亿,63584,0,0%,缩量,43.52万,5.8,6.2,4.2,阳线,观望,未分类,未分类,未分类,0,0.0,0.0,0.0,0.0,0.0,0.0,0.0,未知,0.0,0.0,0.0,,未知,否,获取公告失败
2026-05-22,601890.SH,亚星锚链,沪市主板,9.72,0.41%,开,289756,1671,0万元,0,18769.0,19.35亿,193465,0,0%,缩量,93.25万,5.5,6.0,4.0,价升||布林带下轨,布林带下轨支撑,未分类,未分类,未分类,0,27.99,28.88,29.76,31.07,32.26,29.76,27.25,下轨下方,-0.71,-0.41,-0.6,无信号,震荡整理,否,获取公告失败
2026-05-22,300598.SZ,诚迈科技,创业板,37.1,0.46%,开,289491,1672,0万元,0,18719.0,5.07亿,50696,0,0%,缩量,80.48万,5.5,6.0,4.0,阳线||布林带下轨,布林带下轨支撑,未分类,未分类,未分类,0,85.91,92.55,94.38,98.14,121.74,94.38,67.02,下轨下方,-4.69,-0.84,-7.7,死叉,震荡整理,否,获取公告失败
2026-05-22,688689.SH,银河微电,科创板,42.0,3.70%,开,289298,1673,0万元,0,17078.0,412.72亿,4127246,0,0%,缩量,54.14万,5.9,6.2,4.2,阳线||多头排列||MA5上穿MA10,多头排列,未分类,未分类,未分类,0,43.52,42.94,41.66,37.54,45.23,41.66,38.1,布林带内,1.58,1.68,-0.19,死叉,多头排列,是,获取公告失败
2026-05-22,603712.SH,七一二,沪市主板,15.78,0.45%,开,289027,1674,0万元,0,18680.0,11.89亿,118946,0,0%,缩量,121.82万,5.5,6.0,4.0,价升,观望,未分类,未分类,未分类,0,16.21,16.37,16.53,17.63,17.55,16.53,15.51,布林带内,-0.28,-0.27,-0.02,死叉,震荡整理,否,获取公告失败
2026-05-22,603271.SH,永杰新材,沪市主板,48.38,3.93%,开,288956,1675,0万元,0,16930.0,3.55亿,35472,0,0%,缩量,45.76万,5.9,6.2,4.3,阳线,观望,未分类,未分类,未分类,0,48.15,48.71,50.16,47.82,53.98,50.16,46.34,布林带内,-0.23,0.26,-0.98,无信号,震荡整理,否,获取公告失败
2026-05-22,603703.SH,盛洋科技,沪市主板,14.26,4.01%,开,288798,1676,0万元,0,16874.0,12.06亿,120594,0,0%,缩量,59.18万,5.9,6.2,4.3,阳线||布林带下轨,布林带下轨支撑,未分类,未分类,未分类,0,47.11,48.79,48.7,47.39,55.35,48.7,42.05,下轨下方,-0.39,0.65,-2.08,无信号,震荡整理,否,获取公告失败
2026-05-22,605588.SH,冠石科技,沪市主板,61.49,3.50%,开,288535,1677,0万元,0,17103.0,2.81亿,28061,0,0%,缩量,44.95万,5.9,6.2,4.2,阳线||多头排列||MA5上穿MA10,多头排列,未分类,未分类,未分类,0,60.92,59.94,59.19,56.59,62.71,59.19,55.68,布林带内,1.27,1.07,0.39,无信号,多头排列,是,获取公告失败
2026-05-22,300121.SZ,阳谷华泰,创业板,12.54,3.12%,开,288394,1678,0万元,0,17277.0,13.90亿,139021,0,0%,缩量,53.84万,5.8,6.2,4.2,阳线,观望,未分类,未分类,未分类,0,0.0,0.0,0.0,0.0,0.0,0.0,0.0,未知,0.0,0.0,0.0,,未知,否,获取公告失败
2026-05-22,600288.SH,大恒科技,沪市主板,14.39,3.75%,开,288355,1679,0万元,0,16961.0,11.88亿,118754,0,0%,缩量,62.86万,5.9,6.2,4.2,阳线||布林带下轨,布林带下轨支撑,未分类,未分类,未分类,0,60.25,63.08,64.35,64.99,72.49,64.35,56.2,下轨下方,-1.79,-0.4,-2.77,无信号,震荡整理,否,获取公告失败
2026-05-22,603097.SH,江苏华辰,沪市主板,29.82,1.81%,开,288327,1680,0万元,0,17928.0,6.12亿,61167,0,0%,缩量,47.86万,5.7,6.1,4.1,阳线||MA5上穿MA10,观望,未分类,未分类,未分类,0,29.34,29.01,29.11,33.48,32.38,29.11,25.83,布林带内,-0.86,-1.21,0.71,无信号,震荡整理,否,获取公告失败
2026-05-22,688255.SH,凯尔达,科创板,33.98,2.53%,开,288253,1681,0万元,0,17558.0,520.10亿,5200992,0,0%,缩量,37.33万,5.8,6.1,4.2,阳线||布林带下轨,布林带下轨支撑,未分类,未分类,未分类,0,46.01,46.08,44.98,43.19,51.92,44.98,38.05,下轨下方,0.51,1.14,-1.26,死叉,震荡整理,否,获取公告失败
2026-05-22,300691.SZ,联合光电,创业板,18.3,2.23%,开,288073,1682,0万元,0,17690.0,9.78亿,97754,0,0%,缩量,40.40万,5.7,6.1,4.1,阳线||布林带下轨,布林带下轨支撑,未分类,未分类,未分类,0,45.53,46.42,45.87,45.54,54.47,45.87,37.27,下轨下方,-0.43,0.55,-1.96,死叉,震荡整理,否,获取公告失败
2026-05-22,601000.SH,唐山港,沪市主板,4.64,0.22%,开,288039,1683,0万元,0,18696.0,40.34亿,403370,0,0%,缩量,274.96万,5.5,6.0,4.0,价升||布林带下轨,布林带下轨支撑,未分类,未分类,未分类,0,25.45,26.12,26.62,26.06,28.96,26.62,24.28,下轨下方,-0.41,-0.02,-0.77,无信号,震荡整理,否,获取公告失败
2026-05-22,601218.SH,吉鑫科技,沪市主板,5.55,2.59%,开,288029,1684,0万元,0,17509.0,31.80亿,318031,0,0%,缩量,53.78万,5.8,6.1,4.2,阳线,观望,未分类,未分类,未分类,0,0.0,0.0,0.0,0.0,0.0,0.0,0.0,未知,0.0,0.0,0.0,,未知,否,获取公告失败
2026-05-22,600650.SH,锦江在线,沪市主板,12.91,0.70%,开,287920,1685,0万元,0,18441.0,13.98亿,139810,0,0%,缩量,50.42万,5.6,6.0,4.0,价升||布林带下轨,布林带下轨支撑,未分类,未分类,未分类,0,47.75,48.84,49.42,51.9,54.26,49.42,44.59,下轨下方,-1.19,-0.67,-1.04,死叉,震荡整理,否,获取公告失败
2026-05-22,301323.SZ,新莱福,创业板,83.1,3.76%,开,287601,1686,0万元,0,16881.0,2.05亿,20543,0,0%,缩量,56.15万,5.9,6.2,4.3,阳线||多头排列||MA5上穿MA10,多头排列,未分类,未分类,未分类,0,82.37,79.67,74.42,64.55,86.4,74.42,62.44,布林带内,4.83,4.19,1.28,无信号,多头排列,是,获取公告失败
2026-05-22,603977.SH,国泰集团,沪市主板,13.6,2.41%,开,287478,1687,0万元,0,17543.0,13.05亿,130475,0,0%,缩量,84.49万,5.7,6.1,4.2,阳线||布林带下轨,布林带下轨支撑,未分类,未分类,未分类,0,27.49,29.08,29.46,31.04,34.45,29.46,24.47,下轨下方,-1.21,-0.49,-1.42,无信号,震荡整理,否,获取公告失败
2026-05-22,300828.SZ,锐新科技,创业板,21.29,6.72%,开,287373,1688,0万元,0,15379.0,7.39亿,73865,0,0%,缩量,17.96万,6.2,6.3,4.4,阳线||布林带下轨,布林带下轨支撑,未分类,未分类,未分类,0,31.84,36.92,36.66,35.6,46.1,36.66,27.22,下轨下方,-1.12,0.47,-3.19,无信号,震荡整理,否,获取公告失败
2026-05-22,688776.SH,国光电气,科创板,78.47,1.87%,开,287247,1689,0万元,0,17790.0,231.32亿,2313198,0,0%,缩量,85.05万,5.7,6.1,4.1,阳线||布林带下轨,布林带下轨支撑,未分类,未分类,未分类,0,104.79,110.05,112.51,127.26,129.63,112.51,95.39,下轨下方,-5.63,-3.64,-3.98,死叉,震荡整理,否,获取公告失败
2026-05-22,002878.SZ,元隆雅图,深市主板,15.14,0.60%,开,286840,1690,0万元,0,18385.0,12.18亿,121842,0,0%,缩量,35.72万,5.6,6.0,4.0,阳线||布林带下轨,布林带下轨支撑,未分类,未分类,未分类,0,47.24,54.48,57.1,55.86,73.59,57.1,40.61,下轨下方,-3.3,-0.26,-6.09,无信号,震荡整理,否,获取公告失败
2026-05-22,300946.SZ,恒而达,创业板,54.8,1.11%,开,286805,1691,0万元,0,18127.0,3.36亿,33554,0,0%,缩量,41.54万,5.6,6.1,4.1,阳线||布林带下轨,布林带下轨支撑,未分类,未分类,未分类,0,113.66,119.35,117.06,113.78,149.79,117.06,84.34,下轨下方,-1.35,2.72,-8.13,死叉,震荡整理,否,获取公告失败
2026-05-22,002251.SZ,步步高,深市主板,3.7,1.09%,开,286774,1692,0万元,0,18131.0,48.91亿,489085,0,0%,缩量,79.64万,5.6,6.1,4.1,阳线||布林带下轨,布林带下轨支撑,未分类,未分类,未分类,0,23.47,24.58,25.5,26.88,29.48,25.5,21.51,下轨下方,-1.14,-0.57,-1.14,无信号,震荡整理,否,获取公告失败
2026-05-22,002373.SZ,千方科技,深市主板,8.52,0.59%,开,286701,1693,0万元,0,18375.0,21.60亿,215976,0,0%,缩量,117.37万,5.6,6.0,4.0,价升,观望,未分类,未分类,未分类,0,0.0,0.0,0.0,0.0,0.0,0.0,0.0,未知,0.0,0.0,0.0,,未知,否,获取公告失败
2026-05-22,002382.SZ,蓝帆医疗,深市主板,6.89,4.55%,开,286481,1694,0万元,0,16372.0,24.02亿,240169,0,0%,缩量,68.72万,6.0,6.2,4.3,阳线||布林带下轨,布林带下轨支撑,未分类,未分类,未分类,0,49.16,50.76,52.92,53.99,59.06,52.92,46.77,下轨下方,-1.89,-1.17,-1.44,无信号,震荡整理,否,获取公告失败
2026-05-22,688306.SH,均普智能,科创板,10.43,1.46%,开,285985,1695,0万元,0,17869.0,1733.09亿,17330929,0,0%,缩量,128.11万,5.6,6.1,4.1,阳线||多头排列||MA5上穿MA10,多头排列,未分类,未分类,未分类,0,10.43,10.24,9.86,9.61,10.79,9.86,8.93,布林带内,0.28,0.22,0.13,无信号,多头排列,是,获取公告失败
2026-05-22,300996.SZ,普联软件,创业板,13.1,2.75%,开,285785,1696,0万元,0,17206.0,13.27亿,132692,0,0%,缩量,43.64万,5.8,6.1,4.2,阳线,观望,未分类,未分类,未分类,0,0.0,0.0,0.0,0.0,0.0,0.0,0.0,未知,0.0,0.0,0.0,,未知,否,获取公告失败
2026-05-22,601882.SH,海天精工,沪市主板,23.83,1.75%,开,285753,1697,0万元,0,17700.0,7.49亿,74861,0,0%,缩量,124.39万,5.7,6.1,4.1,阳线,观望,未分类,未分类,未分类,0,0.0,0.0,0.0,0.0,0.0,0.0,0.0,未知,0.0,0.0,0.0,,未知,否,获取公告失败
2026-05-22,300127.SZ,银河磁体,创业板,31.43,2.95%,开,285499,1698,0万元,0,17076.0,5.48亿,54753,0,0%,缩量,72.55万,5.8,6.1,4.2,阳线,观望,未分类,未分类,未分类,0,71.76,72.72,71.76,73.01,75.91,71.76,67.62,布林带内,0.24,0.33,-0.19,无信号,震荡整理,否,获取公告失败
2026-05-22,688259.SH,创耀科技,科创板,40.5,4.22%,开,285301,1699,0万元,0,16420.0,412.21亿,4122073,0,0%,缩量,45.24万,5.9,6.2,4.3,阳线||布林带下轨,布林带下轨支撑,未分类,未分类,未分类,0,53.72,55.26,54.81,54.6,62.23,54.81,47.39,下轨下方,-0.47,0.5,-1.93,死叉,震荡整理,否,获取公告失败
2026-05-22,688007.SH,光峰科技,科创板,15.5,0.39%,开,285253,1700,0万元,0,18331.0,1186.06亿,11860583,0,0%,缩量,71.24万,5.5,6.0,4.0,价升,观望,未分类,未分类,未分类,0,15.58,15.62,15.52,15.29,16.13,15.52,14.91,布林带内,0.14,0.15,-0.03,无信号,震荡整理,否,获取公告失败
2026-05-22,000782.SZ,恒申新材,深市主板,7.8,1.30%,开,285093,1701,0万元,0,17860.0,22.97亿,229663,0,0%,缩量,41.19万,5.6,6.1,4.1,阳线||布林带下轨,布林带下轨支撑,未分类,未分类,未分类,0,24.33,25.55,24.23,20.88,29.84,24.23,18.61,下轨下方,0.9,1.58,-1.36,无信号,震荡整理,否,获取公告失败
2026-05-22,600867.SH,通化东宝,沪市主板,8.42,0.36%,开,285017,1702,0万元,0,18323.0,21.81亿,218094,0,0%,缩量,164.91万,5.5,6.0,4.0,阳线||布林带下轨,布林带下轨支撑,未分类,未分类,未分类,0,426.53,460.39,489.42,501.08,621.87,489.42,356.97,下轨下方,-32.05,-11.85,-40.39,无信号,震荡整理,否,获取公告失败
2026-05-22,000968.SZ,蓝焰控股,深市主板,7.89,0.38%,开,284778,1703,0万元,0,18287.0,23.31亿,233076,0,0%,缩量,76.34万,5.5,6.0,4.0,阳线||布林带下轨,布林带下轨支撑,未分类,未分类,未分类,0,15.38,15.95,16.71,18.24,19.55,16.71,13.87,下轨下方,-0.97,-0.62,-0.7,无信号,震荡整理,否,获取公告失败
2026-05-22,600191.SH,华资实业,沪市主板,11.73,10.04%,开,284027,1704,0万元,0,13384.0,11.79亿,117915,0,0%,缩量,56.88万,6.5,6.5,4.7,阳线||布林带下轨,布林带下轨支撑,未分类,未分类,未分类,0,27.15,28.87,31.23,32.04,37.3,31.23,25.15,下轨下方,-1.6,-0.75,-1.7,无信号,震荡整理,否,获取公告失败
2026-05-22,300845.SZ,捷安高科,创业板,15.31,5.73%,开,284000,1705,0万元,0,15534.0,10.31亿,103089,0,0%,缩量,22.01万,6.1,6.3,4.4,阳线||布林带下轨,布林带下轨支撑,未分类,未分类,未分类,0,30.59,33.41,32.74,29.99,41.86,32.74,23.62,下轨下方,-0.29,1.15,-2.87,无信号,震荡整理,否,获取公告失败
2026-05-22,301079.SZ,邵阳液压,创业板,40.19,1.70%,开,283966,1706,0万元,0,17549.0,4.39亿,43887,0,0%,缩量,30.92万,5.7,6.1,4.1,阳线||布林带下轨,布林带下轨支撑,未分类,未分类,未分类,0,52.04,55.82,56.72,55.81,65.96,56.72,47.47,下轨下方,-1.81,-0.08,-3.48,无信号,震荡整理,否,获取公告失败
2026-05-22,300234.SZ,开尔新材,创业板,7.59,6.01%,开,283747,1707,0万元,0,15372.0,20.62亿,206158,0,0%,缩量,26.11万,6.1,6.3,4.4,阳线||布林带下轨,布林带下轨支撑,未分类,未分类,未分类,0,41.39,44.29,42.38,39.05,52.56,42.38,32.19,下轨下方,0.35,1.71,-2.72,无信号,震荡整理,否,获取公告失败
2026-05-22,688148.SH,芳源股份,科创板,9.87,2.81%,开,283702,1708,0万元,0,16964.0,1739.38亿,17393843,0,0%,缩量,50.35万,5.8,6.1,4.2,阳线,观望,未分类,未分类,未分类,0,10.01,10.34,10.45,9.19,11.46,10.45,9.44,布林带内,0.19,0.37,-0.37,无信号,震荡整理,否,获取公告失败
2026-05-22,601515.SH,衢州东峰,沪市主板,4.35,4.82%,开,283596,1709,0万元,0,15950.0,37.60亿,376025,0,0%,缩量,83.71万,6.0,6.2,4.3,阳线||布林带下轨,布林带下轨支撑,未分类,未分类,未分类,0,18.06,19.63,20.04,20.21,24.55,20.04,15.53,下轨下方,-0.86,-0.12,-1.49,无信号,震荡整理,否,获取公告失败
2026-05-22,603336.SH,宏辉果蔬,沪市主板,12.49,0.89%,开,283442,1710,0万元,0,17900.0,14.35亿,143525,0,0%,缩量,76.03万,5.6,6.0,4.1,阳线||布林带下轨,布林带下轨支撑,未分类,未分类,未分类,0,45.86,49.14,49.08,42.6,65.4,49.08,32.77,下轨下方,-0.1,2.44,-5.07,无信号,震荡整理,否,获取公告失败
2026-05-22,600503.SH,华丽家族,沪市主板,2.6,10.17%,开,283317,1711,0万元,0,13247.0,52.12亿,521165,0,0%,缩量,41.66万,6.5,6.5,4.7,阳线||布林带下轨,布林带下轨支撑,未分类,未分类,未分类,0,7.82,8.14,8.18,8.26,9.37,8.18,6.98,下轨下方,-0.16,0.02,-0.35,无信号,震荡整理,否,获取公告失败
2026-05-22,600478.SH,科力远,沪市主板,6.56,0.15%,开,283263,1712,0万元,0,18250.0,27.91亿,279065,0,0%,缩量,109.26万,5.5,6.0,4.0,阳线||布林带下轨,布林带下轨支撑,未分类,未分类,未分类,0,62.07,65.21,69.97,71.88,82.5,69.97,57.43,下轨下方,-3.38,-1.6,-3.56,无信号,震荡整理,否,获取公告失败
2026-05-22,300507.SZ,苏奥传感,创业板,8.88,3.86%,开,283258,1713,0万元,0,16396.0,18.71亿,187076,0,0%,缩量,68.82万,5.9,6.2,4.3,阳线||布林带下轨,布林带下轨支撑,未分类,未分类,未分类,0,79.27,88.97,88.52,91.98,124.13,88.52,52.9,下轨下方,-5.12,-0.16,-9.91,死叉,震荡整理,否,获取公告失败
2026-05-22,605258.SH,协和电子,沪市主板,37.26,5.25%,开,283221,1714,0万元,0,15695.0,4.29亿,42861,0,0%,缩量,32.79万,6.0,6.3,4.4,阳线,观望,未分类,未分类,未分类,0,38.45,39.14,39.04,37.84,41.71,39.04,36.38,布林带内,0.03,0.35,-0.64,无信号,震荡整理,否,获取公告失败
2026-05-22,688039.SH,当虹科技,科创板,46.86,1.12%,开,283050,1715,0万元,0,17744.0,382.91亿,3829102,0,0%,缩量,51.83万,5.6,6.1,4.1,阳线||布林带下轨||MA5上穿MA10,布林带下轨支撑,未分类,未分类,未分类,0,63.79,63.31,61.72,63.19,71.91,61.72,51.53,下轨下方,-0.15,0.39,-1.08,死叉,震荡整理,否,获取公告失败
2026-05-22,603887.SH,城地香江,沪市主板,13.95,1.09%,开,282954,1716,0万元,0,17752.0,12.81亿,128102,0,0%,缩量,83.98万,5.6,6.1,4.1,阳线||布林带下轨,布林带下轨支撑,未分类,未分类,未分类,0,31.8,33.71,35.96,38.07,44.43,35.96,27.49,下轨下方,-2.32,-1.13,-2.38,无信号,震荡整理,否,获取公告失败
2026-05-22,301003.SZ,江苏博云,创业板,53.68,2.13%,开,282924,1717,0万元,0,17227.0,3.23亿,32289,0,0%,缩量,40.34万,5.7,6.1,4.1,阳线||布林带下轨,布林带下轨支撑,未分类,未分类,未分类,0,91.86,96.64,102.04,95.61,130.54,102.04,73.55,下轨下方,-3.38,0.3,-7.35,无信号,震荡整理,否,获取公告失败
2026-05-22,002547.SZ,*ST春兴,深市主板,3.35,3.72%,开,282745,1718,0万元,0,16417.0,49.66亿,496628,0,0%,缩量,37.01万,5.9,6.2,4.2,阳线||MA5上穿MA10,观望,未分类,未分类,未分类,0,20.52,20.25,19.72,20.82,22.08,19.72,17.37,布林带内,0.07,-0.14,0.41,无信号,震荡整理,否,获取公告失败
2026-05-22,603969.SH,银龙股份,沪市主板,9.02,1.12%,开,282635,1719,0万元,0,17703.0,19.80亿,198050,0,0%,缩量,76.63万,5.6,6.1,4.1,阳线,观望,未分类,未分类,未分类,0,42.25,43.34,42.4,43.14,46.02,42.4,38.78,布林带内,-0.08,0.22,-0.61,无信号,震荡整理,否,获取公告失败
2026-05-22,600929.SH,雪天盐业,沪市主板,6.08,3.05%,开,282514,1720,0万元,0,16726.0,27.44亿,274437,0,0%,缩量,99.72万,5.8,6.2,4.2,阳线||布林带下轨,布林带下轨支撑,未分类,未分类,未分类,0,6.86,7.25,7.58,7.37,8.6,7.58,6.56,下轨下方,-0.21,-0.03,-0.36,无信号,震荡整理,否,获取公告失败
2026-05-22,000402.SZ,金 融 街,深市主板,2.93,2.09%,开,282202,1721,0万元,0,17175.0,58.97亿,589715,0,0%,缩量,87.57万,5.7,6.1,4.1,阳线||布林带下轨,布林带下轨支撑,未分类,未分类,未分类,0,140.96,150.3,152.57,150.34,187.39,152.57,117.76,下轨下方,-4.56,0.84,-10.81,无信号,震荡整理,否,获取公告失败
2026-05-22,000678.SZ,襄阳轴承,深市主板,12.38,0.24%,开,282134,1722,0万元,0,18092.0,14.72亿,147220,0,0%,缩量,56.90万,5.5,6.0,4.0,阳线||布林带下轨,布林带下轨支撑,未分类,未分类,未分类,0,66.86,70.42,68.89,70.3,82.39,68.89,55.38,下轨下方,-1.44,0.18,-3.24,死叉,震荡整理,否,获取公告失败
2026-05-22,000935.SZ,四川双马,深市主板,31.6,0.45%,开,282085,1723,0万元,0,17986.0,5.67亿,56733,0,0%,缩量,241.25万,5.5,6.0,4.0,价升||布林带下轨,布林带下轨支撑,未分类,未分类,未分类,0,74.51,76.14,72.53,67.76,84.55,72.53,60.51,下轨下方,1.83,2.67,-1.68,死叉,震荡整理,否,获取公告失败
2026-05-22,603088.SH,宁波精达,沪市主板,12.18,2.53%,开,281856,1724,0万元,0,16923.0,14.01亿,140136,0,0%,缩量,53.33万,5.8,6.1,4.2,阳线||布林带下轨,布林带下轨支撑,未分类,未分类,未分类,0,62.7,68.13,72.82,75.43,99.71,72.82,45.92,下轨下方,-5.52,-1.74,-7.56,无信号,震荡整理,否,获取公告失败
2026-05-22,605055.SH,迎丰股份,沪市主板,13.46,0.37%,开,281814,1725,0万元,0,17995.0,13.39亿,133912,0,0%,缩量,59.22万,5.5,6.0,4.0,阳线||多头排列||MA5上穿MA10,多头排列,未分类,未分类,未分类,0,13.14,13.12,12.46,10.82,14.27,12.46,10.65,布林带内,0.67,0.66,0.01,无信号,多头排列,是,获取公告失败
2026-05-22,300911.SZ,亿田智能,创业板,31.71,1.34%,开,281401,1726,0万元,0,17469.0,5.57亿,55699,0,0%,缩量,54.33万,5.6,6.1,4.1,阳线||布林带下轨,布林带下轨支撑,未分类,未分类,未分类,0,54.46,60.26,59.47,61.89,74.92,59.47,44.02,下轨下方,-1.82,0.47,-4.59,无信号,震荡整理,否,获取公告失败
2026-05-22,300385.SZ,ST雪浪,创业板,14.67,3.67%,开,281394,1727,0万元,0,16302.0,11.13亿,111251,0,0%,缩量,42.64万,5.9,6.2,4.2,阳线||布林带下轨,布林带下轨支撑,未分类,未分类,未分类,0,50.27,56.0,58.21,56.74,75.88,58.21,40.54,下轨下方,-3.42,-0.47,-5.89,无信号,震荡整理,否,获取公告失败
2026-05-22,601388.SH,怡球资源,沪市主板,3.63,2.83%,开,281164,1728,0万元,0,16700.0,46.55亿,465469,0,0%,缩量,79.90万,5.8,6.1,4.2,阳线,观望,未分类,未分类,未分类,0,19.39,19.91,21.01,21.0,23.59,21.01,18.43,布林带内,-0.56,-0.25,-0.62,无信号,震荡整理,否,获取公告失败
2026-05-22,300226.SZ,上海钢联,创业板,24.15,1.51%,开,280766,1729,0万元,0,17320.0,7.23亿,72292,0,0%,缩量,74.01万,5.7,6.1,4.1,阳线||布林带下轨,布林带下轨支撑,未分类,未分类,未分类,0,176.82,189.94,192.88,204.88,240.33,192.88,145.43,下轨下方,-9.42,-2.7,-13.44,无信号,震荡整理,否,获取公告失败
2026-05-22,300980.SZ,祥源新材,创业板,30.86,4.08%,开,280584,1730,0万元,0,16018.0,5.19亿,51904,0,0%,缩量,30.35万,5.9,6.2,4.3,阳线||布林带下轨,布林带下轨支撑,未分类,未分类,未分类,0,44.53,48.06,49.8,53.2,59.48,49.8,40.12,下轨下方,-3.05,-1.54,-3.03,无信号,震荡整理,否,获取公告失败
2026-05-22,002197.SZ,证通电子,深市主板,7.45,2.62%,开,280425,1731,0万元,0,16734.0,22.96亿,229554,0,0%,缩量,39.78万,5.8,6.1,4.2,阳线,观望,未分类,未分类,未分类,0,31.39,32.37,32.49,33.17,35.33,32.49,29.66,布林带内,-0.4,-0.08,-0.64,无信号,震荡整理,否,获取公告失败
2026-05-22,600293.SH,三峡新材,沪市主板,3.22,2.88%,开,280216,1732,0万元,0,16584.0,52.02亿,520231,0,0%,缩量,37.36万,5.8,6.1,4.2,阳线||布林带下轨,布林带下轨支撑,未分类,未分类,未分类,0,10.34,10.66,10.71,11.24,11.99,10.71,9.44,下轨下方,-0.27,-0.1,-0.34,死叉,震荡整理,否,获取公告失败
2026-05-22,002355.SZ,兴民智通,深市主板,6.21,0.16%,开,280196,1733,0万元,0,17939.0,28.69亿,286944,0,0%,缩量,38.39万,5.5,6.0,4.0,价升,观望,未分类,未分类,未分类,0,13.26,13.52,13.23,13.93,14.4,13.23,12.05,布林带内,-0.06,-0.05,-0.02,死叉,震荡整理,否,获取公告失败
2026-05-22,000708.SZ,中信特钢,深市主板,14.24,1.35%,开,279991,1734,0万元,0,17323.0,12.23亿,122350,0,0%,缩量,718.71万,5.6,6.1,4.1,阳线,观望,未分类,未分类,未分类,0,0.0,0.0,0.0,0.0,0.0,0.0,0.0,未知,0.0,0.0,0.0,,未知,否,获取公告失败
2026-05-22,601880.SH,辽港股份,沪市主板,1.61,0.63%,开,279825,1735,0万元,0,17670.0,110.11亿,1101055,0,0%,缩量,296.45万,5.6,6.0,4.0,价升||布林带下轨,布林带下轨支撑,未分类,未分类,未分类,0,4.42,4.49,4.51,4.62,4.72,4.51,4.3,下轨下方,-0.05,-0.02,-0.06,无信号,震荡整理,否,获取公告失败
2026-05-22,603150.SH,万朗磁塑,沪市主板,68.35,4.34%,开,279716,1736,0万元,0,15804.0,2.32亿,23167,0,0%,缩量,58.43万,5.9,6.2,4.3,阳线,观望,未分类,未分类,未分类,0,69.51,71.82,67.12,59.39,78.23,67.12,56.02,布林带内,3.16,3.67,-1.02,无信号,震荡整理,否,获取公告失败
2026-05-22,300589.SZ,江龙船艇,创业板,14.62,2.24%,开,279578,1737,0万元,0,16839.0,11.57亿,115690,0,0%,缩量,34.27万,5.7,6.1,4.1,阳线||布林带下轨,布林带下轨支撑,未分类,未分类,未分类,0,55.17,60.31,62.99,67.33,77.58,62.99,48.4,下轨下方,-3.8,-1.49,-4.61,无信号,震荡整理,否,获取公告失败
2026-05-22,601969.SH,海南矿业,沪市主板,10.47,1.26%,开,279076,1738,0万元,0,17279.0,16.63亿,166260,0,0%,缩量,206.52万,5.6,6.1,4.1,阳线,观望,未分类,未分类,未分类,0,0.0,0.0,0.0,0.0,0.0,0.0,0.0,未知,0.0,0.0,0.0,,未知,否,获取公告失败
2026-05-22,300448.SZ,浩云科技,创业板,7.82,2.22%,开,278701,1739,0万元,0,16759.0,21.57亿,215658,0,0%,缩量,50.25万,5.7,6.1,4.1,阳线||布林带下轨,布林带下轨支撑,未分类,未分类,未分类,0,57.36,60.11,60.65,63.65,73.14,60.65,48.16,下轨下方,-1.42,0.22,-3.27,死叉,震荡整理,否,获取公告失败
2026-05-22,301016.SZ,雷尔伟,创业板,19.3,0.52%,开,278664,1740,0万元,0,17606.0,8.97亿,89724,0,0%,缩量,56.58万,5.6,6.0,4.0,阳线,观望,未分类,未分类,未分类,0,0.0,0.0,0.0,0.0,0.0,0.0,0.0,未知,0.0,0.0,0.0,,未知,否,获取公告失败
2026-05-22,688103.SH,国力电子,科创板,67.89,4.25%,开,278248,1741,0万元,0,15698.0,234.31亿,2343149,0,0%,缩量,64.71万,5.9,6.2,4.3,阳线||多头排列||MA5上穿MA10,多头排列,未分类,未分类,未分类,0,67.01,66.18,63.32,60.56,69.61,63.32,57.03,布林带内,2.22,1.82,0.81,无信号,多头排列,是,获取公告失败
2026-05-22,301197.SZ,工大科雅,创业板,33.53,1.58%,开,278046,1742,0万元,0,17017.0,5.10亿,50985,0,0%,缩量,36.46万,5.7,6.1,4.1,价升,观望,未分类,未分类,未分类,0,35.1,36.59,33.49,27.05,41.21,33.49,25.77,布林带内,2.35,2.82,-0.94,无信号,震荡整理,否,获取公告失败
2026-05-22,300689.SZ,澄天伟业,创业板,57.57,3.17%,开,277790,1743,0万元,0,16193.0,2.81亿,28061,0,0%,缩量,58.25万,5.8,6.2,4.2,阳线||布林带下轨,布林带下轨支撑,未分类,未分类,未分类,0,92.88,96.15,93.5,86.02,113.56,93.5,73.44,下轨下方,0.78,3.49,-5.42,死叉,震荡整理,否,获取公告失败
2026-05-22,002997.SZ,瑞鹄模具,深市主板,33.17,1.59%,开,276843,1744,0万元,0,16888.0,5.13亿,51329,0,0%,缩量,69.43万,5.7,6.1,4.1,阳线,观望,未分类,未分类,未分类,0,34.75,35.61,33.74,33.52,38.37,33.74,29.11,布林带内,0.53,0.62,-0.18,死叉,震荡整理,否,获取公告失败
2026-05-22,002810.SZ,山东赫达,深市主板,26.01,0.35%,开,276676,1745,0万元,0,17494.0,6.73亿,67298,0,0%,缩量,84.23万,5.5,6.0,4.0,阳线||布林带下轨,布林带下轨支撑,未分类,未分类,未分类,0,77.02,83.96,89.18,78.56,117.59,89.18,60.76,下轨下方,-3.23,1.7,-9.86,无信号,震荡整理,否,获取公告失败
2026-05-22,002816.SZ,*ST和科,深市主板,26.57,5.02%,开,276338,1746,0万元,0,15124.0,5.77亿,57677,0,0%,缩量,26.57万,6.0,6.3,4.3,阳线||多头排列||MA5上穿MA10,多头排列,未分类,未分类,未分类,0,25.69,25.48,24.9,24.01,26.77,24.9,23.04,布林带内,0.52,0.39,0.25,无信号,多头排列,是,获取公告失败
2026-05-22,002072.SZ,凯瑞德,深市主板,7.28,4.30%,开,275939,1747,0万元,0,15445.0,21.89亿,218884,0,0%,缩量,26.76万,5.9,6.2,4.3,阳线||MA5上穿MA10,观望,未分类,未分类,未分类,0,8.03,7.97,8.08,8.23,8.53,8.08,7.63,布林带内,-0.07,-0.08,0.02,无信号,震荡整理,否,获取公告失败
2026-05-22,688156.SH,路德科技,科创板,27.13,6.52%,开,275747,1748,0万元,0,14316.0,536.87亿,5368703,0,0%,缩量,27.32万,6.2,6.3,4.4,阳线,观望,未分类,未分类,未分类,0,27.41,27.62,26.96,24.39,28.91,26.96,25.0,布林带内,0.71,0.9,-0.38,无信号,震荡整理,否,获取公告失败
2026-05-22,002919.SZ,名臣健康,深市主板,25.67,0.82%,开,275664,1749,0万元,0,17154.0,6.70亿,67039,0,0%,缩量,67.92万,5.6,6.0,4.1,阳线||布林带下轨,布林带下轨支撑,未分类,未分类,未分类,0,73.14,79.39,78.25,74.92,105.33,78.25,51.17,下轨下方,-1.1,2.51,-7.22,死叉,震荡整理,否,获取公告失败
2026-05-22,002638.SZ,勤上股份,深市主板,4.34,2.12%,开,275278,1750,0万元,0,16469.0,38.17亿,381749,0,0%,缩量,58.71万,5.7,6.1,4.1,阳线,观望,未分类,未分类,未分类,0,22.14,22.82,22.98,21.21,24.7,22.98,21.26,布林带内,0.03,0.35,-0.64,无信号,震荡整理,否,获取公告失败
2026-05-22,600303.SH,曙光股份,沪市主板,3.83,10.06%,开,275257,1751,0万元,0,12497.0,33.08亿,330824,0,0%,缩量,25.88万,6.5,6.5,4.7,阳线||多头排列||MA5上穿MA10,多头排列,未分类,未分类,未分类,0,19.35,19.24,19.1,19.06,20.27,19.1,17.93,布林带内,0.21,0.12,0.18,无信号,多头排列,是,获取公告失败
2026-05-22,301213.SZ,观想科技,创业板,73.37,4.58%,开,274956,1752,0万元,0,15208.0,2.08亿,20818,0,0%,缩量,37.94万,6.0,6.2,4.3,阳线,观望,未分类,未分类,未分类,0,73.3,74.02,73.52,73.6,78.12,73.52,68.91,布林带内,0.36,0.64,-0.56,无信号,震荡整理,否,获取公告失败
2026-05-22,605555.SH,德昌股份,沪市主板,16.55,0.18%,开,274477,1753,0万元,0,17357.0,10.55亿,105487,0,0%,缩量,80.11万,5.5,6.0,4.0,阳线||布林带下轨,布林带下轨支撑,未分类,未分类,未分类,0,38.82,41.12,41.95,43.36,54.14,41.95,29.75,下轨下方,-1.9,-0.31,-3.18,死叉,震荡整理,否,获取公告失败
2026-05-22,300343.SZ,ST联创,创业板,6.9,3.76%,开,274316,1754,0万元,0,15552.0,23.00亿,229963,0,0%,缩量,73.57万,5.9,6.2,4.3,阳线||布林带下轨,布林带下轨支撑,未分类,未分类,未分类,0,86.59,92.69,91.91,90.5,111.64,91.91,72.19,下轨下方,-1.97,1.02,-5.99,无信号,震荡整理,否,获取公告失败
2026-05-22,603344.SH,星德胜,沪市主板,32.0,0.66%,开,274142,1755,0万元,0,17084.0,5.34亿,53431,0,0%,缩量,17.29万,5.6,6.0,4.0,阳线||多头排列||MA5上穿MA10,多头排列,未分类,未分类,未分类,0,33.02,31.76,30.23,29.32,34.48,30.23,25.98,布林带内,1.13,0.84,0.59,无信号,多头排列,是,获取公告失败
2026-05-22,600328.SH,中盐化工,沪市主板,7.26,0.28%,开,274111,1756,0万元,0,17273.0,23.89亿,238924,0,0%,缩量,106.45万,5.5,6.0,4.0,阳线||布林带下轨,布林带下轨支撑,未分类,未分类,未分类,0,30.67,33.42,35.51,38.94,45.17,35.51,25.85,下轨下方,-2.7,-1.36,-2.68,无信号,震荡整理,否,获取公告失败
2026-05-22,600979.SH,广安爱众,沪市主板,4.64,1.75%,开,274001,1757,0万元,0,16523.0,35.89亿,358945,0,0%,缩量,57.61万,5.7,6.1,4.1,阳线||布林带下轨,布林带下轨支撑,未分类,未分类,未分类,0,23.84,25.77,26.77,27.14,32.77,26.77,20.76,下轨下方,-1.12,-0.14,-1.97,无信号,震荡整理,否,获取公告失败
2026-05-22,688511.SH,天微电子,科创板,26.89,1.59%,开,273923,1758,0万元,0,16599.0,624.76亿,6247613,0,0%,缩量,35.95万,5.7,6.1,4.1,价升,观望,未分类,未分类,未分类,0,0.0,0.0,0.0,0.0,0.0,0.0,0.0,未知,0.0,0.0,0.0,,未知,否,获取公告失败
2026-05-22,603637.SH,镇海股份,沪市主板,18.22,3.70%,开,273467,1759,0万元,0,15497.0,8.57亿,85732,0,0%,缩量,43.49万,5.9,6.2,4.2,阳线||布林带下轨,布林带下轨支撑,未分类,未分类,未分类,0,42.11,43.41,42.97,36.52,49.46,42.97,36.49,下轨下方,1.0,2.15,-2.29,无信号,震荡整理,否,获取公告失败
2026-05-22,300231.SZ,银信科技,创业板,10.96,2.05%,开,273362,1760,0万元,0,16312.0,15.03亿,150310,0,0%,缩量,48.69万,5.7,6.1,4.1,阳线||布林带下轨,布林带下轨支撑,未分类,未分类,未分类,0,117.49,118.84,118.96,121.0,128.13,118.96,109.79,下轨下方,-1.35,-0.42,-1.86,死叉,震荡整理,否,获取公告失败
2026-05-22,605305.SH,中际联合,沪市主板,41.45,0.85%,开,273217,1761,0万元,0,16896.0,4.09亿,40943,0,0%,缩量,88.09万,5.6,6.0,4.1,阳线||布林带下轨,布林带下轨支撑,未分类,未分类,未分类,0,77.13,83.75,89.18,85.16,112.94,89.18,65.41,下轨下方,-4.21,-0.09,-8.23,无信号,震荡整理,否,获取公告失败
2026-05-22,301222.SZ,浙江恒威,创业板,47.1,3.74%,开,272152,1762,0万元,0,15343.0,3.28亿,32772,0,0%,缩量,35.86万,5.9,6.2,4.2,阳线,观望,未分类,未分类,未分类,0,45.85,48.55,48.46,40.06,55.11,48.46,41.8,布林带内,1.61,2.53,-1.84,无信号,震荡整理,否,获取公告失败
2026-05-22,601112.SH,振石股份,沪市主板,19.48,2.26%,开,272106,1763,0万元,0,16082.0,8.30亿,83021,0,0%,缩量,34.53万,5.7,6.1,4.2,阳线,观望,未分类,未分类,未分类,0,19.46,19.93,20.16,20.18,21.45,20.16,18.87,布林带内,-0.18,-0.02,-0.31,无信号,震荡整理,否,获取公告失败
2026-05-22,605166.SH,聚合顺,沪市主板,11.31,7.00%,开,271944,1764,0万元,0,13694.0,12.42亿,124238,0,0%,缩量,35.60万,6.2,6.4,4.5,阳线||布林带下轨,布林带下轨支撑,未分类,未分类,未分类,0,12.0,12.24,12.41,11.9,13.14,12.41,11.68,下轨下方,-0.01,0.14,-0.31,无信号,震荡整理,否,获取公告失败
2026-05-22,300910.SZ,瑞丰新材,创业板,45.78,2.30%,开,271158,1765,0万元,0,15965.0,3.55亿,35461,0,0%,缩量,94.73万,5.7,6.1,4.2,阳线||布林带下轨,布林带下轨支撑,未分类,未分类,未分类,0,84.33,91.12,94.94,102.51,118.75,94.94,71.13,下轨下方,-5.99,-2.61,-6.76,无信号,震荡整理,否,获取公告失败
2026-05-22,603085.SH,天成自控,沪市主板,14.43,0.77%,开,271060,1766,0万元,0,16722.0,11.57亿,115689,0,0%,缩量,57.30万,5.6,6.0,4.1,阳线||多头排列||MA5上穿MA10,多头排列,未分类,未分类,未分类,0,37.23,37.22,34.87,31.39,40.29,34.87,29.45,布林带内,1.86,1.73,0.26,无信号,多头排列,是,获取公告失败
2026-05-22,002170.SZ,芭田股份,深市主板,11.99,0.76%,开,270961,1767,0万元,0,16718.0,13.99亿,139911,0,0%,缩量,94.38万,5.6,6.0,4.1,阳线,观望,未分类,未分类,未分类,0,0.0,0.0,0.0,0.0,0.0,0.0,0.0,未知,0.0,0.0,0.0,,未知,否,获取公告失败
2026-05-22,603320.SH,迪贝电气,沪市主板,25.01,3.78%,开,270779,1768,0万元,0,15190.0,6.13亿,61328,0,0%,缩量,37.30万,5.9,6.2,4.3,阳线||布林带下轨,布林带下轨支撑,未分类,未分类,未分类,0,32.09,33.09,32.78,30.92,37.01,32.78,28.54,下轨下方,0.19,0.85,-1.32,无信号,震荡整理,否,获取公告失败
2026-05-22,688051.SH,佳华科技,科创板,49.39,6.72%,开,269749,1769,0万元,0,13615.0,280.83亿,2808258,0,0%,缩量,38.20万,6.2,6.3,4.4,阳线||多头排列||MA5上穿MA10,多头排列,未分类,未分类,未分类,0,47.46,47.31,44.97,37.59,52.85,44.97,37.09,布林带内,3.18,3.23,-0.1,无信号,多头排列,是,获取公告失败
2026-05-22,301221.SZ,光庭信息,创业板,53.2,1.51%,开,269636,1770,0万元,0,16210.0,3.09亿,30879,0,0%,缩量,33.39万,5.7,6.1,4.1,阳线||MA5上穿MA10,观望,未分类,未分类,未分类,0,52.98,52.7,51.83,53.32,55.55,51.83,48.11,布林带内,0.21,-0.09,0.59,无信号,震荡整理,否,获取公告失败
2026-05-22,300538.SZ,同益股份,创业板,17.33,2.85%,开,269633,1771,0万元,0,15539.0,9.12亿,91183,0,0%,缩量,20.97万,5.8,6.1,4.2,阳线||布林带下轨,布林带下轨支撑,未分类,未分类,未分类,0,43.86,45.29,45.25,43.77,54.72,45.25,35.77,下轨下方,-0.52,0.78,-2.59,死叉,震荡整理,否,获取公告失败
2026-05-22,300407.SZ,凯发电气,创业板,13.3,6.74%,开,269507,1772,0万元,0,13580.0,10.39亿,103903,0,0%,缩量,34.44万,6.2,6.3,4.4,阳线,观望,未分类,未分类,未分类,0,54.49,55.48,55.28,55.36,57.95,55.28,52.62,布林带内,-0.15,0.2,-0.68,无信号,震荡整理,否,获取公告失败
2026-05-22,301376.SZ,致欧科技,创业板,18.79,3.70%,开,269397,1773,0万元,0,15091.0,8.01亿,80128,0,0%,缩量,36.39万,5.9,6.2,4.2,价升||多头排列||MA5上穿MA10,多头排列,未分类,未分类,未分类,0,19.08,19.06,18.4,18.04,20.19,18.4,16.62,布林带内,0.42,0.36,0.13,无信号,多头排列,是,获取公告失败
2026-05-22,603937.SH,丽岛新材,沪市主板,15.4,3.63%,开,269279,1774,0万元,0,15111.0,9.95亿,99531,0,0%,缩量,32.17万,5.9,6.2,4.2,阳线,观望,未分类,未分类,未分类,0,16.44,17.19,16.51,15.27,20.27,16.51,12.75,布林带内,0.34,0.6,-0.51,无信号,震荡整理,否,获取公告失败
2026-05-22,300922.SZ,天秦装备,创业板,21.3,0.76%,开,269044,1775,0万元,0,16526.0,7.82亿,78185,0,0%,缩量,26.88万,5.6,6.0,4.1,阳线||布林带下轨,布林带下轨支撑,未分类,未分类,未分类,0,27.26,27.5,27.58,29.4,31.1,27.58,24.06,下轨下方,-0.62,-0.44,-0.36,死叉,震荡整理,否,获取公告失败
2026-05-22,605178.SH,时空科技,沪市主板,66.21,0.84%,开,268948,1776,0万元,0,16476.0,2.50亿,25020,0,0%,缩量,65.60万,5.6,6.0,4.1,阳线||布林带下轨,布林带下轨支撑,未分类,未分类,未分类,0,91.38,97.3,96.52,98.22,112.97,96.52,80.06,下轨下方,-3.1,-0.53,-5.15,无信号,震荡整理,否,获取公告失败
2026-05-22,000037.SZ,深南电A,深市主板,9.89,2.91%,开,268758,1777,0万元,0,15419.0,15.81亿,158132,0,0%,缩量,33.52万,5.8,6.1,4.2,阳线||布林带下轨,布林带下轨支撑,未分类,未分类,未分类,0,48.75,51.6,52.66,51.37,59.1,52.66,46.21,下轨下方,-1.1,0.09,-2.39,无信号,震荡整理,否,获取公告失败
2026-05-22,002663.SZ,普邦股份,深市主板,2.14,5.42%,开,268673,1778,0万元,0,14158.0,67.41亿,674124,0,0%,缩量,36.53万,6.0,6.3,4.4,阳线,观望,未分类,未分类,未分类,0,18.24,19.05,18.85,19.03,21.03,18.85,16.66,布林带内,-0.2,0.03,-0.47,无信号,震荡整理,否,获取公告失败
2026-05-22,603331.SH,百达精工,沪市主板,14.36,1.13%,开,268613,1779,0万元,0,16298.0,11.45亿,114533,0,0%,缩量,29.03万,5.6,6.1,4.1,价升||布林带下轨,布林带下轨支撑,未分类,未分类,未分类,0,20.81,22.22,22.14,23.38,26.21,22.14,18.07,下轨下方,-0.8,-0.26,-1.07,无信号,震荡整理,否,获取公告失败
2026-05-22,688186.SH,广大特材,科创板,19.67,5.07%,开,268453,1780,0万元,0,14308.0,740.12亿,7401194,0,0%,缩量,55.17万,6.0,6.3,4.3,阳线||布林带下轨,布林带下轨支撑,未分类,未分类,未分类,0,20.6,21.46,22.02,25.03,24.05,22.02,19.99,下轨下方,-1.12,-0.95,-0.35,无信号,震荡整理,否,获取公告失败
2026-05-22,603610.SH,麒盛科技,沪市主板,18.53,1.70%,开,268177,1781,0万元,0,15967.0,8.66亿,86626,0,0%,缩量,65.41万,5.7,6.1,4.1,阳线||布林带下轨,布林带下轨支撑,未分类,未分类,未分类,0,43.33,45.49,44.64,45.65,58.24,44.64,31.03,下轨下方,-0.96,0.59,-3.1,死叉,震荡整理,否,获取公告失败
2026-05-22,300559.SZ,佳发教育,创业板,12.82,2.89%,开,267996,1782,0万元,0,15355.0,12.15亿,121495,0,0%,缩量,39.89万,5.8,6.1,4.2,阳线||布林带下轨,布林带下轨支撑,未分类,未分类,未分类,0,67.0,71.41,75.13,75.38,99.6,75.13,50.66,下轨下方,-4.85,-1.17,-7.37,无信号,震荡整理,否,获取公告失败
2026-05-22,688345.SH,博力威,科创板,54.63,2.02%,开,267994,1783,0万元,0,15791.0,287.65亿,2876496,0,0%,缩量,54.63万,5.7,6.1,4.1,阳线,观望,未分类,未分类,未分类,0,0.0,0.0,0.0,0.0,0.0,0.0,0.0,未知,0.0,0.0,0.0,,未知,否,获取公告失败
2026-05-22,688032.SH,禾迈股份,科创板,109.05,1.90%,开,267734,1784,0万元,0,15825.0,145.18亿,1451789,0,0%,缩量,135.30万,5.7,6.1,4.1,阳线||布林带下轨,布林带下轨支撑,未分类,未分类,未分类,0,324.27,351.53,367.5,386.68,490.49,367.5,244.5,下轨下方,-25.32,-7.95,-34.75,无信号,震荡整理,否,获取公告失败
2026-05-22,002076.SZ,*ST星光,深市主板,2.6,4.84%,开,267723,1785,0万元,0,14353.0,55.91亿,559080,0,0%,缩量,27.10万,6.0,6.2,4.3,阳线||多头排列||MA5上穿MA10,多头排列,未分类,未分类,未分类,0,16.45,16.3,15.75,14.98,17.33,15.75,14.17,布林带内,0.41,0.42,-0.02,死叉,多头排列,是,获取公告失败
2026-05-22,002478.SZ,常宝股份,深市主板,7.8,1.83%,开,267618,1786,0万元,0,15848.0,20.39亿,203921,0,0%,缩量,56.37万,5.7,6.1,4.1,阳线,观望,未分类,未分类,未分类,0,19.96,20.64,22.18,25.61,26.4,22.18,17.96,布林带内,-1.57,-1.35,-0.43,无信号,震荡整理,否,获取公告失败
2026-05-22,301329.SZ,信音电子,创业板,27.05,2.89%,开,267584,1787,0万元,0,15313.0,5.73亿,57336,0,0%,缩量,16.21万,5.8,6.1,4.2,阳线||多头排列,多头排列,未分类,未分类,未分类,0,27.16,27.16,26.22,24.74,28.79,26.22,23.65,布林带内,0.8,0.8,-0.01,死叉,多头排列,是,获取公告失败
2026-05-22,688439.SH,振华风光,科创板,52.46,2.38%,开,267374,1788,0万元,0,15547.0,298.99亿,2989854,0,0%,缩量,104.92万,5.7,6.1,4.2,阳线||MA5上穿MA10,观望,未分类,未分类,未分类,0,52.99,52.89,52.47,54.4,54.45,52.47,50.49,布林带内,-0.04,-0.2,0.32,无信号,震荡整理,否,获取公告失败
2026-05-22,300649.SZ,杭州园林,创业板,21.86,4.64%,开,267256,1789,0万元,0,14404.0,6.64亿,66398,0,0%,缩量,23.20万,6.0,6.2,4.3,阳线,观望,未分类,未分类,未分类,0,44.23,44.37,41.64,34.42,48.0,41.64,35.28,布林带内,2.87,3.03,-0.31,无信号,震荡整理,否,获取公告失败
2026-05-22,600116.SH,三峡水利,沪市主板,6.57,0.77%,开,267234,1790,0万元,0,16340.0,25.05亿,250473,0,0%,缩量,125.63万,5.6,6.0,4.1,阳线||布林带下轨,布林带下轨支撑,未分类,未分类,未分类,0,40.5,42.05,42.41,43.22,48.51,42.41,36.31,下轨下方,-1.05,-0.15,-1.78,无信号,震荡整理,否,获取公告失败
2026-05-22,688309.SH,恒誉环保,科创板,77.12,4.93%,开,266865,1791,0万元,0,14224.0,184.98亿,1849787,0,0%,缩量,61.23万,6.0,6.2,4.3,阳线,观望,未分类,未分类,未分类,0,78.24,79.71,75.69,63.55,87.19,75.69,64.19,布林带内,3.35,4.17,-1.64,无信号,震荡整理,否,获取公告失败
2026-05-22,000936.SZ,华西股份,深市主板,7.0,0.29%,开,266592,1792,0万元,0,16516.0,23.72亿,237218,0,0%,缩量,62.01万,5.5,6.0,4.0,阳线||布林带下轨,布林带下轨支撑,未分类,未分类,未分类,0,42.43,45.19,46.44,46.8,54.95,46.44,37.92,下轨下方,-1.64,-0.35,-2.58,无信号,震荡整理,否,获取公告失败
2026-05-22,603381.SH,永臻股份,沪市主板,22.95,4.27%,开,266383,1793,0万元,0,14503.0,6.41亿,64103,0,0%,缩量,32.62万,5.9,6.2,4.3,阳线,观望,未分类,未分类,未分类,0,23.45,24.27,24.28,25.3,25.91,24.28,22.64,布林带内,-0.37,-0.21,-0.31,无信号,震荡整理,否,获取公告失败
2026-05-22,300435.SZ,中泰股份,创业板,20.55,0.93%,开,266346,1794,0万元,0,16168.0,7.87亿,78709,0,0%,缩量,75.80万,5.6,6.0,4.1,价升,观望,未分类,未分类,未分类,0,0.0,0.0,0.0,0.0,0.0,0.0,0.0,未知,0.0,0.0,0.0,,未知,否,获取公告失败
2026-05-22,300109.SZ,新开源,创业板,18.16,3.65%,开,266344,1795,0万元,0,14808.0,8.27亿,82671,0,0%,缩量,81.22万,5.9,6.2,4.2,阳线||布林带下轨,布林带下轨支撑,未分类,未分类,未分类,0,116.63,126.06,129.24,127.82,154.76,129.24,103.72,下轨下方,-4.39,0.12,-9.02,无信号,震荡整理,否,获取公告失败
2026-05-22,603882.SH,金域医学,沪市主板,26.14,1.95%,开,266160,1796,0万元,0,15641.0,6.08亿,60756,0,0%,缩量,120.28万,5.7,6.1,4.1,阳线||布林带下轨,布林带下轨支撑,未分类,未分类,未分类,0,31.01,32.14,33.22,33.68,37.08,33.22,29.36,下轨下方,-0.93,-0.36,-1.13,无信号,震荡整理,否,获取公告失败
2026-05-22,600815.SH,厦工股份,沪市主板,3.89,1.04%,开,265564,1797,0万元,0,16037.0,41.24亿,412446,0,0%,缩量,69.01万,5.6,6.1,4.1,阳线||布林带下轨,布林带下轨支撑,未分类,未分类,未分类,0,24.84,26.96,27.79,25.18,33.55,27.79,22.03,下轨下方,-0.56,0.53,-2.18,无信号,震荡整理,否,获取公告失败
2026-05-22,600610.SH,中毅达,沪市主板,8.69,0.46%,开,265562,1798,0万元,0,16325.0,18.90亿,189026,0,0%,缩量,61.59万,5.5,6.0,4.0,阳线||布林带下轨,布林带下轨支撑,未分类,未分类,未分类,0,441.87,521.81,539.62,569.73,783.33,539.62,295.9,下轨下方,-43.82,-5.75,-76.14,无信号,震荡整理,否,获取公告失败
2026-05-22,002045.SZ,国光电器,深市主板,10.96,1.76%,开,265500,1799,0万元,0,15668.0,14.39亿,143949,0,0%,缩量,61.57万,5.7,6.1,4.1,阳线||布林带下轨,布林带下轨支撑,未分类,未分类,未分类,0,56.26,58.39,59.33,63.02,65.79,59.33,52.86,下轨下方,-1.97,-1.08,-1.78,无信号,震荡整理,否,获取公告失败
2026-05-22,300854.SZ,中兰环保,创业板,38.56,1.21%,开,265406,1800,0万元,0,15937.0,4.19亿,41922,0,0%,缩量,31.39万,5.6,6.1,4.1,阳线||多头排列||MA5上穿MA10,多头排列,未分类,未分类,未分类,0,38.78,37.13,34.94,29.67,41.07,34.94,28.82,布林带内,2.44,2.19,0.5,无信号,多头排列,是,获取公告失败
2026-05-22,002190.SZ,成飞集成,深市主板,30.24,1.82%,开,265300,1801,0万元,0,15621.0,5.20亿,51990,0,0%,缩量,108.48万,5.7,6.1,4.1,阳线,观望,未分类,未分类,未分类,0,79.99,81.44,79.69,83.16,86.06,79.69,73.32,布林带内,-0.36,-0.34,-0.05,死叉,震荡整理,否,获取公告失败
2026-05-22,603861.SH,白云电器,沪市主板,16.03,2.10%,开,265099,1802,0万元,0,15459.0,9.67亿,96660,0,0%,缩量,84.73万,5.7,6.1,4.1,阳线,观望,未分类,未分类,未分类,0,16.82,17.03,17.19,17.95,18.21,17.19,16.17,布林带内,-0.22,-0.15,-0.15,无信号,震荡整理,否,获取公告失败
2026-05-22,300557.SZ,理工光科,创业板,38.88,2.88%,开,265071,1803,0万元,0,15065.0,3.92亿,39230,0,0%,缩量,46.42万,5.8,6.1,4.2,阳线||布林带下轨,布林带下轨支撑,未分类,未分类,未分类,0,61.92,64.27,63.47,63.34,76.16,63.47,50.78,下轨下方,-0.63,1.0,-3.26,死叉,震荡整理,否,获取公告失败
2026-05-22,000572.SZ,海马汽车,深市主板,4.9,1.24%,开,264658,1804,0万元,0,15846.0,32.32亿,323219,0,0%,缩量,80.47万,5.6,6.1,4.1,阳线||布林带下轨,布林带下轨支撑,未分类,未分类,未分类,0,22.04,23.48,24.72,27.4,29.0,24.72,20.44,下轨下方,-1.59,-1.02,-1.14,无信号,震荡整理,否,获取公告失败
2026-05-22,301428.SZ,世纪恒通,创业板,34.7,4.27%,开,264634,1805,0万元,0,14330.0,4.15亿,41479,0,0%,缩量,24.42万,5.9,6.2,4.3,阳线,观望,未分类,未分类,未分类,0,35.57,35.77,34.9,35.27,37.78,34.9,32.02,布林带内,0.11,0.14,-0.06,死叉,震荡整理,否,获取公告失败
2026-05-22,002833.SZ,弘亚数控,深市主板,20.12,0.10%,开,264537,1806,0万元,0,16404.0,8.16亿,81637,0,0%,缩量,57.99万,5.5,6.0,4.0,阳线||布林带下轨,布林带下轨支撑,未分类,未分类,未分类,0,66.04,73.36,73.92,70.73,100.22,73.92,47.62,下轨下方,-2.67,1.44,-8.24,无信号,震荡整理,否,获取公告失败
2026-05-22,002255.SZ,海陆重工,深市主板,10.4,0.97%,开,264414,1807,0万元,0,15956.0,15.36亿,153602,0,0%,缩量,66.35万,5.6,6.0,4.1,阳线,观望,未分类,未分类,未分类,0,0.0,0.0,0.0,0.0,0.0,0.0,0.0,未知,0.0,0.0,0.0,,未知,否,获取公告失败
2026-05-22,300154.SZ,瑞凌股份,创业板,11.07,1.65%,开,264394,1808,0万元,0,15613.0,14.26亿,142629,0,0%,缩量,34.89万,5.7,6.1,4.1,阳线||多头排列||MA5上穿MA10,多头排列,未分类,未分类,未分类,0,53.64,53.25,48.99,45.12,59.19,48.99,38.79,布林带内,2.8,2.63,0.34,无信号,多头排列,是,获取公告失败
2026-05-22,002591.SZ,恒大高新,深市主板,8.64,2.01%,开,264355,1809,0万元,0,15432.0,17.95亿,179497,0,0%,缩量,19.31万,5.7,6.1,4.1,阳线,观望,未分类,未分类,未分类,0,30.27,30.51,28.46,25.96,33.89,28.46,23.02,布林带内,1.46,1.5,-0.08,死叉,震荡整理,否,获取公告失败
2026-05-22,002408.SZ,齐翔腾达,深市主板,5.57,1.27%,开,264243,1810,0万元,0,15788.0,28.59亿,285877,0,0%,缩量,153.24万,5.6,6.1,4.1,阳线||布林带下轨,布林带下轨支撑,未分类,未分类,未分类,0,48.64,51.31,54.53,56.04,65.85,54.53,43.2,下轨下方,-3.05,-1.35,-3.39,无信号,震荡整理,否,获取公告失败
2026-05-22,600592.SH,龙溪股份,沪市主板,19.33,0.10%,开,263967,1811,0万元,0,16345.0,8.50亿,84977,0,0%,缩量,77.23万,5.5,6.0,4.0,阳线||布林带下轨,布林带下轨支撑,未分类,未分类,未分类,0,55.59,56.58,56.77,59.67,61.34,56.77,52.19,下轨下方,-1.11,-0.66,-0.89,死叉,震荡整理,否,获取公告失败
2026-05-22,688767.SH,博拓生物,科创板,40.04,6.15%,开,263952,1812,0万元,0,13320.0,339.73亿,3397342,0,0%,缩量,59.79万,6.1,6.3,4.4,阳线||布林带下轨,布林带下轨支撑,未分类,未分类,未分类,0,58.97,62.93,61.13,57.54,74.05,61.13,48.21,下轨下方,-0.01,1.85,-3.72,无信号,震荡整理,否,获取公告失败
2026-05-22,688448.SH,磁谷科技,科创板,71.78,3.07%,开,263644,1813,0万元,0,14828.0,207.77亿,2077658,0,0%,缩量,51.88万,5.8,6.2,4.2,阳线,观望,未分类,未分类,未分类,0,71.26,73.28,69.71,62.91,79.11,69.71,60.3,布林带内,2.77,3.18,-0.81,无信号,震荡整理,否,获取公告失败
2026-05-22,603356.SH,华菱精工,沪市主板,20.05,7.68%,开,263619,1814,0万元,0,12522.0,6.47亿,64719,0,0%,缩量,26.73万,6.3,6.4,4.5,阳线,观望,未分类,未分类,未分类,0,19.77,20.16,19.46,18.81,21.43,19.46,17.49,布林带内,0.49,0.53,-0.09,无信号,震荡整理,否,获取公告失败
2026-05-22,002657.SZ,中科金财,深市主板,19.52,0.57%,开,263583,1815,0万元,0,16075.0,8.29亿,82873,0,0%,缩量,65.61万,5.6,6.0,4.0,价升,观望,未分类,未分类,未分类,0,72.79,74.85,75.99,82.84,81.62,75.99,70.37,布林带内,-2.43,-2.07,-0.73,无信号,震荡整理,否,获取公告失败
2026-05-22,600389.SH,江山股份,沪市主板,25.62,0.59%,开,263444,1816,0万元,0,16050.0,6.26亿,62625,0,0%,缩量,110.33万,5.6,6.0,4.0,阳线||布林带下轨,布林带下轨支撑,未分类,未分类,未分类,0,111.79,121.14,128.91,135.13,163.92,128.91,93.9,下轨下方,-8.73,-3.5,-10.46,无信号,震荡整理,否,获取公告失败
2026-05-22,301178.SZ,天亿马,创业板,57.52,5.16%,开,263316,1817,0万元,0,13754.0,2.43亿,24344,0,0%,缩量,28.46万,6.0,6.3,4.3,阳线||布林带下轨,布林带下轨支撑,未分类,未分类,未分类,0,75.97,79.99,79.37,73.85,91.98,79.37,66.77,下轨下方,-0.08,2.06,-4.29,无信号,震荡整理,否,获取公告失败
2026-05-22,002788.SZ,鹭燕医药,深市主板,12.36,1.15%,开,263298,1818,0万元,0,15757.0,12.80亿,128047,0,0%,缩量,47.19万,5.6,6.1,4.1,价升||布林带下轨,布林带下轨支撑,未分类,未分类,未分类,0,37.06,41.52,43.49,47.17,55.82,43.49,31.16,下轨下方,-3.63,-1.74,-3.78,无信号,震荡整理,否,获取公告失败
2026-05-22,300415.SZ,伊之密,创业板,25.78,1.30%,开,262603,1819,0万元,0,15612.0,6.07亿,60713,0,0%,缩量,116.81万,5.6,6.1,4.1,阳线,观望,未分类,未分类,未分类,0,101.77,103.5,99.89,100.84,108.79,99.89,91.0,布林带内,0.84,1.03,-0.39,死叉,震荡整理,否,获取公告失败
2026-05-22,600399.SH,抚顺特钢,沪市主板,5.11,1.19%,开,262530,1820,0万元,0,15659.0,30.72亿,307182,0,0%,缩量,100.77万,5.6,6.1,4.1,阳线||布林带下轨,布林带下轨支撑,未分类,未分类,未分类,0,17.09,17.94,18.76,20.98,21.84,18.76,15.69,下轨下方,-1.08,-0.7,-0.76,无信号,震荡整理,否,获取公告失败
2026-05-22,000957.SZ,中通客车,深市主板,11.15,0.63%,开,262528,1821,0万元,0,15937.0,14.38亿,143827,0,0%,缩量,66.11万,5.6,6.0,4.0,价升||布林带下轨,布林带下轨支撑,未分类,未分类,未分类,0,54.0,56.45,58.62,57.74,66.47,58.62,50.77,下轨下方,-1.63,-0.3,-2.65,无信号,震荡整理,否,获取公告失败
2026-05-22,600538.SH,国发股份,沪市主板,6.96,2.05%,开,262243,1822,0万元,0,15198.0,22.03亿,220296,0,0%,缩量,36.48万,5.7,6.1,4.1,阳线||布林带下轨,布林带下轨支撑,未分类,未分类,未分类,0,20.0,20.78,20.84,20.13,22.71,20.84,18.97,下轨下方,-0.14,0.14,-0.57,无信号,震荡整理,否,获取公告失败
2026-05-22,002114.SZ,罗平锌电,深市主板,8.77,2.10%,开,261797,1823,0万元,0,15132.0,17.49亿,174939,0,0%,缩量,28.36万,5.7,6.1,4.1,阳线,观望,未分类,未分类,未分类,0,16.21,16.8,16.79,16.86,18.06,16.79,15.52,布林带内,-0.07,0.09,-0.32,无信号,震荡整理,否,获取公告失败
2026-05-22,300637.SZ,扬帆新材,创业板,11.39,5.37%,开,261457,1824,0万元,0,13463.0,11.99亿,119902,0,0%,缩量,26.71万,6.0,6.3,4.4,阳线||布林带下轨,布林带下轨支撑,未分类,未分类,未分类,0,20.73,21.47,22.12,23.09,27.27,22.12,16.97,下轨下方,-1.0,-0.33,-1.34,死叉,震荡整理,否,获取公告失败
2026-05-22,300264.SZ,佳创视讯,创业板,9.62,1.58%,开,261369,1825,0万元,0,15345.0,16.13亿,161313,0,0%,缩量,35.63万,5.7,6.1,4.1,阳线||MA5上穿MA10,观望,未分类,未分类,未分类,0,40.3,40.24,38.03,39.35,43.23,38.03,32.84,布林带内,0.76,0.49,0.54,无信号,震荡整理,否,获取公告失败
2026-05-22,603880.SH,南卫股份,沪市主板,8.76,8.15%,开,261330,1826,0万元,0,12059.0,14.13亿,141296,0,0%,缩量,25.32万,6.3,6.4,4.5,阳线||布林带下轨,布林带下轨支撑,未分类,未分类,未分类,0,22.0,23.25,21.98,20.84,28.73,21.98,15.24,下轨下方,0.19,0.91,-1.44,死叉,震荡整理,否,获取公告失败
2026-05-22,688269.SH,凯立新材,科创板,42.45,6.63%,开,261327,1827,0万元,0,12817.0,307.60亿,3076026,0,0%,缩量,55.48万,6.2,6.3,4.4,阳线||布林带下轨,布林带下轨支撑,未分类,未分类,未分类,0,57.7,60.6,61.0,61.22,70.2,61.0,51.81,下轨下方,-1.08,0.39,-2.94,无信号,震荡整理,否,获取公告失败
2026-05-22,603607.SH,京华激光,沪市主板,24.41,4.63%,开,261276,1828,0万元,0,13813.0,5.71亿,57070,0,0%,缩量,43.58万,6.0,6.2,4.3,阳线||布林带下轨,布林带下轨支撑,未分类,未分类,未分类,0,49.69,50.28,51.15,50.65,59.31,51.15,42.98,下轨下方,-0.94,0.15,-2.17,死叉,震荡整理,否,获取公告失败
2026-05-22,002331.SZ,皖通科技,深市主板,9.46,2.38%,开,261254,1829,0万元,0,14935.0,15.93亿,159270,0,0%,缩量,38.16万,5.7,6.1,4.2,价升,观望,未分类,未分类,未分类,0,51.43,52.02,51.08,47.66,54.63,51.08,47.53,布林带内,1.15,1.43,-0.57,无信号,震荡整理,否,获取公告失败
2026-05-22,002145.SZ,钛能化学,深市主板,4.3,0.23%,开,261235,1830,0万元,0,16007.0,37.31亿,373137,0,0%,缩量,163.68万,5.5,6.0,4.0,价升||布林带下轨,布林带下轨支撑,未分类,未分类,未分类,0,18.76,20.03,20.62,22.04,24.39,20.62,16.86,下轨下方,-0.96,-0.4,-1.13,无信号,震荡整理,否,获取公告失败
2026-05-22,300733.SZ,西菱动力,创业板,19.85,0.61%,开,261211,1831,0万元,0,15817.0,7.96亿,79642,0,0%,缩量,44.76万,5.6,6.0,4.0,阳线||布林带下轨,布林带下轨支撑,未分类,未分类,未分类,0,30.36,31.46,31.01,29.69,37.36,31.01,24.67,下轨下方,-0.16,0.66,-1.64,死叉,震荡整理,否,获取公告失败
2026-05-22,603072.SH,天和磁材,沪市主板,38.04,3.62%,开,261104,1832,0万元,0,14299.0,3.80亿,38022,0,0%,缩量,48.02万,5.9,6.2,4.2,阳线,观望,未分类,未分类,未分类,0,37.79,38.26,37.68,38.46,39.85,37.68,35.51,布林带内,0.09,0.12,-0.06,无信号,震荡整理,否,获取公告失败
2026-05-22,603159.SH,上海亚虹,沪市主板,28.97,5.58%,开,260999,1833,0万元,0,13312.0,4.68亿,46788,0,0%,缩量,40.56万,6.1,6.3,4.4,阳线||布林带下轨||MA5上穿MA10,布林带下轨支撑,未分类,未分类,未分类,0,37.39,37.29,37.43,37.41,41.73,37.43,33.12,下轨下方,-0.34,0.02,-0.72,死叉,震荡整理,否,获取公告失败
2026-05-22,603075.SH,热威股份,沪市主板,25.51,0.43%,开,260985,1834,0万元,0,15882.0,6.25亿,62454,0,0%,缩量,10.52万,5.5,6.0,4.0,阳线,观望,未分类,未分类,未分类,0,0.0,0.0,0.0,0.0,0.0,0.0,0.0,未知,0.0,0.0,0.0,,未知,否,获取公告失败
2026-05-22,301252.SZ,同星科技,创业板,40.99,2.14%,开,260945,1835,0万元,0,15023.0,3.68亿,36808,0,0%,缩量,19.78万,5.7,6.1,4.1,阳线||布林带下轨,布林带下轨支撑,未分类,未分类,未分类,0,79.07,84.92,83.63,81.64,107.33,83.63,59.92,下轨下方,-1.71,1.52,-6.47,无信号,震荡整理,否,获取公告失败
2026-05-22,300056.SZ,中创环保,创业板,10.88,2.54%,开,260883,1836,0万元,0,14816.0,13.73亿,137337,0,0%,缩量,41.91万,5.8,6.1,4.2,阳线,观望,未分类,未分类,未分类,0,64.69,66.54,64.56,58.4,74.39,64.56,54.74,布林带内,2.18,2.87,-1.39,无信号,震荡整理,否,获取公告失败
2026-05-22,600750.SH,华润江中,沪市主板,22.82,1.29%,开,260875,1837,0万元,0,15444.0,6.83亿,68302,0,0%,缩量,143.47万,5.6,6.1,4.1,阳线||布林带下轨,布林带下轨支撑,未分类,未分类,未分类,0,351.6,379.64,403.63,426.17,517.6,403.63,289.65,下轨下方,-28.93,-13.35,-31.17,无信号,震荡整理,否,获取公告失败
2026-05-22,605580.SH,恒盛能源,沪市主板,22.1,10.00%,开,260834,1838,0万元,0,11081.0,5.14亿,51351,0,0%,缩量,61.88万,6.5,6.5,4.7,阳线||布林带下轨,布林带下轨支撑,未分类,未分类,未分类,0,29.56,31.22,31.95,32.82,36.89,31.95,27.01,下轨下方,-1.12,-0.32,-1.6,无信号,震荡整理,否,获取公告失败
2026-05-22,002587.SZ,奥拓电子,深市主板,7.0,3.40%,开,260376,1839,0万元,0,14339.0,20.87亿,208748,0,0%,缩量,37.29万,5.8,6.2,4.2,阳线,观望,未分类,未分类,未分类,0,50.73,51.63,50.65,50.18,54.82,50.65,46.49,布林带内,0.38,0.59,-0.41,无信号,震荡整理,否,获取公告失败
2026-05-22,600605.SH,汇通能源,沪市主板,32.21,2.35%,开,260257,1840,0万元,0,14850.0,4.70亿,47049,0,0%,缩量,66.44万,5.7,6.1,4.2,阳线,观望,未分类,未分类,未分类,0,0.0,0.0,0.0,0.0,0.0,0.0,0.0,未知,0.0,0.0,0.0,,未知,否,获取公告失败
2026-05-22,600292.SH,电投水电,沪市主板,14.27,1.21%,开,259768,1841,0万元,0,15374.0,10.82亿,108197,0,0%,缩量,62.69万,5.6,6.1,4.1,价升||布林带下轨,布林带下轨支撑,未分类,未分类,未分类,0,52.77,55.51,57.08,55.9,63.93,57.08,50.23,下轨下方,-1.26,-0.01,-2.5,无信号,震荡整理,否,获取公告失败
2026-05-22,301522.SZ,上大股份,创业板,31.96,1.24%,开,259636,1842,0万元,0,15346.0,4.81亿,48141,0,0%,缩量,88.44万,5.6,6.1,4.1,阳线,观望,未分类,未分类,未分类,0,32.44,32.59,32.31,33.53,33.95,32.31,30.67,布林带内,-0.06,-0.05,-0.02,死叉,震荡整理,否,获取公告失败
2026-05-22,000951.SZ,中国重汽,深市主板,20.89,0.43%,开,259583,1843,0万元,0,15742.0,7.53亿,75311,0,0%,缩量,244.20万,5.5,6.0,4.0,价升||布林带下轨,布林带下轨支撑,未分类,未分类,未分类,0,86.32,93.73,97.88,99.39,121.13,97.88,74.63,下轨下方,-5.56,-1.9,-7.31,无信号,震荡整理,否,获取公告失败
2026-05-22,002583.SZ,海能达,深市主板,8.95,0.67%,开,259574,1844,0万元,0,15620.0,17.52亿,175155,0,0%,缩量,114.80万,5.6,6.0,4.0,价升,观望,未分类,未分类,未分类,0,51.32,53.35,55.46,58.21,61.33,55.46,49.59,布林带内,-2.03,-1.39,-1.29,无信号,震荡整理,否,获取公告失败
2026-05-22,002268.SZ,电科网安,深市主板,15.17,1.27%,开,259271,1845,0万元,0,15293.0,10.09亿,100948,0,0%,缩量,128.23万,5.6,6.1,4.1,价升,观望,未分类,未分类,未分类,0,131.34,132.91,134.47,146.87,141.89,134.47,127.05,布林带内,-3.74,-3.59,-0.31,无信号,震荡整理,否,获取公告失败
2026-05-22,300426.SZ,华智数媒,创业板,7.08,8.42%,开,259173,1846,0万元,0,11706.0,17.00亿,169976,0,0%,缩量,28.32万,6.3,6.4,4.6,阳线,观望,未分类,未分类,未分类,0,35.74,36.48,37.15,39.35,39.56,37.15,34.74,布林带内,-0.93,-0.75,-0.35,无信号,震荡整理,否,获取公告失败
2026-05-22,002735.SZ,王子新材,深市主板,13.34,1.91%,开,259129,1847,0万元,0,14958.0,11.30亿,113042,0,0%,缩量,38.03万,5.7,6.1,4.1,阳线||布林带下轨,布林带下轨支撑,未分类,未分类,未分类,0,40.43,45.6,48.02,52.19,64.72,48.02,31.33,下轨下方,-3.98,-1.45,-5.06,无信号,震荡整理,否,获取公告失败
2026-05-22,002248.SZ,华东数控,深市主板,12.53,2.96%,开,259000,1848,0万元,0,14421.0,11.65亿,116548,0,0%,缩量,38.53万,5.8,6.1,4.2,阳线,观望,未分类,未分类,未分类,0,25.75,26.53,26.25,26.45,28.43,26.25,24.07,布林带内,-0.04,0.16,-0.4,无信号,震荡整理,否,获取公告失败
2026-05-22,300829.SZ,金丹科技,创业板,19.44,3.29%,开,258851,1849,0万元,0,14238.0,7.44亿,74379,0,0%,缩量,30.47万,5.8,6.2,4.2,阳线||布林带下轨,布林带下轨支撑,未分类,未分类,未分类,0,28.83,29.87,29.53,31.31,34.8,29.53,24.27,下轨下方,-0.77,-0.26,-1.03,死叉,震荡整理,否,获取公告失败
2026-05-22,603529.SH,爱玛科技,沪市主板,21.17,0.52%,开,258551,1850,0万元,0,15594.0,7.39亿,73905,0,0%,缩量,179.43万,5.6,6.0,4.0,阳线||布林带下轨,布林带下轨支撑,未分类,未分类,未分类,0,46.32,50.62,54.63,64.56,72.01,54.63,37.24,下轨下方,-6.21,-4.19,-4.05,无信号,震荡整理,否,获取公告失败
2026-05-22,002541.SZ,鸿路钢构,深市主板,17.85,0.62%,开,258140,1851,0万元,0,15504.0,8.72亿,87165,0,0%,缩量,88.57万,5.6,6.0,4.0,阳线||布林带下轨,布林带下轨支撑,未分类,未分类,未分类,0,73.96,78.36,81.9,89.39,96.25,81.9,67.55,下轨下方,-4.66,-2.75,-3.81,无信号,震荡整理,否,获取公告失败
2026-05-22,300749.SZ,顶固集创,创业板,23.91,2.22%,开,257775,1852,0万元,0,14666.0,6.12亿,61219,0,0%,缩量,37.63万,5.7,6.1,4.1,阳线||布林带下轨,布林带下轨支撑,未分类,未分类,未分类,0,40.99,43.27,44.08,52.55,54.14,44.08,34.03,下轨下方,-3.08,-2.02,-2.12,死叉,震荡整理,否,获取公告失败
2026-05-22,603122.SH,合富中国,沪市主板,13.64,1.49%,开,257630,1853,0万元,0,15019.0,11.05亿,110514,0,0%,缩量,54.29万,5.6,6.1,4.1,阳线||布林带下轨,布林带下轨支撑,未分类,未分类,未分类,0,14.38,15.16,15.6,16.8,17.33,15.6,13.88,下轨下方,-0.75,-0.55,-0.41,无信号,震荡整理,否,获取公告失败
2026-05-22,300200.SZ,高盟新材,创业板,10.53,1.64%,开,257424,1854,0万元,0,14922.0,14.27亿,142685,0,0%,缩量,44.63万,5.7,6.1,4.1,阳线||布林带下轨,布林带下轨支撑,未分类,未分类,未分类,0,37.63,39.27,39.18,39.76,46.84,39.18,31.52,下轨下方,-0.69,0.29,-1.96,死叉,震荡整理,否,获取公告失败
2026-05-22,603016.SH,新宏泰,沪市主板,48.6,1.25%,开,257230,1855,0万元,0,15098.0,3.13亿,31259,0,0%,缩量,72.01万,5.6,6.1,4.1,阳线,观望,未分类,未分类,未分类,0,51.87,54.04,56.81,47.49,64.63,56.81,49.0,布林带内,0.25,1.63,-2.77,无信号,震荡整理,否,获取公告失败
2026-05-22,603219.SH,富佳股份,沪市主板,18.2,0.50%,开,257204,1856,0万元,0,15472.0,8.45亿,84510,0,0%,缩量,102.17万,5.5,6.0,4.0,阳线||布林带下轨,布林带下轨支撑,未分类,未分类,未分类,0,25.38,25.78,25.52,25.11,29.45,25.52,21.58,下轨下方,-0.09,0.33,-0.83,死叉,震荡整理,否,获取公告失败
2026-05-22,603400.SH,华之杰,沪市主板,81.2,1.00%,开,257035,1857,0万元,0,15206.0,1.88亿,18805,0,0%,缩量,16.24万,5.6,6.0,4.1,阳线||多头排列||MA5上穿MA10,多头排列,未分类,未分类,未分类,0,85.4,84.7,77.34,72.13,95.14,77.34,59.55,布林带内,4.27,4.03,0.49,无信号,多头排列,是,获取公告失败
2026-05-22,688339.SH,亿华通-U,科创板,25.02,3.95%,开,256844,1858,0万元,0,13711.0,546.36亿,5463585,0,0%,缩量,48.99万,5.9,6.2,4.3,阳线||布林带下轨,布林带下轨支撑,未分类,未分类,未分类,0,60.78,67.07,68.12,75.04,89.18,68.12,47.05,下轨下方,-4.09,-1.14,-5.9,无信号,震荡整理,否,获取公告失败
2026-05-22,301157.SZ,华塑科技,创业板,76.21,2.43%,开,256833,1859,0万元,0,14467.0,1.91亿,19051,0,0%,缩量,15.74万,5.7,6.1,4.2,阳线,观望,未分类,未分类,未分类,0,78.59,80.4,77.81,68.19,86.07,77.81,69.56,布林带内,2.33,3.2,-1.75,无信号,震荡整理,否,获取公告失败
2026-05-22,300445.SZ,康斯特,创业板,25.01,3.35%,开,256815,1860,0万元,0,14008.0,5.69亿,56921,0,0%,缩量,35.15万,5.8,6.2,4.2,阳线,观望,未分类,未分类,未分类,0,0.0,0.0,0.0,0.0,0.0,0.0,0.0,未知,0.0,0.0,0.0,,未知,否,获取公告失败
2026-05-22,300032.SZ,金龙机电,创业板,4.91,0.82%,开,256616,1861,0万元,0,15251.0,31.53亿,315289,0,0%,缩量,39.44万,5.6,6.0,4.1,价升,观望,未分类,未分类,未分类,0,21.69,22.12,22.9,24.35,25.09,22.9,20.7,布林带内,-0.87,-0.7,-0.33,无信号,震荡整理,否,获取公告失败
2026-05-22,600313.SH,农发种业,沪市主板,6.22,0.97%,开,256530,1862,0万元,0,15166.0,24.53亿,245317,0,0%,缩量,67.31万,5.6,6.0,4.1,阳线||布林带下轨,布林带下轨支撑,未分类,未分类,未分类,0,25.51,27.65,28.77,31.81,34.04,28.77,23.5,下轨下方,-1.82,-1.05,-1.54,无信号,震荡整理,否,获取公告失败
2026-05-22,688168.SH,安博通,科创板,82.72,1.21%,开,256356,1863,0万元,0,15030.0,185.32亿,1853194,0,0%,缩量,63.85万,5.6,6.1,4.1,阳线||布林带下轨,布林带下轨支撑,未分类,未分类,未分类,0,113.45,117.59,120.08,108.02,138.58,120.08,101.58,下轨下方,-0.48,3.16,-7.27,无信号,震荡整理,否,获取公告失败
2026-05-22,688317.SH,之江生物,科创板,20.77,4.37%,开,256039,1864,0万元,0,13418.0,650.20亿,6501955,0,0%,缩量,39.91万,5.9,6.2,4.3,阳线||布林带下轨,布林带下轨支撑,未分类,未分类,未分类,0,23.87,24.11,24.21,24.33,26.24,24.21,22.17,下轨下方,-0.29,-0.08,-0.42,死叉,震荡整理,否,获取公告失败
2026-05-22,300669.SZ,沪宁股份,创业板,34.39,0.91%,开,256028,1865,0万元,0,15148.0,4.43亿,44304,0,0%,缩量,62.76万,5.6,6.0,4.1,阳线||布林带下轨,布林带下轨支撑,未分类,未分类,未分类,0,59.55,62.85,64.34,65.61,78.77,64.34,49.91,下轨下方,-2.26,-0.38,-3.77,死叉,震荡整理,否,获取公告失败
2026-05-22,002875.SZ,安奈儿,深市主板,22.85,3.16%,开,255961,1866,0万元,0,14016.0,6.19亿,61853,0,0%,缩量,41.69万,5.8,6.2,4.2,阳线||布林带下轨,布林带下轨支撑,未分类,未分类,未分类,0,37.29,39.79,40.18,35.45,46.3,40.18,34.05,下轨下方,0.16,1.44,-2.57,无信号,震荡整理,否,获取公告失败
2026-05-22,601619.SH,嘉泽新能,沪市主板,5.38,0.19%,开,255931,1867,0万元,0,15500.0,28.79亿,287939,0,0%,缩量,130.99万,5.5,6.0,4.0,阳线||布林带下轨,布林带下轨支撑,未分类,未分类,未分类,0,6.06,6.3,6.46,6.56,7.15,6.46,5.78,下轨下方,-0.13,-0.02,-0.22,无信号,震荡整理,否,获取公告失败
2026-05-22,603218.SH,日月股份,沪市主板,12.27,1.24%,开,255788,1868,0万元,0,14960.0,12.23亿,122296,0,0%,缩量,126.25万,5.6,6.1,4.1,阳线||布林带下轨,布林带下轨支撑,未分类,未分类,未分类,0,23.29,25.13,26.62,28.8,33.9,26.62,19.35,下轨下方,-1.94,-0.99,-1.89,无信号,震荡整理,否,获取公告失败
2026-05-22,600992.SH,贵绳股份,沪市主板,12.26,1.41%,开,255760,1869,0万元,0,14873.0,12.19亿,121914,0,0%,缩量,30.05万,5.6,6.1,4.1,阳线||布林带下轨,布林带下轨支撑,未分类,未分类,未分类,0,17.38,17.53,17.38,18.14,19.28,17.38,15.48,下轨下方,-0.24,-0.09,-0.3,死叉,震荡整理,否,获取公告失败
2026-05-22,000701.SZ,厦门信达,深市主板,5.9,4.98%,开,255261,1870,0万元,0,13035.0,22.37亿,223699,0,0%,缩量,39.40万,6.0,6.2,4.3,阳线||布林带下轨,布林带下轨支撑,未分类,未分类,未分类,0,9.71,10.27,10.43,10.59,12.21,10.43,8.65,下轨下方,-0.33,-0.04,-0.57,无信号,震荡整理,否,获取公告失败
2026-05-22,603633.SH,徕木股份,沪市主板,8.05,5.09%,开,255006,1871,0万元,0,12955.0,16.36亿,163592,0,0%,缩量,34.36万,6.0,6.3,4.3,阳线||布林带下轨,布林带下轨支撑,未分类,未分类,未分类,0,19.41,20.9,21.96,22.09,27.53,21.96,16.4,下轨下方,-1.07,-0.18,-1.77,无信号,震荡整理,否,获取公告失败
2026-05-22,301310.SZ,鑫宏业,创业板,29.05,1.75%,开,254966,1872,0万元,0,14621.0,5.06亿,50553,0,0%,缩量,17.72万,5.7,6.1,4.1,阳线,观望,未分类,未分类,未分类,0,0.0,0.0,0.0,0.0,0.0,0.0,0.0,未知,0.0,0.0,0.0,,未知,否,获取公告失败
2026-05-22,300214.SZ,日科化学,创业板,8.41,3.70%,开,254825,1873,0万元,0,13633.0,16.43亿,164262,0,0%,缩量,39.10万,5.9,6.2,4.2,阳线,观望,未分类,未分类,未分类,0,28.04,29.1,28.26,26.03,31.72,28.26,24.8,布林带内,0.64,1.0,-0.71,无信号,震荡整理,否,获取公告失败
2026-05-22,300019.SZ,硅宝科技,创业板,18.19,1.96%,开,254799,1874,0万元,0,14499.0,8.08亿,80785,0,0%,缩量,67.05万,5.7,6.1,4.1,阳线,观望,未分类,未分类,未分类,0,0.0,0.0,0.0,0.0,0.0,0.0,0.0,未知,0.0,0.0,0.0,,未知,否,获取公告失败
2026-05-22,300270.SZ,中威电子,创业板,13.36,0.98%,开,254703,1875,0万元,0,14979.0,11.33亿,113317,0,0%,缩量,34.86万,5.6,6.0,4.1,阳线,观望,未分类,未分类,未分类,0,91.3,94.02,91.25,79.25,102.26,91.25,80.24,布林带内,3.56,4.75,-2.36,无信号,震荡整理,否,获取公告失败
2026-05-22,600797.SH,浙大网新,沪市主板,8.7,0.12%,开,254515,1876,0万元,0,15394.0,17.76亿,177649,0,0%,缩量,89.39万,5.5,6.0,4.0,价升||布林带下轨,布林带下轨支撑,未分类,未分类,未分类,0,110.46,114.77,116.07,121.57,131.61,116.07,100.53,下轨下方,-3.61,-1.49,-4.25,无信号,震荡整理,否,获取公告失败
2026-05-22,688589.SH,力合微,科创板,24.3,4.74%,开,254426,1877,0万元,0,13072.0,546.31亿,5463073,0,0%,缩量,35.31万,6.0,6.2,4.3,阳线||布林带下轨,布林带下轨支撑,未分类,未分类,未分类,0,33.8,35.05,34.59,34.54,40.14,34.59,29.05,下轨下方,-0.37,0.36,-1.46,死叉,震荡整理,否,获取公告失败
2026-05-22,300966.SZ,共同药业,创业板,27.64,3.87%,开,254403,1878,0万元,0,13505.0,4.98亿,49794,0,0%,缩量,21.19万,5.9,6.2,4.3,阳线,观望,未分类,未分类,未分类,0,26.98,27.33,26.21,22.84,30.56,26.21,21.85,布林带内,1.25,1.4,-0.3,无信号,震荡整理,否,获取公告失败
2026-05-22,601311.SH,骆驼股份,沪市主板,9.23,0.65%,开,254331,1879,0万元,0,15106.0,16.40亿,164032,0,0%,缩量,108.28万,5.6,6.0,4.0,阳线||布林带下轨,布林带下轨支撑,未分类,未分类,未分类,0,27.92,29.22,30.71,30.81,36.38,30.71,25.03,下轨下方,-1.26,-0.42,-1.68,无信号,震荡整理,否,获取公告失败
2026-05-22,002686.SZ,亿利达,深市主板,7.15,3.92%,开,254322,1880,0万元,0,13470.0,19.11亿,191114,0,0%,缩量,37.38万,5.9,6.2,4.3,阳线||布林带下轨,布林带下轨支撑,未分类,未分类,未分类,0,34.84,36.25,36.4,34.95,39.22,36.4,33.58,下轨下方,-0.25,0.3,-1.09,无信号,震荡整理,否,获取公告失败
2026-05-22,300931.SZ,通用电梯,创业板,16.68,4.25%,开,254260,1881,0万元,0,13301.0,8.04亿,80416,0,0%,缩量,32.61万,5.9,6.2,4.3,阳线,观望,未分类,未分类,未分类,0,16.81,16.88,15.85,14.01,18.45,15.85,13.25,布林带内,0.85,0.89,-0.08,无信号,震荡整理,否,获取公告失败
2026-05-22,600617.SH,国新能源,沪市主板,3.6,1.98%,开,254005,1882,0万元,0,14409.0,40.26亿,402570,0,0%,缩量,63.92万,5.7,6.1,4.1,阳线||布林带下轨,布林带下轨支撑,未分类,未分类,未分类,0,191.39,210.45,215.78,222.43,313.32,215.78,118.24,下轨下方,-14.22,-0.8,-26.84,死叉,震荡整理,否,获取公告失败
2026-05-22,301299.SZ,卓创资讯,创业板,60.33,4.59%,开,253991,1883,0万元,0,13102.0,2.20亿,22022,0,0%,缩量,27.02万,6.0,6.2,4.3,阳线,观望,未分类,未分类,未分类,0,0.0,0.0,0.0,0.0,0.0,0.0,0.0,未知,0.0,0.0,0.0,,未知,否,获取公告失败
2026-05-22,605208.SH,永茂泰,沪市主板,14.49,2.04%,开,253841,1884,0万元,0,14363.0,9.89亿,98933,0,0%,缩量,47.81万,5.7,6.1,4.1,阳线||布林带下轨,布林带下轨支撑,未分类,未分类,未分类,0,23.67,25.31,25.96,24.7,31.74,25.96,20.19,下轨下方,-0.73,0.2,-1.86,无信号,震荡整理,否,获取公告失败
2026-05-22,300665.SZ,飞鹿股份,创业板,9.75,4.50%,开,253438,1885,0万元,0,13093.0,13.74亿,137411,0,0%,缩量,21.26万,6.0,6.2,4.3,阳线||布林带下轨,布林带下轨支撑,未分类,未分类,未分类,0,20.87,21.26,20.02,18.57,24.27,20.02,15.76,下轨下方,0.62,0.94,-0.64,死叉,震荡整理,否,获取公告失败
2026-05-22,301278.SZ,快可电子,创业板,39.88,5.64%,开,253381,1886,0万元,0,12517.0,3.20亿,31982,0,0%,缩量,20.50万,6.1,6.3,4.4,阳线||布林带下轨,布林带下轨支撑,未分类,未分类,未分类,0,50.29,52.32,52.81,54.12,59.97,52.81,45.66,下轨下方,-1.1,-0.1,-1.99,无信号,震荡整理,否,获取公告失败
2026-05-22,002533.SZ,金杯电工,深市主板,13.28,0.61%,开,253360,1887,0万元,0,15033.0,11.41亿,114138,0,0%,缩量,84.68万,5.6,6.0,4.0,阳线,观望,未分类,未分类,未分类,0,0.0,0.0,0.0,0.0,0.0,0.0,0.0,未知,0.0,0.0,0.0,,未知,否,获取公告失败
2026-05-22,300192.SZ,科德教育,创业板,18.31,2.58%,开,253165,1888,0万元,0,14028.0,7.79亿,77904,0,0%,缩量,59.44万,5.8,6.1,4.2,阳线||布林带下轨,布林带下轨支撑,未分类,未分类,未分类,0,65.69,67.49,68.34,67.92,73.08,68.34,63.6,下轨下方,-0.88,-0.08,-1.6,无信号,震荡整理,否,获取公告失败
2026-05-22,600230.SH,沧州大化,沪市主板,16.35,1.81%,开,253148,1889,0万元,0,14412.0,8.85亿,88528,0,0%,缩量,67.68万,5.7,6.1,4.1,阳线||布林带下轨,布林带下轨支撑,未分类,未分类,未分类,0,32.96,34.53,36.72,40.41,42.98,36.72,30.45,下轨下方,-2.14,-1.37,-1.54,无信号,震荡整理,否,获取公告失败
2026-05-22,600664.SH,哈药股份,沪市主板,3.38,0.90%,开,252867,1890,0万元,0,14839.0,44.10亿,440976,0,0%,缩量,85.13万,5.6,6.0,4.1,阳线||布林带下轨,布林带下轨支撑,未分类,未分类,未分类,0,45.41,48.36,49.41,49.69,57.39,49.41,41.43,下轨下方,-1.84,-0.49,-2.71,无信号,震荡整理,否,获取公告失败
2026-05-22,600273.SH,嘉化能源,沪市主板,7.82,2.62%,开,252733,1891,0万元,0,13961.0,18.08亿,180836,0,0%,缩量,102.54万,5.8,6.1,4.2,阳线||布林带下轨,布林带下轨支撑,未分类,未分类,未分类,0,14.58,15.41,16.07,17.78,19.49,16.07,12.66,下轨下方,-1.01,-0.59,-0.84,死叉,震荡整理,否,获取公告失败
2026-05-22,002752.SZ,昇兴股份,深市主板,7.13,1.57%,开,252724,1892,0万元,0,14489.0,20.32亿,203173,0,0%,缩量,69.56万,5.7,6.1,4.1,阳线,观望,未分类,未分类,未分类,0,0.0,0.0,0.0,0.0,0.0,0.0,0.0,未知,0.0,0.0,0.0,,未知,否,获取公告失败
2026-05-22,300465.SZ,高伟达,创业板,14.09,0.14%,开,252680,1893,0万元,0,15197.0,10.76亿,107648,0,0%,缩量,62.52万,5.5,6.0,4.0,价升,观望,未分类,未分类,未分类,0,46.48,47.43,46.96,50.37,49.92,46.96,44.01,布林带内,-0.71,-0.64,-0.14,死叉,震荡整理,否,获取公告失败
2026-05-22,300641.SZ,正丹股份,创业板,15.7,2.21%,开,252417,1894,0万元,0,14135.0,9.02亿,90216,0,0%,缩量,82.51万,5.7,6.1,4.1,阳线,观望,未分类,未分类,未分类,0,28.8,29.97,31.81,35.0,36.72,31.81,26.91,布林带内,-1.79,-1.44,-0.7,无信号,震荡整理,否,获取公告失败
2026-05-22,002849.SZ,威星智能,深市主板,17.69,1.32%,开,252356,1895,0万元,0,14577.0,8.24亿,82396,0,0%,缩量,38.71万,5.6,6.1,4.1,价升||布林带下轨,布林带下轨支撑,未分类,未分类,未分类,0,36.08,37.6,37.35,37.62,42.79,37.35,31.91,下轨下方,-0.64,0.11,-1.5,死叉,震荡整理,否,获取公告失败
2026-05-22,300752.SZ,隆利科技,创业板,19.72,4.01%,开,252352,1896,0万元,0,13231.0,6.78亿,67786,0,0%,缩量,31.44万,5.9,6.2,4.3,阳线||布林带下轨,布林带下轨支撑,未分类,未分类,未分类,0,45.37,49.14,49.96,48.48,64.51,49.96,35.42,下轨下方,-1.73,0.6,-4.66,无信号,震荡整理,否,获取公告失败
2026-05-22,300781.SZ,因赛集团,创业板,33.59,0.15%,开,252175,1897,0万元,0,15143.0,4.53亿,45346,0,0%,缩量,40.69万,5.5,6.0,4.0,价升||布林带下轨,布林带下轨支撑,未分类,未分类,未分类,0,62.56,66.75,67.95,71.73,84.85,67.95,51.05,下轨下方,-3.41,-1.05,-4.72,无信号,震荡整理,否,获取公告失败
2026-05-22,300991.SZ,创益通,创业板,42.96,0.33%,开,251634,1898,0万元,0,15000.0,3.47亿,34725,0,0%,缩量,45.15万,5.5,6.0,4.0,价升||布林带下轨,布林带下轨支撑,未分类,未分类,未分类,0,67.01,70.39,74.92,83.53,91.47,74.92,58.37,下轨下方,-5.24,-3.02,-4.42,无信号,震荡整理,否,获取公告失败
2026-05-22,002723.SZ,小崧股份,深市主板,9.15,3.62%,开,251530,1899,0万元,0,13341.0,14.80亿,147952,0,0%,缩量,29.01万,5.9,6.2,4.2,阳线||布林带下轨,布林带下轨支撑,未分类,未分类,未分类,0,24.87,25.88,27.76,27.72,33.31,27.76,22.21,下轨下方,-1.19,-0.4,-1.58,无信号,震荡整理,否,获取公告失败
2026-05-22,300932.SZ,三友联众,创业板,10.33,3.92%,开,251297,1900,0万元,0,13168.0,12.98亿,129757,0,0%,缩量,32.97万,5.9,6.2,4.3,阳线,观望,未分类,未分类,未分类,0,0.0,0.0,0.0,0.0,0.0,0.0,0.0,未知,0.0,0.0,0.0,,未知,否,获取公告失败
2026-05-22,002369.SZ,卓翼科技,深市主板,7.0,3.24%,开,251244,1901,0万元,0,13502.0,19.72亿,197172,0,0%,缩量,39.63万,5.8,6.2,4.2,阳线,观望,未分类,未分类,未分类,0,30.67,31.21,31.4,32.05,32.89,31.4,29.9,布林带内,-0.31,-0.12,-0.39,无信号,震荡整理,否,获取公告失败
2026-05-22,605298.SH,必得科技,沪市主板,56.75,2.71%,开,251214,1902,0万元,0,13764.0,2.43亿,24290,0,0%,缩量,105.70万,5.8,6.1,4.2,阳线,观望,未分类,未分类,未分类,0,0.0,0.0,0.0,0.0,0.0,0.0,0.0,未知,0.0,0.0,0.0,,未知,否,获取公告失败
2026-05-22,688286.SH,敏芯股份,科创板,72.82,2.69%,开,251137,1903,0万元,0,13767.0,191.63亿,1916306,0,0%,缩量,40.82万,5.8,6.1,4.2,阳线||多头排列||MA5上穿MA10,多头排列,未分类,未分类,未分类,0,74.2,73.3,71.85,71.14,76.81,71.85,66.9,布林带内,0.94,0.77,0.35,无信号,多头排列,是,获取公告失败
2026-05-22,301227.SZ,森鹰窗业,创业板,35.21,5.04%,开,250998,1904,0万元,0,12579.0,3.49亿,34881,0,0%,缩量,19.06万,6.0,6.3,4.3,阳线,观望,未分类,未分类,未分类,0,34.94,35.5,34.54,36.51,37.59,34.54,31.49,布林带内,-0.15,-0.3,0.3,无信号,震荡整理,否,获取公告失败
2026-05-22,002289.SZ,*ST宇顺,深市主板,41.32,4.11%,开,250924,1905,0万元,0,13039.0,3.21亿,32068,0,0%,缩量,113.39万,5.9,6.2,4.3,阳线,观望,未分类,未分类,未分类,0,61.92,65.3,59.1,47.02,75.5,59.1,42.69,布林带内,4.94,5.63,-1.38,无信号,震荡整理,否,获取公告失败
2026-05-22,600234.SH,科新发展,沪市主板,25.98,9.99%,开,250887,1906,0万元,0,10093.0,4.04亿,40372,0,0%,缩量,68.20万,6.5,6.5,4.7,阳线,观望,未分类,未分类,未分类,0,58.88,63.67,60.81,44.12,72.48,60.81,49.14,布林带内,3.69,5.58,-3.77,无信号,震荡整理,否,获取公告失败
2026-05-22,000571.SZ,新大洲A,深市主板,5.85,2.63%,开,250617,1907,0万元,0,13746.0,23.63亿,236279,0,0%,缩量,47.62万,5.8,6.1,4.2,阳线||布林带下轨||MA5上穿MA10,布林带下轨支撑,未分类,未分类,未分类,0,63.48,62.19,63.21,70.23,71.21,63.21,55.21,下轨下方,-1.61,-1.47,-0.28,死叉,震荡整理,否,获取公告失败
2026-05-22,301590.SZ,优优绿能,创业板,198.87,2.51%,开,250201,1908,0万元,0,13765.0,7010.00万,7010,0,0%,缩量,17.11万,5.8,6.1,4.2,阳线,观望,未分类,未分类,未分类,0,200.85,204.04,193.67,188.52,219.36,193.67,167.98,布林带内,5.3,5.02,0.56,无信号,震荡整理,否,获取公告失败
2026-05-22,688095.SH,福昕软件,科创板,77.4,0.05%,开,250078,1909,0万元,0,14982.0,193.44亿,1934380,0,0%,缩量,70.71万,5.5,6.0,4.0,阳线||布林带下轨,布林带下轨支撑,未分类,未分类,未分类,0,139.78,147.0,148.91,148.15,184.88,148.91,112.95,下轨下方,-4.29,0.84,-10.26,无信号,震荡整理,否,获取公告失败
2026-05-22,603815.SH,交建股份,沪市主板,6.95,4.20%,开,250069,1910,0万元,0,12908.0,18.79亿,187894,0,0%,缩量,43.02万,5.9,6.2,4.3,阳线||布林带下轨,布林带下轨支撑,未分类,未分类,未分类,0,7.3,7.5,7.62,7.11,8.22,7.62,7.02,下轨下方,0.05,0.16,-0.23,无信号,震荡整理,否,获取公告失败
2026-05-22,688790.SH,昂瑞微-UW,科创板,150.79,1.00%,开,250009,1911,0万元,0,14502.0,97.59亿,975939,0,0%,缩量,18.18万,5.6,6.0,4.1,阳线,观望,未分类,未分类,未分类,0,155.77,156.59,149.21,141.45,167.03,149.21,131.39,布林带内,4.43,4.69,-0.52,死叉,震荡整理,否,获取公告失败
2026-05-22,300522.SZ,世名科技,创业板,13.52,5.62%,开,249854,1912,0万元,0,12173.0,9.16亿,91565,0,0%,缩量,35.57万,6.1,6.3,4.4,阳线,观望,未分类,未分类,未分类,0,0.0,0.0,0.0,0.0,0.0,0.0,0.0,未知,0.0,0.0,0.0,,未知,否,获取公告失败
2026-05-22,300099.SZ,尤洛卡,创业板,8.38,1.82%,开,249663,1913,0万元,0,14055.0,16.93亿,169327,0,0%,缩量,48.71万,5.7,6.1,4.1,阳线,观望,未分类,未分类,未分类,0,0.0,0.0,0.0,0.0,0.0,0.0,0.0,未知,0.0,0.0,0.0,,未知,否,获取公告失败
2026-05-22,300578.SZ,会畅科技,创业板,20.41,3.24%,开,249606,1914,0万元,0,13342.0,6.69亿,66947,0,0%,缩量,40.46万,5.8,6.2,4.2,阳线,观望,未分类,未分类,未分类,0,38.5,38.89,39.45,39.7,41.98,39.45,36.92,布林带内,-0.41,-0.11,-0.6,无信号,震荡整理,否,获取公告失败
2026-05-22,300556.SZ,丝路视觉,创业板,21.04,0.81%,开,249502,1915,0万元,0,14543.0,6.96亿,69578,0,0%,缩量,22.83万,5.6,6.0,4.1,阳线||多头排列||MA5上穿MA10,多头排列,未分类,未分类,未分类,0,22.14,21.66,20.84,19.7,23.36,20.84,18.32,布林带内,0.72,0.69,0.06,无信号,多头排列,是,获取公告失败
2026-05-22,300157.SZ,新锦动力,创业板,5.05,1.61%,开,249488,1916,0万元,0,14144.0,28.16亿,281609,0,0%,缩量,35.75万,5.7,6.1,4.1,阳线,观望,未分类,未分类,未分类,0,32.61,33.39,34.91,40.84,38.88,34.91,30.93,布林带内,-1.99,-1.77,-0.43,无信号,震荡整理,否,获取公告失败
2026-05-22,688100.SH,威胜信息,科创板,38.45,1.02%,开,249473,1917,0万元,0,14435.0,376.54亿,3765440,0,0%,缩量,189.05万,5.6,6.1,4.1,阳线,观望,未分类,未分类,未分类,0,0.0,0.0,0.0,0.0,0.0,0.0,0.0,未知,0.0,0.0,0.0,,未知,否,获取公告失败
2026-05-22,603126.SH,中材节能,沪市主板,8.19,2.25%,开,249455,1918,0万元,0,13822.0,16.96亿,169592,0,0%,缩量,50.00万,5.7,6.1,4.1,阳线,观望,未分类,未分类,未分类,0,13.36,13.94,13.71,13.04,15.13,13.71,12.29,布林带内,0.09,0.27,-0.37,无信号,震荡整理,否,获取公告失败
2026-05-22,601518.SH,吉林高速,沪市主板,3.11,2.30%,开,249153,1919,0万元,0,13764.0,44.62亿,446234,0,0%,缩量,58.80万,5.7,6.1,4.2,阳线||布林带下轨,布林带下轨支撑,未分类,未分类,未分类,0,4.55,4.66,4.71,4.78,5.29,4.71,4.13,下轨下方,-0.09,-0.02,-0.14,死叉,震荡整理,否,获取公告失败
2026-05-22,688759.SH,必贝特-U,科创板,36.71,0.52%,开,248981,1920,0万元,0,14638.0,399.14亿,3991368,0,0%,缩量,19.59万,5.6,6.0,4.0,阳线||MA5上穿MA10,观望,未分类,未分类,未分类,0,36.1,35.16,34.36,37.52,37.61,34.36,31.12,布林带内,-0.29,-0.82,1.06,无信号,震荡整理,否,获取公告失败
2026-05-22,600651.SH,飞乐音响,沪市主板,7.0,2.49%,开,248955,1921,0万元,0,13651.0,19.64亿,196425,0,0%,缩量,175.49万,5.7,6.1,4.2,阳线||布林带下轨,布林带下轨支撑,未分类,未分类,未分类,0,7056.54,7923.82,8092.83,8558.75,11549.96,8092.83,4635.7,下轨下方,-587.29,-105.93,-962.73,死叉,震荡整理,否,获取公告失败
2026-05-22,300369.SZ,绿盟科技,创业板,7.01,1.15%,开,248702,1922,0万元,0,14293.0,20.62亿,206160,0,0%,缩量,56.62万,5.6,6.1,4.1,阳线||布林带下轨,布林带下轨支撑,未分类,未分类,未分类,0,61.06,62.66,64.6,71.44,71.12,64.6,58.07,下轨下方,-2.85,-2.48,-0.73,无信号,震荡整理,否,获取公告失败
2026-05-22,300920.SZ,润阳科技,创业板,44.31,1.93%,开,248661,1923,0万元,0,13900.0,3.15亿,31530,0,0%,缩量,29.10万,5.7,6.1,4.1,阳线,观望,未分类,未分类,未分类,0,46.95,47.0,43.94,42.69,50.87,43.94,37.02,布林带内,1.45,1.38,0.14,无信号,震荡整理,否,获取公告失败
2026-05-22,301595.SZ,太力科技,创业板,48.92,3.18%,开,248574,1924,0万元,0,13265.0,2.69亿,26918,0,0%,缩量,19.98万,5.8,6.2,4.2,阳线,观望,未分类,未分类,未分类,0,0.0,0.0,0.0,0.0,0.0,0.0,0.0,未知,0.0,0.0,0.0,,未知,否,获取公告失败
2026-05-22,002339.SZ,积成电子,深市主板,9.23,2.90%,开,248572,1925,0万元,0,13408.0,14.67亿,146733,0,0%,缩量,44.19万,5.8,6.1,4.2,阳线||布林带下轨,布林带下轨支撑,未分类,未分类,未分类,0,49.39,52.11,53.68,58.83,61.7,53.68,45.66,下轨下方,-2.68,-1.57,-2.22,无信号,震荡整理,否,获取公告失败
2026-05-22,600358.SH,国旅联合,沪市主板,6.28,2.45%,开,248124,1926,0万元,0,13589.0,21.34亿,213379,0,0%,缩量,31.71万,5.7,6.1,4.2,阳线||布林带下轨,布林带下轨支撑,未分类,未分类,未分类,0,21.99,22.84,21.97,22.06,25.52,21.97,18.43,下轨下方,-0.09,0.26,-0.7,死叉,震荡整理,否,获取公告失败
2026-05-22,300670.SZ,大烨智能,创业板,7.03,6.35%,开,247920,1927,0万元,0,11615.0,16.94亿,169398,0,0%,缩量,15.80万,6.1,6.3,4.4,价升||布林带下轨,布林带下轨支撑,未分类,未分类,未分类,0,17.89,18.88,18.92,18.66,22.5,18.92,15.35,下轨下方,-0.27,0.28,-1.08,无信号,震荡整理,否,获取公告失败
2026-05-22,600121.SH,郑州煤电,沪市主板,4.11,2.24%,开,247704,1928,0万元,0,13651.0,33.49亿,334949,0,0%,缩量,50.08万,5.7,6.1,4.1,阳线||布林带下轨,布林带下轨支撑,未分类,未分类,未分类,0,19.29,20.14,20.58,22.44,24.64,20.58,16.52,下轨下方,-0.99,-0.48,-1.02,死叉,震荡整理,否,获取公告失败
2026-05-22,300988.SZ,津荣天宇,创业板,29.45,2.61%,开,247606,1929,0万元,0,13454.0,4.62亿,46205,0,0%,缩量,31.88万,5.8,6.1,4.2,阳线||布林带下轨,布林带下轨支撑,未分类,未分类,未分类,0,49.63,52.79,51.89,50.91,63.72,51.89,40.06,下轨下方,-0.87,0.77,-3.29,死叉,震荡整理,否,获取公告失败
2026-05-22,300830.SZ,金现代,创业板,10.77,2.09%,开,247566,1930,0万元,0,13714.0,12.85亿,128524,0,0%,缩量,36.30万,5.7,6.1,4.1,阳线,观望,未分类,未分类,未分类,0,11.11,11.17,11.02,11.73,11.79,11.02,10.26,布林带内,-0.08,-0.09,0.02,无信号,震荡整理,否,获取公告失败
2026-05-22,301027.SZ,华蓝集团,创业板,23.31,3.05%,开,247481,1931,0万元,0,13223.0,5.69亿,56919,0,0%,缩量,28.25万,5.8,6.2,4.2,阳线,观望,未分类,未分类,未分类,0,23.68,24.24,24.69,23.02,26.38,24.69,23.0,布林带内,0.1,0.42,-0.64,无信号,震荡整理,否,获取公告失败
2026-05-22,300983.SZ,尤安设计,创业板,37.87,2.68%,开,247441,1932,0万元,0,13402.0,3.47亿,34719,0,0%,缩量,57.87万,5.8,6.1,4.2,阳线||布林带下轨,布林带下轨支撑,未分类,未分类,未分类,0,78.59,92.7,83.41,71.63,120.74,83.41,46.08,下轨下方,2.01,6.55,-9.08,无信号,震荡整理,否,获取公告失败
2026-05-22,002825.SZ,纳尔股份,深市主板,11.33,4.62%,开,247374,1933,0万元,0,12429.0,10.98亿,109812,0,0%,缩量,29.08万,6.0,6.2,4.3,阳线||布林带下轨,布林带下轨支撑,未分类,未分类,未分类,0,29.89,30.81,30.72,31.84,38.07,30.72,23.37,下轨下方,-1.01,-0.17,-1.68,死叉,震荡整理,否,获取公告失败
2026-05-22,600468.SH,百利电气,沪市主板,6.85,2.09%,开,247122,1934,0万元,0,13669.0,20.10亿,201032,0,0%,缩量,74.51万,5.7,6.1,4.1,阳线||布林带下轨,布林带下轨支撑,未分类,未分类,未分类,0,79.33,86.99,91.1,98.41,114.72,91.1,67.47,下轨下方,-6.4,-2.82,-7.15,无信号,震荡整理,否,获取公告失败
2026-05-22,300951.SZ,博硕科技,创业板,38.35,4.58%,开,247047,1935,0万元,0,12414.0,3.27亿,32731,0,0%,缩量,58.06万,6.0,6.2,4.3,阳线||布林带下轨,布林带下轨支撑,未分类,未分类,未分类,0,75.68,79.02,78.6,83.04,99.28,78.6,57.92,下轨下方,-3.12,-0.94,-4.36,死叉,震荡整理,否,获取公告失败
2026-05-22,600567.SH,山鹰国际,沪市主板,1.37,3.79%,开,245659,1936,0万元,0,12672.0,93.98亿,939776,0,0%,缩量,86.41万,5.9,6.2,4.3,阳线||布林带下轨,布林带下轨支撑,未分类,未分类,未分类,0,6.07,6.39,6.61,7.1,7.71,6.61,5.52,下轨下方,-0.33,-0.17,-0.31,无信号,震荡整理,否,获取公告失败
2026-05-22,002136.SZ,安 纳 达,深市主板,14.9,4.12%,开,245564,1937,0万元,0,12495.0,8.51亿,85087,0,0%,缩量,31.95万,5.9,6.2,4.3,阳线,观望,未分类,未分类,未分类,0,30.57,31.38,31.34,29.41,33.78,31.34,28.91,布林带内,0.49,0.81,-0.64,无信号,震荡整理,否,获取公告失败
2026-05-22,002985.SZ,北摩高科,深市主板,32.48,0.46%,开,245239,1938,0万元,0,14292.0,4.41亿,44101,0,0%,缩量,107.49万,5.5,6.0,4.0,价升,观望,未分类,未分类,未分类,0,0.0,0.0,0.0,0.0,0.0,0.0,0.0,未知,0.0,0.0,0.0,,未知,否,获取公告失败
2026-05-22,600326.SH,西藏天路,沪市主板,8.38,0.48%,开,245198,1939,0万元,0,14280.0,17.07亿,170722,0,0%,缩量,114.17万,5.5,6.0,4.0,价升||布林带下轨,布林带下轨支撑,未分类,未分类,未分类,0,79.09,85.78,88.84,94.87,107.49,88.84,70.18,下轨下方,-4.86,-1.98,-5.75,无信号,震荡整理,否,获取公告失败
2026-05-22,301365.SZ,矩阵股份,创业板,35.18,1.18%,开,245155,1940,0万元,0,13926.0,4.05亿,40476,0,0%,缩量,42.58万,5.6,6.1,4.1,阳线||布林带下轨,布林带下轨支撑,未分类,未分类,未分类,0,51.69,54.88,55.2,48.15,65.55,55.2,44.86,下轨下方,0.12,2.06,-3.89,无信号,震荡整理,否,获取公告失败
2026-05-22,000795.SZ,英洛华,深市主板,9.1,2.36%,开,245151,1941,0万元,0,13334.0,14.78亿,147832,0,0%,缩量,103.17万,5.7,6.1,4.2,阳线||布林带下轨,布林带下轨支撑,未分类,未分类,未分类,0,39.94,42.12,42.65,43.78,48.91,42.65,36.4,下轨下方,-1.23,-0.23,-1.99,无信号,震荡整理,否,获取公告失败
2026-05-22,603378.SH,*ST亚士,沪市主板,5.46,3.80%,开,245151,1941,0万元,0,12614.0,23.06亿,230576,0,0%,缩量,23.40万,5.9,6.2,4.3,阳线||布林带下轨,布林带下轨支撑,未分类,未分类,未分类,0,11.23,11.33,11.82,13.13,15.28,11.82,8.36,下轨下方,-0.69,-0.4,-0.57,死叉,震荡整理,否,获取公告失败
2026-05-22,300404.SZ,博济医药,创业板,10.65,1.72%,开,244845,1942,0万元,0,13625.0,12.93亿,129342,0,0%,缩量,30.41万,5.7,6.1,4.1,阳线||布林带下轨,布林带下轨支撑,未分类,未分类,未分类,0,44.89,48.22,49.32,48.41,62.68,49.32,35.96,下轨下方,-1.88,0.19,-4.14,无信号,震荡整理,否,获取公告失败
2026-05-22,301498.SZ,乖宝宠物,创业板,45.9,0.22%,开,244761,1943,0万元,0,14367.0,3.14亿,31362,0,0%,缩量,82.32万,5.5,6.0,4.0,价升,观望,未分类,未分类,未分类,0,46.69,48.35,52.26,54.93,61.06,52.26,43.47,布林带内,-2.4,-1.7,-1.4,无信号,震荡整理,否,获取公告失败
2026-05-22,600101.SH,明星电力,沪市主板,9.66,1.47%,开,244742,1944,0万元,0,13739.0,14.33亿,143331,0,0%,缩量,52.92万,5.6,6.1,4.1,阳线||布林带下轨,布林带下轨支撑,未分类,未分类,未分类,0,96.13,104.02,105.96,110.49,136.1,105.96,75.83,下轨下方,-4.98,-0.59,-8.79,无信号,震荡整理,否,获取公告失败
2026-05-22,301057.SZ,汇隆新材,创业板,33.62,6.73%,开,244740,1945,0万元,0,11109.0,3.35亿,33463,0,0%,缩量,27.24万,6.2,6.3,4.4,阳线||MACD金叉,MACD金叉,未分类,未分类,未分类,0,32.43,32.67,33.2,35.72,35.43,33.2,30.98,布林带内,-0.52,-0.62,0.19,金叉,震荡整理,否,获取公告失败
2026-05-22,002847.SZ,盐津铺子,深市主板,56.89,0.16%,开,244402,1946,0万元,0,14361.0,2.54亿,25353,0,0%,缩量,138.72万,5.5,6.0,4.0,阳线||布林带下轨,布林带下轨支撑,未分类,未分类,未分类,0,117.62,123.13,126.33,133.04,159.45,126.33,93.2,下轨下方,-5.98,-1.74,-8.48,死叉,震荡整理,否,获取公告失败
2026-05-22,301046.SZ,能辉科技,创业板,28.84,3.18%,开,244151,1947,0万元,0,12823.0,4.50亿,44975,0,0%,缩量,37.48万,5.8,6.2,4.2,阳线||多头排列||MA5上穿MA10,多头排列,未分类,未分类,未分类,0,29.53,29.39,27.65,27.22,31.37,27.65,23.94,布林带内,0.8,0.63,0.33,无信号,多头排列,是,获取公告失败
2026-05-22,000036.SZ,华联控股,深市主板,5.44,0.74%,开,243913,1948,0万元,0,14021.0,25.90亿,259032,0,0%,缩量,76.32万,5.6,6.0,4.0,阳线||布林带下轨,布林带下轨支撑,未分类,未分类,未分类,0,45.95,48.46,47.69,45.76,54.63,47.69,40.75,下轨下方,-0.09,0.95,-2.07,无信号,震荡整理,否,获取公告失败
2026-05-22,300650.SZ,太龙股份,创业板,16.05,3.68%,开,243810,1949,0万元,0,12540.0,7.93亿,79337,0,0%,缩量,27.34万,5.9,6.2,4.2,阳线||布林带下轨,布林带下轨支撑,未分类,未分类,未分类,0,43.93,46.74,47.08,48.11,56.89,47.08,37.27,下轨下方,-1.5,-0.03,-2.94,无信号,震荡整理,否,获取公告失败
2026-05-22,688623.SH,双元科技,科创板,101.78,2.11%,开,243753,1950,0万元,0,13322.0,133.46亿,1334595,0,0%,缩量,19.48万,5.7,6.1,4.1,阳线||多头排列||MA5上穿MA10,多头排列,未分类,未分类,未分类,0,103.15,100.73,98.96,98.34,105.73,98.96,92.18,布林带内,1.82,1.27,1.09,无信号,多头排列,是,获取公告失败
2026-05-22,300878.SZ,维康药业,创业板,33.79,0.87%,开,243278,1951,0万元,0,13895.0,4.17亿,41672,0,0%,缩量,48.70万,5.6,6.0,4.1,阳线||布林带下轨,布林带下轨支撑,未分类,未分类,未分类,0,57.63,58.47,55.41,53.7,70.86,55.41,39.95,下轨下方,0.79,1.95,-2.32,死叉,震荡整理,否,获取公告失败
2026-05-22,300247.SZ,融捷健康,创业板,4.79,3.01%,开,243263,1952,0万元,0,12821.0,27.08亿,270811,0,0%,缩量,38.46万,5.8,6.2,4.2,阳线||MA5上穿MA10,观望,未分类,未分类,未分类,0,29.98,29.66,28.49,29.1,31.52,28.49,25.45,布林带内,0.41,0.19,0.45,无信号,震荡整理,否,获取公告失败
2026-05-22,603917.SH,合力科技,沪市主板,13.15,2.41%,开,243241,1953,0万元,0,13117.0,10.12亿,101182,0,0%,缩量,26.80万,5.7,6.1,4.2,阳线||MA5上穿MA10,观望,未分类,未分类,未分类,0,19.84,19.42,19.51,20.2,20.69,19.51,18.33,布林带内,-0.14,-0.17,0.07,无信号,震荡整理,否,获取公告失败
2026-05-22,301577.SZ,美信科技,创业板,74.44,4.74%,开,242889,1954,0万元,0,11918.0,1.63亿,16253,0,0%,缩量,14.03万,6.0,6.2,4.3,阳线||多头排列||MA5上穿MA10,多头排列,未分类,未分类,未分类,0,75.32,75.31,71.99,67.73,80.02,71.99,63.96,布林带内,2.52,2.5,0.05,无信号,多头排列,是,获取公告失败
2026-05-22,601598.SH,中国外运,沪市主板,6.25,1.46%,开,242725,1955,0万元,0,13542.0,21.89亿,218935,0,0%,缩量,322.34万,5.6,6.1,4.1,阳线||布林带下轨,布林带下轨支撑,未分类,未分类,未分类,0,7.31,7.44,7.48,7.47,8.08,7.48,6.87,下轨下方,-0.09,-0.01,-0.16,死叉,震荡整理,否,获取公告失败
2026-05-22,002386.SZ,天原股份,深市主板,6.2,2.14%,开,242708,1956,0万元,0,13200.0,21.52亿,215236,0,0%,缩量,80.69万,5.7,6.1,4.1,阳线||布林带下轨,布林带下轨支撑,未分类,未分类,未分类,0,14.44,15.04,15.71,15.15,18.3,15.71,13.12,下轨下方,-0.4,0.05,-0.9,无信号,震荡整理,否,获取公告失败
2026-05-22,600383.SH,金地集团,沪市主板,2.69,0.37%,开,242665,1957,0万元,0,14080.0,52.36亿,523585,0,0%,缩量,121.44万,5.5,6.0,4.0,价升||布林带下轨,布林带下轨支撑,未分类,未分类,未分类,0,73.58,80.04,82.18,84.47,105.86,82.18,58.5,下轨下方,-4.27,-0.75,-7.05,无信号,震荡整理,否,获取公告失败
2026-05-22,301149.SZ,隆华新材,创业板,13.12,1.78%,开,242501,1958,0万元,0,13358.0,10.27亿,102711,0,0%,缩量,34.27万,5.7,6.1,4.1,阳线,观望,未分类,未分类,未分类,0,13.86,14.26,14.12,13.3,15.16,14.12,13.07,布林带内,0.13,0.31,-0.34,无信号,震荡整理,否,获取公告失败
2026-05-22,300010.SZ,ST豆神,创业板,2.95,2.43%,开,242342,1959,0万元,0,13019.0,44.20亿,442006,0,0%,缩量,49.07万,5.7,6.1,4.2,阳线,观望,未分类,未分类,未分类,0,16.39,16.93,22.15,31.23,35.36,22.15,8.94,布林带内,-4.47,-4.28,-0.38,无信号,震荡整理,否,获取公告失败
2026-05-22,688680.SH,海优新材,科创板,46.29,3.37%,开,242100,1960,0万元,0,12524.0,273.91亿,2739064,0,0%,缩量,45.17万,5.8,6.2,4.2,阳线||布林带下轨,布林带下轨支撑,未分类,未分类,未分类,0,47.93,49.49,50.25,51.98,53.95,50.25,46.56,下轨下方,-1.09,-0.64,-0.89,无信号,震荡整理,否,获取公告失败
2026-05-22,603677.SH,奇精机械,沪市主板,17.73,0.17%,开,242077,1961,0万元,0,14123.0,8.13亿,81283,0,0%,缩量,34.15万,5.5,6.0,4.0,阳线,观望,未分类,未分类,未分类,0,0.0,0.0,0.0,0.0,0.0,0.0,0.0,未知,0.0,0.0,0.0,,未知,否,获取公告失败
2026-05-22,002718.SZ,友邦吊顶,深市主板,80.33,2.18%,开,242015,1962,0万元,0,13114.0,1.62亿,16186,0,0%,缩量,75.49万,5.7,6.1,4.1,阳线||布林带下轨,布林带下轨支撑,未分类,未分类,未分类,0,183.48,187.86,181.86,170.71,212.04,181.86,151.67,下轨下方,1.29,4.42,-6.26,死叉,震荡整理,否,获取公告失败
2026-05-22,000676.SZ,智度股份,深市主板,6.81,0.15%,开,241875,1963,0万元,0,14114.0,20.83亿,208299,0,0%,缩量,85.74万,5.5,6.0,4.0,阳线||布林带下轨,布林带下轨支撑,未分类,未分类,未分类,0,69.87,74.48,77.26,83.34,94.23,77.26,60.29,下轨下方,-4.6,-2.19,-4.8,无信号,震荡整理,否,获取公告失败
2026-05-22,688349.SH,三一重能,科创板,22.09,0.41%,开,241635,1964,0万元,0,13959.0,636.78亿,6367825,0,0%,缩量,262.76万,5.5,6.0,4.0,价升||布林带下轨,布林带下轨支撑,未分类,未分类,未分类,0,23.38,24.23,25.28,26.35,28.06,25.28,22.49,下轨下方,-0.81,-0.49,-0.65,无信号,震荡整理,否,获取公告失败
2026-05-22,301360.SZ,荣旗科技,创业板,92.1,4.50%,开,241263,1965,0万元,0,11874.0,1.30亿,12999,0,0%,缩量,23.82万,6.0,6.2,4.3,阳线||多头排列||MA5上穿MA10,多头排列,未分类,未分类,未分类,0,91.7,90.76,87.52,78.94,95.83,87.52,79.21,布林带内,3.81,3.85,-0.07,死叉,多头排列,是,获取公告失败
2026-05-22,603889.SH,新澳股份,沪市主板,7.78,1.70%,开,241136,1966,0万元,0,13264.0,17.20亿,171967,0,0%,缩量,56.38万,5.7,6.1,4.1,阳线||布林带下轨,布林带下轨支撑,未分类,未分类,未分类,0,47.73,52.26,55.34,56.2,70.46,55.34,40.22,下轨下方,-3.37,-0.94,-4.88,无信号,震荡整理,否,获取公告失败
2026-05-22,300348.SZ,长亮科技,创业板,11.03,0.09%,开,241083,1967,0万元,0,14063.0,12.77亿,127724,0,0%,缩量,78.64万,5.5,6.0,4.0,价升||布林带下轨,布林带下轨支撑,未分类,未分类,未分类,0,116.62,126.62,135.06,149.35,174.87,135.06,95.25,下轨下方,-11.74,-6.44,-10.59,无信号,震荡整理,否,获取公告失败
2026-05-22,301015.SZ,百洋医药,创业板,22.82,3.26%,开,240999,1968,0万元,0,12471.0,5.53亿,55284,0,0%,缩量,119.93万,5.8,6.2,4.2,阳线||布林带下轨,布林带下轨支撑,未分类,未分类,未分类,0,24.81,25.62,26.78,26.53,29.76,26.78,23.79,下轨下方,-0.8,-0.36,-0.88,无信号,震荡整理,否,获取公告失败
2026-05-22,301141.SZ,中科磁业,创业板,53.8,3.12%,开,240962,1969,0万元,0,12534.0,2.34亿,23373,0,0%,缩量,23.95万,5.8,6.2,4.2,阳线||布林带下轨,布林带下轨支撑,未分类,未分类,未分类,0,71.8,76.45,76.31,76.44,89.12,76.31,63.5,下轨下方,-1.47,0.52,-3.97,无信号,震荡整理,否,获取公告失败
2026-05-22,688636.SH,智明达,科创板,40.69,2.67%,开,240953,1970,0万元,0,12758.0,316.81亿,3168104,0,0%,缩量,68.21万,5.8,6.1,4.2,阳线,观望,未分类,未分类,未分类,0,0.0,0.0,0.0,0.0,0.0,0.0,0.0,未知,0.0,0.0,0.0,,未知,否,获取公告失败
2026-05-22,300484.SZ,蓝海华腾,创业板,18.24,2.36%,开,240904,1971,0万元,0,12912.0,7.18亿,71837,0,0%,缩量,30.34万,5.7,6.1,4.2,阳线||MA5上穿MA10,观望,未分类,未分类,未分类,0,77.97,75.96,74.18,75.35,80.04,74.18,68.32,布林带内,0.81,0.39,0.83,无信号,震荡整理,否,获取公告失败
2026-05-22,000656.SZ,*ST金科,深市主板,1.47,1.38%,开,240876,1972,0万元,0,13398.0,91.98亿,919752,0,0%,缩量,111.99万,5.6,6.1,4.1,阳线||布林带下轨,布林带下轨支撑,未分类,未分类,未分类,0,15.45,16.54,17.15,17.44,22.56,17.15,11.74,下轨下方,-0.92,-0.16,-1.52,死叉,震荡整理,否,获取公告失败
2026-05-22,300647.SZ,超频三,创业板,6.9,3.45%,开,240331,1973,0万元,0,12309.0,18.07亿,180669,0,0%,缩量,31.51万,5.8,6.2,4.2,阳线||布林带下轨,布林带下轨支撑,未分类,未分类,未分类,0,17.62,18.39,18.68,18.11,21.68,18.68,15.67,下轨下方,-0.28,0.23,-1.01,无信号,震荡整理,否,获取公告失败
2026-05-22,301161.SZ,唯万密封,创业板,34.28,0.94%,开,240201,1974,0万元,0,13549.0,3.94亿,39439,0,0%,缩量,26.46万,5.6,6.0,4.1,阳线||多头排列||MA5上穿MA10,多头排列,未分类,未分类,未分类,0,34.64,34.51,33.33,32.58,35.99,33.33,30.68,布林带内,0.84,0.75,0.18,无信号,多头排列,是,获取公告失败
2026-05-22,002582.SZ,好想你,深市主板,10.93,0.18%,开,240166,1975,0万元,0,13925.0,12.77亿,127655,0,0%,缩量,37.63万,5.5,6.0,4.0,价升||布林带下轨,布林带下轨支撑,未分类,未分类,未分类,0,57.41,60.25,62.48,60.74,71.6,62.48,53.36,下轨下方,-1.72,-0.05,-3.34,无信号,震荡整理,否,获取公告失败
2026-05-22,603396.SH,金辰股份,沪市主板,35.67,3.09%,开,240052,1976,0万元,0,12459.0,3.52亿,35230,0,0%,缩量,49.41万,5.8,6.2,4.2,阳线||布林带下轨,布林带下轨支撑,未分类,未分类,未分类,0,49.39,51.93,51.92,54.28,60.04,51.92,43.8,下轨下方,-1.44,-0.33,-2.21,无信号,震荡整理,否,获取公告失败
2026-05-22,603997.SH,继峰股份,沪市主板,13.51,0.90%,开,239940,1977,0万元,0,13546.0,10.07亿,100668,0,0%,缩量,171.88万,5.6,6.0,4.1,阳线||多头排列||MA5上穿MA10,多头排列,未分类,未分类,未分类,0,22.08,21.97,21.47,21.36,22.96,21.47,19.98,布林带内,0.26,0.23,0.05,无信号,多头排列,是,获取公告失败
2026-05-22,601996.SH,丰林集团,沪市主板,2.98,2.05%,开,239843,1978,0万元,0,12957.0,44.00亿,439975,0,0%,缩量,33.40万,5.7,6.1,4.1,阳线,观望,未分类,未分类,未分类,0,14.25,14.44,14.09,13.07,15.67,14.09,12.52,布林带内,0.29,0.45,-0.31,无信号,震荡整理,否,获取公告失败
2026-05-22,603391.SH,力聚热能,沪市主板,71.31,2.87%,开,239663,1979,0万元,0,12531.0,1.78亿,17752,0,0%,缩量,16.22万,5.8,6.1,4.2,阳线,观望,未分类,未分类,未分类,0,0.0,0.0,0.0,0.0,0.0,0.0,0.0,未知,0.0,0.0,0.0,,未知,否,获取公告失败
2026-05-22,000045.SZ,深纺织Ａ,深市主板,12.2,3.30%,开,239661,1980,0万元,0,12315.0,10.21亿,102137,0,0%,缩量,55.76万,5.8,6.2,4.2,阳线||布林带下轨,布林带下轨支撑,未分类,未分类,未分类,0,33.18,34.39,34.58,36.46,39.09,34.58,30.07,下轨下方,-1.05,-0.49,-1.12,死叉,震荡整理,否,获取公告失败
2026-05-22,300925.SZ,法本信息,创业板,17.67,0.34%,开,239633,1981,0万元,0,13793.0,7.81亿,78094,0,0%,缩量,61.76万,5.5,6.0,4.0,价升||布林带下轨,布林带下轨支撑,未分类,未分类,未分类,0,46.25,50.37,53.24,54.84,70.3,53.24,36.18,下轨下方,-3.37,-0.81,-5.12,无信号,震荡整理,否,获取公告失败
2026-05-22,688367.SH,工大高科,科创板,37.07,5.73%,开,239495,1982,0万元,0,11083.0,298.58亿,2985782,0,0%,缩量,32.48万,6.1,6.3,4.4,阳线,观望,未分类,未分类,未分类,0,37.62,38.89,40.03,38.31,43.75,40.03,36.31,布林带内,-0.45,0.15,-1.21,无信号,震荡整理,否,获取公告失败
2026-05-22,603843.SH,*ST正平,沪市主板,9.0,2.27%,开,239473,1983,0万元,0,12811.0,14.26亿,142558,0,0%,缩量,62.97万,5.7,6.1,4.2,阳线||布林带下轨,布林带下轨支撑,未分类,未分类,未分类,0,11.95,12.57,12.41,11.03,14.52,12.41,10.3,下轨下方,0.02,0.35,-0.67,无信号,震荡整理,否,获取公告失败
2026-05-22,300446.SZ,航天智造,创业板,17.9,1.53%,开,239297,1984,0万元,0,13164.0,7.40亿,73959,0,0%,缩量,66.87万,5.7,6.1,4.1,阳线||布林带下轨,布林带下轨支撑,未分类,未分类,未分类,0,58.6,62.88,65.89,71.5,80.54,65.89,51.23,下轨下方,-4.17,-2.11,-4.12,无信号,震荡整理,否,获取公告失败
2026-05-22,301557.SZ,常友科技,创业板,115.78,4.33%,开,239212,1985,0万元,0,11754.0,1.03亿,10333,0,0%,缩量,20.57万,5.9,6.2,4.3,阳线,观望,未分类,未分类,未分类,0,115.61,116.03,113.15,106.28,122.42,113.15,103.88,布林带内,2.55,2.91,-0.72,无信号,震荡整理,否,获取公告失败
2026-05-22,688443.SH,智翔金泰-U,科创板,29.75,1.22%,开,239054,1986,0万元,0,13293.0,449.89亿,4498922,0,0%,缩量,34.71万,5.6,6.1,4.1,价升,观望,未分类,未分类,未分类,0,29.53,30.09,30.43,28.5,31.89,30.43,28.96,布林带内,0.06,0.32,-0.51,无信号,震荡整理,否,获取公告失败
2026-05-22,002988.SZ,豪美新材,深市主板,33.18,1.75%,开,238769,1987,0万元,0,13003.0,3.95亿,39529,0,0%,缩量,82.87万,5.7,6.1,4.1,阳线||MA5上穿MA10,观望,未分类,未分类,未分类,0,33.69,33.5,34.28,33.74,36.61,34.28,31.95,布林带内,-0.2,-0.05,-0.31,无信号,震荡整理,否,获取公告失败
2026-05-22,300516.SZ,久之洋,创业板,37.6,1.73%,开,238438,1988,0万元,0,12978.0,3.46亿,34593,0,0%,缩量,94.75万,5.7,6.1,4.1,价升,观望,未分类,未分类,未分类,0,0.0,0.0,0.0,0.0,0.0,0.0,0.0,未知,0.0,0.0,0.0,,未知,否,获取公告失败
2026-05-22,002189.SZ,中光学,深市主板,22.92,3.71%,开,238422,1989,0万元,0,11987.0,5.30亿,52962,0,0%,缩量,59.86万,5.9,6.2,4.2,阳线,观望,未分类,未分类,未分类,0,23.31,23.83,22.99,21.93,25.54,22.99,20.43,布林带内,0.55,0.63,-0.16,无信号,震荡整理,否,获取公告失败
2026-05-22,300254.SZ,仟源医药,创业板,13.09,2.35%,开,238137,1990,0万元,0,12641.0,9.72亿,97153,0,0%,缩量,29.57万,5.7,6.1,4.2,阳线,观望,未分类,未分类,未分类,0,19.95,20.62,19.94,18.4,22.75,19.94,17.13,布林带内,0.49,0.73,-0.48,无信号,震荡整理,否,获取公告失败
2026-05-22,301259.SZ,艾布鲁,创业板,39.11,0.46%,开,237461,1991,0万元,0,13515.0,3.43亿,34325,0,0%,缩量,35.93万,5.5,6.0,4.0,阳线||布林带下轨,布林带下轨支撑,未分类,未分类,未分类,0,51.65,54.21,52.92,47.33,61.45,52.92,44.4,下轨下方,0.85,2.3,-2.9,无信号,震荡整理,否,获取公告失败
2026-05-22,605118.SH,力鼎光电,沪市主板,41.34,2.94%,开,237191,1992,0万元,0,12250.0,2.98亿,29826,0,0%,缩量,169.03万,5.8,6.1,4.2,阳线,观望,未分类,未分类,未分类,0,43.0,45.35,46.97,44.84,52.8,46.97,41.14,布林带内,-0.67,0.31,-1.98,无信号,震荡整理,否,获取公告失败
2026-05-22,002437.SZ,誉衡药业,深市主板,3.11,1.63%,开,237089,1993,0万元,0,12892.0,41.68亿,416755,0,0%,缩量,65.31万,5.7,6.1,4.1,阳线,观望,未分类,未分类,未分类,0,51.36,52.41,55.41,56.3,62.74,55.41,48.09,布林带内,-2.06,-1.39,-1.34,无信号,震荡整理,否,获取公告失败
2026-05-22,301327.SZ,华宝新能,创业板,58.96,0.22%,开,236724,1994,0万元,0,13562.0,2.28亿,22819,0,0%,缩量,102.82万,5.5,6.0,4.0,价升||布林带下轨,布林带下轨支撑,未分类,未分类,未分类,0,103.07,109.71,114.4,118.36,141.06,114.4,87.74,下轨下方,-6.42,-2.45,-7.92,无信号,震荡整理,否,获取公告失败
2026-05-22,603181.SH,皇马科技,沪市主板,15.25,2.14%,开,236546,1995,0万元,0,12583.0,8.33亿,83287,0,0%,缩量,89.78万,5.7,6.1,4.1,阳线||布林带下轨,布林带下轨支撑,未分类,未分类,未分类,0,39.89,42.74,45.18,47.37,59.43,45.18,30.93,下轨下方,-2.75,-0.82,-3.86,死叉,震荡整理,否,获取公告失败
2026-05-22,300839.SZ,博汇股份,创业板,18.4,0.33%,开,236485,1996,0万元,0,13485.0,7.37亿,73664,0,0%,缩量,53.30万,5.5,6.0,4.0,阳线||布林带下轨,布林带下轨支撑,未分类,未分类,未分类,0,40.56,42.29,39.21,35.7,53.05,39.21,25.37,下轨下方,0.79,2.15,-2.72,死叉,震荡整理,否,获取公告失败
2026-05-22,301008.SZ,宏昌科技,创业板,29.72,1.16%,开,236316,1997,0万元,0,13053.0,4.44亿,44370,0,0%,缩量,34.37万,5.6,6.1,4.1,阳线||布林带下轨,布林带下轨支撑,未分类,未分类,未分类,0,49.03,51.85,53.4,57.31,64.99,53.4,41.81,下轨下方,-3.46,-1.84,-3.23,无信号,震荡整理,否,获取公告失败
2026-05-22,600688.SH,上海石化,沪市主板,2.83,1.43%,开,236018,1998,0万元,0,12885.0,46.05亿,460463,0,0%,缩量,207.41万,5.6,6.1,4.1,阳线||布林带下轨,布林带下轨支撑,未分类,未分类,未分类,0,10.06,10.61,10.72,11.11,12.6,10.72,8.85,下轨下方,-0.34,-0.07,-0.55,无信号,震荡整理,否,获取公告失败
2026-05-22,603500.SH,祥和实业,沪市主板,10.69,6.47%,开,235930,1999,0万元,0,10356.0,9.97亿,99657,0,0%,缩量,35.56万,6.1,6.3,4.4,阳线||布林带下轨,布林带下轨支撑,未分类,未分类,未分类,0,27.21,28.64,29.96,32.55,37.09,29.96,22.82,下轨下方,-1.87,-0.97,-1.82,死叉,震荡整理,否,获取公告失败
2026-05-22,603076.SH,乐惠国际,沪市主板,27.56,2.15%,开,235908,2000,0万元,0,12516.0,4.54亿,45448,0,0%,缩量,33.27万,5.7,6.1,4.1,阳线||布林带下轨,布林带下轨支撑,未分类,未分类,未分类,0,37.38,40.41,42.59,40.62,51.11,42.59,34.06,下轨下方,-1.5,0.03,-3.04,无信号,震荡整理,否,获取公告失败
2026-05-22,000548.SZ,湖南投资,深市主板,5.26,2.33%,开,235783,2001,0万元,0,12411.0,24.09亿,240883,0,0%,缩量,26.26万,5.7,6.1,4.2,阳线||布林带下轨,布林带下轨支撑,未分类,未分类,未分类,0,16.6,17.68,18.38,19.37,22.83,18.38,13.92,下轨下方,-0.99,-0.36,-1.25,无信号,震荡整理,否,获取公告失败
2026-05-22,301357.SZ,北方长龙,创业板,99.38,0.28%,开,235702,2002,0万元,0,13429.0,1.36亿,13642,0,0%,缩量,94.61万,5.5,6.0,4.0,阳线||布林带下轨,布林带下轨支撑,未分类,未分类,未分类,0,134.72,144.62,150.08,164.98,177.25,150.08,122.92,下轨下方,-8.94,-5.25,-7.38,无信号,震荡整理,否,获取公告失败
2026-05-22,300686.SZ,智动力,创业板,17.53,0.29%,开,235700,2003,0万元,0,13427.0,7.69亿,76915,0,0%,缩量,45.39万,5.5,6.0,4.0,价升||MA5上穿MA10,观望,未分类,未分类,未分类,0,29.37,28.97,29.66,26.95,32.35,29.66,26.96,布林带内,0.25,0.52,-0.53,无信号,震荡整理,否,获取公告失败
2026-05-22,002973.SZ,侨银股份,深市主板,13.87,3.82%,开,235666,2004,0万元,0,11658.0,8.48亿,84804,0,0%,缩量,44.06万,5.9,6.2,4.3,阳线||MA5上穿MA10,观望,未分类,未分类,未分类,0,14.2,14.01,13.65,13.97,14.72,13.65,12.59,布林带内,0.13,0.06,0.14,无信号,震荡整理,否,获取公告失败
2026-05-22,301212.SZ,联盛化学,创业板,34.73,5.76%,开,235585,2005,0万元,0,10681.0,3.15亿,31527,0,0%,缩量,32.56万,6.1,6.3,4.4,阳线,观望,未分类,未分类,未分类,0,34.81,34.9,32.2,30.45,37.93,32.2,26.47,布林带内,1.59,1.42,0.35,无信号,震荡整理,否,获取公告失败
2026-05-22,300134.SZ,大富科技,创业板,11.17,2.10%,开,235561,2006,0万元,0,12505.0,11.30亿,113045,0,0%,缩量,85.73万,5.7,6.1,4.1,阳线||布林带下轨,布林带下轨支撑,未分类,未分类,未分类,0,51.22,52.09,51.6,50.47,54.72,51.6,48.48,下轨下方,0.18,0.59,-0.82,无信号,震荡整理,否,获取公告失败
2026-05-22,002986.SZ,宇新股份,深市主板,12.76,3.91%,开,235453,2007,0万元,0,11591.0,9.26亿,92612,0,0%,缩量,38.51万,5.9,6.2,4.3,阳线||布林带下轨,布林带下轨支撑,未分类,未分类,未分类,0,33.43,37.19,39.97,43.28,53.37,39.97,26.57,下轨下方,-3.49,-1.52,-3.94,无信号,震荡整理,否,获取公告失败
2026-05-22,688708.SH,佳驰科技,科创板,51.91,2.57%,开,235393,2008,0万元,0,12255.0,238.27亿,2382682,0,0%,缩量,73.86万,5.8,6.1,4.2,阳线,观望,未分类,未分类,未分类,0,52.78,53.18,53.11,55.13,55.44,53.11,50.77,布林带内,-0.36,-0.3,-0.12,死叉,震荡整理,否,获取公告失败
2026-05-22,000589.SZ,贵州轮胎,深市主板,4.74,0.64%,开,235034,2009,0万元,0,13185.0,27.97亿,279687,0,0%,缩量,73.22万,5.6,6.0,4.0,阳线||布林带下轨,布林带下轨支撑,未分类,未分类,未分类,0,29.47,31.5,32.3,32.48,39.24,32.3,25.36,下轨下方,-1.1,-0.03,-2.15,无信号,震荡整理,否,获取公告失败
2026-05-22,688682.SH,霍莱沃,科创板,49.88,2.65%,开,235014,2010,0万元,0,12174.0,247.09亿,2470950,0,0%,缩量,50.80万,5.8,6.1,4.2,阳线||布林带下轨,布林带下轨支撑,未分类,未分类,未分类,0,121.01,127.54,130.76,129.53,170.18,130.76,91.34,下轨下方,-5.13,0.41,-11.07,死叉,震荡整理,否,获取公告失败
2026-05-22,002347.SZ,泰尔股份,深市主板,8.18,1.49%,开,234984,2011,0万元,0,12754.0,15.75亿,157539,0,0%,缩量,40.36万,5.6,6.1,4.1,阳线,观望,未分类,未分类,未分类,0,31.27,31.53,31.11,32.29,32.86,31.11,29.36,布林带内,-0.11,-0.1,-0.04,死叉,震荡整理,否,获取公告失败
2026-05-22,600517.SH,国网英大,沪市主板,5.54,0.18%,开,234724,2012,0万元,0,13382.0,24.23亿,242260,0,0%,缩量,316.80万,5.5,6.0,4.0,价升||布林带下轨,布林带下轨支撑,未分类,未分类,未分类,0,118.33,123.33,128.33,138.58,147.16,128.33,109.5,下轨下方,-6.13,-3.79,-4.69,无信号,震荡整理,否,获取公告失败
2026-05-22,301133.SZ,金钟股份,创业板,47.53,3.85%,开,234636,2013,0万元,0,11541.0,2.46亿,24570,0,0%,缩量,52.82万,5.9,6.2,4.3,阳线,观望,未分类,未分类,未分类,0,46.71,47.67,47.44,42.78,50.04,47.44,44.83,布林带内,0.93,1.32,-0.79,无信号,震荡整理,否,获取公告失败
2026-05-22,688646.SH,ST逸飞,科创板,73.77,5.85%,开,234372,2014,0万元,0,10510.0,145.90亿,1458998,0,0%,缩量,42.78万,6.1,6.3,4.4,阳线||多头排列||MA5上穿MA10,多头排列,未分类,未分类,未分类,0,71.15,68.11,63.18,54.35,75.52,63.18,50.83,布林带内,4.94,4.17,1.53,无信号,多头排列,是,获取公告失败
2026-05-22,300927.SZ,江天化学,创业板,26.95,3.42%,开,234305,2015,0万元,0,11723.0,4.39亿,43938,0,0%,缩量,37.96万,5.8,6.2,4.2,阳线||布林带下轨,布林带下轨支撑,未分类,未分类,未分类,0,45.62,49.02,52.87,55.94,66.41,52.87,39.34,下轨下方,-3.48,-1.46,-4.03,无信号,震荡整理,否,获取公告失败
2026-05-22,000552.SZ,甘肃能化,深市主板,2.65,0.38%,开,234263,2016,0万元,0,13237.0,50.23亿,502306,0,0%,缩量,98.73万,5.5,6.0,4.0,阳线||布林带下轨,布林带下轨支撑,未分类,未分类,未分类,0,20.97,21.6,21.92,21.61,24.52,21.92,19.32,下轨下方,-0.41,0.02,-0.84,无信号,震荡整理,否,获取公告失败
2026-05-22,603279.SH,景津装备,沪市主板,15.21,0.13%,开,234188,2017,0万元,0,13353.0,8.81亿,88100,0,0%,缩量,87.67万,5.5,6.0,4.0,价升||布林带下轨,布林带下轨支撑,未分类,未分类,未分类,0,27.26,30.52,32.03,32.86,40.56,32.03,23.49,下轨下方,-1.96,-0.49,-2.95,无信号,震荡整理,否,获取公告失败
2026-05-22,603599.SH,广信股份,沪市主板,11.59,0.96%,开,234090,2018,0万元,0,12930.0,11.15亿,111523,0,0%,缩量,105.50万,5.6,6.0,4.1,阳线||布林带下轨,布林带下轨支撑,未分类,未分类,未分类,0,50.3,54.97,60.73,65.35,80.74,60.73,40.73,下轨下方,-5.42,-2.72,-5.41,无信号,震荡整理,否,获取公告失败
2026-05-22,605365.SH,立达信,沪市主板,18.55,0.71%,开,234088,2019,0万元,0,13056.0,7.04亿,70382,0,0%,缩量,93.12万,5.6,6.0,4.0,阳线,观望,未分类,未分类,未分类,0,20.44,24.45,27.69,23.62,37.11,27.69,18.27,布林带内,-1.39,0.17,-3.12,无信号,震荡整理,否,获取公告失败
2026-05-22,300358.SZ,楚天科技,创业板,9.06,1.80%,开,234068,2020,0万元,0,12508.0,13.87亿,138697,0,0%,缩量,63.54万,5.7,6.1,4.1,阳线||布林带下轨,布林带下轨支撑,未分类,未分类,未分类,0,49.86,51.48,52.91,54.81,57.97,52.91,47.85,下轨下方,-1.57,-0.98,-1.18,无信号,震荡整理,否,获取公告失败
2026-05-22,301273.SZ,瑞晨环保,创业板,43.9,2.88%,开,234002,2021,0万元,0,11959.0,2.75亿,27522,0,0%,缩量,24.14万,5.8,6.1,4.2,价升||多头排列||MA5上穿MA10,多头排列,未分类,未分类,未分类,0,43.92,43.72,40.15,34.27,48.76,40.15,31.54,布林带内,3.0,2.97,0.05,无信号,多头排列,是,获取公告失败
2026-05-22,600970.SH,中材国际,沪市主板,8.57,1.18%,开,233743,2022,0万元,0,12784.0,14.98亿,149791,0,0%,缩量,224.69万,5.6,6.1,4.1,阳线||布林带下轨,布林带下轨支撑,未分类,未分类,未分类,0,112.59,118.51,124.85,135.08,147.58,124.85,102.11,下轨下方,-7.51,-4.59,-5.84,无信号,震荡整理,否,获取公告失败
2026-05-22,002274.SZ,华昌化工,深市主板,6.1,1.67%,开,233743,2022,0万元,0,12541.0,20.88亿,208830,0,0%,缩量,57.21万,5.7,6.1,4.1,阳线||布林带下轨,布林带下轨支撑,未分类,未分类,未分类,0,21.58,22.65,23.58,24.14,28.84,23.58,18.32,下轨下方,-1.02,-0.25,-1.54,无信号,震荡整理,否,获取公告失败
2026-05-22,301152.SZ,天力锂能,创业板,31.09,2.88%,开,233694,2023,0万元,0,11930.0,3.88亿,38823,0,0%,缩量,22.07万,5.8,6.1,4.2,阳线,观望,未分类,未分类,未分类,0,31.57,32.45,32.62,30.27,35.81,32.62,29.43,布林带内,0.3,0.75,-0.9,无信号,震荡整理,否,获取公告失败
2026-05-22,300834.SZ,星辉环材,创业板,45.01,2.23%,开,233598,2024,0万元,0,12247.0,2.73亿,27309,0,0%,缩量,86.61万,5.7,6.1,4.1,阳线,观望,未分类,未分类,未分类,0,48.25,48.97,45.44,37.67,53.9,45.44,36.98,布林带内,2.32,2.75,-0.85,无信号,震荡整理,否,获取公告失败
2026-05-22,002358.SZ,森源电气,深市主板,6.71,1.51%,开,233534,2025,0万元,0,12597.0,18.86亿,188552,0,0%,缩量,62.39万,5.7,6.1,4.1,阳线||布林带下轨,布林带下轨支撑,未分类,未分类,未分类,0,61.66,64.34,65.12,68.76,71.2,65.12,59.04,下轨下方,-1.69,-0.79,-1.8,无信号,震荡整理,否,获取公告失败
2026-05-22,601139.SH,深圳燃气,沪市主板,6.55,0.61%,开,233022,2026,0万元,0,12995.0,19.96亿,199640,0,0%,缩量,188.43万,5.6,6.0,4.0,阳线||布林带下轨,布林带下轨支撑,未分类,未分类,未分类,0,16.25,16.48,16.91,17.54,18.28,16.91,15.53,下轨下方,-0.43,-0.27,-0.31,无信号,震荡整理,否,获取公告失败
2026-05-22,002038.SZ,双鹭药业,深市主板,6.11,0.66%,开,232974,2027,0万元,0,12968.0,21.23亿,212303,0,0%,缩量,52.05万,5.6,6.0,4.0,价升||布林带下轨,布林带下轨支撑,未分类,未分类,未分类,0,140.29,152.49,161.54,167.81,209.08,161.54,114.0,下轨下方,-12.28,-5.29,-13.97,无信号,震荡整理,否,获取公告失败
2026-05-22,301548.SZ,崇德科技,创业板,88.41,3.82%,开,232821,2028,0万元,0,11374.0,1.30亿,13034,0,0%,缩量,23.19万,5.9,6.2,4.3,阳线||布林带下轨,布林带下轨支撑,未分类,未分类,未分类,0,120.54,125.34,123.42,115.99,142.73,123.42,104.11,下轨下方,0.92,3.81,-5.78,无信号,震荡整理,否,获取公告失败
2026-05-22,300807.SZ,天迈科技,创业板,49.0,3.16%,开,232589,2029,0万元,0,11680.0,2.41亿,24105,0,0%,缩量,25.45万,5.8,6.2,4.2,阳线,观望,未分类,未分类,未分类,0,50.42,52.98,54.48,53.3,63.21,54.48,45.75,布林带内,-0.8,0.21,-2.03,无信号,震荡整理,否,获取公告失败
2026-05-22,002052.SZ,同洲电子,深市主板,10.81,0.46%,开,232563,2030,0万元,0,13024.0,12.09亿,120871,0,0%,缩量,74.52万,5.5,6.0,4.0,阳线,观望,未分类,未分类,未分类,0,75.69,77.66,73.82,75.7,84.95,73.82,62.69,布林带内,0.91,1.0,-0.18,死叉,震荡整理,否,获取公告失败
2026-05-22,000009.SZ,中国宝安,深市主板,7.76,0.13%,开,232425,2031,0万元,0,13178.0,17.03亿,170258,0,0%,缩量,199.90万,5.5,6.0,4.0,价升||布林带下轨,布林带下轨支撑,未分类,未分类,未分类,0,88.16,95.37,102.45,108.6,129.17,102.45,75.74,下轨下方,-7.25,-3.4,-7.71,无信号,震荡整理,否,获取公告失败
2026-05-22,301117.SZ,佳缘科技,创业板,41.22,1.78%,开,232268,2032,0万元,0,12338.0,3.02亿,30171,0,0%,缩量,34.11万,5.7,6.1,4.1,阳线||布林带下轨,布林带下轨支撑,未分类,未分类,未分类,0,57.06,60.21,61.65,65.34,72.51,61.65,50.78,下轨下方,-2.49,-0.87,-3.24,无信号,震荡整理,否,获取公告失败
2026-05-22,300563.SZ,神宇股份,创业板,30.9,3.52%,开,232077,2033,0万元,0,11449.0,3.74亿,37376,0,0%,缩量,39.60万,5.9,6.2,4.2,阳线||布林带下轨,布林带下轨支撑,未分类,未分类,未分类,0,55.41,59.88,62.23,63.66,77.35,62.23,47.11,下轨下方,-3.13,-0.7,-4.85,无信号,震荡整理,否,获取公告失败
2026-05-22,300159.SZ,*ST新研,创业板,4.16,1.71%,开,231957,2034,0万元,0,12340.0,29.78亿,297814,0,0%,缩量,76.64万,5.7,6.1,4.1,阳线,观望,未分类,未分类,未分类,0,87.8,88.91,82.49,73.5,97.76,82.49,67.22,布林带内,4.04,4.65,-1.22,死叉,震荡整理,否,获取公告失败
2026-05-22,605088.SH,冠盛股份,沪市主板,35.78,0.08%,开,231869,2035,0万元,0,13145.0,3.67亿,36708,0,0%,缩量,71.46万,5.5,6.0,4.0,价升||布林带下轨,布林带下轨支撑,未分类,未分类,未分类,0,38.39,39.1,38.83,37.54,41.11,38.83,36.55,下轨下方,0.11,0.45,-0.68,无信号,震荡整理,否,获取公告失败
2026-05-22,002454.SZ,松芝股份,深市主板,6.73,0.90%,开,231867,2036,0万元,0,12737.0,18.93亿,189339,0,0%,缩量,59.05万,5.6,6.0,4.1,阳线,观望,未分类,未分类,未分类,0,0.0,0.0,0.0,0.0,0.0,0.0,0.0,未知,0.0,0.0,0.0,,未知,否,获取公告失败
2026-05-22,688586.SH,江航装备,科创板,13.86,1.09%,开,231560,2037,0万元,0,12609.0,911.51亿,9115130,0,0%,缩量,109.68万,5.6,6.1,4.1,价升,观望,未分类,未分类,未分类,0,0.0,0.0,0.0,0.0,0.0,0.0,0.0,未知,0.0,0.0,0.0,,未知,否,获取公告失败
2026-05-22,002075.SZ,沙钢股份,深市主板,4.09,2.51%,开,231511,2038,0万元,0,11898.0,29.30亿,292966,0,0%,缩量,89.73万,5.8,6.1,4.2,阳线||布林带下轨,布林带下轨支撑,未分类,未分类,未分类,0,12.75,13.4,13.78,15.07,15.27,13.78,12.28,下轨下方,-0.6,-0.41,-0.38,无信号,震荡整理,否,获取公告失败
2026-05-22,688093.SH,世华科技,科创板,32.81,3.73%,开,231303,2039,0万元,0,11265.0,344.60亿,3446038,0,0%,缩量,91.99万,5.9,6.2,4.2,阳线||布林带下轨,布林带下轨支撑,未分类,未分类,未分类,0,45.28,46.9,47.26,48.66,54.35,47.26,40.16,下轨下方,-1.23,-0.27,-1.93,死叉,震荡整理,否,获取公告失败
2026-05-22,300352.SZ,ST信源,创业板,3.46,2.37%,开,231064,2040,0万元,0,11923.0,34.50亿,345015,0,0%,缩量,44.15万,5.7,6.1,4.2,阳线,观望,未分类,未分类,未分类,0,65.52,67.7,96.24,120.6,164.21,96.24,28.26,布林带内,-18.23,-15.99,-4.48,无信号,震荡整理,否,获取公告失败
2026-05-22,600665.SH,天地源,沪市主板,3.38,7.30%,开,231047,2041,0万元,0,9454.0,28.25亿,282544,0,0%,缩量,29.21万,6.2,6.4,4.5,阳线||布林带下轨,布林带下轨支撑,未分类,未分类,未分类,0,12.54,12.95,13.19,13.28,14.72,13.19,11.66,下轨下方,-0.26,-0.03,-0.48,无信号,震荡整理,否,获取公告失败
2026-05-22,300695.SZ,兆丰股份,创业板,70.94,0.72%,开,230780,2042,0万元,0,12716.0,1.81亿,18094,0,0%,缩量,72.54万,5.6,6.0,4.0,价升||布林带下轨,布林带下轨支撑,未分类,未分类,未分类,0,106.17,108.18,103.64,108.11,125.88,103.64,81.4,下轨下方,-1.21,0.31,-3.04,死叉,震荡整理,否,获取公告失败
2026-05-22,603829.SH,洛凯股份,沪市主板,25.39,3.34%,开,230567,2043,0万元,0,11388.0,4.46亿,44592,0,0%,缩量,47.29万,5.8,6.2,4.2,阳线,观望,未分类,未分类,未分类,0,26.58,27.66,28.57,28.37,31.58,28.57,25.56,布林带内,-0.7,-0.26,-0.88,无信号,震荡整理,否,获取公告失败
2026-05-22,301418.SZ,协昌科技,创业板,43.97,4.00%,开,230445,2044,0万元,0,11046.0,2.56亿,25572,0,0%,缩量,12.94万,5.9,6.2,4.3,阳线||多头排列||MA5上穿MA10,多头排列,未分类,未分类,未分类,0,43.79,43.66,42.74,40.12,45.59,42.74,39.89,布林带内,1.08,1.15,-0.14,无信号,多头排列,是,获取公告失败
2026-05-22,300341.SZ,麦克奥迪,创业板,15.7,1.82%,开,230289,2045,0万元,0,12121.0,7.78亿,77752,0,0%,缩量,80.91万,5.7,6.1,4.1,阳线,观望,未分类,未分类,未分类,0,65.46,65.62,64.61,64.2,67.9,64.61,61.33,布林带内,0.66,0.67,-0.02,死叉,震荡整理,否,获取公告失败
2026-05-22,002462.SZ,嘉事堂,深市主板,13.69,2.32%,开,230274,2046,0万元,0,11869.0,8.74亿,87353,0,0%,缩量,39.90万,5.7,6.1,4.2,阳线||布林带下轨,布林带下轨支撑,未分类,未分类,未分类,0,24.46,24.94,25.27,26.39,26.92,25.27,23.62,下轨下方,-0.58,-0.38,-0.4,无信号,震荡整理,否,获取公告失败
2026-05-22,300022.SZ,吉峰科技,创业板,8.51,1.31%,开,230237,2047,0万元,0,12369.0,14.63亿,146326,0,0%,缩量,42.06万,5.6,6.1,4.1,阳线,观望,未分类,未分类,未分类,0,35.11,35.55,37.44,36.78,41.62,37.44,33.26,布林带内,-0.97,-0.53,-0.87,无信号,震荡整理,否,获取公告失败
2026-05-22,600271.SH,航天信息,沪市主板,7.95,0.51%,开,230138,2048,0万元,0,12761.0,16.21亿,162149,0,0%,缩量,147.30万,5.6,6.0,4.0,阳线||布林带下轨,布林带下轨支撑,未分类,未分类,未分类,0,162.84,170.75,174.35,182.69,202.25,174.35,146.45,下轨下方,-6.62,-2.56,-8.12,无信号,震荡整理,否,获取公告失败
2026-05-22,688162.SH,巨一科技,科创板,35.35,3.79%,开,230007,2049,0万元,0,11107.0,318.60亿,3185971,0,0%,缩量,48.47万,5.9,6.2,4.3,阳线||MA5上穿MA10,观望,未分类,未分类,未分类,0,35.1,34.26,34.31,33.68,36.4,34.31,32.23,布林带内,0.3,0.18,0.25,无信号,震荡整理,否,获取公告失败
2026-05-22,002351.SZ,漫步者,深市主板,11.02,0.46%,开,229928,2050,0万元,0,12765.0,11.74亿,117377,0,0%,缩量,57.42万,5.5,6.0,4.0,价升,观望,未分类,未分类,未分类,0,0.0,0.0,0.0,0.0,0.0,0.0,0.0,未知,0.0,0.0,0.0,,未知,否,获取公告失败
2026-05-22,002961.SZ,瑞达期货,深市主板,23.19,0.04%,开,229915,2051,0万元,0,12970.0,5.60亿,55979,0,0%,缩量,110.60万,5.5,6.0,4.0,价升,观望,未分类,未分类,未分类,0,0.0,0.0,0.0,0.0,0.0,0.0,0.0,未知,0.0,0.0,0.0,,未知,否,获取公告失败
2026-05-22,002631.SZ,德尔未来,深市主板,7.62,0.26%,开,229825,2052,0万元,0,12851.0,16.83亿,168275,0,0%,缩量,60.47万,5.5,6.0,4.0,阳线,观望,未分类,未分类,未分类,0,32.98,34.33,33.61,30.66,37.83,33.61,29.39,布林带内,0.6,1.09,-0.99,无信号,震荡整理,否,获取公告失败
2026-05-22,300165.SZ,天瑞仪器,创业板,6.74,2.90%,开,229683,2053,0万元,0,11518.0,17.12亿,171202,0,0%,缩量,28.34万,5.8,6.1,4.2,阳线,观望,未分类,未分类,未分类,0,45.84,47.98,47.66,40.73,56.31,47.66,39.0,布林带内,1.46,2.51,-2.1,无信号,震荡整理,否,获取公告失败
2026-05-22,300963.SZ,中洲特材,创业板,16.1,1.90%,开,229673,2054,0万元,0,12018.0,7.53亿,75320,0,0%,缩量,54.84万,5.7,6.1,4.1,阳线||布林带下轨,布林带下轨支撑,未分类,未分类,未分类,0,54.84,61.25,63.25,68.93,85.77,63.25,40.74,下轨下方,-4.64,-1.34,-6.6,无信号,震荡整理,否,获取公告失败
2026-05-22,301290.SZ,东星医疗,创业板,32.07,4.16%,开,229285,2055,0万元,0,10850.0,3.41亿,34120,0,0%,缩量,21.86万,5.9,6.2,4.3,阳线,观望,未分类,未分类,未分类,0,33.33,34.8,33.1,30.52,37.6,33.1,28.59,布林带内,0.9,1.23,-0.66,无信号,震荡整理,否,获取公告失败
2026-05-22,002496.SZ,*ST辉丰,深市主板,2.63,5.20%,开,229199,2056,0万元,0,10320.0,39.73亿,397312,0,0%,缩量,31.07万,6.0,6.3,4.3,阳线||多头排列||布林带上轨||MA5上穿MA10,多头排列,未分类,未分类,未分类,0,31.29,30.19,28.15,24.88,33.85,28.15,22.46,上轨上方,2.2,1.55,1.29,无信号,多头排列,是,获取公告失败
2026-05-22,002021.SZ,中捷资源,深市主板,2.98,3.83%,开,229173,2057,0万元,0,11001.0,37.20亿,371983,0,0%,缩量,35.62万,5.9,6.2,4.3,阳线||布林带下轨,布林带下轨支撑,未分类,未分类,未分类,0,30.62,33.16,33.84,35.27,41.46,33.84,26.23,下轨下方,-1.45,-0.25,-2.4,无信号,震荡整理,否,获取公告失败
2026-05-22,603489.SH,八方股份,沪市主板,36.6,0.30%,开,229157,2058,0万元,0,12765.0,3.48亿,34833,0,0%,缩量,85.87万,5.5,6.0,4.0,阳线||布林带下轨,布林带下轨支撑,未分类,未分类,未分类,0,73.04,79.13,79.4,75.27,100.67,79.4,58.13,下轨下方,-1.85,1.61,-6.92,无信号,震荡整理,否,获取公告失败
2026-05-22,603017.SH,中衡设计,沪市主板,13.81,2.30%,开,229091,2059,0万元,0,11761.0,8.57亿,85748,0,0%,缩量,38.14万,5.7,6.1,4.2,阳线||布林带下轨,布林带下轨支撑,未分类,未分类,未分类,0,66.69,69.98,71.64,67.92,80.75,71.64,62.54,下轨下方,-0.96,0.68,-3.27,无信号,震荡整理,否,获取公告失败
2026-05-22,688115.SH,思林杰,科创板,59.55,4.36%,开,229069,2060,0万元,0,10725.0,182.42亿,1824165,0,0%,缩量,39.70万,5.9,6.2,4.3,阳线||多头排列||MA5上穿MA10,多头排列,未分类,未分类,未分类,0,60.89,60.74,57.73,48.91,66.29,57.73,49.18,布林带内,3.56,3.84,-0.58,无信号,多头排列,是,获取公告失败
2026-05-22,002090.SZ,金智科技,深市主板,11.05,2.31%,开,228964,2061,0万元,0,11739.0,10.75亿,107498,0,0%,缩量,43.65万,5.7,6.1,4.2,阳线||布林带下轨,布林带下轨支撑,未分类,未分类,未分类,0,57.82,60.96,61.35,63.63,73.38,61.35,49.32,下轨下方,-1.95,-0.25,-3.4,无信号,震荡整理,否,获取公告失败
2026-05-22,688789.SH,宏华数科,科创板,58.19,1.09%,开,228892,2062,0万元,0,12342.0,214.01亿,2140088,0,0%,缩量,104.89万,5.6,6.1,4.1,阳线||布林带下轨,布林带下轨支撑,未分类,未分类,未分类,0,115.73,124.82,135.27,155.26,175.93,135.27,94.61,下轨下方,-12.64,-7.96,-9.35,无信号,震荡整理,否,获取公告失败
2026-05-22,002578.SZ,闽发铝业,深市主板,4.03,3.87%,开,228719,2063,0万元,0,10939.0,27.55亿,275520,0,0%,缩量,34.70万,5.9,6.2,4.3,阳线,观望,未分类,未分类,未分类,0,20.73,21.0,21.14,21.57,22.59,21.14,19.69,布林带内,-0.16,-0.07,-0.17,无信号,震荡整理,否,获取公告失败
2026-05-22,002285.SZ,世联行,深市主板,2.84,1.07%,开,228438,2064,0万元,0,12310.0,43.75亿,437508,0,0%,缩量,56.10万,5.6,6.1,4.1,阳线||布林带下轨,布林带下轨支撑,未分类,未分类,未分类,0,45.57,47.65,47.4,46.72,51.94,47.4,42.86,下轨下方,-0.5,0.26,-1.52,无信号,震荡整理,否,获取公告失败
2026-05-22,300350.SZ,华鹏飞,创业板,5.02,1.41%,开,228320,2065,0万元,0,12125.0,24.08亿,240791,0,0%,缩量,23.67万,5.6,6.1,4.1,价升,观望,未分类,未分类,未分类,0,18.79,19.16,19.28,20.73,20.31,19.28,18.25,布林带内,-0.37,-0.3,-0.15,无信号,震荡整理,否,获取公告失败
2026-05-22,300918.SZ,南山智尚,创业板,14.83,1.23%,开,227933,2066,0万元,0,12179.0,8.28亿,82817,0,0%,缩量,75.06万,5.6,6.1,4.1,阳线,观望,未分类,未分类,未分类,0,15.43,15.65,15.47,15.59,16.46,15.47,14.48,布林带内,-0.01,0.06,-0.14,无信号,震荡整理,否,获取公告失败
2026-05-22,688618.SH,三旺通信,科创板,39.31,1.24%,开,227750,2067,0万元,0,12157.0,307.93亿,3079330,0,0%,缩量,43.26万,5.6,6.1,4.1,阳线||布林带下轨,布林带下轨支撑,未分类,未分类,未分类,0,82.26,90.6,88.01,79.99,114.6,88.01,61.43,下轨下方,-1.25,2.83,-8.16,无信号,震荡整理,否,获取公告失败
2026-05-22,000902.SZ,新洋丰,深市主板,14.22,0.42%,开,227588,2068,0万元,0,12547.0,8.89亿,88906,0,0%,缩量,162.50万,5.5,6.0,4.0,阳线||布林带下轨,布林带下轨支撑,未分类,未分类,未分类,0,47.24,49.93,51.74,55.46,59.41,51.74,44.06,下轨下方,-2.28,-1.2,-2.16,无信号,震荡整理,否,获取公告失败
2026-05-22,301231.SZ,荣信文化,创业板,28.97,3.39%,开,227322,2069,0万元,0,11037.0,3.87亿,38729,0,0%,缩量,18.96万,5.8,6.2,4.2,阳线,观望,未分类,未分类,未分类,0,29.78,30.37,30.64,32.62,32.66,30.64,28.62,布林带内,-0.69,-0.54,-0.28,无信号,震荡整理,否,获取公告失败
2026-05-22,002010.SZ,传化智联,深市主板,5.39,2.08%,开,227266,2070,0万元,0,11685.0,21.84亿,218431,0,0%,缩量,148.62万,5.7,6.1,4.1,阳线||布林带下轨,布林带下轨支撑,未分类,未分类,未分类,0,47.26,50.03,52.34,55.17,62.92,52.34,41.75,下轨下方,-2.72,-1.17,-3.09,无信号,震荡整理,否,获取公告失败
2026-05-22,300080.SZ,易成新能,创业板,4.26,2.40%,开,227159,2071,0万元,0,11514.0,27.41亿,274113,0,0%,缩量,79.70万,5.7,6.1,4.2,阳线||布林带下轨,布林带下轨支撑,未分类,未分类,未分类,0,12.06,12.33,12.29,13.71,13.31,12.29,11.27,下轨下方,-0.34,-0.3,-0.08,死叉,震荡整理,否,获取公告失败
2026-05-22,301499.SZ,维科精密,创业板,37.63,2.59%,开,227149,2072,0万元,0,11420.0,3.05亿,30537,0,0%,缩量,13.01万,5.8,6.1,4.2,阳线,观望,未分类,未分类,未分类,0,37.77,38.1,37.12,34.17,39.71,37.12,34.53,布林带内,1.06,1.23,-0.35,无信号,震荡整理,否,获取公告失败
2026-05-22,300848.SZ,美瑞新材,创业板,16.15,2.34%,开,227003,2073,0万元,0,11528.0,7.15亿,71528,0,0%,缩量,40.88万,5.7,6.1,4.2,阳线,观望,未分类,未分类,未分类,0,0.0,0.0,0.0,0.0,0.0,0.0,0.0,未知,0.0,0.0,0.0,,未知,否,获取公告失败
2026-05-22,688475.SH,萤石网络,科创板,30.01,1.49%,开,226779,2074,0万元,0,11934.0,398.59亿,3985906,0,0%,缩量,236.33万,5.6,6.1,4.1,阳线||布林带下轨,布林带下轨支撑,未分类,未分类,未分类,0,41.07,42.82,43.73,41.32,50.44,43.73,37.01,下轨下方,-0.59,0.62,-2.43,无信号,震荡整理,否,获取公告失败
2026-05-22,000410.SZ,沈阳机床,深市主板,5.8,0.87%,开,226727,2075,0万元,0,12238.0,21.37亿,213735,0,0%,缩量,114.32万,5.6,6.0,4.1,阳线||布林带下轨,布林带下轨支撑,未分类,未分类,未分类,0,17.68,18.68,19.58,21.73,23.29,19.58,15.88,下轨下方,-1.22,-0.76,-0.91,无信号,震荡整理,否,获取公告失败
2026-05-22,688117.SH,圣诺生物,科创板,35.84,2.61%,开,226486,2076,0万元,0,11346.0,320.99亿,3209899,0,0%,缩量,56.41万,5.8,6.1,4.2,阳线||布林带下轨,布林带下轨支撑,未分类,未分类,未分类,0,63.59,68.19,71.29,72.18,88.39,71.29,54.19,下轨下方,-3.49,-0.84,-5.29,无信号,震荡整理,否,获取公告失败
2026-05-22,600734.SH,*ST实达,沪市主板,2.22,0.91%,开,226345,2077,0万元,0,12180.0,54.76亿,547551,0,0%,缩量,48.35万,5.6,6.0,4.1,阳线||布林带下轨,布林带下轨支撑,未分类,未分类,未分类,0,13.79,14.97,15.72,24.88,20.95,15.72,10.5,下轨下方,-3.1,-2.94,-0.32,死叉,震荡整理,否,获取公告失败
2026-05-22,603868.SH,飞科电器,沪市主板,38.0,2.81%,开,226259,2078,0万元,0,11219.0,2.96亿,29563,0,0%,缩量,165.53万,5.8,6.1,4.2,阳线||布林带下轨,布林带下轨支撑,未分类,未分类,未分类,0,48.5,49.58,48.5,47.43,53.75,48.5,43.25,下轨下方,0.32,0.88,-1.13,死叉,震荡整理,否,获取公告失败
2026-05-22,300123.SZ,ST亚光,创业板,4.63,0.87%,开,226217,2079,0万元,0,12186.0,26.39亿,263886,0,0%,缩量,46.02万,5.6,6.0,4.1,阳线||布林带下轨,布林带下轨支撑,未分类,未分类,未分类,0,26.26,28.38,26.78,36.36,34.29,26.78,19.28,下轨下方,-2.49,-2.17,-0.65,死叉,震荡整理,否,获取公告失败
2026-05-22,300592.SZ,华凯易佰,创业板,13.08,2.67%,开,226133,2080,0万元,0,11279.0,8.74亿,87428,0,0%,缩量,45.63万,5.8,6.1,4.2,阳线||布林带下轨,布林带下轨支撑,未分类,未分类,未分类,0,17.99,19.6,19.65,19.01,23.22,19.65,16.07,下轨下方,-0.38,0.23,-1.22,无信号,震荡整理,否,获取公告失败
2026-05-22,688219.SH,会通股份,科创板,12.02,3.80%,开,225978,2081,0万元,0,10698.0,900.14亿,9001353,0,0%,缩量,66.06万,5.9,6.2,4.3,阳线,观望,未分类,未分类,未分类,0,12.13,12.13,11.84,11.66,12.62,11.84,11.07,布林带内,0.19,0.18,0.01,无信号,震荡整理,否,获取公告失败
2026-05-22,600149.SH,廊坊发展,沪市主板,5.99,1.87%,开,225883,2082,0万元,0,11653.0,19.57亿,195692,0,0%,缩量,22.77万,5.7,6.1,4.1,价升||布林带下轨,布林带下轨支撑,未分类,未分类,未分类,0,17.29,17.92,18.07,18.21,20.51,18.07,15.64,下轨下方,-0.35,0.03,-0.77,无信号,震荡整理,否,获取公告失败
2026-05-22,300525.SZ,博思软件,创业板,9.41,1.40%,开,225544,2083,0万元,0,11854.0,12.68亿,126792,0,0%,缩量,58.66万,5.6,6.1,4.1,阳线||布林带下轨,布林带下轨支撑,未分类,未分类,未分类,0,75.96,84.94,90.06,98.31,124.84,90.06,55.29,下轨下方,-8.0,-3.0,-10.0,无信号,震荡整理,否,获取公告失败
2026-05-22,603928.SH,兴业股份,沪市主板,16.55,4.15%,开,225437,2084,0万元,0,10467.0,6.40亿,64008,0,0%,缩量,43.37万,5.9,6.2,4.3,阳线||布林带下轨,布林带下轨支撑,未分类,未分类,未分类,0,22.44,23.09,23.03,22.38,26.1,23.03,19.96,下轨下方,-0.12,0.34,-0.92,无信号,震荡整理,否,获取公告失败
2026-05-22,300043.SZ,星辉娱乐,创业板,5.04,0.20%,开,225224,2085,0万元,0,12423.0,24.80亿,247974,0,0%,缩量,62.67万,5.5,6.0,4.0,价升||布林带下轨,布林带下轨支撑,未分类,未分类,未分类,0,110.02,113.62,118.78,119.76,132.19,118.78,105.37,下轨下方,-3.24,-1.46,-3.57,无信号,震荡整理,否,获取公告失败
2026-05-22,300307.SZ,慈星股份,创业板,7.32,0.41%,开,225147,2086,0万元,0,12309.0,16.91亿,169109,0,0%,缩量,57.60万,5.5,6.0,4.0,阳线,观望,未分类,未分类,未分类,0,0.0,0.0,0.0,0.0,0.0,0.0,0.0,未知,0.0,0.0,0.0,,未知,否,获取公告失败
2026-05-22,688129.SH,东来技术,科创板,32.0,4.92%,开,224900,2087,0万元,0,10031.0,312.67亿,3126660,0,0%,缩量,38.55万,6.0,6.2,4.3,阳线||多头排列||MA5上穿MA10,多头排列,未分类,未分类,未分类,0,30.89,30.64,30.03,26.4,32.71,30.03,27.35,布林带内,1.33,1.36,-0.05,无信号,多头排列,是,获取公告失败
2026-05-22,600350.SH,山东高速,沪市主板,12.23,2.60%,开,224723,2088,0万元,0,11172.0,9.22亿,92223,0,0%,缩量,591.27万,5.8,6.1,4.2,阳线||多头排列||布林带下轨||MA5上穿MA10,多头排列;布林带下轨支撑,未分类,未分类,未分类,0,21.22,21.08,20.86,20.05,21.97,20.86,19.75,下轨下方,0.25,0.31,-0.11,死叉,多头排列,是,获取公告失败
2026-05-22,002996.SZ,顺博合金,深市主板,7.3,4.73%,开,224602,2089,0万元,0,10093.0,14.00亿,139987,0,0%,缩量,30.39万,6.0,6.2,4.3,阳线||布林带下轨,布林带下轨支撑,未分类,未分类,未分类,0,9.2,9.58,9.85,10.1,11.13,9.85,8.56,下轨下方,-0.29,-0.09,-0.4,无信号,震荡整理,否,获取公告失败
2026-05-22,300095.SZ,华伍股份,创业板,10.18,2.00%,开,224600,2090,0万元,0,11458.0,11.35亿,113455,0,0%,缩量,32.34万,5.7,6.1,4.1,阳线,观望,未分类,未分类,未分类,0,42.82,44.19,42.45,42.06,47.55,42.45,37.36,布林带内,0.53,0.79,-0.52,无信号,震荡整理,否,获取公告失败
2026-05-22,000927.SZ,中国铁物,深市主板,2.68,1.13%,开,224510,2091,0万元,0,11885.0,44.60亿,445961,0,0%,缩量,162.15万,5.6,6.1,4.1,阳线||布林带下轨,布林带下轨支撑,未分类,未分类,未分类,0,4.35,4.56,4.73,4.98,5.51,4.73,3.95,下轨下方,-0.23,-0.12,-0.22,无信号,震荡整理,否,获取公告失败
2026-05-22,300788.SZ,中信出版,创业板,29.46,1.38%,开,224392,2092,0万元,0,11751.0,4.01亿,40109,0,0%,缩量,56.02万,5.6,6.1,4.1,阳线,观望,未分类,未分类,未分类,0,31.97,33.98,36.31,37.04,43.18,36.31,29.45,布林带内,-1.44,-0.62,-1.64,无信号,震荡整理,否,获取公告失败
2026-05-22,605180.SH,华生科技,沪市主板,16.15,10.01%,开,224158,2093,0万元,0,7409.0,4.78亿,47772,0,0%,缩量,27.29万,6.5,6.5,4.7,阳线||布林带下轨,布林带下轨支撑,未分类,未分类,未分类,0,24.99,26.45,27.09,27.11,32.37,27.09,21.82,下轨下方,-0.87,-0.02,-1.69,无信号,震荡整理,否,获取公告失败
2026-05-22,603901.SH,永创智能,沪市主板,12.56,1.62%,开,224100,2094,0万元,0,11601.0,9.27亿,92737,0,0%,缩量,67.86万,5.7,6.1,4.1,阳线||布林带下轨,布林带下轨支撑,未分类,未分类,未分类,0,53.3,53.95,53.87,53.74,56.53,53.87,51.21,下轨下方,-0.08,0.21,-0.59,无信号,震荡整理,否,获取公告失败
2026-05-22,002175.SZ,*ST东智,深市主板,2.56,4.92%,开,223850,2095,0万元,0,9926.0,39.08亿,390784,0,0%,缩量,32.69万,6.0,6.2,4.3,阳线,观望,未分类,未分类,未分类,0,17.13,17.73,17.35,19.47,19.48,17.35,15.21,布林带内,-0.44,-0.42,-0.04,死叉,震荡整理,否,获取公告失败
2026-05-22,603528.SH,多伦科技,沪市主板,7.99,2.57%,开,223756,2096,0万元,0,11092.0,14.19亿,141942,0,0%,缩量,56.40万,5.8,6.1,4.2,阳线||布林带下轨,布林带下轨支撑,未分类,未分类,未分类,0,25.29,25.6,25.6,26.61,26.72,25.6,24.48,下轨下方,-0.31,-0.24,-0.14,无信号,震荡整理,否,获取公告失败
2026-05-22,688061.SH,灿瑞科技,科创板,41.39,1.90%,开,223558,2097,0万元,0,11408.0,277.72亿,2777240,0,0%,缩量,47.55万,5.7,6.1,4.1,阳线||布林带下轨,布林带下轨支撑,未分类,未分类,未分类,0,59.2,59.44,56.37,52.12,68.09,56.37,44.64,下轨下方,1.75,2.64,-1.79,死叉,震荡整理,否,获取公告失败
2026-05-22,300437.SZ,清水源,创业板,13.93,2.50%,开,223549,2098,0万元,0,11104.0,8.03亿,80328,0,0%,缩量,24.20万,5.8,6.1,4.2,阳线||布林带下轨,布林带下轨支撑,未分类,未分类,未分类,0,42.08,44.37,45.69,48.81,50.9,45.69,40.48,下轨下方,-1.53,-0.77,-1.52,无信号,震荡整理,否,获取公告失败
2026-05-22,688369.SH,致远互联,科创板,23.7,4.54%,开,223467,2099,0万元,0,10075.0,434.92亿,4349181,0,0%,缩量,27.31万,6.0,6.2,4.3,阳线||布林带下轨,布林带下轨支撑,未分类,未分类,未分类,0,34.71,36.42,37.33,37.0,44.14,37.33,30.52,下轨下方,-1.14,-0.03,-2.23,无信号,震荡整理,否,获取公告失败
2026-05-22,688716.SH,中研股份,科创板,38.35,2.84%,开,223422,2100,0万元,0,10921.0,289.58亿,2895793,0,0%,缩量,26.82万,5.8,6.1,4.2,阳线||多头排列||MA5上穿MA10,多头排列,未分类,未分类,未分类,0,38.51,37.97,35.85,35.52,40.83,35.85,30.87,布林带内,1.17,0.88,0.58,无信号,多头排列,是,获取公告失败
2026-05-22,002984.SZ,森麒麟,深市主板,15.63,0.19%,开,223291,2101,0万元,0,12233.0,7.86亿,78613,0,0%,缩量,111.59万,5.5,6.0,4.0,阳线||布林带下轨,布林带下轨支撑,未分类,未分类,未分类,0,22.09,23.2,24.6,26.66,29.35,24.6,19.86,下轨下方,-1.48,-0.88,-1.21,无信号,震荡整理,否,获取公告失败
2026-05-22,603266.SH,天龙股份,沪市主板,20.8,0.97%,开,223034,2102,0万元,0,11818.0,5.69亿,56941,0,0%,缩量,41.37万,5.6,6.0,4.1,阳线||布林带下轨,布林带下轨支撑,未分类,未分类,未分类,0,40.02,41.02,41.32,40.65,46.98,41.32,35.66,下轨下方,-0.52,0.3,-1.63,死叉,震荡整理,否,获取公告失败
2026-05-22,600302.SH,ST标准,沪市主板,9.79,2.94%,开,222781,2103,0万元,0,10806.0,11.10亿,111044,0,0%,缩量,33.87万,5.8,6.1,4.2,价升||布林带下轨||MA5上穿MA10,布林带下轨支撑,未分类,未分类,未分类,0,26.76,26.32,27.87,32.7,33.87,27.87,21.87,下轨下方,-1.9,-1.92,0.04,无信号,震荡整理,否,获取公告失败
2026-05-22,300287.SZ,飞利信,创业板,4.32,1.65%,开,222695,2104,0万元,0,11446.0,26.71亿,267136,0,0%,缩量,56.95万,5.7,6.1,4.1,阳线,观望,未分类,未分类,未分类,0,55.64,57.37,55.95,56.52,60.91,55.95,50.98,布林带内,0.08,0.42,-0.69,无信号,震荡整理,否,获取公告失败
2026-05-22,300701.SZ,森霸传感,创业板,12.44,2.89%,开,222674,2105,0万元,0,10820.0,8.82亿,88192,0,0%,缩量,30.99万,5.8,6.1,4.2,阳线||布林带下轨,布林带下轨支撑,未分类,未分类,未分类,0,37.89,40.81,41.9,42.65,55.79,41.9,28.0,下轨下方,-2.12,-0.14,-3.95,死叉,震荡整理,否,获取公告失败
2026-05-22,688539.SH,高华科技,科创板,38.43,3.14%,开,222620,2106,0万元,0,10692.0,282.59亿,2825938,0,0%,缩量,71.45万,5.8,6.2,4.2,阳线||布林带下轨,布林带下轨支撑,未分类,未分类,未分类,0,52.13,55.03,55.65,55.35,65.93,55.65,45.38,下轨下方,-1.31,0.14,-2.88,无信号,震荡整理,否,获取公告失败
2026-05-22,688658.SH,悦康药业,科创板,18.66,0.32%,开,222492,2107,0万元,0,12088.0,650.46亿,6504585,0,0%,缩量,83.97万,5.5,6.0,4.0,价升||布林带下轨,布林带下轨支撑,未分类,未分类,未分类,0,21.04,22.25,22.3,21.57,24.92,22.3,19.68,下轨下方,-0.26,0.18,-0.88,无信号,震荡整理,否,获取公告失败
2026-05-22,002562.SZ,兄弟科技,深市主板,5.53,2.03%,开,222447,2108,0万元,0,11230.0,20.50亿,204993,0,0%,缩量,44.99万,5.7,6.1,4.1,阳线||布林带下轨,布林带下轨支撑,未分类,未分类,未分类,0,38.55,39.46,39.83,42.71,42.27,39.83,37.39,下轨下方,-0.92,-0.67,-0.5,无信号,震荡整理,否,获取公告失败
2026-05-22,688348.SH,昱能科技,科创板,47.86,2.35%,开,222272,2109,0万元,0,11051.0,231.63亿,2316302,0,0%,缩量,74.79万,5.7,6.1,4.2,阳线||布林带下轨,布林带下轨支撑,未分类,未分类,未分类,0,89.47,96.25,100.62,109.71,126.17,100.62,75.08,下轨下方,-7.04,-3.52,-7.04,无信号,震荡整理,否,获取公告失败
2026-05-22,300591.SZ,万里马,创业板,8.06,1.90%,开,222201,2110,0万元,0,11272.0,14.00亿,139961,0,0%,缩量,28.25万,5.7,6.1,4.1,阳线,观望,未分类,未分类,未分类,0,10.71,10.85,10.43,9.96,11.84,10.43,9.03,布林带内,0.28,0.32,-0.08,无信号,震荡整理,否,获取公告失败
2026-05-22,601096.SH,宏盛华源,沪市主板,5.19,0.97%,开,222153,2111,0万元,0,11729.0,22.63亿,226254,0,0%,缩量,85.27万,5.6,6.0,4.1,阳线||布林带下轨,布林带下轨支撑,未分类,未分类,未分类,0,5.44,5.64,5.64,5.93,6.06,5.64,5.23,下轨下方,-0.1,-0.05,-0.1,无信号,震荡整理,否,获取公告失败
2026-05-22,603239.SH,浙江仙通,沪市主板,22.32,0.31%,开,222053,2112,0万元,0,12048.0,5.44亿,54358,0,0%,缩量,60.42万,5.5,6.0,4.0,价升||布林带下轨,布林带下轨支撑,未分类,未分类,未分类,0,76.19,78.73,80.82,79.89,88.68,80.82,72.95,下轨下方,-1.75,-0.51,-2.48,无信号,震荡整理,否,获取公告失败
2026-05-22,603303.SH,得邦照明,沪市主板,22.56,1.17%,开,221809,2113,0万元,0,11598.0,5.19亿,51862,0,0%,缩量,107.60万,5.6,6.1,4.1,阳线||多头排列||MA5上穿MA10,多头排列,未分类,未分类,未分类,0,50.09,48.66,45.12,39.69,55.12,45.12,35.11,布林带内,2.66,2.84,-0.38,死叉,多头排列,是,获取公告失败
2026-05-22,000877.SZ,天山股份,深市主板,4.48,3.70%,开,221738,2114,0万元,0,10322.0,23.07亿,230654,0,0%,缩量,318.55万,5.9,6.2,4.2,阳线||布林带下轨,布林带下轨支撑,未分类,未分类,未分类,0,39.22,42.15,43.6,46.13,54.24,43.6,32.96,下轨下方,-2.46,-0.92,-3.08,无信号,震荡整理,否,获取公告失败
2026-05-22,301040.SZ,中环海陆,创业板,32.25,2.06%,开,221684,2115,0万元,0,11140.0,3.47亿,34658,0,0%,缩量,30.43万,5.7,6.1,4.1,阳线||MA5上穿MA10,观望,未分类,未分类,未分类,0,33.9,33.59,32.93,34.41,35.74,32.93,30.12,布林带内,0.11,0.13,-0.04,死叉,震荡整理,否,获取公告失败
2026-05-22,605068.SH,明新旭腾,沪市主板,27.05,5.33%,开,221564,2116,0万元,0,9489.0,3.56亿,35586,0,0%,缩量,43.87万,6.0,6.3,4.4,阳线,观望,未分类,未分类,未分类,0,27.56,28.59,28.07,28.07,30.46,28.07,25.68,布林带内,-0.02,0.17,-0.37,无信号,震荡整理,否,获取公告失败
2026-05-22,300180.SZ,华峰超纤,创业板,4.84,1.04%,开,221479,2117,0万元,0,11626.0,24.10亿,240977,0,0%,缩量,82.89万,5.6,6.1,4.1,阳线||布林带下轨,布林带下轨支撑,未分类,未分类,未分类,0,32.19,34.41,35.9,41.33,42.68,35.9,29.11,下轨下方,-2.66,-1.8,-1.72,无信号,震荡整理,否,获取公告失败
2026-05-22,300933.SZ,中辰股份,创业板,8.58,2.26%,开,221283,2118,0万元,0,10996.0,12.91亿,129122,0,0%,缩量,46.94万,5.7,6.1,4.2,阳线,观望,未分类,未分类,未分类,0,8.84,8.84,8.53,8.5,9.37,8.53,7.69,布林带内,0.15,0.15,0.0,无信号,震荡整理,否,获取公告失败
2026-05-22,002154.SZ,报 喜 鸟,深市主板,4.3,0.70%,开,221262,2119,0万元,0,11775.0,27.29亿,272922,0,0%,缩量,50.73万,5.6,6.0,4.0,阳线||布林带下轨,布林带下轨支撑,未分类,未分类,未分类,0,60.71,63.18,61.49,58.46,70.58,61.49,52.39,下轨下方,0.55,1.7,-2.3,无信号,震荡整理,否,获取公告失败
2026-05-22,002615.SZ,哈尔斯,深市主板,8.37,3.59%,开,221255,2120,0万元,0,10331.0,12.27亿,122715,0,0%,缩量,25.29万,5.9,6.2,4.2,阳线,观望,未分类,未分类,未分类,0,44.18,45.44,44.38,44.53,47.96,44.38,40.81,布林带内,0.1,0.39,-0.58,无信号,震荡整理,否,获取公告失败
2026-05-22,601015.SH,陕西黑猫,沪市主板,3.54,1.43%,开,221243,2121,0万元,0,11408.0,32.58亿,325813,0,0%,缩量,72.30万,5.6,6.1,4.1,阳线||布林带下轨,布林带下轨支撑,未分类,未分类,未分类,0,7.46,7.88,8.34,9.84,9.94,8.34,6.74,下轨下方,-0.64,-0.46,-0.36,无信号,震荡整理,否,获取公告失败
2026-05-22,300279.SZ,和晶科技,创业板,7.69,2.95%,开,221195,2122,0万元,0,10647.0,13.98亿,139844,0,0%,缩量,37.45万,5.8,6.1,4.2,阳线,观望,未分类,未分类,未分类,0,44.78,44.92,45.83,52.01,49.4,45.83,42.25,布林带内,-1.64,-1.77,0.26,无信号,震荡整理,否,获取公告失败
2026-05-22,300036.SZ,超图软件,创业板,14.29,0.28%,开,221183,2123,0万元,0,11978.0,8.39亿,83924,0,0%,缩量,62.66万,5.5,6.0,4.0,价升,观望,未分类,未分类,未分类,0,78.02,79.47,81.09,85.37,87.3,81.09,74.89,布林带内,-1.97,-1.51,-0.91,无信号,震荡整理,否,获取公告失败
2026-05-22,002204.SZ,大连重工,深市主板,6.15,0.82%,开,221118,2124,0万元,0,11702.0,19.12亿,191241,0,0%,缩量,118.78万,5.6,6.0,4.1,阳线,观望,未分类,未分类,未分类,0,29.92,30.65,31.79,32.74,34.52,31.79,29.07,布林带内,-0.84,-0.54,-0.6,无信号,震荡整理,否,获取公告失败
2026-05-22,600606.SH,绿地控股,沪市主板,1.41,0.71%,开,221111,2125,0万元,0,11754.0,84.04亿,840371,0,0%,缩量,198.16万,5.6,6.0,4.0,阳线||布林带下轨,布林带下轨支撑,未分类,未分类,未分类,0,231.41,264.02,274.55,288.61,398.98,274.55,150.12,下轨下方,-22.65,-4.43,-36.45,无信号,震荡整理,否,获取公告失败
2026-05-22,301226.SZ,祥明智能,创业板,38.39,0.68%,开,220869,2126,0万元,0,11746.0,3.05亿,30511,0,0%,缩量,41.77万,5.6,6.0,4.0,阳线||布林带下轨,布林带下轨支撑,未分类,未分类,未分类,0,60.34,64.42,64.45,65.62,77.57,64.45,51.33,下轨下方,-2.24,-0.23,-4.01,无信号,震荡整理,否,获取公告失败
2026-05-22,603409.SH,汇通控股,沪市主板,44.3,4.41%,开,220676,2127,0万元,0,9864.0,2.26亿,22616,0,0%,缩量,16.02万,5.9,6.2,4.3,阳线,观望,未分类,未分类,未分类,0,43.43,43.85,43.62,40.61,45.66,43.62,41.59,布林带内,0.63,0.87,-0.48,无信号,震荡整理,否,获取公告失败
2026-05-22,300072.SZ,海新能科,创业板,4.13,1.47%,开,220591,2128,0万元,0,11322.0,27.52亿,275175,0,0%,缩量,96.29万,5.6,6.1,4.1,阳线||布林带下轨,布林带下轨支撑,未分类,未分类,未分类,0,90.3,92.46,95.05,104.83,103.04,95.05,87.05,下轨下方,-3.89,-3.18,-1.42,无信号,震荡整理,否,获取公告失败
2026-05-22,600831.SH,广电网络,沪市主板,4.01,0.25%,开,220589,2129,0万元,0,11934.0,29.79亿,297879,0,0%,缩量,28.51万,5.5,6.0,4.0,价升||布林带下轨||MA5上穿MA10,布林带下轨支撑,未分类,未分类,未分类,0,26.5,26.23,25.76,26.38,29.29,25.76,22.23,下轨下方,0.03,0.19,-0.32,死叉,震荡整理,否,获取公告失败
2026-05-22,300321.SZ,同大股份,创业板,41.8,3.70%,开,220511,2130,0万元,0,10203.0,2.48亿,24795,0,0%,缩量,37.07万,5.9,6.2,4.2,阳线,观望,未分类,未分类,未分类,0,0.0,0.0,0.0,0.0,0.0,0.0,0.0,未知,0.0,0.0,0.0,,未知,否,获取公告失败
2026-05-22,002388.SZ,新亚制程,深市主板,5.32,4.11%,开,220317,2131,0万元,0,9977.0,18.94亿,189410,0,0%,缩量,26.93万,5.9,6.2,4.3,阳线,观望,未分类,未分类,未分类,0,20.47,20.76,20.63,20.15,22.08,20.63,19.18,布林带内,0.11,0.26,-0.29,无信号,震荡整理,否,获取公告失败
2026-05-22,300615.SZ,欣天科技,创业板,14.15,2.02%,开,220113,2132,0万元,0,11002.0,7.85亿,78507,0,0%,缩量,21.66万,5.7,6.1,4.1,阳线,观望,未分类,未分类,未分类,0,0.0,0.0,0.0,0.0,0.0,0.0,0.0,未知,0.0,0.0,0.0,,未知,否,获取公告失败
2026-05-22,300451.SZ,创业慧康,创业板,4.09,1.49%,开,219994,2133,0万元,0,11255.0,27.67亿,276711,0,0%,缩量,62.44万,5.6,6.1,4.1,阳线||布林带下轨,布林带下轨支撑,未分类,未分类,未分类,0,65.96,72.66,76.19,83.94,100.77,76.19,51.62,下轨下方,-6.2,-2.7,-6.99,无信号,震荡整理,否,获取公告失败
2026-05-22,600748.SH,上实发展,沪市主板,4.97,1.64%,开,219959,2134,0万元,0,11178.0,22.71亿,227061,0,0%,缩量,91.67万,5.7,6.1,4.1,阳线||布林带下轨,布林带下轨支撑,未分类,未分类,未分类,0,33.93,37.02,37.48,36.68,45.07,37.48,29.89,下轨下方,-1.24,0.03,-2.54,无信号,震荡整理,否,获取公告失败
2026-05-22,603105.SH,芯能科技,沪市主板,9.4,2.17%,开,219949,2135,0万元,0,10908.0,11.76亿,117550,0,0%,缩量,47.00万,5.7,6.1,4.1,阳线,观望,未分类,未分类,未分类,0,10.13,10.45,10.9,11.47,12.57,10.9,9.23,布林带内,-0.44,-0.33,-0.23,无信号,震荡整理,否,获取公告失败
2026-05-22,002259.SZ,升达林业,深市主板,5.25,2.34%,开,219925,2136,0万元,0,10823.0,20.79亿,207931,0,0%,缩量,39.50万,5.7,6.1,4.2,阳线,观望,未分类,未分类,未分类,0,13.58,14.05,13.98,14.03,15.44,13.98,12.52,布林带内,-0.08,0.01,-0.19,无信号,震荡整理,否,获取公告失败
2026-05-22,601588.SH,北辰实业,沪市主板,1.82,2.82%,开,219914,2137,0万元,0,10579.0,58.48亿,584839,0,0%,缩量,48.41万,5.8,6.1,4.2,阳线||布林带下轨,布林带下轨支撑,未分类,未分类,未分类,0,2.66,2.81,2.8,2.77,3.22,2.8,2.38,下轨下方,-0.05,0.02,-0.13,无信号,震荡整理,否,获取公告失败
2026-05-22,601226.SH,华电科工,沪市主板,8.25,1.60%,开,219584,2138,0万元,0,11158.0,13.58亿,135781,0,0%,缩量,95.88万,5.7,6.1,4.1,阳线||布林带下轨,布林带下轨支撑,未分类,未分类,未分类,0,13.33,13.81,14.17,15.39,15.44,14.17,12.91,下轨下方,-0.49,-0.35,-0.27,无信号,震荡整理,否,获取公告失败
2026-05-22,301266.SZ,宇邦新材,创业板,28.15,2.07%,开,219583,2139,0万元,0,10925.0,3.92亿,39244,0,0%,缩量,38.18万,5.7,6.1,4.1,价升,观望,未分类,未分类,未分类,0,0.0,0.0,0.0,0.0,0.0,0.0,0.0,未知,0.0,0.0,0.0,,未知,否,获取公告失败
2026-05-22,300183.SZ,东软载波,创业板,12.94,1.89%,开,219578,2140,0万元,0,11013.0,8.60亿,85976,0,0%,缩量,48.01万,5.7,6.1,4.1,阳线||布林带下轨,布林带下轨支撑,未分类,未分类,未分类,0,68.76,70.41,71.34,76.22,78.69,71.34,63.99,下轨下方,-2.16,-1.64,-1.06,无信号,震荡整理,否,获取公告失败
2026-05-22,301190.SZ,善水科技,创业板,23.86,5.58%,开,219466,2141,0万元,0,9159.0,3.86亿,38555,0,0%,缩量,34.14万,6.1,6.3,4.4,阳线,观望,未分类,未分类,未分类,0,23.87,24.82,24.69,24.15,26.61,24.69,22.77,布林带内,0.07,0.3,-0.45,无信号,震荡整理,否,获取公告失败
2026-05-22,002178.SZ,延华智能,深市主板,5.79,1.05%,开,219335,2142,0万元,0,11410.0,19.80亿,197977,0,0%,缩量,41.21万,5.6,6.1,4.1,阳线||MA5上穿MA10,观望,未分类,未分类,未分类,0,38.1,37.54,38.28,40.35,40.76,38.28,35.79,布林带内,-0.6,-0.72,0.22,无信号,震荡整理,否,获取公告失败
2026-05-22,002682.SZ,龙洲股份,深市主板,5.58,3.14%,开,219141,2143,0万元,0,10343.0,18.65亿,186477,0,0%,缩量,31.38万,5.8,6.2,4.2,阳线,观望,未分类,未分类,未分类,0,13.63,13.96,13.95,14.52,14.93,13.95,12.96,布林带内,-0.16,-0.11,-0.11,无信号,震荡整理,否,获取公告失败
2026-05-22,300501.SZ,海顺新材,创业板,14.66,0.48%,开,219028,2144,0万元,0,11663.0,7.91亿,79089,0,0%,缩量,20.92万,5.5,6.0,4.0,价升,观望,未分类,未分类,未分类,0,0.0,0.0,0.0,0.0,0.0,0.0,0.0,未知,0.0,0.0,0.0,,未知,否,获取公告失败
2026-05-22,002161.SZ,远 望 谷,深市主板,6.54,1.08%,开,219019,2145,0万元,0,11361.0,17.39亿,173868,0,0%,缩量,48.37万,5.6,6.1,4.1,价升,观望,未分类,未分类,未分类,0,72.54,73.62,75.04,80.66,80.43,75.04,69.66,布林带内,-2.18,-1.89,-0.58,无信号,震荡整理,否,获取公告失败
2026-05-22,300692.SZ,中赋科技,创业板,8.8,2.92%,开,218519,2146,0万元,0,10390.0,11.87亿,118690,0,0%,缩量,45.15万,5.8,6.1,4.2,阳线||布林带下轨,布林带下轨支撑,未分类,未分类,未分类,0,23.0,24.11,25.37,24.77,31.43,25.37,19.31,下轨下方,-1.0,-0.12,-1.76,无信号,震荡整理,否,获取公告失败
2026-05-22,600058.SH,五矿发展,沪市主板,10.52,2.73%,开,218441,2147,0万元,0,10477.0,10.03亿,100270,0,0%,缩量,112.77万,5.8,6.1,4.2,阳线,观望,未分类,未分类,未分类,0,0.0,0.0,0.0,0.0,0.0,0.0,0.0,未知,0.0,0.0,0.0,,未知,否,获取公告失败
2026-05-22,600094.SH,大名城,沪市主板,4.64,2.20%,开,218423,2148,0万元,0,10741.0,23.30亿,232952,0,0%,缩量,98.66万,5.7,6.1,4.1,阳线||布林带下轨,布林带下轨支撑,未分类,未分类,未分类,0,11.1,11.28,11.48,10.98,12.62,11.48,10.34,下轨下方,-0.08,0.12,-0.39,无信号,震荡整理,否,获取公告失败
2026-05-22,000825.SZ,太钢不锈,深市主板,3.94,1.29%,开,218306,2149,0万元,0,11188.0,28.54亿,285426,0,0%,缩量,224.43万,5.6,6.1,4.1,阳线||布林带下轨,布林带下轨支撑,未分类,未分类,未分类,0,30.54,32.5,33.85,35.84,40.55,33.85,27.15,下轨下方,-1.75,-0.77,-1.96,无信号,震荡整理,否,获取公告失败
2026-05-22,300873.SZ,海晨股份,创业板,22.69,1.34%,开,218219,2150,0万元,0,11152.0,4.98亿,49762,0,0%,缩量,38.02万,5.6,6.1,4.1,价升||布林带下轨,布林带下轨支撑,未分类,未分类,未分类,0,34.4,35.01,35.75,38.76,42.32,35.75,29.18,下轨下方,-1.39,-0.8,-1.18,死叉,震荡整理,否,获取公告失败
2026-05-22,688225.SH,亚信安全,科创板,16.54,2.73%,开,218054,2151,0万元,0,10439.0,642.50亿,6425023,0,0%,缩量,66.16万,5.8,6.1,4.2,阳线||MA5上穿MA10,观望,未分类,未分类,未分类,0,17.02,16.81,16.7,17.91,17.77,16.7,15.62,布林带内,-0.15,-0.23,0.15,无信号,震荡整理,否,获取公告失败
2026-05-22,600800.SH,渤海化学,沪市主板,4.22,2.93%,开,217814,2152,0万元,0,10318.0,24.74亿,247419,0,0%,缩量,46.83万,5.8,6.1,4.2,阳线||布林带下轨,布林带下轨支撑,未分类,未分类,未分类,0,37.17,39.71,40.94,41.79,46.42,40.94,35.46,下轨下方,-1.39,-0.54,-1.72,无信号,震荡整理,否,获取公告失败
2026-05-22,688450.SH,光格科技,科创板,49.09,6.37%,开,217712,2153,0万元,0,8586.0,177.28亿,1772801,0,0%,缩量,24.02万,6.1,6.3,4.4,阳线,观望,未分类,未分类,未分类,0,47.32,47.81,47.13,39.27,50.1,47.13,44.17,布林带内,1.92,2.34,-0.84,无信号,震荡整理,否,获取公告失败
2026-05-22,002530.SZ,金财互联,深市主板,8.45,1.44%,开,217702,2154,0万元,0,11050.0,13.18亿,131829,0,0%,缩量,58.74万,5.6,6.1,4.1,阳线,观望,未分类,未分类,未分类,0,0.0,0.0,0.0,0.0,0.0,0.0,0.0,未知,0.0,0.0,0.0,,未知,否,获取公告失败
2026-05-22,300945.SZ,曼卡龙,创业板,13.66,3.25%,开,217680,2155,0万元,0,10143.0,7.48亿,74822,0,0%,缩量,32.57万,5.8,6.2,4.2,阳线||布林带下轨,布林带下轨支撑,未分类,未分类,未分类,0,14.23,14.92,15.58,16.99,17.42,15.58,13.75,下轨下方,-0.68,-0.47,-0.41,无信号,震荡整理,否,获取公告失败
2026-05-22,688267.SH,中触媒,科创板,33.85,3.17%,开,217538,2156,0万元,0,10169.0,301.96亿,3019584,0,0%,缩量,59.64万,5.8,6.2,4.2,阳线||多头排列||MA5上穿MA10,多头排列,未分类,未分类,未分类,0,35.11,34.52,32.81,31.71,36.9,32.81,28.72,布林带内,0.98,0.86,0.24,无信号,多头排列,是,获取公告失败
2026-05-22,603421.SH,鼎信通讯,沪市主板,7.91,3.67%,开,217358,2157,0万元,0,9901.0,12.66亿,126601,0,0%,缩量,51.59万,5.9,6.2,4.2,阳线||布林带下轨,布林带下轨支撑,未分类,未分类,未分类,0,11.6,12.36,12.53,13.22,14.75,12.53,10.3,下轨下方,-0.54,-0.21,-0.66,无信号,震荡整理,否,获取公告失败
2026-05-22,603310.SH,巍华新材,沪市主板,17.11,2.27%,开,217356,2158,0万元,0,10600.0,6.22亿,62221,0,0%,缩量,33.20万,5.7,6.1,4.2,阳线||MA5上穿MA10,观望,未分类,未分类,未分类,0,17.79,17.52,17.37,17.39,18.32,17.37,16.43,布林带内,0.13,0.11,0.04,无信号,震荡整理,否,获取公告失败
2026-05-22,300768.SZ,迪普科技,创业板,17.15,1.48%,开,217276,2159,0万元,0,10988.0,6.42亿,64222,0,0%,缩量,72.14万,5.6,6.1,4.1,阳线||布林带下轨,布林带下轨支撑,未分类,未分类,未分类,0,24.97,26.13,26.46,26.17,30.97,26.46,21.95,下轨下方,-0.57,0.14,-1.42,无信号,震荡整理,否,获取公告失败
2026-05-22,688522.SH,纳睿雷达,科创板,33.9,2.05%,开,217194,2160,0万元,0,10696.0,317.19亿,3171941,0,0%,缩量,41.73万,5.7,6.1,4.1,阳线||布林带下轨,布林带下轨支撑,未分类,未分类,未分类,0,60.97,64.49,66.99,69.58,82.84,66.99,51.14,下轨下方,-3.1,-0.8,-4.6,无信号,震荡整理,否,获取公告失败
2026-05-22,002057.SZ,中钢天源,深市主板,9.33,3.32%,开,216941,2161,0万元,0,10033.0,10.87亿,108724,0,0%,缩量,70.28万,5.8,6.2,4.2,阳线||布林带下轨,布林带下轨支撑,未分类,未分类,未分类,0,51.73,55.33,56.64,59.12,67.44,56.64,45.83,下轨下方,-2.31,-0.62,-3.38,无信号,震荡整理,否,获取公告失败
2026-05-22,002771.SZ,真视通,深市主板,13.91,2.13%,开,216936,2162,0万元,0,10629.0,7.76亿,77597,0,0%,缩量,24.27万,5.7,6.1,4.1,阳线||布林带下轨,布林带下轨支撑,未分类,未分类,未分类,0,36.4,38.16,39.76,42.4,46.41,39.76,33.11,下轨下方,-2.27,-1.38,-1.77,无信号,震荡整理,否,获取公告失败
2026-05-22,002715.SZ,登云股份,深市主板,17.19,3.55%,开,216921,2163,0万元,0,9915.0,5.88亿,58826,0,0%,缩量,23.72万,5.9,6.2,4.2,阳线||布林带下轨,布林带下轨支撑,未分类,未分类,未分类,0,24.23,25.34,25.28,24.22,29.84,25.28,20.73,下轨下方,-0.15,0.54,-1.38,无信号,震荡整理,否,获取公告失败
2026-05-22,000892.SZ,欢瑞世纪,深市主板,4.16,1.22%,开,216892,2164,0万元,0,11081.0,26.74亿,267405,0,0%,缩量,29.57万,5.6,6.1,4.1,价升,观望,未分类,未分类,未分类,0,10.65,10.96,11.91,14.48,14.34,11.91,9.47,布林带内,-1.16,-1.1,-0.11,无信号,震荡整理,否,获取公告失败
2026-05-22,600295.SH,鄂尔多斯,沪市主板,13.74,0.66%,开,216766,2165,0万元,0,11347.0,8.24亿,82400,0,0%,缩量,271.44万,5.6,6.0,4.0,价升||布林带下轨,布林带下轨支撑,未分类,未分类,未分类,0,77.43,85.16,90.14,93.86,116.95,90.14,63.32,下轨下方,-5.89,-1.72,-8.34,无信号,震荡整理,否,获取公告失败
2026-05-22,301106.SZ,骏成科技,创业板,34.6,2.49%,开,216710,2166,0万元,0,10427.0,3.03亿,30270,0,0%,缩量,35.33万,5.7,6.1,4.2,阳线||布林带下轨,布林带下轨支撑,未分类,未分类,未分类,0,47.38,49.95,49.98,46.49,57.92,49.98,42.04,下轨下方,0.07,1.47,-2.79,无信号,震荡整理,否,获取公告失败
2026-05-22,300401.SZ,花园生物,创业板,13.05,1.24%,开,216696,2167,0万元,0,11049.0,8.48亿,84756,0,0%,缩量,69.80万,5.6,6.1,4.1,阳线||布林带下轨,布林带下轨支撑,未分类,未分类,未分类,0,70.02,72.0,71.3,76.37,76.2,71.3,66.4,下轨下方,-1.39,-1.05,-0.66,无信号,震荡整理,否,获取公告失败
2026-05-22,300190.SZ,维尔利,创业板,4.54,2.95%,开,216589,2168,0万元,0,10185.0,22.70亿,226982,0,0%,缩量,42.87万,5.8,6.1,4.2,阳线||MA5上穿MA10,观望,未分类,未分类,未分类,0,53.26,52.89,51.4,51.86,55.87,51.4,46.93,布林带内,0.59,0.54,0.1,无信号,震荡整理,否,获取公告失败
2026-05-22,000020.SZ,深华发Ａ,深市主板,13.21,3.20%,开,216555,2169,0万元,0,10054.0,7.68亿,76840,0,0%,缩量,23.93万,5.8,6.2,4.2,阳线,观望,未分类,未分类,未分类,0,22.01,22.58,24.25,25.92,28.01,24.25,20.5,布林带内,-1.23,-0.99,-0.48,无信号,震荡整理,否,获取公告失败
2026-05-22,000777.SZ,中核科技,深市主板,18.56,1.14%,开,216522,2170,0万元,0,11080.0,6.01亿,60075,0,0%,缩量,71.16万,5.6,6.1,4.1,阳线||布林带下轨,布林带下轨支撑,未分类,未分类,未分类,0,124.77,131.9,137.39,154.22,160.71,137.39,114.08,下轨下方,-8.63,-5.97,-5.33,无信号,震荡整理,否,获取公告失败
2026-05-22,688560.SH,明冠新材,科创板,16.3,4.29%,开,216513,2171,0万元,0,9508.0,591.92亿,5919227,0,0%,缩量,32.81万,5.9,6.2,4.3,阳线,观望,未分类,未分类,未分类,0,16.76,17.19,17.34,16.98,18.46,17.34,16.22,布林带内,-0.0,0.18,-0.35,无信号,震荡整理,否,获取公告失败
2026-05-22,301209.SZ,联合化学,创业板,90.05,2.96%,开,216336,2172,0万元,0,10153.0,1.14亿,11375,0,0%,缩量,86.16万,5.8,6.1,4.2,阳线||布林带下轨,布林带下轨支撑,未分类,未分类,未分类,0,118.42,122.13,125.22,127.34,143.09,125.22,107.35,下轨下方,-3.68,-1.28,-4.81,无信号,震荡整理,否,获取公告失败
2026-05-22,300995.SZ,奇德新材,创业板,38.17,2.06%,开,216334,2173,0万元,0,10604.0,2.82亿,28217,0,0%,缩量,22.92万,5.7,6.1,4.1,阳线,观望,未分类,未分类,未分类,0,0.0,0.0,0.0,0.0,0.0,0.0,0.0,未知,0.0,0.0,0.0,,未知,否,获取公告失败
2026-05-22,002861.SZ,瀛通通讯,深市主板,18.79,1.79%,开,216268,2174,0万元,0,10733.0,5.75亿,57534,0,0%,缩量,28.22万,5.7,6.1,4.1,阳线||布林带下轨,布林带下轨支撑,未分类,未分类,未分类,0,24.58,24.82,23.77,23.85,27.55,23.77,20.0,下轨下方,0.33,0.54,-0.41,死叉,震荡整理,否,获取公告失败
2026-05-22,301439.SZ,泓淋电力,创业板,17.04,3.40%,开,216080,2175,0万元,0,9909.0,5.89亿,58871,0,0%,缩量,31.23万,5.8,6.2,4.2,阳线,观望,未分类,未分类,未分类,0,17.68,17.79,17.39,17.26,18.55,17.39,16.24,布林带内,0.18,0.23,-0.09,死叉,震荡整理,否,获取公告失败
2026-05-22,603217.SH,元利科技,沪市主板,28.63,0.99%,开,215778,2176,0万元,0,11084.0,3.86亿,38564,0,0%,缩量,59.58万,5.6,6.0,4.1,阳线||布林带下轨,布林带下轨支撑,未分类,未分类,未分类,0,63.34,68.02,70.34,64.19,90.4,70.34,50.28,下轨下方,-1.73,1.65,-6.76,无信号,震荡整理,否,获取公告失败
2026-05-22,301077.SZ,星华新材,创业板,29.39,3.20%,开,215226,2177,0万元,0,9925.0,3.40亿,34017,0,0%,缩量,28.04万,5.8,6.2,4.2,阳线,观望,未分类,未分类,未分类,0,0.0,0.0,0.0,0.0,0.0,0.0,0.0,未知,0.0,0.0,0.0,,未知,否,获取公告失败
2026-05-22,002253.SZ,*ST智胜,深市主板,11.76,5.00%,开,215220,2178,0万元,0,9022.0,7.76亿,77576,0,0%,缩量,24.69万,6.0,6.2,4.3,阳线,观望,未分类,未分类,未分类,0,44.84,45.68,45.3,44.1,47.91,45.3,42.69,布林带内,0.12,0.35,-0.46,无信号,震荡整理,否,获取公告失败
2026-05-22,002798.SZ,帝欧水华,深市主板,8.3,1.34%,开,215215,2179,0万元,0,10850.0,13.21亿,132119,0,0%,缩量,40.20万,5.6,6.1,4.1,阳线,观望,未分类,未分类,未分类,0,26.39,26.77,25.93,22.91,28.87,25.93,22.99,布林带内,0.94,1.22,-0.57,无信号,震荡整理,否,获取公告失败
2026-05-22,688189.SH,南新制药,科创板,9.74,4.39%,开,215212,2180,0万元,0,9324.0,971.94亿,9719449,0,0%,缩量,26.73万,5.9,6.2,4.3,阳线||布林带下轨,布林带下轨支撑,未分类,未分类,未分类,0,17.54,18.98,17.53,16.29,23.25,17.53,11.81,下轨下方,0.27,0.87,-1.21,死叉,震荡整理,否,获取公告失败
2026-05-22,600785.SH,新华百货,沪市主板,16.52,0.85%,开,215173,2181,0万元,0,11090.0,6.73亿,67307,0,0%,缩量,37.27万,5.6,6.0,4.1,阳线,观望,未分类,未分类,未分类,0,79.91,81.73,81.48,83.84,87.1,81.48,75.86,布林带内,-0.86,-0.26,-1.2,无信号,震荡整理,否,获取公告失败
2026-05-22,603717.SH,天域生物,沪市主板,7.05,2.92%,开,215148,2182,0万元,0,10055.0,14.40亿,143965,0,0%,缩量,20.46万,5.8,6.1,4.2,阳线,观望,未分类,未分类,未分类,0,10.27,10.62,10.35,10.19,11.52,10.35,9.18,布林带内,0.09,0.18,-0.17,无信号,震荡整理,否,获取公告失败
2026-05-22,300332.SZ,天壕能源,创业板,5.3,1.53%,开,215132,2183,0万元,0,10747.0,20.47亿,204679,0,0%,缩量,43.99万,5.7,6.1,4.1,阳线||布林带下轨,布林带下轨支撑,未分类,未分类,未分类,0,11.59,11.71,11.98,12.85,12.76,11.98,11.19,下轨下方,-0.35,-0.28,-0.13,无信号,震荡整理,否,获取公告失败
2026-05-22,002160.SZ,常铝股份,深市主板,4.74,3.72%,开,214869,2184,0万元,0,9627.0,20.59亿,205948,0,0%,缩量,48.86万,5.9,6.2,4.2,阳线,观望,未分类,未分类,未分类,0,10.03,10.16,10.36,11.03,10.93,10.36,9.79,布林带内,-0.24,-0.21,-0.06,无信号,震荡整理,否,获取公告失败
2026-05-22,601156.SH,东航物流,沪市主板,16.05,0.63%,开,214754,2185,0万元,0,11162.0,6.95亿,69531,0,0%,缩量,151.61万,5.6,6.0,4.0,价升||布林带下轨,布林带下轨支撑,未分类,未分类,未分类,0,17.22,17.49,17.87,18.92,19.15,17.87,16.6,下轨下方,-0.47,-0.39,-0.16,死叉,震荡整理,否,获取公告失败
2026-05-22,300982.SZ,苏文电能,创业板,21.57,2.76%,开,214696,2186,0万元,0,10088.0,4.72亿,47183,0,0%,缩量,41.82万,5.8,6.1,4.2,阳线||布林带下轨,布林带下轨支撑,未分类,未分类,未分类,0,27.82,29.18,29.17,30.49,33.66,29.17,24.69,下轨下方,-0.75,-0.17,-1.17,无信号,震荡整理,否,获取公告失败
2026-05-22,002860.SZ,星帅尔,深市主板,13.61,3.18%,开,214651,2187,0万元,0,9873.0,7.34亿,73372,0,0%,缩量,47.84万,5.8,6.2,4.2,阳线,观望,未分类,未分类,未分类,0,0.0,0.0,0.0,0.0,0.0,0.0,0.0,未知,0.0,0.0,0.0,,未知,否,获取公告失败
2026-05-22,300587.SZ,天铁科技,创业板,5.68,0.35%,开,214596,2188,0万元,0,11283.0,19.90亿,198978,0,0%,缩量,59.79万,5.5,6.0,4.0,价升||布林带下轨,布林带下轨支撑,未分类,未分类,未分类,0,40.95,47.33,49.93,50.75,71.23,49.93,28.64,下轨下方,-3.6,-0.21,-6.79,无信号,震荡整理,否,获取公告失败
2026-05-22,688023.SH,安恒信息,科创板,43.86,2.48%,开,214583,2189,0万元,0,10220.0,235.95亿,2359510,0,0%,缩量,44.64万,5.7,6.1,4.2,阳线||布林带下轨,布林带下轨支撑,未分类,未分类,未分类,0,55.47,57.57,60.13,65.81,70.16,60.13,50.09,下轨下方,-3.25,-2.28,-1.95,无信号,震荡整理,否,获取公告失败
2026-05-22,002264.SZ,新 华 都,深市主板,7.08,1.43%,开,214503,2190,0万元,0,10734.0,15.26亿,152598,0,0%,缩量,46.36万,5.6,6.1,4.1,阳线,观望,未分类,未分类,未分类,0,34.75,36.99,38.13,40.34,42.86,38.13,33.39,布林带内,-1.45,-0.83,-1.24,无信号,震荡整理,否,获取公告失败
2026-05-22,002395.SZ,双象股份,深市主板,16.18,0.12%,开,214408,2191,0万元,0,11379.0,7.03亿,70272,0,0%,缩量,43.39万,5.5,6.0,4.0,阳线||布林带下轨,布林带下轨支撑,未分类,未分类,未分类,0,50.72,56.89,58.78,58.5,72.51,58.78,45.05,下轨下方,-2.58,-0.12,-4.92,无信号,震荡整理,否,获取公告失败
2026-05-22,301256.SZ,华融化学,创业板,13.22,0.99%,开,214355,2192,0万元,0,10939.0,8.27亿,82715,0,0%,缩量,63.46万,5.6,6.0,4.1,阳线||布林带下轨,布林带下轨支撑,未分类,未分类,未分类,0,14.16,14.55,14.56,14.64,15.48,14.56,13.64,下轨下方,-0.09,0.06,-0.29,无信号,震荡整理,否,获取公告失败
2026-05-22,000531.SZ,穗恒运Ａ,深市主板,7.03,0.86%,开,214314,2193,0万元,0,11001.0,15.77亿,157748,0,0%,缩量,63.96万,5.6,6.0,4.1,阳线||布林带下轨,布林带下轨支撑,未分类,未分类,未分类,0,82.32,84.89,85.66,85.32,96.56,85.66,74.75,下轨下方,-1.41,0.27,-3.35,无信号,震荡整理,否,获取公告失败
2026-05-22,601966.SH,玲珑轮胎,沪市主板,12.3,0.33%,开,214191,2194,0万元,0,11256.0,9.17亿,91679,0,0%,缩量,180.01万,5.5,6.0,4.0,价升||布林带下轨,布林带下轨支撑,未分类,未分类,未分类,0,14.59,15.23,15.78,16.73,17.67,15.78,13.89,下轨下方,-0.66,-0.42,-0.48,无信号,震荡整理,否,获取公告失败
2026-05-22,300654.SZ,世纪天鸿,创业板,10.57,2.62%,开,213986,2195,0万元,0,10088.0,9.69亿,96908,0,0%,缩量,37.27万,5.8,6.1,4.2,阳线||布林带下轨,布林带下轨支撑,未分类,未分类,未分类,0,33.35,36.61,37.32,37.82,47.77,37.32,26.87,下轨下方,-1.74,-0.06,-3.36,无信号,震荡整理,否,获取公告失败
2026-05-22,300230.SZ,永利股份,创业板,5.12,4.28%,开,213984,2196,0万元,0,9260.0,18.34亿,183392,0,0%,缩量,32.25万,5.9,6.2,4.3,阳线||布林带下轨,布林带下轨支撑,未分类,未分类,未分类,0,35.45,36.05,35.89,36.04,38.42,35.89,33.37,下轨下方,-0.13,0.2,-0.66,无信号,震荡整理,否,获取公告失败
2026-05-22,603701.SH,德宏股份,沪市主板,25.55,0.55%,开,213964,2197,0万元,0,11121.0,4.36亿,43585,0,0%,缩量,66.78万,5.6,6.0,4.0,阳线||布林带下轨,布林带下轨支撑,未分类,未分类,未分类,0,78.4,82.66,84.46,79.01,102.24,84.46,66.68,下轨下方,-1.83,1.06,-5.78,无信号,震荡整理,否,获取公告失败
2026-05-22,301158.SZ,德石股份,创业板,24.51,0.04%,开,213804,2198,0万元,0,11360.0,4.65亿,46472,0,0%,缩量,35.94万,5.5,6.0,4.0,价升,观望,未分类,未分类,未分类,0,26.46,27.24,26.87,27.12,29.45,26.87,24.28,布林带内,0.04,0.31,-0.54,无信号,震荡整理,否,获取公告失败
2026-05-22,688113.SH,联测科技,科创板,46.49,4.35%,开,213773,2199,0万元,0,9200.0,201.18亿,2011822,0,0%,缩量,29.94万,5.9,6.2,4.3,阳线||多头排列||MA5上穿MA10,多头排列,未分类,未分类,未分类,0,46.7,46.3,44.64,42.43,49.69,44.64,39.59,布林带内,1.47,1.41,0.13,无信号,多头排列,是,获取公告失败
2026-05-22,603030.SH,全筑股份,沪市主板,2.81,2.55%,开,213653,2200,0万元,0,10088.0,36.36亿,363600,0,0%,缩量,37.01万,5.8,6.1,4.2,阳线,观望,未分类,未分类,未分类,0,10.19,10.55,10.11,9.66,11.92,10.11,8.29,布林带内,0.19,0.34,-0.3,无信号,震荡整理,否,获取公告失败
2026-05-22,300569.SZ,天能重工,创业板,5.72,1.42%,开,213642,2201,0万元,0,10655.0,18.69亿,186949,0,0%,缩量,58.32万,5.6,6.1,4.1,阳线||布林带下轨,布林带下轨支撑,未分类,未分类,未分类,0,43.85,49.14,52.29,57.28,72.29,52.29,32.28,下轨下方,-4.91,-2.01,-5.8,无信号,震荡整理,否,获取公告失败
2026-05-22,603499.SH,翔港科技,沪市主板,21.48,3.12%,开,213362,2202,0万元,0,9776.0,4.62亿,46203,0,0%,缩量,65.00万,5.8,6.2,4.2,阳线||布林带下轨,布林带下轨支撑,未分类,未分类,未分类,0,52.33,57.2,57.48,61.14,74.89,57.48,40.06,下轨下方,-3.21,-0.86,-4.7,死叉,震荡整理,否,获取公告失败
2026-05-22,000545.SZ,金浦钛业,深市主板,2.68,3.08%,开,213314,2203,0万元,0,9793.0,37.09亿,370924,0,0%,缩量,26.41万,5.8,6.2,4.2,阳线||布林带下轨,布林带下轨支撑,未分类,未分类,未分类,0,13.07,14.16,14.68,16.28,17.56,14.68,11.8,下轨下方,-0.89,-0.45,-0.87,无信号,震荡整理,否,获取公告失败
2026-05-22,603918.SH,金桥信息,沪市主板,12.53,1.05%,开,213261,2204,0万元,0,10802.0,8.71亿,87126,0,0%,缩量,45.75万,5.6,6.1,4.1,阳线||布林带下轨,布林带下轨支撑,未分类,未分类,未分类,0,41.17,44.15,45.83,48.51,55.85,45.83,35.81,下轨下方,-2.5,-1.01,-2.99,无信号,震荡整理,否,获取公告失败
2026-05-22,600470.SH,六国化工,沪市主板,5.85,2.81%,开,213219,2205,0万元,0,9916.0,17.09亿,170883,0,0%,缩量,30.51万,5.8,6.1,4.2,阳线||布林带下轨,布林带下轨支撑,未分类,未分类,未分类,0,13.6,14.36,15.24,16.6,17.78,15.24,12.7,下轨下方,-0.85,-0.51,-0.68,无信号,震荡整理,否,获取公告失败
2026-05-22,688176.SH,亚虹医药-U,科创板,12.39,0.32%,开,213069,2206,0万元,0,11145.0,907.37亿,9073694,0,0%,缩量,53.98万,5.5,6.0,4.0,价升,观望,未分类,未分类,未分类,0,12.51,12.65,12.8,13.55,13.37,12.8,12.24,布林带内,-0.28,-0.26,-0.06,无信号,震荡整理,否,获取公告失败
2026-05-22,300168.SZ,万达信息,创业板,5.64,0.89%,开,212932,2207,0万元,0,10846.0,19.39亿,193909,0,0%,缩量,81.17万,5.6,6.0,4.1,价升,观望,未分类,未分类,未分类,0,47.8,48.41,47.7,48.63,51.24,47.7,44.17,布林带内,-0.0,0.14,-0.29,无信号,震荡整理,否,获取公告失败
2026-05-22,002632.SZ,道明光学,深市主板,10.59,2.72%,开,212879,2208,0万元,0,9930.0,9.46亿,94617,0,0%,缩量,60.83万,5.8,6.1,4.2,阳线,观望,未分类,未分类,未分类,0,0.0,0.0,0.0,0.0,0.0,0.0,0.0,未知,0.0,0.0,0.0,,未知,否,获取公告失败
2026-05-22,603577.SH,XD汇金通,沪市主板,11.14,5.59%,开,212822,2209,0万元,0,8486.0,7.72亿,77193,0,0%,缩量,37.78万,6.1,6.3,4.4,阳线,观望,未分类,未分类,未分类,0,0.0,0.0,0.0,0.0,0.0,0.0,0.0,未知,0.0,0.0,0.0,,未知,否,获取公告失败
2026-05-22,300211.SZ,*ST亿通,创业板,9.15,5.54%,开,212691,2210,0万元,0,8501.0,9.57亿,95737,0,0%,缩量,27.31万,6.1,6.3,4.4,阳线,观望,未分类,未分类,未分类,0,57.25,58.17,57.25,55.07,60.66,57.25,53.83,布林带内,0.89,1.1,-0.42,无信号,震荡整理,否,获取公告失败
2026-05-22,300875.SZ,捷强装备,创业板,38.63,1.44%,开,212491,2211,0万元,0,10527.0,2.76亿,27574,0,0%,缩量,33.91万,5.6,6.1,4.1,阳线||布林带下轨,布林带下轨支撑,未分类,未分类,未分类,0,48.87,50.39,50.96,57.01,57.11,50.96,44.8,下轨下方,-2.16,-1.55,-1.22,死叉,震荡整理,否,获取公告失败
2026-05-22,600540.SH,新赛股份,沪市主板,5.05,2.02%,开,212461,2212,0万元,0,10236.0,20.55亿,205524,0,0%,缩量,29.36万,5.7,6.1,4.1,阳线||布林带下轨,布林带下轨支撑,未分类,未分类,未分类,0,15.64,16.62,16.35,15.7,19.02,16.35,13.67,下轨下方,0.05,0.44,-0.77,无信号,震荡整理,否,获取公告失败
2026-05-22,688517.SH,金冠电气,科创板,23.43,3.67%,开,212282,2213,0万元,0,9392.0,403.78亿,4037828,0,0%,缩量,32.01万,5.9,6.2,4.2,阳线,观望,未分类,未分类,未分类,0,24.74,25.08,24.44,22.14,26.55,24.44,22.34,布林带内,0.61,0.84,-0.44,无信号,震荡整理,否,获取公告失败
2026-05-22,000826.SZ,*ST启环,深市主板,2.26,5.12%,开,212281,2214,0万元,0,8670.0,38.93亿,389280,0,0%,缩量,32.21万,6.0,6.3,4.3,阳线||MA5上穿MA10,观望,未分类,未分类,未分类,0,13.97,13.82,12.43,13.36,15.7,12.43,9.16,布林带内,0.55,0.28,0.55,无信号,震荡整理,否,获取公告失败
2026-05-22,600448.SH,华纺股份,沪市主板,3.31,3.44%,开,212187,2215,0万元,0,9500.0,29.27亿,292733,0,0%,缩量,20.85万,5.8,6.2,4.2,阳线||布林带下轨,布林带下轨支撑,未分类,未分类,未分类,0,6.79,7.28,7.41,7.3,8.93,7.41,5.88,下轨下方,-0.22,0.04,-0.52,无信号,震荡整理,否,获取公告失败
2026-05-22,002981.SZ,朝阳科技,深市主板,26.21,2.86%,开,212094,2216,0万元,0,9777.0,3.77亿,37694,0,0%,缩量,31.30万,5.8,6.1,4.2,阳线||布林带下轨,布林带下轨支撑,未分类,未分类,未分类,0,34.23,35.51,35.68,36.57,40.41,35.68,30.95,下轨下方,-0.68,-0.06,-1.25,死叉,震荡整理,否,获取公告失败
2026-05-22,300365.SZ,恒华科技,创业板,5.98,2.22%,开,212011,2217,0万元,0,10090.0,17.06亿,170605,0,0%,缩量,30.60万,5.7,6.1,4.1,阳线||布林带下轨,布林带下轨支撑,未分类,未分类,未分类,0,64.61,66.87,66.6,70.94,78.44,66.6,54.77,下轨下方,-2.04,-0.69,-2.7,死叉,震荡整理,否,获取公告失败
2026-05-22,600251.SH,冠农股份,沪市主板,10.53,1.15%,开,211983,2218,0万元,0,10622.0,10.18亿,101782,0,0%,缩量,81.82万,5.6,6.1,4.1,阳线||布林带下轨,布林带下轨支撑,未分类,未分类,未分类,0,90.47,97.6,102.47,99.56,121.82,102.47,83.13,下轨下方,-3.6,-0.05,-7.1,无信号,震荡整理,否,获取公告失败
2026-05-22,002546.SZ,新联电子,深市主板,7.91,1.41%,开,211611,2219,0万元,0,10456.0,13.27亿,132718,0,0%,缩量,63.38万,5.6,6.1,4.1,阳线,观望,未分类,未分类,未分类,0,0.0,0.0,0.0,0.0,0.0,0.0,0.0,未知,0.0,0.0,0.0,,未知,否,获取公告失败
2026-05-22,300187.SZ,永清环保,创业板,5.98,2.93%,开,211379,2220,0万元,0,9675.0,16.36亿,163631,0,0%,缩量,38.38万,5.8,6.1,4.2,阳线,观望,未分类,未分类,未分类,0,58.55,58.87,57.36,55.52,63.71,57.36,51.01,布林带内,1.09,1.38,-0.59,死叉,震荡整理,否,获取公告失败
2026-05-22,300120.SZ,经纬辉开,创业板,7.13,1.57%,开,211314,2221,0万元,0,10348.0,14.68亿,146848,0,0%,缩量,37.61万,5.7,6.1,4.1,阳线||布林带下轨,布林带下轨支撑,未分类,未分类,未分类,0,24.08,24.6,24.78,26.16,26.18,24.78,23.38,下轨下方,-0.44,-0.31,-0.25,无信号,震荡整理,否,获取公告失败
2026-05-22,600743.SH,华远控股,沪市主板,2.46,0.82%,开,211308,2222,0万元,0,10721.0,43.77亿,437725,0,0%,缩量,57.71万,5.6,6.0,4.1,阳线||布林带下轨,布林带下轨支撑,未分类,未分类,未分类,0,71.13,77.4,77.65,70.84,102.18,77.65,53.11,下轨下方,-2.27,1.86,-8.26,无信号,震荡整理,否,获取公告失败
2026-05-22,300864.SZ,南大环境,创业板,24.28,4.12%,开,211233,2223,0万元,0,9065.0,3.76亿,37624,0,0%,缩量,38.34万,5.9,6.2,4.3,阳线||布林带下轨,布林带下轨支撑,未分类,未分类,未分类,0,74.39,81.0,81.26,79.53,109.15,81.26,53.38,下轨下方,-2.76,1.28,-8.08,死叉,震荡整理,否,获取公告失败
2026-05-22,688130.SH,晶华微,科创板,28.71,2.35%,开,211124,2224,0万元,0,9936.0,350.45亿,3504546,0,0%,缩量,17.31万,5.7,6.1,4.2,阳线||布林带下轨,布林带下轨支撑,未分类,未分类,未分类,0,48.69,49.73,47.41,42.76,60.4,47.41,34.42,下轨下方,1.37,2.67,-2.62,死叉,震荡整理,否,获取公告失败
2026-05-22,301125.SZ,腾亚精工,创业板,24.96,2.72%,开,211080,2225,0万元,0,9750.0,3.96亿,39563,0,0%,缩量,31.37万,5.8,6.1,4.2,阳线||布林带下轨,布林带下轨支撑,未分类,未分类,未分类,0,44.95,47.72,48.55,46.22,60.26,48.55,36.84,下轨下方,-0.95,0.89,-3.67,无信号,震荡整理,否,获取公告失败
2026-05-22,603132.SH,金徽股份,沪市主板,18.07,0.17%,开,210971,2226,0万元,0,11014.0,6.04亿,60435,0,0%,缩量,176.72万,5.5,6.0,4.0,阳线,观望,未分类,未分类,未分类,0,0.0,0.0,0.0,0.0,0.0,0.0,0.0,未知,0.0,0.0,0.0,,未知,否,获取公告失败
2026-05-22,600756.SH,浪潮软件,沪市主板,15.33,0.66%,开,210882,2227,0万元,0,10760.0,7.07亿,70657,0,0%,缩量,49.68万,5.6,6.0,4.0,阳线||布林带下轨,布林带下轨支撑,未分类,未分类,未分类,0,77.42,81.35,82.56,85.68,92.62,82.56,72.5,下轨下方,-2.8,-1.28,-3.04,无信号,震荡整理,否,获取公告失败
2026-05-22,600159.SH,大龙地产,沪市主板,3.01,3.08%,开,210340,2228,0万元,0,9493.0,32.21亿,322099,0,0%,缩量,24.98万,5.8,6.2,4.2,阳线||布林带下轨,布林带下轨支撑,未分类,未分类,未分类,0,14.53,15.23,15.23,14.86,17.22,15.23,13.24,下轨下方,-0.16,0.17,-0.67,无信号,震荡整理,否,获取公告失败
2026-05-22,002951.SZ,金时科技,深市主板,16.03,2.95%,开,210231,2229,0万元,0,9546.0,6.04亿,60369,0,0%,缩量,64.30万,5.8,6.1,4.2,阳线,观望,未分类,未分类,未分类,0,17.97,18.33,17.91,17.4,19.79,17.91,16.03,布林带内,0.1,0.27,-0.34,无信号,震荡整理,否,获取公告失败
2026-05-22,300399.SZ,天利科技,创业板,21.9,1.01%,开,210223,2230,0万元,0,10515.0,4.83亿,48271,0,0%,缩量,43.27万,5.6,6.1,4.1,阳线,观望,未分类,未分类,未分类,0,55.27,56.32,55.38,56.75,59.24,55.38,51.51,布林带内,0.13,0.29,-0.31,无信号,震荡整理,否,获取公告失败
2026-05-22,300447.SZ,全信股份,创业板,17.63,2.14%,开,210188,2231,0万元,0,9947.0,5.68亿,56826,0,0%,缩量,35.52万,5.7,6.1,4.1,阳线,观望,未分类,未分类,未分类,0,0.0,0.0,0.0,0.0,0.0,0.0,0.0,未知,0.0,0.0,0.0,,未知,否,获取公告失败
2026-05-22,688580.SH,伟思医疗,科创板,57.78,1.19%,开,210104,2232,0万元,0,10415.0,181.14亿,1811362,0,0%,缩量,55.34万,5.6,6.1,4.1,阳线||布林带下轨,布林带下轨支撑,未分类,未分类,未分类,0,82.58,88.04,90.4,86.17,106.81,90.4,73.99,下轨下方,-2.05,1.03,-6.16,无信号,震荡整理,否,获取公告失败
2026-05-22,688077.SH,XD大地熊,科创板,30.65,4.64%,开,210096,2233,0万元,0,8688.0,287.40亿,2874035,0,0%,缩量,35.09万,6.0,6.2,4.3,阳线,观望,未分类,未分类,未分类,0,0.0,0.0,0.0,0.0,0.0,0.0,0.0,未知,0.0,0.0,0.0,,未知,否,获取公告失败
2026-05-22,000998.SZ,隆平高科,深市主板,8.44,0.24%,开,209977,2234,0万元,0,10879.0,13.00亿,130037,0,0%,缩量,110.94万,5.5,6.0,4.0,阳线||布林带下轨,布林带下轨支撑,未分类,未分类,未分类,0,89.74,93.86,97.32,103.85,109.63,97.32,85.0,下轨下方,-4.34,-2.74,-3.2,无信号,震荡整理,否,获取公告失败
2026-05-22,600710.SH,苏美达,沪市主板,12.08,0.08%,开,209964,2235,0万元,0,10955.0,9.04亿,90437,0,0%,缩量,157.86万,5.5,6.0,4.0,价升||布林带下轨,布林带下轨支撑,未分类,未分类,未分类,0,79.04,82.81,85.98,90.03,101.95,85.98,70.0,下轨下方,-3.83,-1.67,-4.34,无信号,震荡整理,否,获取公告失败
2026-05-22,300111.SZ,向日葵,创业板,3.62,0.56%,开,209887,2236,0万元,0,10711.0,29.60亿,295971,0,0%,缩量,46.60万,5.6,6.0,4.0,价升||布林带下轨,布林带下轨支撑,未分类,未分类,未分类,0,8.6,8.94,8.96,9.4,9.63,8.96,8.28,下轨下方,-0.19,-0.1,-0.17,无信号,震荡整理,否,获取公告失败
2026-05-22,603194.SH,中力股份,沪市主板,36.82,3.08%,开,209887,2236,0万元,0,9449.0,2.57亿,25739,0,0%,缩量,58.19万,5.8,6.2,4.2,阳线,观望,未分类,未分类,未分类,0,36.78,37.29,36.6,35.85,38.96,36.6,34.25,布林带内,0.45,0.52,-0.14,无信号,震荡整理,否,获取公告失败
2026-05-22,002199.SZ,*ST东晶,深市主板,13.57,5.03%,开,209864,2237,0万元,0,8471.0,6.31亿,63136,0,0%,缩量,31.34万,6.0,6.3,4.3,阳线,观望,未分类,未分类,未分类,0,34.59,35.02,31.09,24.82,39.96,31.09,22.21,布林带内,3.03,2.96,0.13,无信号,震荡整理,否,获取公告失败
2026-05-22,603169.SH,兰石重装,沪市主板,8.48,0.47%,开,209649,2238,0万元,0,10728.0,12.66亿,126641,0,0%,缩量,110.77万,5.5,6.0,4.0,价升,观望,未分类,未分类,未分类,0,14.14,14.4,14.34,16.37,15.52,14.34,13.15,布林带内,-0.49,-0.52,0.07,无信号,震荡整理,否,获取公告失败
2026-05-22,688683.SH,莱尔科技,科创板,43.67,1.56%,开,209560,2239,0万元,0,10177.0,232.74亿,2327435,0,0%,缩量,67.77万,5.7,6.1,4.1,阳线||多头排列||MA5上穿MA10,多头排列,未分类,未分类,未分类,0,45.38,45.23,45.07,39.29,47.61,45.07,42.53,布林带内,1.49,1.95,-0.93,无信号,多头排列,是,获取公告失败
2026-05-22,600215.SH,派斯林,沪市主板,7.02,2.18%,开,209387,2240,0万元,0,9847.0,14.14亿,141387,0,0%,缩量,32.07万,5.7,6.1,4.1,阳线||布林带下轨,布林带下轨支撑,未分类,未分类,未分类,0,15.2,15.61,15.68,16.04,17.73,15.68,13.62,下轨下方,-0.27,-0.01,-0.52,死叉,震荡整理,否,获取公告失败
2026-05-22,600502.SH,安徽建工,沪市主板,5.09,0.99%,开,209340,2241,0万元,0,10438.0,20.59亿,205941,0,0%,缩量,87.37万,5.6,6.0,4.1,阳线||布林带下轨,布林带下轨支撑,未分类,未分类,未分类,0,72.36,77.15,80.48,79.51,97.55,80.48,63.4,下轨下方,-3.59,-0.86,-5.46,无信号,震荡整理,否,获取公告失败
2026-05-22,300471.SZ,厚普股份,创业板,11.02,2.80%,开,209252,2242,0万元,0,9526.0,8.71亿,87080,0,0%,缩量,40.39万,5.8,6.1,4.2,阳线,观望,未分类,未分类,未分类,0,58.1,59.6,61.39,68.73,66.79,61.39,55.99,布林带内,-2.59,-2.27,-0.63,无信号,震荡整理,否,获取公告失败
2026-05-22,301270.SZ,汉仪股份,创业板,31.18,3.45%,开,209242,2243,0万元,0,9199.0,2.96亿,29622,0,0%,缩量,29.46万,5.8,6.2,4.2,阳线||布林带下轨,布林带下轨支撑,未分类,未分类,未分类,0,32.32,33.05,33.98,35.04,36.66,33.98,31.3,下轨下方,-0.77,-0.45,-0.64,无信号,震荡整理,否,获取公告失败
2026-05-22,301098.SZ,金埔园林,创业板,10.57,3.63%,开,209227,2244,0万元,0,9109.0,8.70亿,86979,0,0%,缩量,15.82万,5.9,6.2,4.2,阳线||布林带下轨,布林带下轨支撑,未分类,未分类,未分类,0,14.93,15.52,14.9,14.09,17.76,14.9,12.04,下轨下方,0.2,0.52,-0.64,死叉,震荡整理,否,获取公告失败
2026-05-22,300581.SZ,晨曦航空,创业板,12.06,2.29%,开,209160,2245,0万元,0,9771.0,8.21亿,82149,0,0%,缩量,66.34万,5.7,6.1,4.2,阳线||布林带下轨,布林带下轨支撑,未分类,未分类,未分类,0,123.93,138.04,142.63,156.23,189.42,142.63,95.85,下轨下方,-10.49,-3.7,-13.58,无信号,震荡整理,否,获取公告失败
2026-05-22,000912.SZ,泸天化,深市主板,4.01,1.78%,开,208883,2246,0万元,0,10000.0,25.16亿,251557,0,0%,缩量,62.88万,5.7,6.1,4.1,阳线||布林带下轨,布林带下轨支撑,未分类,未分类,未分类,0,10.29,10.92,11.69,12.57,14.25,11.69,9.12,下轨下方,-0.76,-0.42,-0.67,无信号,震荡整理,否,获取公告失败
2026-05-22,000598.SZ,兴蓉环境,深市主板,6.58,0.46%,开,208840,2247,0万元,0,10655.0,16.21亿,162095,0,0%,缩量,196.03万,5.5,6.0,4.0,价升||布林带下轨,布林带下轨支撑,未分类,未分类,未分类,0,198.12,209.91,218.0,224.58,265.53,218.0,170.47,下轨下方,-9.87,-2.96,-13.83,无信号,震荡整理,否,获取公告失败
2026-05-22,600980.SH,北矿科技,沪市主板,23.0,4.03%,开,208836,2248,0万元,0,8871.0,3.92亿,39247,0,0%,缩量,43.53万,5.9,6.2,4.3,阳线||布林带下轨,布林带下轨支撑,未分类,未分类,未分类,0,38.54,40.25,40.53,40.78,45.64,40.53,35.41,下轨下方,-0.75,0.08,-1.66,无信号,震荡整理,否,获取公告失败
2026-05-22,688552.SH,航天南湖,科创板,35.22,0.40%,开,208835,2249,0万元,0,10684.0,304.73亿,3047285,0,0%,缩量,118.78万,5.5,6.0,4.0,阳线,观望,未分类,未分类,未分类,0,36.23,37.77,40.29,41.37,47.98,40.29,32.6,布林带内,-1.87,-1.23,-1.29,无信号,震荡整理,否,获取公告失败
2026-05-22,603661.SH,恒林股份,沪市主板,32.53,10.01%,开,208510,2250,0万元,0,5846.0,1.80亿,17971,0,0%,缩量,45.24万,6.5,6.5,4.7,价升||布林带下轨,布林带下轨支撑,未分类,未分类,未分类,0,41.95,43.61,46.17,48.84,53.9,46.17,38.44,下轨下方,-2.22,-1.36,-1.72,无信号,震荡整理,否,获取公告失败
2026-05-22,300345.SZ,华民股份,创业板,6.42,1.90%,开,208503,2251,0万元,0,9898.0,15.57亿,155707,0,0%,缩量,30.79万,5.7,6.1,4.1,阳线,观望,未分类,未分类,未分类,0,28.34,29.44,28.76,30.84,31.75,28.76,25.76,布林带内,-0.43,-0.31,-0.23,无信号,震荡整理,否,获取公告失败
2026-05-22,002479.SZ,富春环保,深市主板,5.27,2.53%,开,208495,2252,0万元,0,9585.0,18.25亿,182521,0,0%,缩量,45.48万,5.8,6.1,4.2,阳线,观望,未分类,未分类,未分类,0,0.0,0.0,0.0,0.0,0.0,0.0,0.0,未知,0.0,0.0,0.0,,未知,否,获取公告失败
2026-05-22,605162.SH,新中港,沪市主板,10.7,2.39%,开,208481,2253,0万元,0,9652.0,9.12亿,91151,0,0%,缩量,44.45万,5.7,6.1,4.2,阳线||布林带下轨,布林带下轨支撑,未分类,未分类,未分类,0,11.55,12.05,12.44,12.31,14.03,12.44,10.84,下轨下方,-0.45,-0.24,-0.42,无信号,震荡整理,否,获取公告失败
2026-05-22,002802.SZ,洪汇新材,深市主板,14.04,4.85%,开,208421,2254,0万元,0,8415.0,6.11亿,61080,0,0%,缩量,21.02万,6.0,6.2,4.3,阳线||布林带下轨,布林带下轨支撑,未分类,未分类,未分类,0,25.84,27.74,28.59,28.02,35.47,28.59,21.72,下轨下方,-1.12,0.02,-2.28,无信号,震荡整理,否,获取公告失败
2026-05-22,601199.SH,江南水务,沪市主板,5.96,2.05%,开,208213,2255,0万元,0,9794.0,16.40亿,163976,0,0%,缩量,55.74万,5.7,6.1,4.1,阳线,观望,未分类,未分类,未分类,0,27.89,28.8,27.83,27.97,31.15,27.83,24.51,布林带内,0.14,0.32,-0.35,死叉,震荡整理,否,获取公告失败
2026-05-22,603033.SH,三维股份,沪市主板,11.04,2.41%,开,208149,2256,0万元,0,9609.0,8.77亿,87656,0,0%,缩量,111.78万,5.7,6.1,4.2,阳线||布林带下轨,布林带下轨支撑,未分类,未分类,未分类,0,62.68,69.32,72.25,71.43,98.98,72.25,45.53,下轨下方,-4.42,-0.24,-8.36,无信号,震荡整理,否,获取公告失败
2026-05-22,000881.SZ,中广核技,深市主板,7.77,2.24%,开,208114,2257,0万元,0,9693.0,12.66亿,126551,0,0%,缩量,70.22万,5.7,6.1,4.1,阳线||布林带下轨,布林带下轨支撑,未分类,未分类,未分类,0,35.17,36.31,36.3,36.82,39.66,36.3,32.95,下轨下方,-0.49,0.02,-1.01,无信号,震荡整理,否,获取公告失败
2026-05-22,600375.SH,汉马科技,沪市主板,4.66,1.08%,开,208002,2258,0万元,0,10258.0,22.13亿,221254,0,0%,缩量,68.16万,5.6,6.1,4.1,阳线||布林带下轨,布林带下轨支撑,未分类,未分类,未分类,0,18.59,19.84,20.76,21.49,24.64,20.76,16.88,下轨下方,-0.99,-0.37,-1.23,无信号,震荡整理,否,获取公告失败
2026-05-22,002296.SZ,辉煌科技,深市主板,11.02,1.66%,开,207812,2259,0万元,0,9951.0,9.11亿,91126,0,0%,缩量,38.28万,5.7,6.1,4.1,阳线||布林带下轨,布林带下轨支撑,未分类,未分类,未分类,0,59.34,60.91,60.91,63.88,64.73,60.91,57.1,下轨下方,-0.9,-0.48,-0.84,无信号,震荡整理,否,获取公告失败
2026-05-22,301233.SZ,盛帮股份,创业板,60.66,2.64%,开,207617,2260,0万元,0,9442.0,1.56亿,15606,0,0%,缩量,17.09万,5.8,6.1,4.2,阳线,观望,未分类,未分类,未分类,0,62.12,62.41,60.4,56.51,65.4,60.4,55.41,布林带内,1.66,1.86,-0.41,无信号,震荡整理,否,获取公告失败
2026-05-22,601339.SH,百隆东方,沪市主板,7.89,0.25%,开,207610,2261,0万元,0,10634.0,13.44亿,134433,0,0%,缩量,118.32万,5.5,6.0,4.0,价升||布林带下轨,布林带下轨支撑,未分类,未分类,未分类,0,20.87,21.9,22.49,21.01,25.18,22.49,19.8,下轨下方,-0.22,0.31,-1.06,无信号,震荡整理,否,获取公告失败
2026-05-22,600740.SH,山西焦化,沪市主板,3.73,0.54%,开,207555,2262,0万元,0,10486.0,28.25亿,282463,0,0%,缩量,95.57万,5.6,6.0,4.0,价升||布林带下轨,布林带下轨支撑,未分类,未分类,未分类,0,46.05,49.47,52.9,58.08,68.4,52.9,37.4,下轨下方,-4.07,-1.96,-4.22,无信号,震荡整理,否,获取公告失败
2026-05-22,603863.SH,松炀资源,沪市主板,17.23,0.41%,开,207379,2263,0万元,0,10534.0,6.12亿,61168,0,0%,缩量,35.26万,5.5,6.0,4.0,价升,观望,未分类,未分类,未分类,0,17.93,18.52,18.54,19.11,20.16,18.54,16.93,布林带内,-0.27,-0.09,-0.36,无信号,震荡整理,否,获取公告失败
2026-05-22,688639.SH,华恒生物,科创板,25.6,0.75%,开,207368,2264,0万元,0,10363.0,407.80亿,4078035,0,0%,缩量,64.03万,5.6,6.0,4.0,价升,观望,未分类,未分类,未分类,0,0.0,0.0,0.0,0.0,0.0,0.0,0.0,未知,0.0,0.0,0.0,,未知,否,获取公告失败
2026-05-22,603100.SH,川仪股份,沪市主板,20.22,0.65%,开,207245,2265,0万元,0,10401.0,5.15亿,51480,0,0%,缩量,103.43万,5.6,6.0,4.0,价升||布林带下轨,布林带下轨支撑,未分类,未分类,未分类,0,29.12,29.82,29.68,31.15,34.11,29.68,25.25,下轨下方,-0.64,-0.15,-0.97,死叉,震荡整理,否,获取公告失败
2026-05-22,301121.SZ,紫建电子,创业板,41.21,4.73%,开,207104,2266,0万元,0,8347.0,2.08亿,20784,0,0%,缩量,20.85万,6.0,6.2,4.3,阳线||布林带下轨,布林带下轨支撑,未分类,未分类,未分类,0,53.52,54.35,54.23,53.85,61.01,54.23,47.45,下轨下方,-0.27,0.56,-1.67,死叉,震荡整理,否,获取公告失败
2026-05-22,603956.SH,威派格,沪市主板,5.94,0.68%,开,207059,2267,0万元,0,10367.0,17.56亿,175646,0,0%,缩量,33.85万,5.6,6.0,4.0,阳线||布林带下轨||MA5上穿MA10,布林带下轨支撑,未分类,未分类,未分类,0,6.67,6.66,6.61,6.7,7.09,6.61,6.12,下轨下方,-0.01,0.01,-0.05,死叉,震荡整理,否,获取公告失败
2026-05-22,300793.SZ,佳禾智能,创业板,14.71,1.80%,开,206816,2268,0万元,0,9782.0,6.68亿,66780,0,0%,缩量,54.73万,5.7,6.1,4.1,阳线||布林带下轨,布林带下轨支撑,未分类,未分类,未分类,0,22.7,23.63,23.75,24.68,28.13,23.75,19.37,下轨下方,-0.68,-0.12,-1.12,死叉,震荡整理,否,获取公告失败
2026-05-22,002877.SZ,智能自控,深市主板,9.06,1.57%,开,206807,2269,0万元,0,9896.0,11.09亿,110948,0,0%,缩量,21.79万,5.7,6.1,4.1,阳线||布林带下轨,布林带下轨支撑,未分类,未分类,未分类,0,23.65,24.61,24.96,25.73,29.52,24.96,20.4,下轨下方,-0.74,-0.1,-1.28,死叉,震荡整理,否,获取公告失败
2026-05-22,688311.SH,盟升电子,科创板,32.0,1.33%,开,206699,2270,0万元,0,10005.0,314.66亿,3146586,0,0%,缩量,55.61万,5.6,6.1,4.1,阳线||布林带下轨,布林带下轨支撑,未分类,未分类,未分类,0,43.58,46.47,49.22,54.91,59.83,49.22,38.61,下轨下方,-3.4,-2.17,-2.45,无信号,震荡整理,否,获取公告失败
2026-05-22,688558.SH,国盛智科,科创板,41.09,1.86%,开,206625,2271,0万元,0,9733.0,237.04亿,2370398,0,0%,缩量,54.24万,5.7,6.1,4.1,阳线,观望,未分类,未分类,未分类,0,43.36,43.64,41.55,35.55,48.22,41.55,34.89,布林带内,2.32,2.66,-0.68,无信号,震荡整理,否,获取公告失败
2026-05-22,000541.SZ,佛山照明,深市主板,5.18,1.37%,开,206619,2272,0万元,0,9977.0,19.63亿,196333,0,0%,缩量,63.74万,5.6,6.1,4.1,阳线,观望,未分类,未分类,未分类,0,112.01,113.64,115.17,117.71,119.72,115.17,110.61,布林带内,-1.34,-1.04,-0.6,无信号,震荡整理,否,获取公告失败
2026-05-22,300048.SZ,合康新能,创业板,5.9,1.55%,开,206425,2273,0万元,0,9868.0,16.76亿,167589,0,0%,缩量,66.68万,5.7,6.1,4.1,阳线,观望,未分类,未分类,未分类,0,49.63,50.64,52.04,56.92,56.24,52.04,47.83,布林带内,-1.76,-1.5,-0.51,无信号,震荡整理,否,获取公告失败
2026-05-22,301592.SZ,六九一二,创业板,124.05,1.43%,开,206404,2274,0万元,0,9925.0,8051.00万,8051,0,0%,缩量,28.98万,5.6,6.1,4.1,阳线,观望,未分类,未分类,未分类,0,126.41,129.19,130.01,122.69,137.48,130.01,122.54,布林带内,0.8,2.21,-2.83,无信号,震荡整理,否,获取公告失败
2026-05-22,002316.SZ,亚联发展,深市主板,5.5,3.00%,开,206331,2275,0万元,0,9135.0,16.91亿,169060,0,0%,缩量,18.74万,5.8,6.1,4.2,阳线,观望,未分类,未分类,未分类,0,18.44,18.61,18.34,18.4,19.57,18.34,17.1,布林带内,0.08,0.12,-0.08,无信号,震荡整理,否,获取公告失败
2026-05-22,603595.SH,ST东尼,沪市主板,22.44,5.01%,开,206275,2276,0万元,0,8124.0,3.64亿,36444,0,0%,缩量,52.16万,6.0,6.3,4.3,阳线||多头排列||MA5上穿MA10,多头排列,未分类,未分类,未分类,0,40.75,40.35,38.29,34.36,45.13,38.29,31.45,布林带内,1.66,2.01,-0.71,死叉,多头排列,是,获取公告失败
2026-05-22,300248.SZ,新开普,创业板,9.83,1.24%,开,206249,2277,0万元,0,10007.0,10.25亿,102548,0,0%,缩量,40.21万,5.6,6.1,4.1,阳线||MA5上穿MA10,观望,未分类,未分类,未分类,0,102.3,101.91,101.78,110.32,107.3,101.78,96.26,布林带内,-1.84,-2.05,0.4,无信号,震荡整理,否,获取公告失败
2026-05-22,600408.SH,安泰集团,沪市主板,2.98,2.05%,开,206183,2278,0万元,0,9591.0,32.59亿,325881,0,0%,缩量,30.00万,5.7,6.1,4.1,阳线||布林带下轨,布林带下轨支撑,未分类,未分类,未分类,0,12.42,13.02,13.38,14.8,15.31,13.38,11.45,下轨下方,-0.63,-0.38,-0.5,无信号,震荡整理,否,获取公告失败
2026-05-22,300880.SZ,迦南智能,创业板,21.58,2.27%,开,206074,2279,0万元,0,9470.0,4.40亿,44048,0,0%,缩量,42.11万,5.7,6.1,4.2,阳线||布林带下轨,布林带下轨支撑,未分类,未分类,未分类,0,32.35,34.87,35.12,35.06,42.13,35.12,28.1,下轨下方,-1.02,0.16,-2.35,无信号,震荡整理,否,获取公告失败
2026-05-22,002501.SZ,*ST利源,深市主板,1.46,5.04%,开,205989,2280,0万元,0,8081.0,55.69亿,556871,0,0%,缩量,51.78万,6.0,6.3,4.3,阳线,观望,未分类,未分类,未分类,0,12.39,12.68,13.28,15.52,15.71,13.28,10.85,布林带内,-0.92,-0.87,-0.1,死叉,震荡整理,否,获取公告失败
2026-05-22,605080.SH,浙江自然,沪市主板,26.53,5.49%,开,205885,2281,0万元,0,7845.0,3.00亿,30048,0,0%,缩量,37.24万,6.0,6.3,4.4,阳线||布林带下轨,布林带下轨支撑,未分类,未分类,未分类,0,35.27,37.14,36.98,35.29,42.57,36.98,31.4,下轨下方,-0.25,0.7,-1.89,无信号,震荡整理,否,获取公告失败
2026-05-22,605286.SH,XD同力天,沪市主板,39.74,2.45%,开,205835,2282,0万元,0,9359.0,2.38亿,23779,0,0%,缩量,66.76万,5.7,6.1,4.2,阳线,观望,未分类,未分类,未分类,0,0.0,0.0,0.0,0.0,0.0,0.0,0.0,未知,0.0,0.0,0.0,,未知,否,获取公告失败
2026-05-22,002313.SZ,日海智能,深市主板,9.91,2.80%,开,205614,2283,0万元,0,9161.0,9.32亿,93153,0,0%,缩量,37.10万,5.8,6.1,4.2,阳线,观望,未分类,未分类,未分类,0,27.45,27.65,27.13,25.62,29.72,27.13,24.54,布林带内,0.59,0.75,-0.32,无信号,震荡整理,否,获取公告失败
2026-05-22,688573.SH,信宇人,科创板,24.29,4.70%,开,205581,2284,0万元,0,8209.0,343.69亿,3436912,0,0%,缩量,12.93万,6.0,6.2,4.3,阳线||多头排列||MA5上穿MA10,多头排列,未分类,未分类,未分类,0,24.27,24.24,23.36,21.89,25.67,23.36,21.05,布林带内,0.74,0.76,-0.03,无信号,多头排列,是,获取公告失败
2026-05-22,301280.SZ,珠城科技,创业板,48.91,1.24%,开,205569,2285,0万元,0,9936.0,2.03亿,20338,0,0%,缩量,27.48万,5.6,6.1,4.1,阳线,观望,未分类,未分类,未分类,0,0.0,0.0,0.0,0.0,0.0,0.0,0.0,未知,0.0,0.0,0.0,,未知,否,获取公告失败
2026-05-22,301107.SZ,瑜欣电子,创业板,29.0,3.53%,开,205502,2286,0万元,0,8783.0,3.08亿,30849,0,0%,缩量,17.03万,5.9,6.2,4.2,阳线||布林带下轨,布林带下轨支撑,未分类,未分类,未分类,0,38.39,39.39,39.92,41.3,45.16,39.92,34.67,下轨下方,-0.99,-0.33,-1.32,死叉,震荡整理,否,获取公告失败
2026-05-22,301372.SZ,科净源,创业板,38.18,1.35%,开,205499,2287,0万元,0,9873.0,2.58亿,25819,0,0%,缩量,15.72万,5.6,6.1,4.1,阳线||多头排列||MA5上穿MA10,多头排列,未分类,未分类,未分类,0,39.17,39.16,37.01,31.32,42.44,37.01,31.59,布林带内,2.14,2.35,-0.41,无信号,多头排列,是,获取公告失败
2026-05-22,300340.SZ,科恒股份,创业板,10.52,3.14%,开,205436,2288,0万元,0,8975.0,8.66亿,86555,0,0%,缩量,28.77万,5.8,6.2,4.2,阳线,观望,未分类,未分类,未分类,0,39.3,40.38,40.88,41.9,43.5,40.88,38.26,布林带内,-0.67,-0.32,-0.7,无信号,震荡整理,否,获取公告失败
2026-05-22,300515.SZ,三德科技,创业板,17.49,3.92%,开,205237,2289,0万元,0,8563.0,4.94亿,49379,0,0%,缩量,35.29万,5.9,6.2,4.3,阳线||布林带下轨,布林带下轨支撑,未分类,未分类,未分类,0,36.61,36.85,36.86,39.05,38.04,36.86,35.69,下轨下方,-0.58,-0.57,-0.03,死叉,震荡整理,否,获取公告失败
2026-05-22,301202.SZ,朗威股份,创业板,42.72,2.94%,开,204908,2290,0万元,0,9021.0,2.13亿,21318,0,0%,缩量,15.87万,5.8,6.1,4.2,阳线,观望,未分类,未分类,未分类,0,44.1,44.63,43.87,42.37,47.05,43.87,40.69,布林带内,0.53,0.77,-0.47,无信号,震荡整理,否,获取公告失败
2026-05-22,600658.SH,电子城,沪市主板,5.09,3.04%,开,204862,2291,0万元,0,8968.0,17.77亿,177716,0,0%,缩量,56.94万,5.8,6.2,4.2,阳线||布林带下轨,布林带下轨支撑,未分类,未分类,未分类,0,32.74,34.48,34.59,34.06,39.86,34.59,29.31,下轨下方,-0.6,0.26,-1.73,无信号,震荡整理,否,获取公告失败
2026-05-22,603190.SH,亚通精工,沪市主板,28.66,0.24%,开,204824,2292,0万元,0,10360.0,3.64亿,36433,0,0%,缩量,11.78万,5.5,6.0,4.0,阳线||多头排列||MA5上穿MA10,多头排列,未分类,未分类,未分类,0,29.62,29.49,28.52,27.26,31.4,28.52,25.65,布林带内,0.75,0.76,-0.03,死叉,多头排列,是,获取公告失败
2026-05-22,688185.SH,康希诺,科创板,62.4,0.24%,开,204824,2292,0万元,0,10362.0,166.65亿,1666487,0,0%,缩量,71.37万,5.5,6.0,4.0,阳线,观望,未分类,未分类,未分类,0,63.63,63.96,64.51,68.15,69.23,64.51,59.79,布林带内,-1.38,-1.36,-0.05,死叉,震荡整理,否,获取公告失败
2026-05-22,600844.SH,金煤科技,沪市主板,3.21,2.56%,开,204619,2293,0万元,0,9184.0,28.98亿,289836,0,0%,缩量,26.41万,5.8,6.1,4.2,阳线||布林带下轨,布林带下轨支撑,未分类,未分类,未分类,0,22.06,23.21,24.1,26.05,27.95,24.1,20.25,下轨下方,-1.36,-0.83,-1.07,无信号,震荡整理,否,获取公告失败
2026-05-22,601121.SH,宝地矿业,沪市主板,6.96,2.96%,开,204602,2294,0万元,0,8981.0,13.05亿,130510,0,0%,缩量,55.68万,5.8,6.1,4.2,阳线||布林带下轨,布林带下轨支撑,未分类,未分类,未分类,0,7.29,7.51,7.83,8.12,8.62,7.83,7.04,下轨下方,-0.24,-0.14,-0.2,无信号,震荡整理,否,获取公告失败
2026-05-22,002377.SZ,国创高新,深市主板,3.18,3.25%,开,204393,2295,0万元,0,8816.0,27.96亿,279595,0,0%,缩量,27.74万,5.8,6.2,4.2,阳线||布林带下轨,布林带下轨支撑,未分类,未分类,未分类,0,14.42,15.05,15.33,15.51,17.04,15.33,13.62,下轨下方,-0.3,-0.05,-0.5,无信号,震荡整理,否,获取公告失败
2026-05-22,603038.SH,华立股份,沪市主板,16.84,1.32%,开,204238,2296,0万元,0,9762.0,5.84亿,58384,0,0%,缩量,45.25万,5.6,6.1,4.1,阳线||布林带下轨,布林带下轨支撑,未分类,未分类,未分类,0,54.93,57.85,60.11,59.08,77.24,60.11,42.97,下轨下方,-2.25,0.21,-4.92,死叉,震荡整理,否,获取公告失败
2026-05-22,000852.SZ,石化机械,深市主板,6.39,0.31%,开,204159,2297,0万元,0,10259.0,16.17亿,161667,0,0%,缩量,60.74万,5.5,6.0,4.0,价升||布林带下轨,布林带下轨支撑,未分类,未分类,未分类,0,32.48,34.63,35.8,37.51,42.9,35.8,28.71,下轨下方,-1.59,-0.47,-2.24,无信号,震荡整理,否,获取公告失败
2026-05-22,300213.SZ,佳讯飞鸿,创业板,8.11,2.14%,开,204155,2298,0万元,0,9345.0,11.63亿,116311,0,0%,缩量,44.79万,5.7,6.1,4.1,阳线,观望,未分类,未分类,未分类,0,52.59,53.53,53.01,53.12,56.85,53.01,49.17,布林带内,0.06,0.42,-0.72,无信号,震荡整理,否,获取公告失败
2026-05-22,000848.SZ,承德露露,深市主板,8.71,0.23%,开,204140,2299,0万元,0,10299.0,11.82亿,118208,0,0%,缩量,88.07万,5.5,6.0,4.0,价升||布林带下轨,布林带下轨支撑,未分类,未分类,未分类,0,187.73,191.45,191.27,185.16,204.46,191.27,178.07,下轨下方,0.19,2.39,-4.4,无信号,震荡整理,否,获取公告失败
2026-05-22,600340.SH,*ST华幸,沪市主板,1.14,3.64%,开,204111,2300,0万元,0,8593.0,76.74亿,767434,0,0%,缩量,44.38万,5.9,6.2,4.2,阳线||布林带下轨,布林带下轨支撑,未分类,未分类,未分类,0,81.89,90.41,95.76,102.4,133.9,95.76,57.63,下轨下方,-7.98,-2.71,-10.54,死叉,震荡整理,否,获取公告失败
2026-05-22,301560.SZ,众捷汽车,创业板,39.43,1.89%,开,203791,2301,0万元,0,9436.0,2.38亿,23838,0,0%,缩量,24.08万,5.7,6.1,4.1,价升,观望,未分类,未分类,未分类,0,40.95,43.61,42.71,40.72,47.91,42.71,37.51,布林带内,0.13,0.8,-1.33,无信号,震荡整理,否,获取公告失败
2026-05-22,000659.SZ,珠海中富,深市主板,4.14,0.24%,开,203590,2302,0万元,0,10238.0,24.78亿,247814,0,0%,缩量,53.23万,5.5,6.0,4.0,价升||布林带下轨,布林带下轨支撑,未分类,未分类,未分类,0,66.56,68.1,67.72,69.06,77.21,67.72,58.23,下轨下方,-1.22,-0.16,-2.13,死叉,震荡整理,否,获取公告失败
2026-05-22,688631.SH,莱斯信息,科创板,54.56,1.51%,开,203554,2303,0万元,0,9602.0,177.21亿,1772133,0,0%,缩量,35.39万,5.7,6.1,4.1,阳线||布林带下轨,布林带下轨支撑,未分类,未分类,未分类,0,56.31,57.16,57.53,59.65,60.26,57.53,54.79,下轨下方,-0.54,-0.26,-0.56,无信号,震荡整理,否,获取公告失败
2026-05-22,600819.SH,耀皮玻璃,沪市主板,7.11,2.01%,开,203443,2304,0万元,0,9340.0,13.29亿,132871,0,0%,缩量,53.14万,5.7,6.1,4.1,阳线||布林带下轨,布林带下轨支撑,未分类,未分类,未分类,0,21.38,22.06,21.95,22.94,24.45,21.95,19.46,下轨下方,-0.4,-0.14,-0.51,死叉,震荡整理,否,获取公告失败
2026-05-22,601002.SH,晋亿实业,沪市主板,5.33,1.91%,开,203400,2305,0万元,0,9384.0,17.66亿,176643,0,0%,缩量,50.87万,5.7,6.1,4.1,阳线,观望,未分类,未分类,未分类,0,0.0,0.0,0.0,0.0,0.0,0.0,0.0,未知,0.0,0.0,0.0,,未知,否,获取公告失败
2026-05-22,301030.SZ,*ST仕净,创业板,11.35,2.16%,开,203251,2306,0万元,0,9245.0,8.18亿,81843,0,0%,缩量,22.94万,5.7,6.1,4.1,阳线||布林带下轨,布林带下轨支撑,未分类,未分类,未分类,0,15.39,15.81,15.74,16.49,18.46,15.74,13.02,下轨下方,-0.36,-0.15,-0.42,死叉,震荡整理,否,获取公告失败
2026-05-22,600071.SH,凤凰光学,沪市主板,18.93,2.38%,开,203238,2307,0万元,0,9134.0,4.85亿,48534,0,0%,缩量,53.30万,5.7,6.1,4.2,阳线||布林带下轨,布林带下轨支撑,未分类,未分类,未分类,0,102.29,106.94,110.42,112.3,125.18,110.42,95.65,下轨下方,-3.81,-1.48,-4.66,无信号,震荡整理,否,获取公告失败
2026-05-22,600691.SH,潞化科技,沪市主板,2.8,1.45%,开,203116,2308,0万元,0,9587.0,34.65亿,346481,0,0%,缩量,66.52万,5.6,6.1,4.1,阳线||布林带下轨,布林带下轨支撑,未分类,未分类,未分类,0,25.44,26.8,28.64,31.47,33.62,28.64,23.67,下轨下方,-1.69,-1.09,-1.18,无信号,震荡整理,否,获取公告失败
2026-05-22,300016.SZ,北陆药业,创业板,8.66,1.29%,开,203002,2309,0万元,0,9657.0,11.21亿,112050,0,0%,缩量,48.68万,5.6,6.1,4.1,阳线||布林带下轨,布林带下轨支撑,未分类,未分类,未分类,0,64.49,66.18,67.8,71.92,72.91,67.8,62.69,下轨下方,-2.21,-1.68,-1.06,无信号,震荡整理,否,获取公告失败
2026-05-22,601616.SH,广电电气,沪市主板,4.49,2.98%,开,202918,2310,0万元,0,8801.0,19.85亿,198504,0,0%,缩量,38.33万,5.8,6.1,4.2,阳线||布林带下轨,布林带下轨支撑,未分类,未分类,未分类,0,9.69,9.85,9.95,10.58,10.63,9.95,9.27,下轨下方,-0.22,-0.15,-0.15,无信号,震荡整理,否,获取公告失败
2026-05-22,300826.SZ,测绘股份,创业板,16.48,1.42%,开,202816,2311,0万元,0,9574.0,5.86亿,58633,0,0%,缩量,27.95万,5.6,6.1,4.1,阳线||布林带下轨,布林带下轨支撑,未分类,未分类,未分类,0,28.79,30.69,31.61,31.93,38.8,31.61,24.42,下轨下方,-1.3,-0.19,-2.23,无信号,震荡整理,否,获取公告失败
2026-05-22,603682.SH,锦和商管,沪市主板,8.8,0.46%,开,202673,2312,0万元,0,10039.0,11.32亿,113225,0,0%,缩量,41.58万,5.5,6.0,4.0,价升,观望,未分类,未分类,未分类,0,0.0,0.0,0.0,0.0,0.0,0.0,0.0,未知,0.0,0.0,0.0,,未知,否,获取公告失败
2026-05-22,600969.SH,郴电国际,沪市主板,10.32,1.57%,开,202624,2313,0万元,0,9475.0,9.26亿,92624,0,0%,缩量,38.19万,5.7,6.1,4.1,阳线||布林带下轨,布林带下轨支撑,未分类,未分类,未分类,0,19.96,20.78,20.6,20.33,23.4,20.6,17.81,下轨下方,-0.17,0.24,-0.81,无信号,震荡整理,否,获取公告失败
2026-05-22,688581.SH,安杰思,科创板,61.86,4.72%,开,202526,2314,0万元,0,7891.0,129.97亿,1299683,0,0%,缩量,25.71万,6.0,6.2,4.3,阳线||布林带下轨,布林带下轨支撑,未分类,未分类,未分类,0,83.72,89.26,88.68,84.94,103.67,88.68,73.68,下轨下方,-0.75,1.67,-4.85,无信号,震荡整理,否,获取公告失败
2026-05-22,603166.SH,福达股份,沪市主板,14.32,0.85%,开,202065,2315,0万元,0,9784.0,6.86亿,68570,0,0%,缩量,91.75万,5.6,6.0,4.1,阳线,观望,未分类,未分类,未分类,0,0.0,0.0,0.0,0.0,0.0,0.0,0.0,未知,0.0,0.0,0.0,,未知,否,获取公告失败
2026-05-22,688665.SH,四方光电,科创板,54.29,4.20%,开,202037,2316,0万元,0,8102.0,150.97亿,1509749,0,0%,缩量,54.94万,5.9,6.2,4.3,阳线||布林带下轨,布林带下轨支撑,未分类,未分类,未分类,0,74.78,76.49,75.3,72.73,87.0,75.3,63.61,下轨下方,0.1,1.57,-2.94,死叉,震荡整理,否,获取公告失败
2026-05-22,300541.SZ,先进数通,创业板,12.19,1.25%,开,201999,2317,0万元,0,9577.0,7.90亿,79003,0,0%,缩量,47.30万,5.6,6.1,4.1,阳线||布林带下轨,布林带下轨支撑,未分类,未分类,未分类,0,37.86,40.67,42.37,47.5,54.51,42.37,30.23,下轨下方,-3.26,-1.76,-3.0,死叉,震荡整理,否,获取公告失败
2026-05-22,002721.SZ,金一文化,深市主板,2.87,2.14%,开,201866,2318,0万元,0,9119.0,32.22亿,322218,0,0%,缩量,76.32万,5.7,6.1,4.1,阳线,观望,未分类,未分类,未分类,0,9.18,9.33,9.38,9.58,10.03,9.38,8.73,布林带内,-0.1,-0.03,-0.15,无信号,震荡整理,否,获取公告失败
2026-05-22,002827.SZ,高争民爆,深市主板,30.5,1.73%,开,201732,2319,0万元,0,9306.0,3.07亿,30709,0,0%,缩量,84.18万,5.7,6.1,4.1,阳线||布林带下轨,布林带下轨支撑,未分类,未分类,未分类,0,45.38,48.29,49.03,51.97,57.67,49.03,40.39,下轨下方,-2.08,-0.86,-2.44,无信号,震荡整理,否,获取公告失败
2026-05-22,301512.SZ,智信精密,创业板,54.38,4.76%,开,201731,2320,0万元,0,7794.0,1.46亿,14643,0,0%,缩量,13.49万,6.0,6.2,4.3,阳线,观望,未分类,未分类,未分类,0,53.76,54.65,52.83,50.0,57.57,52.83,48.1,布林带内,1.38,1.5,-0.25,无信号,震荡整理,否,获取公告失败
2026-05-22,301378.SZ,通达海,创业板,33.44,1.30%,开,201613,2321,0万元,0,9510.0,2.87亿,28650,0,0%,缩量,15.35万,5.6,6.1,4.1,阳线||布林带下轨,布林带下轨支撑,未分类,未分类,未分类,0,66.23,71.05,71.14,71.54,90.36,71.14,51.91,下轨下方,-2.24,0.52,-5.51,无信号,震荡整理,否,获取公告失败
2026-05-22,603776.SH,永安行,沪市主板,22.45,1.13%,开,201610,2322,0万元,0,9598.0,4.30亿,43021,0,0%,缩量,63.03万,5.6,6.1,4.1,阳线||布林带下轨,布林带下轨支撑,未分类,未分类,未分类,0,51.04,53.35,52.47,50.12,63.4,52.47,41.54,下轨下方,-0.22,1.16,-2.76,死叉,震荡整理,否,获取公告失败
2026-05-22,000570.SZ,苏常柴Ａ,深市主板,6.13,1.66%,开,201391,2323,0万元,0,9310.0,15.35亿,153548,0,0%,缩量,34.06万,5.7,6.1,4.1,阳线,观望,未分类,未分类,未分类,0,0.0,0.0,0.0,0.0,0.0,0.0,0.0,未知,0.0,0.0,0.0,,未知,否,获取公告失败
2026-05-22,000554.SZ,泰山石油,深市主板,7.33,0.27%,开,201327,2324,0万元,0,9996.0,13.73亿,137295,0,0%,缩量,26.58万,5.5,6.0,4.0,阳线||布林带下轨,布林带下轨支撑,未分类,未分类,未分类,0,44.11,45.49,46.82,51.11,52.64,46.82,41.0,下轨下方,-1.88,-1.14,-1.48,无信号,震荡整理,否,获取公告失败
2026-05-22,002345.SZ,潮宏基,深市主板,9.23,0.22%,开,201205,2325,0万元,0,10012.0,10.81亿,108116,0,0%,缩量,80.05万,5.5,6.0,4.0,价升,观望,未分类,未分类,未分类,0,0.0,0.0,0.0,0.0,0.0,0.0,0.0,未知,0.0,0.0,0.0,,未知,否,获取公告失败
2026-05-22,688080.SH,映翰通,科创板,46.83,3.77%,开,201174,2326,0万元,0,8234.0,178.65亿,1786470,0,0%,缩量,34.49万,5.9,6.2,4.3,阳线||布林带下轨,布林带下轨支撑,未分类,未分类,未分类,0,62.57,63.8,64.55,74.07,73.4,64.55,55.69,下轨下方,-3.61,-2.87,-1.48,死叉,震荡整理,否,获取公告失败
2026-05-22,603330.SH,天洋新材,沪市主板,6.94,4.52%,开,200970,2327,0万元,0,7838.0,11.45亿,114511,0,0%,缩量,30.03万,6.0,6.2,4.3,阳线||布林带下轨,布林带下轨支撑,未分类,未分类,未分类,0,30.9,34.17,36.33,37.36,49.27,36.33,23.38,下轨下方,-2.48,-0.49,-3.97,无信号,震荡整理,否,获取公告失败
2026-05-22,002451.SZ,摩恩电气,深市主板,9.0,2.04%,开,200944,2328,0万元,0,9074.0,10.16亿,101574,0,0%,缩量,39.52万,5.7,6.1,4.1,阳线||布林带下轨,布林带下轨支撑,未分类,未分类,未分类,0,28.8,29.79,29.77,30.87,31.96,29.77,27.58,下轨下方,-0.45,-0.17,-0.57,无信号,震荡整理,否,获取公告失败
2026-05-22,002678.SZ,珠江钢琴,深市主板,6.18,1.98%,开,200660,2329,0万元,0,9076.0,14.78亿,147786,0,0%,缩量,83.90万,5.7,6.1,4.1,阳线,观望,未分类,未分类,未分类,0,17.2,17.22,16.99,16.29,17.98,16.99,16.0,布林带内,0.24,0.3,-0.11,无信号,震荡整理,否,获取公告失败
2026-05-22,301207.SZ,华兰疫苗,创业板,19.02,0.26%,开,200647,2330,0万元,0,9933.0,5.25亿,52468,0,0%,缩量,114.24万,5.5,6.0,4.0,阳线||布林带下轨,布林带下轨支撑,未分类,未分类,未分类,0,29.79,32.12,31.98,32.01,38.94,31.98,25.03,下轨下方,-0.99,0.04,-2.07,无信号,震荡整理,否,获取公告失败
2026-05-22,000573.SZ,粤宏远Ａ,深市主板,4.59,3.15%,开,200590,2331,0万元,0,8486.0,18.69亿,186928,0,0%,缩量,29.05万,5.8,6.2,4.2,阳线||布林带下轨,布林带下轨支撑,未分类,未分类,未分类,0,36.49,38.52,40.89,39.6,51.57,40.89,30.22,下轨下方,-1.84,-0.12,-3.44,无信号,震荡整理,否,获取公告失败
2026-05-22,600713.SH,南京医药,沪市主板,5.12,2.40%,开,200560,2332,0万元,0,8856.0,17.18亿,171813,0,0%,缩量,66.04万,5.7,6.1,4.2,价升||布林带下轨,布林带下轨支撑,未分类,未分类,未分类,0,55.63,58.5,60.49,62.03,70.57,60.49,50.42,下轨下方,-2.69,-1.14,-3.1,无信号,震荡整理,否,获取公告失败
2026-05-22,603010.SH,万盛股份,沪市主板,13.62,2.48%,开,200495,2333,0万元,0,8808.0,6.52亿,65246,0,0%,缩量,77.74万,5.7,6.1,4.2,阳线||布林带下轨,布林带下轨支撑,未分类,未分类,未分类,0,60.03,66.02,65.17,60.32,83.38,65.17,46.95,下轨下方,-1.08,1.93,-6.0,无信号,震荡整理,否,获取公告失败
2026-05-22,300579.SZ,数字认证,创业板,25.29,0.88%,开,200367,2334,0万元,0,9598.0,3.79亿,37890,0,0%,缩量,65.87万,5.6,6.0,4.1,价升||布林带下轨,布林带下轨支撑,未分类,未分类,未分类,0,79.46,85.84,89.21,95.18,113.59,89.21,64.82,下轨下方,-5.54,-2.05,-6.99,无信号,震荡整理,否,获取公告失败
2026-05-22,002978.SZ,安宁股份,深市主板,28.66,2.39%,开,200288,2335,0万元,0,8832.0,3.10亿,31025,0,0%,缩量,105.84万,5.7,6.1,4.2,阳线||布林带下轨,布林带下轨支撑,未分类,未分类,未分类,0,33.17,34.94,36.33,39.6,41.15,36.33,31.51,下轨下方,-1.76,-1.15,-1.21,无信号,震荡整理,否,获取公告失败
2026-05-22,300044.SZ,*ST赛为,创业板,6.33,1.28%,开,200260,2336,0万元,0,9386.0,14.92亿,149231,0,0%,缩量,45.28万,5.6,6.1,4.1,阳线,观望,未分类,未分类,未分类,0,48.32,50.3,49.88,55.01,54.2,49.88,45.56,布林带内,-1.52,-1.53,0.02,无信号,震荡整理,否,获取公告失败
2026-05-22,301399.SZ,英特科技,创业板,21.24,3.76%,开,200188,2337,0万元,0,8138.0,3.88亿,38770,0,0%,缩量,11.61万,5.9,6.2,4.3,阳线,观望,未分类,未分类,未分类,0,0.0,0.0,0.0,0.0,0.0,0.0,0.0,未知,0.0,0.0,0.0,,未知,否,获取公告失败
2026-05-22,688398.SH,赛特新材,科创板,33.04,0.85%,开,200143,2338,0万元,0,9587.0,290.15亿,2901471,0,0%,缩量,55.45万,5.6,6.0,4.1,阳线||布林带下轨,布林带下轨支撑,未分类,未分类,未分类,0,65.19,68.08,68.83,59.5,86.74,68.83,50.93,下轨下方,0.11,3.07,-5.92,无信号,震荡整理,否,获取公告失败
2026-05-22,002695.SZ,煌上煌,深市主板,12.06,1.94%,开,200021,2339,0万元,0,9030.0,7.54亿,75388,0,0%,缩量,61.68万,5.7,6.1,4.1,阳线,观望,未分类,未分类,未分类,0,52.5,54.15,53.45,49.02,58.53,53.45,48.37,布林带内,0.82,1.57,-1.5,无信号,震荡整理,否,获取公告失败
2026-05-22,300320.SZ,海达股份,创业板,9.22,3.25%,开,199877,2340,0万元,0,8364.0,9.19亿,91935,0,0%,缩量,44.75万,5.8,6.2,4.2,阳线,观望,未分类,未分类,未分类,0,77.16,79.03,79.44,84.63,84.01,79.44,74.87,布林带内,-1.52,-1.21,-0.64,无信号,震荡整理,否,获取公告失败
2026-05-22,002184.SZ,海得控制,深市主板,12.29,1.57%,开,199811,2341,0万元,0,9196.0,7.57亿,75701,0,0%,缩量,29.54万,5.7,6.1,4.1,阳线||布林带下轨,布林带下轨支撑,未分类,未分类,未分类,0,37.05,38.18,37.83,38.44,43.76,37.83,31.89,下轨下方,-0.56,0.16,-1.43,死叉,震荡整理,否,获取公告失败
2026-05-22,300460.SZ,ST惠伦,创业板,10.33,4.55%,开,199663,2342,0万元,0,7689.0,7.50亿,74965,0,0%,缩量,29.01万,6.0,6.2,4.3,阳线||布林带下轨,布林带下轨支撑,未分类,未分类,未分类,0,13.74,14.35,14.06,13.32,16.17,14.06,11.95,下轨下方,0.08,0.38,-0.61,无信号,震荡整理,否,获取公告失败
2026-05-22,300575.SZ,中旗股份,创业板,6.63,2.95%,开,199581,2343,0万元,0,8483.0,12.93亿,129271,0,0%,缩量,22.72万,5.8,6.1,4.2,阳线||布林带下轨,布林带下轨支撑,未分类,未分类,未分类,0,38.69,42.99,44.4,44.78,62.34,44.4,26.45,下轨下方,-2.63,0.03,-5.33,无信号,震荡整理,否,获取公告失败
2026-05-22,000905.SZ,厦门港务,深市主板,10.0,0.50%,开,199332,2344,0万元,0,9682.0,9.69亿,96915,0,0%,缩量,74.18万,5.6,6.0,4.0,阳线,观望,未分类,未分类,未分类,0,0.0,0.0,0.0,0.0,0.0,0.0,0.0,未知,0.0,0.0,0.0,,未知,否,获取公告失败
2026-05-22,603376.SH,大明电子,沪市主板,32.66,0.77%,开,199286,2345,0万元,0,9543.0,2.92亿,29156,0,0%,缩量,10.45万,5.6,6.0,4.1,阳线||MA5上穿MA10,观望,未分类,未分类,未分类,0,32.2,31.53,31.49,33.83,33.56,31.49,29.42,布林带内,-0.33,-0.64,0.63,无信号,震荡整理,否,获取公告失败
2026-05-22,301203.SZ,国泰环保,创业板,46.01,2.72%,开,199129,2346,0万元,0,8551.0,1.88亿,18844,0,0%,缩量,20.17万,5.8,6.1,4.2,阳线,观望,未分类,未分类,未分类,0,0.0,0.0,0.0,0.0,0.0,0.0,0.0,未知,0.0,0.0,0.0,,未知,否,获取公告失败
2026-05-22,600630.SH,龙头股份,沪市主板,8.06,3.73%,开,199091,2347,0万元,0,8043.0,10.10亿,100987,0,0%,缩量,34.24万,5.9,6.2,4.2,阳线||MACD金叉||布林带上轨||MA5上穿MA10,MACD金叉,未分类,未分类,未分类,0,15.74,15.47,15.37,15.39,17.36,15.37,13.37,上轨上方,0.27,0.04,0.46,金叉,震荡整理,否,获取公告失败
2026-05-22,002828.SZ,贝肯能源,深市主板,10.55,1.05%,开,199088,2348,0万元,0,9382.0,8.96亿,89637,0,0%,缩量,21.20万,5.6,6.1,4.1,阳线||布林带下轨,布林带下轨支撑,未分类,未分类,未分类,0,19.38,19.8,20.28,22.51,21.88,20.28,18.68,下轨下方,-0.79,-0.66,-0.26,无信号,震荡整理,否,获取公告失败
2026-05-22,002026.SZ,山东威达,深市主板,12.92,2.30%,开,198930,2349,0万元,0,8745.0,6.84亿,68392,0,0%,缩量,56.91万,5.7,6.1,4.2,阳线||布林带下轨,布林带下轨支撑,未分类,未分类,未分类,0,43.33,44.7,45.28,46.72,49.52,45.28,41.03,下轨下方,-1.05,-0.44,-1.21,无信号,震荡整理,否,获取公告失败
2026-05-22,301267.SZ,华厦眼科,创业板,16.89,1.87%,开,198848,2350,0万元,0,8950.0,5.35亿,53511,0,0%,缩量,109.52万,5.7,6.1,4.1,阳线||布林带下轨,布林带下轨支撑,未分类,未分类,未分类,0,24.05,25.76,26.81,26.89,31.8,26.81,21.83,下轨下方,-1.04,-0.21,-1.66,无信号,震荡整理,否,获取公告失败
2026-05-22,002111.SZ,威海广泰,深市主板,11.05,1.66%,开,198789,2351,0万元,0,9051.0,8.26亿,82610,0,0%,缩量,54.01万,5.7,6.1,4.1,阳线||布林带下轨,布林带下轨支撑,未分类,未分类,未分类,0,53.13,55.85,55.19,53.9,65.75,55.19,44.63,下轨下方,-0.5,0.97,-2.95,无信号,震荡整理,否,获取公告失败
2026-05-22,603966.SH,法兰泰克,沪市主板,13.04,1.72%,开,198730,2352,0万元,0,9015.0,6.94亿,69427,0,0%,缩量,52.08万,5.7,6.1,4.1,阳线||布林带下轨,布林带下轨支撑,未分类,未分类,未分类,0,28.53,30.85,32.02,31.1,39.28,32.02,24.75,下轨下方,-1.32,-0.06,-2.52,无信号,震荡整理,否,获取公告失败
2026-05-22,300206.SZ,理邦仪器,创业板,13.78,1.03%,开,198621,2353,0万元,0,9349.0,6.85亿,68515,0,0%,缩量,46.63万,5.6,6.1,4.1,阳线,观望,未分类,未分类,未分类,0,0.0,0.0,0.0,0.0,0.0,0.0,0.0,未知,0.0,0.0,0.0,,未知,否,获取公告失败
2026-05-22,300510.SZ,金冠股份,创业板,3.98,2.05%,开,198476,2354,0万元,0,8822.0,22.41亿,224057,0,0%,缩量,32.82万,5.7,6.1,4.1,阳线||布林带下轨,布林带下轨支撑,未分类,未分类,未分类,0,23.54,25.07,25.5,27.46,30.91,25.5,20.1,下轨下方,-1.22,-0.45,-1.54,无信号,震荡整理,否,获取公告失败
2026-05-22,000151.SZ,中成股份,深市主板,11.57,1.31%,开,198287,2355,0万元,0,9172.0,7.95亿,79483,0,0%,缩量,35.63万,5.6,6.1,4.1,阳线||布林带下轨,布林带下轨支撑,未分类,未分类,未分类,0,28.68,29.42,29.19,30.17,32.53,29.19,25.85,下轨下方,-0.43,-0.05,-0.77,死叉,震荡整理,否,获取公告失败
2026-05-22,600618.SH,氯碱化工,沪市主板,11.31,1.16%,开,198233,2356,0万元,0,9242.0,8.22亿,82165,0,0%,缩量,84.81万,5.6,6.1,4.1,阳线||布林带下轨,布林带下轨支撑,未分类,未分类,未分类,0,196.85,225.77,244.7,268.1,352.52,244.7,136.88,下轨下方,-24.82,-9.06,-31.52,无信号,震荡整理,否,获取公告失败
2026-05-22,300753.SZ,爱朋医疗,创业板,25.17,2.23%,开,198119,2357,0万元,0,8695.0,3.49亿,34879,0,0%,缩量,22.12万,5.7,6.1,4.1,阳线||布林带下轨,布林带下轨支撑,未分类,未分类,未分类,0,38.92,42.24,43.27,47.0,52.41,43.27,34.12,下轨下方,-2.4,-1.01,-2.76,无信号,震荡整理,否,获取公告失败
2026-05-22,002871.SZ,伟隆股份,深市主板,20.95,0.38%,开,198056,2358,0万元,0,9614.0,4.58亿,45761,0,0%,缩量,31.27万,5.5,6.0,4.0,价升||布林带下轨,布林带下轨支撑,未分类,未分类,未分类,0,66.18,69.21,67.92,66.31,85.2,67.92,50.63,下轨下方,-0.44,1.71,-4.29,死叉,震荡整理,否,获取公告失败
2026-05-22,688788.SH,科思科技,科创板,53.0,0.84%,开,198015,2359,0万元,0,9383.0,177.73亿,1777290,0,0%,缩量,83.14万,5.6,6.0,4.1,阳线||布林带下轨,布林带下轨支撑,未分类,未分类,未分类,0,102.82,111.31,114.44,121.31,144.63,114.44,84.24,下轨下方,-6.65,-2.3,-8.7,无信号,震荡整理,否,获取公告失败
2026-05-22,301067.SZ,显盈科技,创业板,30.3,4.09%,开,197969,2360,0万元,0,7753.0,2.59亿,25902,0,0%,缩量,19.34万,5.9,6.2,4.3,阳线||布林带下轨,布林带下轨支撑,未分类,未分类,未分类,0,51.21,54.57,58.17,59.42,72.32,58.17,44.02,下轨下方,-3.34,-1.11,-4.46,无信号,震荡整理,否,获取公告失败
2026-05-22,603196.SH,璞源材料,沪市主板,26.62,1.18%,开,197961,2361,0万元,0,9207.0,3.47亿,34721,0,0%,缩量,63.09万,5.6,6.1,4.1,阳线,观望,未分类,未分类,未分类,0,28.52,29.16,30.38,29.53,34.89,30.38,25.87,布林带内,-0.73,-0.29,-0.88,无信号,震荡整理,否,获取公告失败
2026-05-22,002819.SZ,东方中科,深市主板,26.58,1.45%,开,197861,2362,0万元,0,9061.0,3.41亿,34115,0,0%,缩量,62.89万,5.6,6.1,4.1,阳线||布林带下轨,布林带下轨支撑,未分类,未分类,未分类,0,34.24,35.7,35.61,35.3,40.26,35.61,30.95,下轨下方,-0.45,0.29,-1.48,无信号,震荡整理,否,获取公告失败
2026-05-22,688246.SH,嘉和美康,科创板,23.85,1.06%,开,197726,2363,0万元,0,9243.0,392.46亿,3924615,0,0%,缩量,32.81万,5.6,6.1,4.1,阳线||多头排列||MA5上穿MA10,多头排列,未分类,未分类,未分类,0,24.15,23.89,22.37,21.49,26.46,22.37,18.28,布林带内,1.01,0.9,0.23,无信号,多头排列,是,获取公告失败
2026-05-22,605319.SH,无锡振华,沪市主板,25.75,1.86%,开,197585,2364,0万元,0,8829.0,3.43亿,34344,0,0%,缩量,89.65万,5.7,6.1,4.1,阳线||布林带下轨,布林带下轨支撑,未分类,未分类,未分类,0,35.92,37.03,38.26,37.35,44.41,38.26,32.1,下轨下方,-1.18,-0.18,-2.0,无信号,震荡整理,否,获取公告失败
2026-05-22,300291.SZ,百纳千成,创业板,5.8,1.05%,开,197576,2365,0万元,0,9235.0,16.03亿,160289,0,0%,缩量,53.93万,5.6,6.1,4.1,价升||布林带下轨,布林带下轨支撑,未分类,未分类,未分类,0,50.18,51.67,52.83,57.39,57.64,52.83,48.02,下轨下方,-1.93,-1.53,-0.81,无信号,震荡整理,否,获取公告失败
2026-05-22,600106.SH,重庆路桥,沪市主板,5.66,2.35%,开,196874,2366,0万元,0,8512.0,15.07亿,150695,0,0%,缩量,75.22万,5.7,6.1,4.2,阳线||布林带下轨,布林带下轨支撑,未分类,未分类,未分类,0,37.34,39.35,40.64,40.76,47.76,40.64,33.51,下轨下方,-1.46,-0.28,-2.35,无信号,震荡整理,否,获取公告失败
2026-05-22,688087.SH,英科再生,科创板,42.0,0.72%,开,196807,2367,0万元,0,9321.0,221.78亿,2217765,0,0%,缩量,78.22万,5.6,6.0,4.0,阳线||布林带下轨,布林带下轨支撑,未分类,未分类,未分类,0,57.01,59.22,60.29,56.83,71.18,60.29,49.41,下轨下方,-0.47,1.2,-3.35,无信号,震荡整理,否,获取公告失败
2026-05-22,300135.SZ,宝利国际,创业板,3.75,3.02%,开,196739,2368,0万元,0,8163.0,21.96亿,219561,0,0%,缩量,34.56万,5.8,6.2,4.2,阳线,观望,未分类,未分类,未分类,0,46.27,47.34,47.75,49.64,50.94,47.75,44.57,布林带内,-0.56,-0.28,-0.58,无信号,震荡整理,否,获取公告失败
2026-05-22,688330.SH,宏力达,科创板,40.09,4.67%,开,196718,2369,0万元,0,7335.0,185.68亿,1856756,0,0%,缩量,56.13万,6.0,6.2,4.3,阳线||布林带下轨,布林带下轨支撑,未分类,未分类,未分类,0,56.15,58.68,62.78,69.81,77.66,62.78,47.9,下轨下方,-4.75,-3.37,-2.75,无信号,震荡整理,否,获取公告失败
2026-05-22,688501.SH,青达环保,科创板,24.32,3.93%,开,196678,2370,0万元,0,7702.0,316.66亿,3166570,0,0%,缩量,30.21万,5.9,6.2,4.3,阳线||布林带下轨,布林带下轨支撑,未分类,未分类,未分类,0,30.82,31.23,32.3,33.69,36.69,32.3,27.92,下轨下方,-1.07,-0.56,-1.02,无信号,震荡整理,否,获取公告失败
2026-05-22,300690.SZ,双一科技,创业板,26.9,1.66%,开,196574,2371,0万元,0,8826.0,3.29亿,32948,0,0%,缩量,29.82万,5.7,6.1,4.1,阳线||布林带下轨,布林带下轨支撑,未分类,未分类,未分类,0,66.89,71.54,74.23,81.09,89.17,74.23,59.3,下轨下方,-4.53,-2.4,-4.26,无信号,震荡整理,否,获取公告失败
2026-05-22,600322.SH,津投城开,沪市主板,2.47,3.35%,开,196516,2372,0万元,0,7978.0,32.90亿,329014,0,0%,缩量,27.31万,5.8,6.2,4.2,阳线||布林带下轨,布林带下轨支撑,未分类,未分类,未分类,0,7.91,8.38,8.4,8.08,9.96,8.4,6.84,下轨下方,-0.13,0.13,-0.51,无信号,震荡整理,否,获取公告失败
2026-05-22,000016.SZ,*ST康佳A,深市主板,3.3,1.23%,开,196504,2373,0万元,0,9037.0,27.63亿,276327,0,0%,缩量,52.69万,5.6,6.1,4.1,阳线||布林带下轨,布林带下轨支撑,未分类,未分类,未分类,0,65.95,67.15,68.14,70.46,74.99,68.14,61.29,下轨下方,-1.28,-0.75,-1.08,死叉,震荡整理,否,获取公告失败
2026-05-22,002232.SZ,启明信息,深市主板,17.64,0.40%,开,196492,2374,0万元,0,9450.0,5.37亿,53711,0,0%,缩量,72.07万,5.5,6.0,4.0,价升,观望,未分类,未分类,未分类,0,56.62,56.77,56.82,56.74,59.04,56.82,54.59,布林带内,-0.14,0.03,-0.34,无信号,震荡整理,否,获取公告失败
2026-05-22,002511.SZ,中顺洁柔,深市主板,7.45,0.81%,开,196209,2375,0万元,0,9215.0,12.46亿,124554,0,0%,缩量,94.24万,5.6,6.0,4.1,阳线,观望,未分类,未分类,未分类,0,0.0,0.0,0.0,0.0,0.0,0.0,0.0,未知,0.0,0.0,0.0,,未知,否,获取公告失败
2026-05-22,300906.SZ,日月明,创业板,33.97,3.32%,开,196175,2376,0万元,0,7960.0,2.38亿,23826,0,0%,缩量,24.52万,5.8,6.2,4.2,阳线||布林带下轨,布林带下轨支撑,未分类,未分类,未分类,0,35.72,36.49,37.04,35.72,39.36,37.04,34.73,下轨下方,-0.12,0.32,-0.89,无信号,震荡整理,否,获取公告失败
2026-05-22,002879.SZ,长缆科技,深市主板,17.06,2.28%,开,196130,2377,0万元,0,8474.0,4.99亿,49899,0,0%,缩量,23.39万,5.7,6.1,4.2,阳线,观望,未分类,未分类,未分类,0,0.0,0.0,0.0,0.0,0.0,0.0,0.0,未知,0.0,0.0,0.0,,未知,否,获取公告失败
2026-05-22,688722.SH,同益中,科创板,18.76,2.96%,开,195988,2378,0万元,0,8117.0,438.63亿,4386317,0,0%,缩量,42.04万,5.8,6.1,4.2,阳线||多头排列||MA5上穿MA10,多头排列,未分类,未分类,未分类,0,19.26,19.25,18.89,18.62,20.09,18.89,17.69,布林带内,0.24,0.27,-0.06,死叉,多头排列,是,获取公告失败
2026-05-22,600081.SH,东风科技,沪市主板,12.11,1.42%,开,195708,2379,0万元,0,8859.0,7.36亿,73552,0,0%,缩量,66.97万,5.6,6.1,4.1,阳线||布林带下轨,布林带下轨支撑,未分类,未分类,未分类,0,119.16,123.14,121.19,120.07,146.67,121.19,95.72,下轨下方,-0.87,2.01,-5.75,死叉,震荡整理,否,获取公告失败
2026-05-22,300140.SZ,节能环境,创业板,6.37,1.27%,开,195669,2380,0万元,0,8931.0,14.07亿,140689,0,0%,缩量,64.98万,5.6,6.1,4.1,阳线||布林带下轨,布林带下轨支撑,未分类,未分类,未分类,0,28.47,28.74,28.78,30.22,30.26,28.78,27.3,下轨下方,-0.3,-0.18,-0.24,死叉,震荡整理,否,获取公告失败
2026-05-22,002188.SZ,中天服务,深市主板,6.61,1.54%,开,195500,2381,0万元,0,8782.0,13.48亿,134807,0,0%,缩量,17.01万,5.7,6.1,4.1,阳线,观望,未分类,未分类,未分类,0,13.42,13.65,13.56,13.41,14.7,13.56,12.43,布林带内,0.04,0.14,-0.2,无信号,震荡整理,否,获取公告失败
2026-05-22,688057.SH,金达莱,科创板,14.18,3.05%,开,195251,2382,0万元,0,7999.0,575.23亿,5752316,0,0%,缩量,39.14万,5.8,6.2,4.2,阳线||布林带下轨,布林带下轨支撑,未分类,未分类,未分类,0,16.33,16.36,16.3,16.34,17.55,16.3,15.05,下轨下方,-0.01,0.07,-0.16,死叉,震荡整理,否,获取公告失败
2026-05-22,603655.SH,朗博科技,沪市主板,41.37,2.96%,开,195208,2383,0万元,0,8040.0,1.97亿,19671,0,0%,缩量,43.85万,5.8,6.1,4.2,阳线,观望,未分类,未分类,未分类,0,42.0,43.26,44.47,41.38,50.12,44.47,38.81,布林带内,-0.07,0.53,-1.2,无信号,震荡整理,否,获取公告失败
2026-05-22,300517.SZ,海波重科,创业板,12.92,1.57%,开,195101,2384,0万元,0,8724.0,6.77亿,67745,0,0%,缩量,16.31万,5.7,6.1,4.1,价升||布林带下轨,布林带下轨支撑,未分类,未分类,未分类,0,21.48,21.85,22.27,21.94,26.88,22.27,17.66,下轨下方,-0.43,0.14,-1.15,死叉,震荡整理,否,获取公告失败
2026-05-22,000429.SZ,粤高速Ａ,深市主板,13.29,0.38%,开,195068,2385,0万元,0,9318.0,7.02亿,70154,0,0%,缩量,173.21万,5.5,6.0,4.0,阳线||布林带下轨,布林带下轨支撑,未分类,未分类,未分类,0,38.85,39.47,39.33,39.14,42.17,39.33,36.5,下轨下方,-0.24,0.1,-0.69,死叉,震荡整理,否,获取公告失败
2026-05-22,600052.SH,东望时代,沪市主板,4.55,0.22%,开,195021,2386,0万元,0,9392.0,20.83亿,208302,0,0%,缩量,38.41万,5.5,6.0,4.0,阳线||多头排列||布林带上轨||MA5上穿MA10,多头排列,未分类,未分类,未分类,0,13.69,13.37,13.02,12.13,14.54,13.02,11.5,上轨上方,0.56,0.43,0.26,无信号,多头排列,是,获取公告失败
2026-05-22,603988.SH,中电电机,沪市主板,22.17,0.73%,开,194874,2387,0万元,0,9124.0,4.12亿,41240,0,0%,缩量,52.14万,5.6,6.0,4.0,阳线||布林带下轨,布林带下轨支撑,未分类,未分类,未分类,0,73.37,77.32,79.36,82.73,88.22,79.36,70.51,下轨下方,-2.88,-1.49,-2.77,无信号,震荡整理,否,获取公告失败
2026-05-22,300422.SZ,博世科,创业板,5.69,1.79%,开,194854,2388,0万元,0,8591.0,15.29亿,152946,0,0%,缩量,29.40万,5.7,6.1,4.1,阳线,观望,未分类,未分类,未分类,0,30.15,30.56,29.78,27.45,33.54,29.78,26.01,布林带内,0.88,1.13,-0.51,无信号,震荡整理,否,获取公告失败
2026-05-22,002494.SZ,华斯股份,深市主板,5.9,2.61%,开,194833,2389,0万元,0,8179.0,14.08亿,140836,0,0%,缩量,16.92万,5.8,6.1,4.2,阳线,观望,未分类,未分类,未分类,0,16.18,16.43,16.19,15.27,17.61,16.19,14.77,布林带内,0.3,0.43,-0.26,无信号,震荡整理,否,获取公告失败
2026-05-22,300597.SZ,吉大通信,创业板,9.89,2.81%,开,194413,2390,0万元,0,8038.0,8.21亿,82078,0,0%,缩量,26.84万,5.8,6.1,4.2,阳线||多头排列||MA5上穿MA10,多头排列,未分类,未分类,未分类,0,10.14,10.12,9.96,9.75,10.54,9.96,9.37,布林带内,0.12,0.14,-0.04,无信号,多头排列,是,获取公告失败
2026-05-22,300981.SZ,中红医疗,创业板,14.47,1.26%,开,194358,2391,0万元,0,8806.0,6.08亿,60810,0,0%,缩量,56.87万,5.6,6.1,4.1,阳线||布林带下轨,布林带下轨支撑,未分类,未分类,未分类,0,39.15,42.77,44.09,43.4,58.12,44.09,30.06,下轨下方,-2.11,0.05,-4.33,无信号,震荡整理,否,获取公告失败
2026-05-22,603066.SH,音飞储存,沪市主板,11.8,3.42%,开,194200,2392,0万元,0,7711.0,6.61亿,66078,0,0%,缩量,34.71万,5.8,6.2,4.2,阳线,观望,未分类,未分类,未分类,0,37.0,37.31,36.66,34.32,39.85,36.66,33.47,布林带内,0.85,1.07,-0.44,无信号,震荡整理,否,获取公告失败
2026-05-22,600262.SH,北方股份,沪市主板,24.18,1.72%,开,194174,2393,0万元,0,8555.0,3.55亿,35535,0,0%,缩量,41.11万,5.7,6.1,4.1,价升||布林带下轨,布林带下轨支撑,未分类,未分类,未分类,0,32.79,33.56,33.37,35.6,36.09,33.37,30.64,下轨下方,-0.72,-0.44,-0.57,死叉,震荡整理,否,获取公告失败
2026-05-22,688758.SH,赛分科技,科创板,19.99,3.63%,开,194114,2394,0万元,0,7597.0,383.66亿,3836623,0,0%,缩量,59.61万,5.9,6.2,4.2,阳线,观望,未分类,未分类,未分类,0,19.71,19.81,19.96,19.51,20.88,19.96,19.03,布林带内,-0.04,0.02,-0.11,无信号,震荡整理,否,获取公告失败
2026-05-22,300326.SZ,ST凯利,创业板,7.07,4.28%,开,193946,2395,0万元,0,7256.0,10.45亿,104528,0,0%,缩量,50.67万,5.9,6.2,4.3,阳线,观望,未分类,未分类,未分类,0,78.38,79.72,79.7,75.33,83.06,79.7,76.33,布林带内,0.56,1.15,-1.19,无信号,震荡整理,否,获取公告失败
2026-05-22,300176.SZ,鸿特科技,创业板,6.39,1.91%,开,193929,2396,0万元,0,8436.0,13.29亿,132949,0,0%,缩量,24.75万,5.7,6.1,4.1,阳线||布林带下轨,布林带下轨支撑,未分类,未分类,未分类,0,30.34,30.98,31.98,33.63,34.59,31.98,29.36,下轨下方,-0.97,-0.7,-0.53,无信号,震荡整理,否,获取公告失败
2026-05-22,603257.SH,中国瑞林,沪市主板,61.77,1.25%,开,193928,2397,0万元,0,8770.0,1.43亿,14279,0,0%,缩量,15.38万,5.6,6.1,4.1,阳线,观望,未分类,未分类,未分类,0,63.2,64.67,62.53,61.34,69.25,62.53,55.8,布林带内,1.09,1.46,-0.74,无信号,震荡整理,否,获取公告失败
2026-05-22,300664.SZ,鹏鹞环保,创业板,5.3,3.72%,开,193770,2398,0万元,0,7518.0,14.37亿,143716,0,0%,缩量,39.88万,5.9,6.2,4.2,阳线||布林带下轨,布林带下轨支撑,未分类,未分类,未分类,0,8.16,8.68,9.03,9.53,10.88,9.03,7.18,下轨下方,-0.51,-0.23,-0.55,无信号,震荡整理,否,获取公告失败
2026-05-22,605136.SH,丽人丽妆,沪市主板,9.96,1.32%,开,193752,2399,0万元,0,8714.0,8.84亿,88398,0,0%,缩量,39.89万,5.6,6.1,4.1,阳线||布林带下轨,布林带下轨支撑,未分类,未分类,未分类,0,10.58,10.92,11.1,10.87,11.92,11.1,10.29,下轨下方,-0.12,0.03,-0.3,无信号,震荡整理,否,获取公告失败
2026-05-22,301263.SZ,泰恩康,创业板,26.61,0.68%,开,193705,2400,0万元,0,9030.0,3.38亿,33766,0,0%,缩量,80.78万,5.6,6.0,4.0,价升||布林带下轨,布林带下轨支撑,未分类,未分类,未分类,0,45.13,48.2,50.88,52.13,62.83,50.88,38.92,下轨下方,-2.72,-0.92,-3.59,无信号,震荡整理,否,获取公告失败
2026-05-22,000565.SZ,渝三峡Ａ,深市主板,7.71,2.80%,开,193670,2401,0万元,0,7967.0,10.39亿,103909,0,0%,缩量,33.43万,5.8,6.1,4.2,阳线||布林带下轨,布林带下轨支撑,未分类,未分类,未分类,0,69.73,74.3,74.34,74.27,88.84,74.34,59.83,下轨下方,-1.48,0.74,-4.44,无信号,震荡整理,否,获取公告失败
2026-05-22,603309.SH,维力医疗,沪市主板,13.9,4.04%,开,193629,2402,0万元,0,7342.0,5.32亿,53232,0,0%,缩量,40.57万,5.9,6.2,4.3,阳线||布林带下轨,布林带下轨支撑,未分类,未分类,未分类,0,38.88,41.25,41.68,43.73,48.29,41.68,35.06,下轨下方,-1.53,-0.6,-1.86,无信号,震荡整理,否,获取公告失败
2026-05-22,603335.SH,迪生力,沪市主板,7.12,2.89%,开,193590,2403,0万元,0,7914.0,11.17亿,111717,0,0%,缩量,30.48万,5.8,6.1,4.2,阳线||布林带下轨,布林带下轨支撑,未分类,未分类,未分类,0,11.68,12.22,12.15,11.04,13.83,12.15,10.48,下轨下方,0.08,0.39,-0.61,无信号,震荡整理,否,获取公告失败
2026-05-22,301175.SZ,中科环保,创业板,5.79,0.17%,开,193565,2404,0万元,0,9270.0,16.00亿,160017,0,0%,缩量,36.01万,5.5,6.0,4.0,价升,观望,未分类,未分类,未分类,0,0.0,0.0,0.0,0.0,0.0,0.0,0.0,未知,0.0,0.0,0.0,,未知,否,获取公告失败
2026-05-22,600202.SH,哈空调,沪市主板,6.08,3.05%,开,193474,2405,0万元,0,7822.0,13.15亿,131479,0,0%,缩量,23.31万,5.8,6.2,4.2,阳线||布林带下轨,布林带下轨支撑,未分类,未分类,未分类,0,29.71,31.02,31.25,31.0,35.47,31.25,27.04,下轨下方,-0.5,0.21,-1.41,无信号,震荡整理,否,获取公告失败
2026-05-22,300423.SZ,昇辉科技,创业板,7.11,2.89%,开,193441,2406,0万元,0,7897.0,11.24亿,112358,0,0%,缩量,23.69万,5.8,6.1,4.2,阳线||布林带下轨,布林带下轨支撑,未分类,未分类,未分类,0,23.42,25.4,26.34,29.73,32.57,26.34,20.1,下轨下方,-1.78,-0.89,-1.79,无信号,震荡整理,否,获取公告失败
2026-05-22,688237.SH,超卓航科,科创板,51.77,1.87%,开,193296,2407,0万元,0,8395.0,162.55亿,1625509,0,0%,缩量,46.43万,5.7,6.1,4.1,阳线,观望,未分类,未分类,未分类,0,52.02,52.56,54.33,52.38,58.26,54.33,50.4,布林带内,-0.54,-0.04,-1.01,无信号,震荡整理,否,获取公告失败
2026-05-22,688435.SH,英方软件,科创板,41.66,0.22%,开,193222,2408,0万元,0,9214.0,220.85亿,2208544,0,0%,缩量,23.35万,5.5,6.0,4.0,价升||MA5上穿MA10,观望,未分类,未分类,未分类,0,42.77,42.39,41.72,45.15,44.38,41.72,39.06,布林带内,-0.25,-0.5,0.51,无信号,震荡整理,否,获取公告失败
2026-05-22,000790.SZ,华神科技,深市主板,4.31,2.38%,开,193146,2409,0万元,0,8127.0,19.05亿,190530,0,0%,缩量,26.83万,5.7,6.1,4.2,阳线||布林带下轨,布林带下轨支撑,未分类,未分类,未分类,0,50.13,52.27,51.86,50.77,61.23,51.86,42.49,下轨下方,-0.59,0.69,-2.57,无信号,震荡整理,否,获取公告失败
2026-05-22,300107.SZ,建新股份,创业板,7.0,0.29%,开,193032,2410,0万元,0,9160.0,13.27亿,132654,0,0%,缩量,24.32万,5.5,6.0,4.0,阳线||布林带下轨,布林带下轨支撑,未分类,未分类,未分类,0,68.55,69.66,70.17,72.52,76.63,70.17,63.71,下轨下方,-1.01,-0.25,-1.52,死叉,震荡整理,否,获取公告失败
2026-05-22,603332.SH,苏州龙杰,沪市主板,13.6,3.26%,开,192564,2411,0万元,0,7624.0,5.66亿,56568,0,0%,缩量,29.42万,5.8,6.2,4.2,阳线||布林带下轨,布林带下轨支撑,未分类,未分类,未分类,0,24.98,26.92,27.79,27.13,34.59,27.79,20.99,下轨下方,-1.01,0.12,-2.26,无信号,震荡整理,否,获取公告失败
2026-05-22,000530.SZ,冰山冷热,深市主板,5.74,1.23%,开,192272,2412,0万元,0,8610.0,15.16亿,151555,0,0%,缩量,34.45万,5.6,6.1,4.1,阳线||布林带下轨,布林带下轨支撑,未分类,未分类,未分类,0,47.0,48.63,49.04,50.74,53.99,49.04,44.09,下轨下方,-1.13,-0.42,-1.42,无信号,震荡整理,否,获取公告失败
2026-05-22,000566.SZ,海南海药,深市主板,4.28,0.23%,开,192230,2413,0万元,0,9106.0,21.33亿,213252,0,0%,缩量,55.50万,5.5,6.0,4.0,价升||布林带下轨,布林带下轨支撑,未分类,未分类,未分类,0,41.45,43.62,45.72,50.15,51.86,45.72,39.58,下轨下方,-2.61,-1.92,-1.39,无信号,震荡整理,否,获取公告失败
2026-05-22,300926.SZ,博俊科技,创业板,21.62,1.26%,开,192223,2414,0万元,0,8590.0,3.98亿,39814,0,0%,缩量,64.42万,5.6,6.1,4.1,阳线,观望,未分类,未分类,未分类,0,0.0,0.0,0.0,0.0,0.0,0.0,0.0,未知,0.0,0.0,0.0,,未知,否,获取公告失败
2026-05-22,002427.SZ,尤夫股份,深市主板,4.98,2.68%,开,192182,2415,0万元,0,7878.0,15.95亿,159519,0,0%,缩量,49.03万,5.8,6.1,4.2,阳线||布林带下轨,布林带下轨支撑,未分类,未分类,未分类,0,10.38,11.04,11.81,13.36,13.91,11.81,9.7,下轨下方,-0.84,-0.63,-0.41,无信号,震荡整理,否,获取公告失败
2026-05-22,603617.SH,君禾股份,沪市主板,7.68,4.21%,开,192161,2416,0万元,0,7113.0,9.41亿,94056,0,0%,缩量,29.70万,5.9,6.2,4.3,阳线||布林带下轨,布林带下轨支撑,未分类,未分类,未分类,0,20.0,21.8,22.24,22.36,29.18,22.24,15.31,下轨下方,-1.04,0.02,-2.11,无信号,震荡整理,否,获取公告失败
2026-05-22,002570.SZ,贝因美,深市主板,4.82,0.63%,开,192111,2417,0万元,0,8898.0,18.41亿,184063,0,0%,缩量,52.06万,5.6,6.0,4.0,价升||布林带下轨,布林带下轨支撑,未分类,未分类,未分类,0,13.65,14.11,14.12,15.02,15.08,14.12,13.17,下轨下方,-0.3,-0.19,-0.23,无信号,震荡整理,否,获取公告失败
2026-05-22,000920.SZ,沃顿科技,深市主板,11.3,5.02%,开,192032,2418,0万元,0,6694.0,6.08亿,60807,0,0%,缩量,53.40万,6.0,6.3,4.3,阳线||布林带下轨,布林带下轨支撑,未分类,未分类,未分类,0,33.54,35.34,36.48,38.79,41.94,36.48,31.03,下轨下方,-1.54,-0.73,-1.62,无信号,震荡整理,否,获取公告失败
2026-05-22,300335.SZ,迪森股份,创业板,6.15,2.16%,开,191977,2419,0万元,0,8118.0,13.25亿,132524,0,0%,缩量,23.63万,5.7,6.1,4.1,阳线,观望,未分类,未分类,未分类,0,0.0,0.0,0.0,0.0,0.0,0.0,0.0,未知,0.0,0.0,0.0,,未知,否,获取公告失败
2026-05-22,600354.SH,敦煌种业,沪市主板,5.63,1.99%,开,191773,2420,0万元,0,8181.0,14.65亿,146479,0,0%,缩量,29.72万,5.7,6.1,4.1,阳线||布林带下轨,布林带下轨支撑,未分类,未分类,未分类,0,15.99,16.97,17.52,19.21,20.09,17.52,14.95,下轨下方,-0.89,-0.52,-0.73,无信号,震荡整理,否,获取公告失败
2026-05-22,002370.SZ,亚太药业,深市主板,6.12,1.16%,开,191645,2421,0万元,0,8586.0,14.14亿,141417,0,0%,缩量,45.63万,5.6,6.1,4.1,阳线||布林带下轨,布林带下轨支撑,未分类,未分类,未分类,0,22.41,23.06,23.72,24.49,25.73,23.72,21.72,下轨下方,-0.81,-0.57,-0.48,无信号,震荡整理,否,获取公告失败
2026-05-22,002564.SZ,天沃科技,深市主板,5.78,2.48%,开,191591,2422,0万元,0,7918.0,13.80亿,137980,0,0%,缩量,49.64万,5.7,6.1,4.2,阳线,观望,未分类,未分类,未分类,0,19.02,19.49,19.97,20.98,21.41,19.97,18.53,布林带内,-0.46,-0.33,-0.26,无信号,震荡整理,否,获取公告失败
2026-05-22,301180.SZ,万祥科技,创业板,16.45,3.01%,开,191438,2423,0万元,0,7641.0,4.69亿,46902,0,0%,缩量,27.00万,5.8,6.2,4.2,阳线,观望,未分类,未分类,未分类,0,16.82,17.73,18.08,19.47,19.97,18.08,16.19,布林带内,-0.76,-0.55,-0.43,无信号,震荡整理,否,获取公告失败
2026-05-22,300466.SZ,赛摩智能,创业板,9.14,2.24%,开,191405,2424,0万元,0,8022.0,8.94亿,89434,0,0%,缩量,41.03万,5.7,6.1,4.1,阳线,观望,未分类,未分类,未分类,0,50.01,50.11,49.61,49.61,51.87,49.61,47.34,布林带内,0.36,0.42,-0.11,无信号,震荡整理,否,获取公告失败
2026-05-22,600717.SH,天津港,沪市主板,4.4,0.69%,开,191392,2425,0万元,0,8796.0,20.07亿,200688,0,0%,缩量,127.34万,5.6,6.0,4.0,阳线||布林带下轨,布林带下轨支撑,未分类,未分类,未分类,0,155.19,169.45,177.66,183.8,234.91,177.66,120.41,下轨下方,-11.24,-2.75,-16.97,无信号,震荡整理,否,获取公告失败
2026-05-22,300405.SZ,科隆股份,创业板,7.16,4.22%,开,191376,2426,0万元,0,7027.0,9.95亿,99465,0,0%,缩量,15.67万,5.9,6.2,4.3,阳线||布林带下轨,布林带下轨支撑,未分类,未分类,未分类,0,24.81,26.3,25.71,25.64,32.38,25.71,19.04,下轨下方,-0.31,0.53,-1.68,死叉,震荡整理,否,获取公告失败
2026-05-22,603980.SH,吉华集团,沪市主板,5.95,2.06%,开,191371,2427,0万元,0,8108.0,13.72亿,137152,0,0%,缩量,40.27万,5.7,6.1,4.1,阳线||布林带下轨,布林带下轨支撑,未分类,未分类,未分类,0,9.71,10.32,10.6,11.39,12.78,10.6,8.41,下轨下方,-0.52,-0.21,-0.62,无信号,震荡整理,否,获取公告失败
2026-05-22,600768.SH,宁波富邦,沪市主板,18.08,1.52%,开,191340,2428,0万元,0,8376.0,4.65亿,46464,0,0%,缩量,24.18万,5.7,6.1,4.1,阳线||布林带下轨,布林带下轨支撑,未分类,未分类,未分类,0,59.12,60.77,60.38,58.45,68.35,60.38,52.42,下轨下方,-0.1,1.02,-2.24,无信号,震荡整理,否,获取公告失败
2026-05-22,300250.SZ,初灵信息,创业板,18.6,1.14%,开,191209,2429,0万元,0,8550.0,4.64亿,46443,0,0%,缩量,29.28万,5.6,6.1,4.1,阳线,观望,未分类,未分类,未分类,0,80.16,81.73,84.45,89.42,93.32,84.45,75.58,布林带内,-2.65,-2.07,-1.16,无信号,震荡整理,否,获取公告失败
2026-05-22,002858.SZ,力盛体育,深市主板,14.17,0.78%,开,191081,2430,0万元,0,8717.0,6.19亿,61869,0,0%,缩量,20.89万,5.6,6.0,4.1,价升,观望,未分类,未分类,未分类,0,29.49,31.64,32.36,31.59,36.29,32.36,28.43,布林带内,-0.62,0.05,-1.34,无信号,震荡整理,否,获取公告失败
2026-05-22,300313.SZ,*ST天山,创业板,9.96,5.62%,开,190851,2431,0万元,0,6275.0,6.40亿,64042,0,0%,缩量,19.66万,6.1,6.3,4.4,阳线||多头排列||布林带上轨||MA5上穿MA10,多头排列,未分类,未分类,未分类,0,19.15,18.88,18.19,16.41,19.92,18.19,16.45,上轨上方,0.77,0.68,0.18,无信号,多头排列,是,获取公告失败
2026-05-22,300375.SZ,鹏翎股份,创业板,4.87,2.10%,开,190832,2432,0万元,0,8035.0,16.66亿,166603,0,0%,缩量,25.73万,5.7,6.1,4.1,阳线||布林带下轨,布林带下轨支撑,未分类,未分类,未分类,0,30.6,32.12,32.6,34.19,39.23,32.6,25.97,下轨下方,-1.24,-0.33,-1.81,死叉,震荡整理,否,获取公告失败
2026-05-22,603585.SH,苏利股份,沪市主板,17.25,2.99%,开,190715,2433,0万元,0,7579.0,4.43亿,44289,0,0%,缩量,33.37万,5.8,6.1,4.2,阳线||布林带下轨,布林带下轨支撑,未分类,未分类,未分类,0,36.35,37.79,39.81,43.51,46.17,39.81,33.44,下轨下方,-2.53,-1.92,-1.22,无信号,震荡整理,否,获取公告失败
2026-05-22,300148.SZ,天舟文化,创业板,3.81,1.87%,开,190568,2434,0万元,0,8121.0,21.54亿,215417,0,0%,缩量,31.02万,5.7,6.1,4.1,阳线||布林带下轨,布林带下轨支撑,未分类,未分类,未分类,0,23.27,24.08,24.6,26.02,26.61,24.6,22.6,下轨下方,-0.77,-0.55,-0.44,无信号,震荡整理,否,获取公告失败
2026-05-22,600955.SH,维远股份,沪市主板,17.32,0.06%,开,190408,2435,0万元,0,9012.0,5.22亿,52191,0,0%,缩量,95.26万,5.5,6.0,4.0,价升||布林带下轨,布林带下轨支撑,未分类,未分类,未分类,0,18.2,18.73,19.21,18.96,20.73,19.21,17.68,下轨下方,-0.26,-0.01,-0.49,无信号,震荡整理,否,获取公告失败
2026-05-22,300865.SZ,大宏立,创业板,30.75,3.43%,开,190404,2436,0万元,0,7325.0,2.41亿,24073,0,0%,缩量,17.68万,5.8,6.2,4.2,阳线,观望,未分类,未分类,未分类,0,31.12,31.74,31.41,29.1,33.8,31.41,29.01,布林带内,0.63,0.91,-0.56,无信号,震荡整理,否,获取公告失败
2026-05-22,301033.SZ,迈普医学,创业板,53.82,4.08%,开,190372,2437,0万元,0,6997.0,1.31亿,13122,0,0%,缩量,30.33万,5.9,6.2,4.3,阳线,观望,未分类,未分类,未分类,0,55.51,57.27,57.32,62.54,61.09,57.32,53.55,布林带内,-1.59,-1.39,-0.4,无信号,震荡整理,否,获取公告失败
2026-05-22,300997.SZ,欢乐家,创业板,17.36,0.52%,开,190025,2438,0万元,0,8742.0,5.07亿,50674,0,0%,缩量,68.94万,5.6,6.0,4.0,价升,观望,未分类,未分类,未分类,0,0.0,0.0,0.0,0.0,0.0,0.0,0.0,未知,0.0,0.0,0.0,,未知,否,获取公告失败
2026-05-22,002480.SZ,新筑股份,深市主板,6.23,1.63%,开,189966,2439,0万元,0,8181.0,13.20亿,131958,0,0%,缩量,47.82万,5.7,6.1,4.1,阳线,观望,未分类,未分类,未分类,0,25.73,26.15,26.53,26.17,28.07,26.53,24.98,布林带内,-0.1,0.09,-0.37,无信号,震荡整理,否,获取公告失败
2026-05-22,300112.SZ,万讯自控,创业板,8.12,0.12%,开,189916,2440,0万元,0,8930.0,11.20亿,111982,0,0%,缩量,19.29万,5.5,6.0,4.0,阳线||布林带下轨,布林带下轨支撑,未分类,未分类,未分类,0,32.18,32.74,32.63,32.66,34.99,32.63,30.27,下轨下方,-0.13,0.19,-0.65,无信号,震荡整理,否,获取公告失败
2026-05-22,300141.SZ,和顺电气,创业板,12.49,3.22%,开,189905,2441,0万元,0,7379.0,5.98亿,59838,0,0%,缩量,31.80万,5.8,6.2,4.2,阳线,观望,未分类,未分类,未分类,0,59.17,60.09,60.23,63.64,63.43,60.23,57.03,布林带内,-0.96,-0.79,-0.35,无信号,震荡整理,否,获取公告失败
2026-05-22,002247.SZ,聚力文化,深市主板,2.8,2.94%,开,189835,2442,0万元,0,7513.0,27.32亿,273154,0,0%,缩量,18.02万,5.8,6.1,4.2,阳线||布林带下轨,布林带下轨支撑,未分类,未分类,未分类,0,19.78,20.09,20.13,20.43,21.41,20.13,18.85,下轨下方,-0.19,-0.02,-0.35,无信号,震荡整理,否,获取公告失败
2026-05-22,002571.SZ,德力股份,深市主板,11.85,1.20%,开,189817,2443,0万元,0,8384.0,7.10亿,71048,0,0%,缩量,35.35万,5.6,6.1,4.1,阳线||MA5上穿MA10,观望,未分类,未分类,未分类,0,47.73,47.66,46.97,48.06,49.53,46.97,44.42,布林带内,0.03,-0.07,0.21,无信号,震荡整理,否,获取公告失败
2026-05-22,002548.SZ,金新农,深市主板,4.37,0.69%,开,189706,2444,0万元,0,8625.0,19.63亿,196315,0,0%,缩量,35.16万,5.6,6.0,4.0,价升||布林带下轨,布林带下轨支撑,未分类,未分类,未分类,0,21.46,22.96,24.0,27.03,28.36,24.0,19.63,下轨下方,-1.49,-0.92,-1.13,无信号,震荡整理,否,获取公告失败
2026-05-22,300930.SZ,屹通新材,创业板,34.0,5.33%,开,189531,2445,0万元,0,6289.0,1.88亿,18825,0,0%,缩量,16.02万,6.0,6.3,4.4,阳线||多头排列||MA5上穿MA10,多头排列,未分类,未分类,未分类,0,33.88,33.67,32.72,31.74,35.4,32.72,30.05,布林带内,0.78,0.76,0.05,无信号,多头排列,是,获取公告失败
2026-05-22,000715.SZ,中兴商业,深市主板,5.42,3.63%,开,189524,2446,0万元,0,7136.0,13.39亿,133949,0,0%,缩量,26.36万,5.9,6.2,4.2,阳线||布林带下轨,布林带下轨支撑,未分类,未分类,未分类,0,31.22,34.28,37.05,38.24,48.79,37.05,25.31,下轨下方,-2.65,-0.89,-3.51,无信号,震荡整理,否,获取公告失败
2026-05-22,002550.SZ,千红制药,深市主板,6.59,1.85%,开,189473,2447,0万元,0,8020.0,12.27亿,122674,0,0%,缩量,62.03万,5.7,6.1,4.1,阳线||布林带下轨,布林带下轨支撑,未分类,未分类,未分类,0,63.4,65.66,67.52,70.85,73.8,67.52,61.25,下轨下方,-2.49,-1.68,-1.61,无信号,震荡整理,否,获取公告失败
2026-05-22,300985.SZ,致远新能,创业板,23.7,3.58%,开,189389,2448,0万元,0,7147.0,3.05亿,30459,0,0%,缩量,44.20万,5.9,6.2,4.2,阳线||布林带下轨,布林带下轨支撑,未分类,未分类,未分类,0,31.82,32.78,32.7,32.81,37.26,32.7,28.15,下轨下方,-0.31,0.34,-1.29,死叉,震荡整理,否,获取公告失败
2026-05-22,002800.SZ,天顺股份,深市主板,18.11,1.46%,开,189372,2449,0万元,0,8209.0,4.53亿,45293,0,0%,缩量,26.77万,5.6,6.1,4.1,阳线||布林带下轨,布林带下轨支撑,未分类,未分类,未分类,0,32.93,34.26,34.73,39.17,42.67,34.73,26.78,下轨下方,-1.74,-0.92,-1.65,死叉,震荡整理,否,获取公告失败
2026-05-22,300529.SZ,健帆生物,创业板,18.79,0.54%,开,189345,2450,0万元,0,8667.0,4.62亿,46201,0,0%,缩量,96.30万,5.6,6.0,4.0,阳线||布林带下轨,布林带下轨支撑,未分类,未分类,未分类,0,39.34,42.61,43.49,43.36,55.14,43.49,31.84,下轨下方,-1.69,0.1,-3.59,无信号,震荡整理,否,获取公告失败
2026-05-22,300968.SZ,格林精密,创业板,12.12,2.19%,开,189331,2451,0万元,0,7837.0,6.53亿,65277,0,0%,缩量,50.10万,5.7,6.1,4.1,阳线,观望,未分类,未分类,未分类,0,12.77,13.06,12.71,12.81,13.74,12.71,11.69,布林带内,0.04,0.1,-0.13,无信号,震荡整理,否,获取公告失败
2026-05-22,301122.SZ,采纳股份,创业板,28.9,2.92%,开,189261,2452,0万元,0,7466.0,2.61亿,26125,0,0%,缩量,21.86万,5.8,6.1,4.2,阳线||布林带下轨,布林带下轨支撑,未分类,未分类,未分类,0,37.17,41.1,42.22,42.15,50.15,42.22,34.29,下轨下方,-1.44,-0.05,-2.78,无信号,震荡整理,否,获取公告失败
2026-05-22,688391.SH,钜泉科技,科创板,33.29,2.75%,开,189124,2453,0万元,0,7539.0,229.16亿,2291589,0,0%,缩量,38.34万,5.8,6.1,4.2,阳线||布林带下轨,布林带下轨支撑,未分类,未分类,未分类,0,65.93,69.43,69.12,68.57,86.96,69.12,51.29,下轨下方,-1.63,0.77,-4.81,死叉,震荡整理,否,获取公告失败
2026-05-22,605069.SH,正和生态,沪市主板,16.18,2.66%,开,189044,2454,0万元,0,7572.0,4.71亿,47093,0,0%,缩量,34.25万,5.8,6.1,4.2,阳线||布林带下轨,布林带下轨支撑,未分类,未分类,未分类,0,20.08,20.52,19.73,17.93,22.72,19.73,16.74,下轨下方,0.61,0.93,-0.64,死叉,震荡整理,否,获取公告失败
2026-05-22,300971.SZ,博亚精工,创业板,24.28,3.41%,开,188985,2455,0万元,0,7195.0,3.00亿,30029,0,0%,缩量,22.40万,5.8,6.2,4.2,阳线||布林带下轨,布林带下轨支撑,未分类,未分类,未分类,0,33.46,35.14,35.44,35.0,40.98,35.44,29.89,下轨下方,-0.67,0.25,-1.82,无信号,震荡整理,否,获取公告失败
2026-05-22,002148.SZ,北纬科技,深市主板,7.4,0.54%,开,188687,2456,0万元,0,8597.0,11.72亿,117164,0,0%,缩量,33.25万,5.6,6.0,4.0,价升,观望,未分类,未分类,未分类,0,79.79,81.5,81.47,81.7,86.75,81.47,76.19,布林带内,-0.47,0.18,-1.3,无信号,震荡整理,否,获取公告失败
2026-05-22,603080.SH,新疆火炬,沪市主板,23.36,1.48%,开,188594,2457,0万元,0,8121.0,3.48亿,34791,0,0%,缩量,33.05万,5.6,6.1,4.1,阳线||MA5上穿MA10,观望,未分类,未分类,未分类,0,25.33,24.96,24.4,24.63,26.22,24.4,22.57,布林带内,0.29,0.25,0.08,无信号,震荡整理,否,获取公告失败
2026-05-22,301148.SZ,嘉戎技术,创业板,70.5,0.92%,开,188480,2458,0万元,0,8390.0,1.19亿,11889,0,0%,缩量,41.51万,5.6,6.0,4.1,价升,观望,未分类,未分类,未分类,0,0.0,0.0,0.0,0.0,0.0,0.0,0.0,未知,0.0,0.0,0.0,,未知,否,获取公告失败
2026-05-22,300977.SZ,深圳瑞捷,创业板,22.14,4.88%,开,188476,2459,0万元,0,6408.0,2.96亿,29580,0,0%,缩量,20.99万,6.0,6.2,4.3,阳线,观望,未分类,未分类,未分类,0,0.0,0.0,0.0,0.0,0.0,0.0,0.0,未知,0.0,0.0,0.0,,未知,否,获取公告失败
2026-05-22,688395.SH,正弦电气,科创板,31.76,2.45%,开,188458,2460,0万元,0,7620.0,242.49亿,2424921,0,0%,缩量,27.50万,5.7,6.1,4.2,阳线,观望,未分类,未分类,未分类,0,32.37,32.7,30.98,28.52,35.13,30.98,26.84,布林带内,1.22,1.29,-0.14,死叉,震荡整理,否,获取公告失败
2026-05-22,301556.SZ,托普云农,创业板,76.05,0.56%,开,188386,2461,0万元,0,8561.0,1.13亿,11348,0,0%,缩量,22.42万,5.6,6.0,4.0,阳线||布林带下轨,布林带下轨支撑,未分类,未分类,未分类,0,79.1,83.16,85.74,89.19,95.4,85.74,76.08,下轨下方,-2.53,-1.34,-2.38,无信号,震荡整理,否,获取公告失败
2026-05-22,601068.SH,中铝国际,沪市主板,5.64,1.44%,开,188364,2462,0万元,0,8117.0,14.50亿,145042,0,0%,缩量,144.36万,5.6,6.1,4.1,阳线,观望,未分类,未分类,未分类,0,5.67,5.82,6.05,6.12,6.61,6.05,5.49,布林带内,-0.14,-0.07,-0.13,无信号,震荡整理,否,获取公告失败
2026-05-22,603213.SH,镇洋发展,沪市主板,13.82,1.25%,开,188317,2463,0万元,0,8209.0,5.96亿,59601,0,0%,缩量,61.08万,5.6,6.1,4.1,阳线||布林带下轨,布林带下轨支撑,未分类,未分类,未分类,0,14.87,15.07,15.12,15.15,15.8,15.12,14.43,下轨下方,-0.1,-0.0,-0.19,无信号,震荡整理,否,获取公告失败
2026-05-22,301279.SZ,金道科技,创业板,26.8,0.79%,开,188288,2464,0万元,0,8434.0,3.16亿,31606,0,0%,缩量,34.97万,5.6,6.0,4.1,价升,观望,未分类,未分类,未分类,0,0.0,0.0,0.0,0.0,0.0,0.0,0.0,未知,0.0,0.0,0.0,,未知,否,获取公告失败
2026-05-22,603721.SH,*ST天择,沪市主板,24.17,5.00%,开,188238,2465,0万元,0,6326.0,2.64亿,26360,0,0%,缩量,31.42万,6.0,6.2,4.3,阳线||布林带下轨,布林带下轨支撑,未分类,未分类,未分类,0,29.77,31.49,31.61,28.9,36.16,31.61,27.06,下轨下方,0.09,0.92,-1.68,无信号,震荡整理,否,获取公告失败
2026-05-22,000561.SZ,烽火电子,深市主板,8.95,1.82%,开,188211,2466,0万元,0,7911.0,8.92亿,89227,0,0%,缩量,69.47万,5.7,6.1,4.1,阳线||布林带下轨,布林带下轨支撑,未分类,未分类,未分类,0,22.27,23.46,23.97,25.56,27.17,23.97,20.78,下轨下方,-0.95,-0.47,-0.95,无信号,震荡整理,否,获取公告失败
2026-05-22,688128.SH,中国电研,科创板,27.17,1.95%,开,188206,2467,0万元,0,7845.0,291.07亿,2910717,0,0%,缩量,109.90万,5.7,6.1,4.1,阳线||布林带下轨,布林带下轨支撑,未分类,未分类,未分类,0,29.22,29.45,29.22,29.51,30.64,29.22,27.81,下轨下方,0.02,0.15,-0.26,死叉,震荡整理,否,获取公告失败
2026-05-22,000822.SZ,山东海化,深市主板,5.17,1.97%,开,188141,2468,0万元,0,7828.0,15.33亿,153339,0,0%,缩量,46.28万,5.7,6.1,4.1,阳线||布林带下轨,布林带下轨支撑,未分类,未分类,未分类,0,12.57,13.21,13.99,15.04,16.67,13.99,11.3,下轨下方,-0.8,-0.44,-0.72,无信号,震荡整理,否,获取公告失败
2026-05-22,000655.SZ,金岭矿业,深市主板,7.59,3.12%,开,188064,2469,0万元,0,7244.0,9.58亿,95802,0,0%,缩量,45.19万,5.8,6.2,4.2,阳线||布林带下轨,布林带下轨支撑,未分类,未分类,未分类,0,47.74,49.69,51.59,57.43,57.11,51.59,46.06,下轨下方,-2.45,-1.87,-1.17,无信号,震荡整理,否,获取公告失败
2026-05-22,002775.SZ,文科股份,深市主板,4.14,1.22%,开,187992,2470,0万元,0,8188.0,20.14亿,201443,0,0%,缩量,23.67万,5.6,6.1,4.1,阳线||布林带下轨||MA5上穿MA10,布林带下轨支撑,未分类,未分类,未分类,0,16.71,16.67,16.53,17.23,17.99,16.53,15.06,下轨下方,-0.08,-0.04,-0.09,死叉,震荡整理,否,获取公告失败
2026-05-22,300961.SZ,深水海纳,创业板,13.61,0.44%,开,187964,2471,0万元,0,8575.0,6.27亿,62736,0,0%,缩量,20.68万,5.5,6.0,4.0,阳线,观望,未分类,未分类,未分类,0,14.13,14.34,13.95,14.0,15.02,13.95,12.88,布林带内,0.1,0.13,-0.06,死叉,震荡整理,否,获取公告失败
2026-05-22,688622.SH,*ST禾信,科创板,79.8,3.33%,开,187928,2472,0万元,0,7129.0,90.48亿,904786,0,0%,缩量,56.23万,5.8,6.2,4.2,阳线,观望,未分类,未分类,未分类,0,80.26,80.8,80.58,89.51,85.96,80.58,75.21,布林带内,-2.47,-2.88,0.81,无信号,震荡整理,否,获取公告失败
2026-05-22,600210.SH,紫江企业,沪市主板,6.73,0.15%,开,187904,2473,0万元,0,8716.0,12.94亿,129377,0,0%,缩量,102.08万,5.5,6.0,4.0,阳线||布林带下轨,布林带下轨支撑,未分类,未分类,未分类,0,47.38,48.82,49.78,50.96,55.3,49.78,44.26,下轨下方,-1.25,-0.45,-1.59,无信号,震荡整理,否,获取公告失败
2026-05-22,688273.SH,麦澜德,科创板,43.2,3.80%,开,187801,2474,0万元,0,6882.0,162.69亿,1626947,0,0%,缩量,43.20万,5.9,6.2,4.3,阳线||布林带下轨,布林带下轨支撑,未分类,未分类,未分类,0,45.47,46.97,48.15,47.0,52.37,48.15,43.93,下轨下方,-0.64,0.03,-1.35,无信号,震荡整理,否,获取公告失败
2026-05-22,300562.SZ,乐心医疗,创业板,13.29,0.99%,开,187749,2475,0万元,0,8281.0,6.29亿,62909,0,0%,缩量,21.66万,5.6,6.0,4.1,价升,观望,未分类,未分类,未分类,0,0.0,0.0,0.0,0.0,0.0,0.0,0.0,未知,0.0,0.0,0.0,,未知,否,获取公告失败
2026-05-22,603255.SH,鼎际得,沪市主板,33.8,0.66%,开,187745,2476,0万元,0,8447.0,2.52亿,25226,0,0%,缩量,20.51万,5.6,6.0,4.0,阳线||多头排列||MA5上穿MA10,多头排列,未分类,未分类,未分类,0,33.57,33.18,31.93,30.45,34.88,31.93,28.97,布林带内,1.05,0.9,0.29,无信号,多头排列,是,获取公告失败
2026-05-22,600746.SH,江苏索普,沪市主板,7.04,1.59%,开,187696,2477,0万元,0,7976.0,11.42亿,114223,0,0%,缩量,82.22万,5.7,6.1,4.1,阳线||布林带下轨,布林带下轨支撑,未分类,未分类,未分类,0,57.59,61.35,66.36,71.22,81.69,66.36,51.03,下轨下方,-5.19,-3.11,-4.15,无信号,震荡整理,否,获取公告失败
2026-05-22,002117.SZ,东港股份,深市主板,9.7,0.94%,开,187692,2478,0万元,0,8301.0,8.64亿,86374,0,0%,缩量,50.78万,5.6,6.0,4.1,价升,观望,未分类,未分类,未分类,0,0.0,0.0,0.0,0.0,0.0,0.0,0.0,未知,0.0,0.0,0.0,,未知,否,获取公告失败
2026-05-22,600889.SH,*ST京化,沪市主板,15.48,3.96%,开,187441,2479,0万元,0,6763.0,4.43亿,44323,0,0%,缩量,56.71万,5.9,6.2,4.3,阳线||布林带下轨,布林带下轨支撑,未分类,未分类,未分类,0,65.18,67.42,68.4,69.23,75.75,68.4,61.05,下轨下方,-1.11,0.01,-2.23,无信号,震荡整理,否,获取公告失败
2026-05-22,300887.SZ,谱尼测试,创业板,9.07,1.00%,开,187441,2479,0万元,0,8243.0,9.14亿,91365,0,0%,缩量,32.85万,5.6,6.1,4.1,价升||布林带下轨,布林带下轨支撑,未分类,未分类,未分类,0,51.53,58.25,60.83,66.94,85.54,60.83,36.12,下轨下方,-5.43,-1.89,-7.09,无信号,震荡整理,否,获取公告失败
2026-05-22,688750.SH,金天钛业,科创板,18.34,3.32%,开,187409,2480,0万元,0,7079.0,390.49亿,3904856,0,0%,缩量,42.72万,5.8,6.2,4.2,阳线,观望,未分类,未分类,未分类,0,18.28,18.68,18.75,19.04,19.7,18.75,17.8,布林带内,-0.11,-0.01,-0.21,无信号,震荡整理,否,获取公告失败
2026-05-22,002420.SZ,毅昌科技,深市主板,6.72,2.60%,开,187387,2481,0万元,0,7441.0,11.21亿,112068,0,0%,缩量,26.85万,5.8,6.1,4.2,阳线,观望,未分类,未分类,未分类,0,6.91,7.04,7.33,7.74,8.03,7.33,6.62,布林带内,-0.24,-0.19,-0.1,无信号,震荡整理,否,获取公告失败
2026-05-22,000558.SZ,天府文旅,深市主板,3.75,1.08%,开,187280,2482,0万元,0,8189.0,21.93亿,219336,0,0%,缩量,48.33万,5.6,6.1,4.1,价升||布林带下轨,布林带下轨支撑,未分类,未分类,未分类,0,24.8,26.25,27.73,30.7,32.72,27.73,22.74,下轨下方,-1.87,-1.24,-1.26,无信号,震荡整理,否,获取公告失败
2026-05-22,600854.SH,春兰股份,沪市主板,5.26,0.57%,开,187158,2483,0万元,0,8429.0,16.24亿,162410,0,0%,缩量,27.32万,5.6,6.0,4.0,阳线||布林带下轨,布林带下轨支撑,未分类,未分类,未分类,0,31.88,33.73,33.29,32.54,38.55,33.29,28.03,下轨下方,-0.37,0.45,-1.65,无信号,震荡整理,否,获取公告失败
2026-05-22,688355.SH,明志科技,科创板,23.73,4.86%,开,187124,2484,0万元,0,6282.0,269.80亿,2697981,0,0%,缩量,29.41万,6.0,6.2,4.3,阳线||多头排列||MA5上穿MA10,多头排列,未分类,未分类,未分类,0,24.94,24.93,24.86,23.64,26.12,24.86,23.59,布林带内,0.21,0.38,-0.34,无信号,多头排列,是,获取公告失败
2026-05-22,000599.SZ,青岛双星,深市主板,5.55,1.83%,开,187084,2485,0万元,0,7791.0,14.18亿,141757,0,0%,缩量,45.33万,5.7,6.1,4.1,阳线||布林带下轨,布林带下轨支撑,未分类,未分类,未分类,0,26.92,28.1,28.26,30.29,32.87,28.26,23.66,下轨下方,-0.8,-0.25,-1.11,死叉,震荡整理,否,获取公告失败
2026-05-22,000821.SZ,ST京机,深市主板,9.86,1.86%,开,186907,2486,0万元,0,7761.0,7.93亿,79328,0,0%,缩量,59.62万,5.7,6.1,4.1,阳线||布林带下轨,布林带下轨支撑,未分类,未分类,未分类,0,21.03,22.06,22.65,25.9,25.29,22.65,20.02,下轨下方,-1.22,-1.01,-0.42,无信号,震荡整理,否,获取公告失败
2026-05-22,002383.SZ,合众思壮,深市主板,8.62,1.41%,开,186858,2487,0万元,0,7980.0,9.30亿,92993,0,0%,缩量,63.82万,5.6,6.1,4.1,阳线,观望,未分类,未分类,未分类,0,42.2,43.6,44.45,48.18,48.12,44.45,40.79,布林带内,-1.34,-1.02,-0.63,无信号,震荡整理,否,获取公告失败
2026-05-22,600594.SH,益佰制药,沪市主板,3.72,1.36%,开,186771,2488,0万元,0,7996.0,21.67亿,216653,0,0%,缩量,29.46万,5.6,6.1,4.1,阳线||布林带下轨,布林带下轨支撑,未分类,未分类,未分类,0,64.07,68.55,72.06,73.72,87.8,72.06,56.32,下轨下方,-4.17,-1.77,-4.78,无信号,震荡整理,否,获取公告失败
2026-05-22,002596.SZ,海南瑞泽,深市主板,3.84,2.13%,开,186758,2489,0万元,0,7612.0,19.96亿,199650,0,0%,缩量,44.03万,5.7,6.1,4.1,阳线,观望,未分类,未分类,未分类,0,19.15,19.3,18.64,19.08,20.52,18.64,16.77,布林带内,0.2,0.16,0.09,无信号,震荡整理,否,获取公告失败
2026-05-22,000553.SZ,安道麦A,深市主板,6.5,1.25%,开,186610,2490,0万元,0,8038.0,12.42亿,124182,0,0%,缩量,141.51万,5.6,6.1,4.1,阳线||布林带下轨,布林带下轨支撑,未分类,未分类,未分类,0,30.35,32.4,32.36,31.17,39.28,32.36,25.44,下轨下方,-0.51,0.55,-2.13,无信号,震荡整理,否,获取公告失败
2026-05-22,002397.SZ,梦洁股份,深市主板,5.28,1.15%,开,186607,2491,0万元,0,8086.0,15.35亿,153477,0,0%,缩量,34.21万,5.6,6.1,4.1,阳线,观望,未分类,未分类,未分类,0,67.53,69.13,65.66,58.46,75.35,65.66,55.97,布林带内,2.74,3.35,-1.21,无信号,震荡整理,否,获取公告失败
2026-05-22,301112.SZ,信邦智能,创业板,37.08,1.51%,开,186588,2492,0万元,0,7906.0,2.14亿,21388,0,0%,缩量,40.89万,5.7,6.1,4.1,阳线,观望,未分类,未分类,未分类,0,37.3,37.47,36.71,35.54,39.24,36.71,34.19,布林带内,0.66,0.7,-0.08,死叉,震荡整理,否,获取公告失败
2026-05-22,002516.SZ,旷达科技,深市主板,6.05,1.17%,开,186562,2493,0万元,0,8071.0,13.38亿,133820,0,0%,缩量,88.17万,5.6,6.1,4.1,阳线,观望,未分类,未分类,未分类,0,0.0,0.0,0.0,0.0,0.0,0.0,0.0,未知,0.0,0.0,0.0,,未知,否,获取公告失败
2026-05-22,002692.SZ,远程股份,深市主板,5.2,2.97%,开,186441,2494,0万元,0,7159.0,13.92亿,139226,0,0%,缩量,37.32万,5.8,6.1,4.2,阳线,观望,未分类,未分类,未分类,0,22.04,22.66,23.86,24.48,27.56,23.86,20.16,布林带内,-0.95,-0.66,-0.58,无信号,震荡整理,否,获取公告失败
2026-05-22,002110.SZ,三钢闽光,深市主板,3.15,1.29%,开,186430,2495,0万元,0,8000.0,25.48亿,254781,0,0%,缩量,76.52万,5.6,6.1,4.1,价升||布林带下轨,布林带下轨支撑,未分类,未分类,未分类,0,10.01,10.92,11.47,12.43,15.16,11.47,7.78,下轨下方,-0.86,-0.35,-1.03,无信号,震荡整理,否,获取公告失败
2026-05-22,002609.SZ,捷顺科技,深市主板,8.39,1.57%,开,186399,2496,0万元,0,7853.0,9.44亿,94406,0,0%,缩量,38.50万,5.7,6.1,4.1,阳线,观望,未分类,未分类,未分类,0,46.38,46.93,46.79,47.8,48.91,46.79,44.67,布林带内,-0.26,-0.11,-0.3,无信号,震荡整理,否,获取公告失败
2026-05-22,600315.SH,上海家化,沪市主板,18.15,0.61%,开,186348,2497,0万元,0,8330.0,4.59亿,45924,0,0%,缩量,122.01万,5.6,6.0,4.0,价升||布林带下轨,布林带下轨支撑,未分类,未分类,未分类,0,100.44,105.7,110.37,115.1,126.49,110.37,94.26,下轨下方,-4.92,-2.52,-4.8,无信号,震荡整理,否,获取公告失败
2026-05-22,002588.SZ,史丹利,深市主板,9.47,0.42%,开,186310,2498,0万元,0,8419.0,8.88亿,88809,0,0%,缩量,81.31万,5.5,6.0,4.0,价升||布林带下轨,布林带下轨支撑,未分类,未分类,未分类,0,94.2,97.58,103.38,104.35,117.48,103.38,89.27,下轨下方,-3.29,-1.69,-3.2,无信号,震荡整理,否,获取公告失败
2026-05-22,300105.SZ,龙源技术,创业板,6.74,3.69%,开,186181,2499,0万元,0,6772.0,10.25亿,102459,0,0%,缩量,34.74万,5.9,6.2,4.2,阳线||布林带下轨,布林带下轨支撑,未分类,未分类,未分类,0,43.84,44.65,45.0,47.13,47.91,45.0,42.09,下轨下方,-0.73,-0.38,-0.69,无信号,震荡整理,否,获取公告失败
2026-05-22,300823.SZ,建科智能,创业板,19.1,3.13%,开,186128,2500,0万元,0,7047.0,3.73亿,37345,0,0%,缩量,16.19万,5.8,6.2,4.2,阳线||布林带下轨,布林带下轨支撑,未分类,未分类,未分类,0,27.47,28.64,28.28,26.92,33.64,28.28,22.93,下轨下方,-0.01,0.74,-1.5,无信号,震荡整理,否,获取公告失败
2026-05-22,300125.SZ,*ST聆达,创业板,10.64,4.01%,开,186079,2501,0万元,0,6604.0,6.28亿,62791,0,0%,缩量,38.39万,5.9,6.2,4.3,阳线||布林带下轨,布林带下轨支撑,未分类,未分类,未分类,0,53.94,57.26,56.37,52.48,68.76,56.37,43.99,下轨下方,-0.25,1.59,-3.69,无信号,震荡整理,否,获取公告失败
2026-05-22,301066.SZ,万事利,创业板,15.62,2.29%,开,186060,2502,0万元,0,7460.0,4.84亿,48381,0,0%,缩量,36.41万,5.7,6.1,4.2,阳线||布林带下轨,布林带下轨支撑,未分类,未分类,未分类,0,21.03,22.38,21.78,21.31,25.65,21.78,17.91,下轨下方,-0.09,0.41,-1.02,无信号,震荡整理,否,获取公告失败
2026-05-22,600777.SH,*ST新潮,沪市主板,5.77,1.94%,开,186027,2503,0万元,0,7631.0,13.32亿,133205,0,0%,缩量,367.33万,5.7,6.1,4.1,阳线||布林带下轨,布林带下轨支撑,未分类,未分类,未分类,0,175.61,180.53,181.48,169.83,198.03,181.48,164.93,下轨下方,-0.37,2.8,-6.33,无信号,震荡整理,否,获取公告失败
2026-05-22,300928.SZ,华安鑫创,创业板,35.5,3.05%,开,185709,2504,0万元,0,7047.0,1.99亿,19912,0,0%,缩量,19.02万,5.8,6.2,4.2,阳线,观望,未分类,未分类,未分类,0,35.6,36.01,34.39,32.57,39.23,34.39,29.55,布林带内,1.14,1.19,-0.1,死叉,震荡整理,否,获取公告失败
2026-05-22,600894.SH,广日股份,沪市主板,8.37,2.70%,开,185636,2505,0万元,0,7214.0,8.72亿,87238,0,0%,缩量,70.57万,5.8,6.1,4.2,阳线||布林带下轨,布林带下轨支撑,未分类,未分类,未分类,0,32.47,33.87,35.6,36.34,40.55,35.6,30.66,下轨下方,-1.44,-0.73,-1.42,无信号,震荡整理,否,获取公告失败
2026-05-22,300631.SZ,久吾高科,创业板,27.25,2.37%,开,185603,2506,0万元,0,7377.0,2.74亿,27366,0,0%,缩量,33.14万,5.7,6.1,4.2,阳线,观望,未分类,未分类,未分类,0,46.09,48.04,47.84,46.81,53.18,47.84,42.49,布林带内,-0.08,0.6,-1.35,无信号,震荡整理,否,获取公告失败
2026-05-22,300078.SZ,思创智联,创业板,3.69,0.82%,开,185558,2507,0万元,0,8146.0,22.19亿,221943,0,0%,缩量,41.08万,5.6,6.0,4.1,价升||布林带下轨,布林带下轨支撑,未分类,未分类,未分类,0,49.79,50.99,51.34,54.12,54.72,51.34,47.97,下轨下方,-1.13,-0.76,-0.74,无信号,震荡整理,否,获取公告失败
2026-05-22,601700.SH,风范股份,沪市主板,5.49,2.62%,开,185494,2508,0万元,0,7241.0,13.35亿,133476,0,0%,缩量,62.52万,5.8,6.1,4.2,阳线,观望,未分类,未分类,未分类,0,34.15,34.52,33.71,34.58,36.45,33.71,30.97,布林带内,0.11,0.21,-0.21,死叉,震荡整理,否,获取公告失败
2026-05-22,688334.SH,西高院,科创板,20.48,1.94%,开,185436,2509,0万元,0,7573.0,375.85亿,3758497,0,0%,缩量,32.13万,5.7,6.1,4.1,阳线||布林带下轨,布林带下轨支撑,未分类,未分类,未分类,0,21.51,21.85,21.96,23.05,23.09,21.96,20.83,下轨下方,-0.37,-0.26,-0.22,无信号,震荡整理,否,获取公告失败
2026-05-22,600708.SH,光明地产,沪市主板,3.38,1.50%,开,185287,2510,0万元,0,7778.0,23.15亿,231505,0,0%,缩量,75.21万,5.7,6.1,4.1,阳线||布林带下轨,布林带下轨支撑,未分类,未分类,未分类,0,41.12,44.11,44.19,44.91,52.79,44.19,35.59,下轨下方,-1.15,0.17,-2.63,无信号,震荡整理,否,获取公告失败
2026-05-22,000061.SZ,农 产 品,深市主板,6.53,0.77%,开,185128,2511,0万元,0,8127.0,12.45亿,124504,0,0%,缩量,117.17万,5.6,6.0,4.1,价升||布林带下轨,布林带下轨支撑,未分类,未分类,未分类,0,160.89,169.88,177.38,195.13,201.11,177.38,153.65,下轨下方,-8.69,-5.74,-5.9,无信号,震荡整理,否,获取公告失败
2026-05-22,300027.SZ,ST华谊,创业板,1.87,2.19%,开,185128,2511,0万元,0,7420.0,39.79亿,397853,0,0%,缩量,47.99万,5.7,6.1,4.1,阳线||布林带下轨,布林带下轨支撑,未分类,未分类,未分类,0,31.14,32.08,31.94,30.14,34.74,31.94,29.15,下轨下方,0.16,0.62,-0.91,无信号,震荡整理,否,获取公告失败
2026-05-22,301567.SZ,贝隆精密,创业板,47.88,3.68%,开,185086,2512,0万元,0,6668.0,1.41亿,14062,0,0%,缩量,10.17万,5.9,6.2,4.2,阳线||MA5上穿MA10,观望,未分类,未分类,未分类,0,47.48,46.86,45.26,45.46,49.2,45.26,41.31,布林带内,0.96,0.68,0.56,无信号,震荡整理,否,获取公告失败
2026-05-22,600261.SH,阳光照明,沪市主板,3.51,3.54%,开,185009,2513,0万元,0,6731.0,19.42亿,194165,0,0%,缩量,46.86万,5.9,6.2,4.2,阳线||布林带下轨,布林带下轨支撑,未分类,未分类,未分类,0,69.71,73.47,77.34,79.07,92.85,77.34,61.84,下轨下方,-3.58,-1.36,-4.44,无信号,震荡整理,否,获取公告失败
2026-05-22,301330.SZ,熵基科技,创业板,29.51,1.06%,开,184938,2514,0万元,0,7963.0,2.71亿,27146,0,0%,缩量,57.34万,5.6,6.1,4.1,阳线||布林带下轨,布林带下轨支撑,未分类,未分类,未分类,0,44.86,47.0,50.33,54.81,62.32,50.33,38.33,下轨下方,-3.38,-2.05,-2.67,无信号,震荡整理,否,获取公告失败
2026-05-22,600307.SH,酒钢宏兴,沪市主板,1.63,1.24%,开,184881,2515,0万元,0,7867.0,48.79亿,487890,0,0%,缩量,102.09万,5.6,6.1,4.1,阳线||布林带下轨,布林带下轨支撑,未分类,未分类,未分类,0,7.2,7.57,7.83,8.41,9.11,7.83,6.55,下轨下方,-0.39,-0.21,-0.36,无信号,震荡整理,否,获取公告失败
2026-05-22,601011.SH,宝泰隆,沪市主板,2.82,2.55%,开,184867,2516,0万元,0,7214.0,25.84亿,258445,0,0%,缩量,54.02万,5.8,6.1,4.2,阳线||布林带下轨,布林带下轨支撑,未分类,未分类,未分类,0,7.78,7.93,8.17,9.05,8.82,8.17,7.52,下轨下方,-0.33,-0.28,-0.09,无信号,震荡整理,否,获取公告失败
2026-05-22,300453.SZ,三鑫医疗,创业板,9.91,1.75%,开,184856,2517,0万元,0,7613.0,7.76亿,77645,0,0%,缩量,35.66万,5.7,6.1,4.1,阳线||布林带下轨,布林带下轨支撑,未分类,未分类,未分类,0,58.4,64.48,67.32,67.15,89.72,67.32,44.92,下轨下方,-3.81,-0.32,-6.98,无信号,震荡整理,否,获取公告失败
2026-05-22,002495.SZ,佳隆股份,深市主板,2.55,3.24%,开,184714,2518,0万元,0,6852.0,27.16亿,271605,0,0%,缩量,17.69万,5.8,6.2,4.2,阳线,观望,未分类,未分类,未分类,0,24.96,25.28,25.39,25.57,26.83,25.39,23.95,布林带内,-0.13,0.01,-0.28,无信号,震荡整理,否,获取公告失败
2026-05-22,002394.SZ,联发股份,深市主板,11.9,2.15%,开,184689,2519,0万元,0,7396.0,6.27亿,62659,0,0%,缩量,38.45万,5.7,6.1,4.1,阳线||布林带下轨,布林带下轨支撑,未分类,未分类,未分类,0,52.69,53.98,55.61,59.12,61.06,55.61,50.16,下轨下方,-1.78,-1.21,-1.14,无信号,震荡整理,否,获取公告失败
2026-05-22,301052.SZ,果麦文化,创业板,29.56,1.69%,开,184587,2520,0万元,0,7616.0,2.61亿,26076,0,0%,缩量,23.71万,5.7,6.1,4.1,阳线,观望,未分类,未分类,未分类,0,0.0,0.0,0.0,0.0,0.0,0.0,0.0,未知,0.0,0.0,0.0,,未知,否,获取公告失败
2026-05-22,688118.SH,普元信息,科创板,26.2,1.28%,开,184468,2521,0万元,0,7809.0,302.30亿,3022965,0,0%,缩量,24.45万,5.6,6.1,4.1,阳线||布林带下轨,布林带下轨支撑,未分类,未分类,未分类,0,27.81,28.28,28.84,30.44,31.17,28.84,26.52,下轨下方,-0.71,-0.49,-0.43,无信号,震荡整理,否,获取公告失败
2026-05-22,300610.SZ,晨化股份,创业板,12.05,3.88%,开,184316,2522,0万元,0,6492.0,5.46亿,54562,0,0%,缩量,19.95万,5.9,6.2,4.3,阳线||布林带下轨,布林带下轨支撑,未分类,未分类,未分类,0,26.64,28.02,28.61,28.63,33.59,28.61,23.63,下轨下方,-0.79,0.02,-1.62,无信号,震荡整理,否,获取公告失败
2026-05-22,301305.SZ,朗坤科技,创业板,24.5,0.29%,开,184222,2523,0万元,0,8279.0,3.40亿,33988,0,0%,缩量,30.45万,5.5,6.0,4.0,价升||布林带下轨,布林带下轨支撑,未分类,未分类,未分类,0,25.51,26.06,26.89,26.7,29.23,26.89,24.56,下轨下方,-0.43,-0.12,-0.62,无信号,震荡整理,否,获取公告失败
2026-05-22,600990.SH,四创电子,沪市主板,20.75,0.97%,开,184116,2524,0万元,0,7925.0,3.86亿,38577,0,0%,缩量,55.82万,5.6,6.0,4.1,阳线||布林带下轨,布林带下轨支撑,未分类,未分类,未分类,0,88.18,96.23,102.05,109.28,130.64,102.05,73.47,下轨下方,-7.31,-3.05,-8.53,无信号,震荡整理,否,获取公告失败
2026-05-22,688479.SH,友车科技,科创板,40.3,3.47%,开,184039,2525,0万元,0,6671.0,166.89亿,1668924,0,0%,缩量,25.11万,5.8,6.2,4.2,阳线,观望,未分类,未分类,未分类,0,41.02,41.87,40.85,36.1,45.32,40.85,36.38,布林带内,1.37,1.83,-0.92,无信号,震荡整理,否,获取公告失败
2026-05-22,300086.SZ,康芝药业,创业板,7.01,1.01%,开,183973,2526,0万元,0,7893.0,11.28亿,112826,0,0%,缩量,30.89万,5.6,6.1,4.1,阳线,观望,未分类,未分类,未分类,0,35.16,36.15,35.87,39.48,38.46,35.87,33.28,布林带内,-0.99,-0.88,-0.22,死叉,震荡整理,否,获取公告失败
2026-05-22,688011.SH,新光光电,科创板,64.54,1.16%,开,183869,2527,0万元,0,7807.0,121.74亿,1217364,0,0%,缩量,64.32万,5.6,6.1,4.1,阳线,观望,未分类,未分类,未分类,0,65.67,65.82,66.69,68.94,70.19,66.69,63.2,布林带内,-1.02,-0.91,-0.22,无信号,震荡整理,否,获取公告失败
2026-05-22,002362.SZ,汉王科技,深市主板,17.85,0.85%,开,183767,2528,0万元,0,7953.0,4.49亿,44854,0,0%,缩量,37.06万,5.6,6.0,4.1,价升,观望,未分类,未分类,未分类,0,36.73,37.14,37.21,38.63,38.97,37.21,35.44,布林带内,-0.43,-0.3,-0.26,无信号,震荡整理,否,获取公告失败
2026-05-22,603387.SH,基蛋生物,沪市主板,9.22,1.43%,开,183440,2529,0万元,0,7629.0,8.30亿,83032,0,0%,缩量,46.76万,5.6,6.1,4.1,阳线||布林带下轨,布林带下轨支撑,未分类,未分类,未分类,0,36.53,40.18,41.38,41.88,54.91,41.38,27.85,下轨下方,-2.54,-0.47,-4.13,无信号,震荡整理,否,获取公告失败
2026-05-22,000908.SZ,ST景峰,深市主板,7.38,1.51%,开,183355,2530,0万元,0,7579.0,10.30亿,102989,0,0%,缩量,64.93万,5.7,6.1,4.1,阳线,观望,未分类,未分类,未分类,0,0.0,0.0,0.0,0.0,0.0,0.0,0.0,未知,0.0,0.0,0.0,,未知,否,获取公告失败
2026-05-22,002093.SZ,国脉科技,深市主板,7.94,0.76%,开,183287,2531,0万元,0,7948.0,10.06亿,100634,0,0%,缩量,80.00万,5.6,6.0,4.1,阳线,观望,未分类,未分类,未分类,0,100.56,102.67,107.2,119.32,121.36,107.2,93.04,布林带内,-5.23,-4.71,-1.05,无信号,震荡整理,否,获取公告失败
2026-05-22,688251.SH,井松智能,科创板,29.1,2.36%,开,183193,2532,0万元,0,7141.0,247.46亿,2474592,0,0%,缩量,29.07万,5.7,6.1,4.2,阳线||布林带下轨,布林带下轨支撑,未分类,未分类,未分类,0,45.56,48.29,51.41,55.77,63.15,51.41,39.68,下轨下方,-3.86,-2.31,-3.1,无信号,震荡整理,否,获取公告失败
2026-05-22,603602.SH,纵横通信,沪市主板,13.89,2.28%,开,183033,2533,0万元,0,7162.0,5.22亿,52200,0,0%,缩量,32.09万,5.7,6.1,4.2,阳线||布林带下轨,布林带下轨支撑,未分类,未分类,未分类,0,32.88,34.49,34.51,35.19,41.88,34.51,27.13,下轨下方,-0.98,-0.01,-1.94,死叉,震荡整理,否,获取公告失败
2026-05-22,300644.SZ,南京聚隆,创业板,27.83,2.77%,开,183017,2534,0万元,0,6917.0,2.51亿,25089,0,0%,缩量,24.66万,5.8,6.1,4.2,阳线||布林带下轨,布林带下轨支撑,未分类,未分类,未分类,0,45.69,48.66,50.13,52.98,60.96,50.13,39.31,下轨下方,-2.55,-1.0,-3.1,无信号,震荡整理,否,获取公告失败
2026-05-22,300434.SZ,金石亚药,创业板,10.8,0.84%,开,182831,2535,0万元,0,7863.0,7.31亿,73147,0,0%,缩量,36.95万,5.6,6.0,4.1,阳线,观望,未分类,未分类,未分类,0,41.02,42.06,42.08,39.5,45.35,42.08,38.8,布林带内,0.33,0.84,-1.02,无信号,震荡整理,否,获取公告失败
2026-05-22,688272.SH,富吉瑞,科创板,37.56,1.38%,开,182792,2536,0万元,0,7591.0,203.67亿,2036720,0,0%,缩量,28.55万,5.6,6.1,4.1,阳线,观望,未分类,未分类,未分类,0,38.99,42.31,42.53,41.19,48.2,42.53,36.87,布林带内,-1.24,-0.31,-1.85,无信号,震荡整理,否,获取公告失败
2026-05-22,002882.SZ,金龙羽,深市主板,24.74,1.10%,开,182726,2537,0万元,0,7721.0,3.15亿,31461,0,0%,缩量,61.05万,5.6,6.1,4.1,阳线||布林带下轨,布林带下轨支撑,未分类,未分类,未分类,0,26.32,27.23,28.21,29.96,30.87,28.21,25.55,下轨下方,-1.02,-0.72,-0.59,无信号,震荡整理,否,获取公告失败
2026-05-22,002998.SZ,优彩资源,深市主板,9.12,1.79%,开,182648,2538,0万元,0,7372.0,8.12亿,81246,0,0%,缩量,24.67万,5.7,6.1,4.1,阳线,观望,未分类,未分类,未分类,0,0.0,0.0,0.0,0.0,0.0,0.0,0.0,未知,0.0,0.0,0.0,,未知,否,获取公告失败
2026-05-22,300147.SZ,*ST香雪,创业板,10.09,0.80%,开,182616,2539,0万元,0,7862.0,7.81亿,78068,0,0%,缩量,66.33万,5.6,6.0,4.1,阳线||MACD金叉||布林带上轨,MACD金叉,未分类,未分类,未分类,0,45.72,46.54,45.37,42.86,50.91,45.37,39.84,上轨上方,1.04,0.87,0.34,金叉,震荡整理,否,获取公告失败
2026-05-22,301065.SZ,本立科技,创业板,22.94,3.01%,开,182612,2540,0万元,0,6757.0,2.99亿,29913,0,0%,缩量,19.79万,5.8,6.2,4.2,阳线||布林带下轨,布林带下轨支撑,未分类,未分类,未分类,0,33.18,35.01,35.97,36.18,42.32,35.97,29.61,下轨下方,-1.18,-0.13,-2.1,无信号,震荡整理,否,获取公告失败
2026-05-22,603680.SH,今创集团,沪市主板,13.83,1.02%,开,182533,2541,0万元,0,7742.0,5.60亿,55976,0,0%,缩量,108.39万,5.6,6.1,4.1,阳线||布林带下轨,布林带下轨支撑,未分类,未分类,未分类,0,26.49,28.01,28.03,27.52,32.61,28.03,23.46,下轨下方,-0.37,0.36,-1.46,无信号,震荡整理,否,获取公告失败
2026-05-22,603367.SH,辰欣药业,沪市主板,14.45,1.26%,开,182476,2542,0万元,0,7617.0,5.28亿,52826,0,0%,缩量,65.42万,5.6,6.1,4.1,阳线||布林带下轨,布林带下轨支撑,未分类,未分类,未分类,0,16.71,17.36,17.76,18.75,19.51,17.76,16.01,下轨下方,-0.63,-0.38,-0.49,无信号,震荡整理,否,获取公告失败
2026-05-22,603578.SH,三星新材,沪市主板,15.02,2.95%,开,182436,2543,0万元,0,6770.0,4.52亿,45225,0,0%,缩量,27.09万,5.8,6.1,4.2,阳线||布林带下轨,布林带下轨支撑,未分类,未分类,未分类,0,26.31,27.47,26.83,26.7,33.01,26.83,20.64,下轨下方,-0.23,0.5,-1.48,死叉,震荡整理,否,获取公告失败
2026-05-22,688283.SH,坤恒顺维,科创板,45.23,2.10%,开,182326,2544,0万元,0,7183.0,159.95亿,1599464,0,0%,缩量,55.09万,5.7,6.1,4.1,阳线||布林带下轨,布林带下轨支撑,未分类,未分类,未分类,0,64.56,66.62,65.34,63.95,77.8,65.34,52.89,下轨下方,-0.13,1.2,-2.66,死叉,震荡整理,否,获取公告失败
2026-05-22,600356.SH,恒丰纸业,沪市主板,9.36,2.97%,开,182271,2545,0万元,0,6742.0,7.32亿,73223,0,0%,缩量,27.96万,5.8,6.1,4.2,阳线||布林带下轨,布林带下轨支撑,未分类,未分类,未分类,0,18.27,19.05,19.44,19.1,22.02,19.44,16.85,下轨下方,-0.38,0.07,-0.91,无信号,震荡整理,否,获取公告失败
2026-05-22,603202.SH,天有为,沪市主板,69.23,1.07%,开,182118,2546,0万元,0,7679.0,1.12亿,11195,0,0%,缩量,34.76万,5.6,6.1,4.1,阳线,观望,未分类,未分类,未分类,0,72.92,75.64,81.18,92.04,96.47,81.18,65.89,布林带内,-6.19,-5.34,-1.69,无信号,震荡整理,否,获取公告失败
2026-05-22,002671.SZ,龙泉股份,深市主板,4.62,2.90%,开,182096,2547,0万元,0,6762.0,14.83亿,148261,0,0%,缩量,25.49万,5.8,6.1,4.2,阳线||布林带下轨,布林带下轨支撑,未分类,未分类,未分类,0,19.44,19.83,20.07,21.72,21.12,20.07,19.01,下轨下方,-0.48,-0.41,-0.15,无信号,震荡整理,否,获取公告失败
2026-05-22,300635.SZ,中达安,创业板,14.78,2.85%,开,181995,2548,0万元,0,6773.0,4.64亿,46367,0,0%,缩量,17.80万,5.8,6.1,4.2,阳线,观望,未分类,未分类,未分类,0,24.12,24.46,23.87,22.85,26.02,23.87,21.72,布林带内,0.35,0.48,-0.26,无信号,震荡整理,否,获取公告失败
2026-05-22,300275.SZ,梅安森,创业板,9.75,0.52%,开,181947,2549,0万元,0,7937.0,8.14亿,81421,0,0%,缩量,26.47万,5.6,6.0,4.0,价升||布林带下轨,布林带下轨支撑,未分类,未分类,未分类,0,43.98,47.47,49.9,52.17,61.02,49.9,38.78,下轨下方,-2.84,-1.04,-3.59,无信号,震荡整理,否,获取公告失败
2026-05-22,002193.SZ,ST如意,深市主板,5.07,4.97%,开,181864,2550,0万元,0,5702.0,11.29亿,112860,0,0%,缩量,13.27万,6.0,6.2,4.3,阳线,观望,未分类,未分类,未分类,0,10.95,11.34,12.48,13.21,15.05,12.48,9.9,布林带内,-0.75,-0.51,-0.46,无信号,震荡整理,否,获取公告失败
2026-05-22,688315.SH,诺禾致源,科创板,14.74,0.75%,开,181799,2551,0万元,0,7804.0,535.64亿,5356442,0,0%,缩量,61.35万,5.6,6.0,4.1,价升,观望,未分类,未分类,未分类,0,15.07,15.36,15.0,14.66,16.04,15.0,13.96,布林带内,0.13,0.19,-0.11,无信号,震荡整理,否,获取公告失败
2026-05-22,600300.SH,维维股份,沪市主板,3.41,0.89%,开,181767,2552,0万元,0,7733.0,22.80亿,227977,0,0%,缩量,55.14万,5.6,6.0,4.1,阳线||布林带下轨,布林带下轨支撑,未分类,未分类,未分类,0,24.15,25.14,25.73,26.09,29.13,25.73,22.32,下轨下方,-0.71,-0.17,-1.08,无信号,震荡整理,否,获取公告失败
2026-05-22,603135.SH,中重科技,沪市主板,11.79,3.79%,开,181746,2553,0万元,0,6282.0,5.42亿,54194,0,0%,缩量,74.22万,5.9,6.2,4.3,阳线||布林带下轨,布林带下轨支撑,未分类,未分类,未分类,0,15.98,16.96,17.03,16.19,19.85,17.03,14.21,下轨下方,-0.16,0.34,-1.0,无信号,震荡整理,否,获取公告失败
2026-05-22,688280.SH,精进电动-W,科创板,6.12,0.99%,开,181710,2554,0万元,0,7676.0,1257.17亿,12571657,0,0%,缩量,31.86万,5.6,6.0,4.1,阳线,观望,未分类,未分类,未分类,0,6.2,6.44,7.79,9.55,11.61,7.79,3.97,布林带内,-1.07,-0.98,-0.18,无信号,震荡整理,否,获取公告失败
2026-05-22,000652.SZ,泰达股份,深市主板,3.83,2.13%,开,181566,2555,0万元,0,7090.0,18.67亿,186749,0,0%,缩量,55.85万,5.7,6.1,4.1,阳线||布林带下轨,布林带下轨支撑,未分类,未分类,未分类,0,112.96,122.37,126.7,125.92,150.96,126.7,102.44,下轨下方,-5.01,-0.62,-8.77,无信号,震荡整理,否,获取公告失败
2026-05-22,603370.SH,华新精科,沪市主板,46.83,0.97%,开,181511,2556,0万元,0,7666.0,1.66亿,16569,0,0%,缩量,16.39万,5.6,6.0,4.1,阳线||MA5上穿MA10,观望,未分类,未分类,未分类,0,46.93,45.7,44.33,45.0,48.41,44.33,40.26,布林带内,0.71,0.28,0.86,无信号,震荡整理,否,获取公告失败
2026-05-22,688073.SH,毕得医药,科创板,55.4,0.82%,开,181404,2557,0万元,0,7731.0,141.27亿,1412680,0,0%,缩量,50.35万,5.6,6.0,4.1,阳线||布林带下轨,布林带下轨支撑,未分类,未分类,未分类,0,74.85,79.83,83.33,83.97,98.77,83.33,67.89,下轨下方,-3.67,-1.28,-4.78,无信号,震荡整理,否,获取公告失败
2026-05-22,603685.SH,晨丰科技,沪市主板,32.55,3.66%,开,181352,2558,0万元,0,6304.0,1.95亿,19513,0,0%,缩量,65.58万,5.9,6.2,4.2,阳线||布林带下轨,布林带下轨支撑,未分类,未分类,未分类,0,53.88,56.66,56.99,52.97,64.54,56.99,49.44,下轨下方,-0.26,1.16,-2.84,无信号,震荡整理,否,获取公告失败
2026-05-22,000626.SZ,远大控股,深市主板,8.01,1.26%,开,181331,2559,0万元,0,7501.0,9.41亿,94105,0,0%,缩量,40.35万,5.6,6.1,4.1,阳线||布林带下轨,布林带下轨支撑,未分类,未分类,未分类,0,85.24,91.01,94.9,90.47,111.06,94.9,78.73,下轨下方,-2.68,0.34,-6.04,无信号,震荡整理,否,获取公告失败
2026-05-22,300707.SZ,威唐工业,创业板,14.38,2.35%,开,181273,2560,0万元,0,6953.0,4.90亿,48991,0,0%,缩量,20.97万,5.7,6.1,4.2,阳线||布林带下轨,布林带下轨支撑,未分类,未分类,未分类,0,29.76,30.49,31.04,33.06,33.19,31.04,28.9,下轨下方,-0.91,-0.73,-0.37,无信号,震荡整理,否,获取公告失败
2026-05-22,300546.SZ,雄帝科技,创业板,19.76,0.41%,开,181242,2561,0万元,0,7921.0,4.02亿,40197,0,0%,缩量,26.46万,5.5,6.0,4.0,价升||布林带下轨,布林带下轨支撑,未分类,未分类,未分类,0,64.81,68.88,67.78,73.16,78.08,67.78,57.47,下轨下方,-2.29,-1.08,-2.42,无信号,震荡整理,否,获取公告失败
2026-05-22,002376.SZ,新北洋,深市主板,6.95,1.91%,开,181240,2562,0万元,0,7171.0,10.44亿,104353,0,0%,缩量,54.71万,5.7,6.1,4.1,阳线||布林带下轨,布林带下轨支撑,未分类,未分类,未分类,0,36.3,37.48,38.18,38.64,42.06,38.18,34.3,下轨下方,-0.82,-0.19,-1.26,无信号,震荡整理,否,获取公告失败
2026-05-22,688211.SH,中科微至,科创板,38.26,2.03%,开,181233,2563,0万元,0,7110.0,186.59亿,1865854,0,0%,缩量,50.16万,5.7,6.1,4.1,阳线||多头排列||MA5上穿MA10,多头排列,未分类,未分类,未分类,0,38.89,38.57,36.94,34.23,41.25,36.94,32.64,布林带内,1.4,1.38,0.04,无信号,多头排列,是,获取公告失败
2026-05-22,002656.SZ,*ST摩登,深市主板,3.48,4.50%,开,181232,2564,0万元,0,5871.0,17.19亿,171913,0,0%,缩量,23.55万,6.0,6.2,4.3,阳线||多头排列||MA5上穿MA10,多头排列,未分类,未分类,未分类,0,18.57,18.5,17.9,16.92,19.31,17.9,16.49,布林带内,0.47,0.45,0.04,无信号,多头排列,是,获取公告失败
2026-05-22,300876.SZ,蒙泰高新,创业板,29.64,3.02%,开,181219,2565,0万元,0,6610.0,2.24亿,22425,0,0%,缩量,24.04万,5.8,6.2,4.2,阳线,观望,未分类,未分类,未分类,0,30.69,31.02,30.65,28.99,33.15,30.65,28.15,布林带内,0.56,0.8,-0.49,无信号,震荡整理,否,获取公告失败
2026-05-22,300087.SZ,荃银高科,创业板,7.55,1.34%,开,181171,2566,0万元,0,7446.0,9.92亿,99172,0,0%,缩量,68.12万,5.6,6.1,4.1,阳线||布林带下轨,布林带下轨支撑,未分类,未分类,未分类,0,118.87,131.0,136.25,142.51,172.8,136.25,99.69,下轨下方,-7.94,-2.1,-11.68,无信号,震荡整理,否,获取公告失败
2026-05-22,000816.SZ,智慧农业,深市主板,2.73,1.87%,开,180978,2567,0万元,0,7165.0,26.43亿,264260,0,0%,缩量,39.30万,5.7,6.1,4.1,阳线||布林带下轨,布林带下轨支撑,未分类,未分类,未分类,0,17.59,18.71,19.99,22.9,23.39,19.99,16.6,下轨下方,-1.38,-1.02,-0.71,无信号,震荡整理,否,获取公告失败
2026-05-22,300643.SZ,万通智控,创业板,18.4,1.49%,开,180946,2568,0万元,0,7350.0,4.02亿,40201,0,0%,缩量,42.45万,5.6,6.1,4.1,阳线,观望,未分类,未分类,未分类,0,19.21,19.41,19.05,19.57,20.15,19.05,17.95,布林带内,0.08,0.12,-0.07,死叉,震荡整理,否,获取公告失败
2026-05-22,002269.SZ,美邦服饰,深市主板,1.56,0.65%,开,180875,2569,0万元,0,7765.0,50.16亿,501613,0,0%,缩量,36.56万,5.6,6.0,4.0,价升||布林带下轨,布林带下轨支撑,未分类,未分类,未分类,0,9.9,10.36,10.56,11.02,12.28,10.56,8.84,下轨下方,-0.38,-0.14,-0.49,无信号,震荡整理,否,获取公告失败
2026-05-22,688030.SH,山石网科,科创板,17.76,4.29%,开,180872,2570,0万元,0,5944.0,340.22亿,3402170,0,0%,缩量,32.01万,5.9,6.2,4.3,阳线||多头排列||MA5上穿MA10,多头排列,未分类,未分类,未分类,0,17.71,17.33,16.88,16.51,18.27,16.88,15.48,布林带内,0.42,0.33,0.18,无信号,多头排列,是,获取公告失败
2026-05-22,000906.SZ,浙商中拓,深市主板,6.32,2.27%,开,180856,2571,0万元,0,6953.0,11.15亿,111489,0,0%,缩量,44.32万,5.7,6.1,4.2,阳线||布林带下轨,布林带下轨支撑,未分类,未分类,未分类,0,33.52,35.78,36.06,35.06,43.46,36.06,28.66,下轨下方,-0.75,0.45,-2.39,无信号,震荡整理,否,获取公告失败
2026-05-22,603028.SH,赛福天,沪市主板,9.28,3.00%,开,180803,2572,0万元,0,6582.0,7.10亿,71039,0,0%,缩量,26.37万,5.8,6.1,4.2,阳线||布林带下轨,布林带下轨支撑,未分类,未分类,未分类,0,11.84,12.31,11.89,12.0,13.77,11.89,10.0,下轨下方,-0.01,0.17,-0.37,死叉,震荡整理,否,获取公告失败
2026-05-22,688101.SH,三达膜,科创板,18.26,2.41%,开,180688,2573,0万元,0,6863.0,380.79亿,3807892,0,0%,缩量,60.63万,5.7,6.1,4.2,阳线,观望,未分类,未分类,未分类,0,0.0,0.0,0.0,0.0,0.0,0.0,0.0,未知,0.0,0.0,0.0,,未知,否,获取公告失败
2026-05-22,300172.SZ,中电环保,创业板,5.05,2.43%,开,180630,2574,0万元,0,6846.0,13.78亿,137786,0,0%,缩量,26.41万,5.7,6.1,4.2,阳线,观望,未分类,未分类,未分类,0,0.0,0.0,0.0,0.0,0.0,0.0,0.0,未知,0.0,0.0,0.0,,未知,否,获取公告失败
2026-05-22,300837.SZ,浙矿股份,创业板,31.65,2.39%,开,180600,2575,0万元,0,6863.0,2.19亿,21884,0,0%,缩量,23.93万,5.7,6.1,4.2,阳线||布林带下轨,布林带下轨支撑,未分类,未分类,未分类,0,33.42,34.33,35.41,38.51,38.81,35.41,32.01,下轨下方,-1.34,-1.06,-0.56,无信号,震荡整理,否,获取公告失败
2026-05-22,300074.SZ,华平股份,创业板,4.54,2.71%,开,180524,2576,0万元,0,6695.0,14.89亿,148924,0,0%,缩量,24.96万,5.8,6.1,4.2,阳线||MA5上穿MA10,观望,未分类,未分类,未分类,0,61.93,61.58,59.61,60.11,65.47,59.61,53.75,布林带内,0.97,0.79,0.37,无信号,震荡整理,否,获取公告失败
2026-05-22,688033.SH,*ST天宜,科创板,8.23,2.24%,开,180500,2577,0万元,0,6932.0,843.75亿,8437545,0,0%,缩量,46.27万,5.7,6.1,4.1,阳线,观望,未分类,未分类,未分类,0,8.47,8.61,8.28,9.07,9.36,8.28,7.21,布林带内,-0.04,-0.09,0.09,无信号,震荡整理,否,获取公告失败
2026-05-22,603418.SH,友升股份,沪市主板,53.76,0.69%,开,180275,2578,0万元,0,7681.0,1.44亿,14442,0,0%,缩量,22.24万,5.6,6.0,4.0,阳线,观望,未分类,未分类,未分类,0,54.15,55.37,54.12,53.21,59.9,54.12,48.34,布林带内,0.61,0.87,-0.51,无信号,震荡整理,否,获取公告失败
2026-05-22,301337.SZ,亚华电子,创业板,27.88,3.76%,开,180194,2579,0万元,0,6140.0,2.24亿,22424,0,0%,缩量,12.36万,5.9,6.2,4.3,阳线,观望,未分类,未分类,未分类,0,28.21,28.38,28.36,29.07,29.3,28.36,27.43,布林带内,-0.15,-0.09,-0.11,无信号,震荡整理,否,获取公告失败
2026-05-22,000910.SZ,大亚圣象,深市主板,6.77,0.30%,开,180141,2580,0万元,0,7866.0,11.66亿,116577,0,0%,缩量,37.04万,5.5,6.0,4.0,价升,观望,未分类,未分类,未分类,0,0.0,0.0,0.0,0.0,0.0,0.0,0.0,未知,0.0,0.0,0.0,,未知,否,获取公告失败
2026-05-22,000930.SZ,中粮科技,深市主板,5.21,0.39%,开,180136,2581,0万元,0,7821.0,15.03亿,150292,0,0%,缩量,96.72万,5.5,6.0,4.0,价升||布林带下轨,布林带下轨支撑,未分类,未分类,未分类,0,32.75,34.73,36.64,41.06,43.38,36.64,29.89,下轨下方,-2.55,-1.71,-1.68,无信号,震荡整理,否,获取公告失败
2026-05-22,002278.SZ,神开股份,深市主板,9.67,1.47%,开,180095,2582,0万元,0,7275.0,7.58亿,75763,0,0%,缩量,32.18万,5.6,6.1,4.1,阳线,观望,未分类,未分类,未分类,0,21.76,22.49,23.15,25.7,25.98,23.15,20.32,布林带内,-0.99,-0.82,-0.34,无信号,震荡整理,否,获取公告失败
2026-05-22,603668.SH,天马科技,沪市主板,12.37,0.57%,开,179875,2583,0万元,0,7703.0,6.27亿,62709,0,0%,缩量,62.57万,5.6,6.0,4.0,阳线||布林带下轨,布林带下轨支撑,未分类,未分类,未分类,0,19.21,19.69,20.5,20.85,22.69,20.5,18.32,下轨下方,-0.58,-0.3,-0.56,无信号,震荡整理,否,获取公告失败
2026-05-22,000735.SZ,罗 牛 山,深市主板,5.95,1.02%,开,179813,2584,0万元,0,7472.0,12.60亿,125953,0,0%,缩量,68.48万,5.6,6.1,4.1,价升,观望,未分类,未分类,未分类,0,0.0,0.0,0.0,0.0,0.0,0.0,0.0,未知,0.0,0.0,0.0,,未知,否,获取公告失败
2026-05-22,000639.SZ,ST西王,深市主板,1.58,1.94%,开,179727,2585,0万元,0,7005.0,44.69亿,446921,0,0%,缩量,17.05万,5.7,6.1,4.1,阳线||布林带下轨,布林带下轨支撑,未分类,未分类,未分类,0,17.58,19.2,21.71,27.94,28.96,21.71,14.45,下轨下方,-3.0,-2.35,-1.3,无信号,震荡整理,否,获取公告失败
2026-05-22,603948.SH,建业股份,沪市主板,26.66,3.82%,开,179670,2586,0万元,0,6059.0,2.30亿,22975,0,0%,缩量,43.32万,5.9,6.2,4.3,阳线||布林带下轨,布林带下轨支撑,未分类,未分类,未分类,0,30.78,31.64,31.97,32.24,34.75,31.97,29.2,下轨下方,-0.5,-0.05,-0.89,无信号,震荡整理,否,获取公告失败
2026-05-22,688562.SH,航天软件,科创板,18.04,2.15%,开,179488,2587,0万元,0,6873.0,386.14亿,3861414,0,0%,缩量,31.21万,5.7,6.1,4.1,阳线,观望,未分类,未分类,未分类,0,18.36,18.75,19.02,19.6,20.34,19.02,17.7,布林带内,-0.35,-0.22,-0.25,无信号,震荡整理,否,获取公告失败
2026-05-22,002780.SZ,三夫户外,深市主板,15.09,0.20%,开,179366,2588,0万元,0,7837.0,5.20亿,52015,0,0%,缩量,19.72万,5.5,6.0,4.0,价升||布林带下轨,布林带下轨支撑,未分类,未分类,未分类,0,29.27,31.06,31.11,30.23,35.9,31.11,26.33,下轨下方,-0.43,0.38,-1.63,无信号,震荡整理,否,获取公告失败
2026-05-22,300299.SZ,富春股份,创业板,5.94,1.19%,开,179322,2589,0万元,0,7336.0,12.44亿,124356,0,0%,缩量,40.94万,5.6,6.1,4.1,阳线,观望,未分类,未分类,未分类,0,49.14,49.61,49.29,50.26,52.14,49.29,46.44,布林带内,-0.15,0.0,-0.3,无信号,震荡整理,否,获取公告失败
2026-05-22,002857.SZ,三晖电气,深市主板,21.73,2.40%,开,179206,2590,0万元,0,6719.0,3.11亿,31132,0,0%,缩量,27.94万,5.7,6.1,4.2,阳线,观望,未分类,未分类,未分类,0,35.67,36.06,35.37,36.46,38.06,35.37,32.69,布林带内,0.01,0.04,-0.07,死叉,震荡整理,否,获取公告失败
2026-05-22,300094.SZ,国联水产,创业板,2.99,0.34%,开,179197,2591,0万元,0,7752.0,26.07亿,260710,0,0%,缩量,33.05万,5.5,6.0,4.0,价升,观望,未分类,未分类,未分类,0,7.58,7.7,7.71,8.2,8.16,7.71,7.27,布林带内,-0.13,-0.11,-0.05,无信号,震荡整理,否,获取公告失败
2026-05-22,301198.SZ,喜悦智行,创业板,18.34,2.80%,开,179153,2592,0万元,0,6514.0,3.58亿,35829,0,0%,缩量,29.76万,5.8,6.1,4.2,阳线||布林带下轨,布林带下轨支撑,未分类,未分类,未分类,0,28.61,29.77,30.06,27.27,35.95,30.06,24.16,下轨下方,0.12,1.08,-1.91,无信号,震荡整理,否,获取公告失败
2026-05-22,603879.SH,永悦科技,沪市主板,5.55,4.13%,开,178887,2593,0万元,0,5825.0,10.62亿,106203,0,0%,缩量,19.94万,5.9,6.2,4.3,阳线||布林带下轨,布林带下轨支撑,未分类,未分类,未分类,0,12.64,13.87,14.39,14.71,18.62,14.39,10.17,下轨下方,-0.75,-0.08,-1.35,无信号,震荡整理,否,获取公告失败
2026-05-22,600807.SH,济高发展,沪市主板,2.89,3.58%,开,178851,2594,0万元,0,6093.0,21.36亿,213568,0,0%,缩量,22.74万,5.9,6.2,4.2,阳线,观望,未分类,未分类,未分类,0,18.71,19.26,19.46,20.35,21.02,19.46,17.9,布林带内,-0.39,-0.22,-0.33,无信号,震荡整理,否,获取公告失败
2026-05-22,000953.SZ,河化股份,深市主板,6.98,3.41%,开,178837,2595,0万元,0,6180.0,8.94亿,89410,0,0%,缩量,25.56万,5.8,6.2,4.2,阳线||布林带下轨,布林带下轨支撑,未分类,未分类,未分类,0,17.22,17.73,17.73,18.15,19.66,17.73,15.8,下轨下方,-0.28,-0.02,-0.52,无信号,震荡整理,否,获取公告失败
2026-05-22,300564.SZ,筑博设计,创业板,16.53,2.54%,开,178837,2595,0万元,0,6612.0,4.00亿,39993,0,0%,缩量,18.71万,5.8,6.1,4.2,阳线||布林带下轨,布林带下轨支撑,未分类,未分类,未分类,0,28.45,30.3,29.77,29.02,36.78,29.77,22.75,下轨下方,-0.42,0.58,-2.02,无信号,震荡整理,否,获取公告失败
2026-05-22,301380.SZ,挖金客,创业板,35.98,1.27%,开,178612,2596,0万元,0,7228.0,2.02亿,20241,0,0%,缩量,29.05万,5.6,6.1,4.1,价升||布林带下轨,布林带下轨支撑,未分类,未分类,未分类,0,50.96,52.27,51.54,50.87,60.06,51.54,43.03,下轨下方,-0.39,0.64,-2.05,死叉,震荡整理,否,获取公告失败
2026-05-22,603101.SH,汇嘉时代,沪市主板,7.77,0.91%,开,178545,2597,0万元,0,7400.0,9.60亿,96028,0,0%,缩量,36.55万,5.6,6.0,4.1,阳线,观望,未分类,未分类,未分类,0,0.0,0.0,0.0,0.0,0.0,0.0,0.0,未知,0.0,0.0,0.0,,未知,否,获取公告失败
2026-05-22,002820.SZ,桂发祥,深市主板,10.77,0.65%,开,178401,2598,0万元,0,7513.0,7.06亿,70573,0,0%,缩量,21.63万,5.6,6.0,4.0,阳线||布林带下轨,布林带下轨支撑,未分类,未分类,未分类,0,19.73,20.27,20.13,20.15,22.04,20.13,18.22,下轨下方,-0.08,0.15,-0.48,无信号,震荡整理,否,获取公告失败
2026-05-22,603058.SH,永吉股份,沪市主板,10.68,1.71%,开,178381,2599,0万元,0,6981.0,6.62亿,66239,0,0%,缩量,44.18万,5.7,6.1,4.1,阳线||布林带下轨,布林带下轨支撑,未分类,未分类,未分类,0,12.11,12.57,12.67,13.41,14.07,12.67,11.27,下轨下方,-0.38,-0.22,-0.32,无信号,震荡整理,否,获取公告失败
2026-05-22,000788.SZ,北大医药,深市主板,5.54,1.47%,开,178266,2600,0万元,0,7094.0,12.90亿,128977,0,0%,缩量,33.02万,5.6,6.1,4.1,阳线,观望,未分类,未分类,未分类,0,0.0,0.0,0.0,0.0,0.0,0.0,0.0,未知,0.0,0.0,0.0,,未知,否,获取公告失败
2026-05-22,301220.SZ,亚香股份,创业板,40.58,2.35%,开,178177,2601,0万元,0,6645.0,1.66亿,16581,0,0%,缩量,31.56万,5.7,6.1,4.2,阳线||布林带下轨,布林带下轨支撑,未分类,未分类,未分类,0,54.44,56.33,55.44,56.77,63.58,55.44,47.29,下轨下方,-0.98,-0.06,-1.86,死叉,震荡整理,否,获取公告失败
2026-05-22,002577.SZ,雷柏科技,深市主板,18.94,0.48%,开,178117,2602,0万元,0,7573.0,4.00亿,40012,0,0%,缩量,53.16万,5.5,6.0,4.0,阳线||多头排列||MA5上穿MA10,多头排列,未分类,未分类,未分类,0,43.82,42.85,40.52,38.38,46.41,40.52,34.62,布林带内,1.86,1.52,0.68,无信号,多头排列,是,获取公告失败
2026-05-22,600403.SH,大有能源,沪市主板,5.17,1.37%,开,178052,2603,0万元,0,7119.0,13.84亿,138392,0,0%,缩量,123.61万,5.6,6.1,4.1,阳线||布林带下轨,布林带下轨支撑,未分类,未分类,未分类,0,30.5,32.28,33.63,36.35,40.05,33.63,27.2,下轨下方,-1.78,-0.87,-1.83,无信号,震荡整理,否,获取公告失败
2026-05-22,002166.SZ,莱茵生物,深市主板,8.69,1.16%,开,177940,2604,0万元,0,7212.0,8.32亿,83191,0,0%,缩量,64.18万,5.6,6.1,4.1,价升,观望,未分类,未分类,未分类,0,0.0,0.0,0.0,0.0,0.0,0.0,0.0,未知,0.0,0.0,0.0,,未知,否,获取公告失败
2026-05-22,301262.SZ,海看股份,创业板,22.16,0.27%,开,177917,2605,0万元,0,7656.0,3.46亿,34569,0,0%,缩量,27.05万,5.5,6.0,4.0,价升||布林带下轨,布林带下轨支撑,未分类,未分类,未分类,0,24.52,25.2,25.64,26.14,27.67,25.64,23.61,下轨下方,-0.5,-0.18,-0.63,无信号,震荡整理,否,获取公告失败
2026-05-22,603172.SH,万丰股份,沪市主板,22.1,1.01%,开,177757,2606,0万元,0,7273.0,3.31亿,33089,0,0%,缩量,29.48万,5.6,6.1,4.1,阳线||多头排列||MA5上穿MA10,多头排列,未分类,未分类,未分类,0,22.96,22.76,22.19,22.12,23.79,22.19,20.59,布林带内,0.3,0.28,0.04,无信号,多头排列,是,获取公告失败
2026-05-22,300477.SZ,ST合纵,创业板,2.83,1.07%,开,177647,2607,0万元,0,7229.0,25.56亿,255604,0,0%,缩量,28.05万,5.6,6.1,4.1,阳线,观望,未分类,未分类,未分类,0,18.03,19.6,18.17,18.25,23.36,18.17,12.98,布林带内,0.1,0.52,-0.83,死叉,震荡整理,否,获取公告失败
2026-05-22,300711.SZ,广哈通信,创业板,20.1,1.06%,开,177639,2608,0万元,0,7236.0,3.64亿,36405,0,0%,缩量,49.93万,5.6,6.1,4.1,阳线||布林带下轨,布林带下轨支撑,未分类,未分类,未分类,0,33.12,35.38,37.74,42.94,47.55,37.74,27.93,下轨下方,-3.19,-2.12,-2.15,无信号,震荡整理,否,获取公告失败
2026-05-22,002818.SZ,富森美,深市主板,11.34,1.80%,开,177566,2609,0万元,0,6859.0,6.11亿,61123,0,0%,缩量,33.83万,5.7,6.1,4.1,阳线,观望,未分类,未分类,未分类,0,0.0,0.0,0.0,0.0,0.0,0.0,0.0,未知,0.0,0.0,0.0,,未知,否,获取公告失败
2026-05-22,301215.SZ,中汽股份,创业板,6.17,1.48%,开,177551,2610,0万元,0,7015.0,11.44亿,114371,0,0%,缩量,81.59万,5.6,6.1,4.1,阳线||布林带下轨,布林带下轨支撑,未分类,未分类,未分类,0,6.35,6.47,6.52,6.62,6.8,6.52,6.25,下轨下方,-0.06,-0.02,-0.08,无信号,震荡整理,否,获取公告失败
2026-05-22,002441.SZ,众业达,深市主板,10.19,1.39%,开,177415,2611,0万元,0,7045.0,6.96亿,69609,0,0%,缩量,40.61万,5.6,6.1,4.1,价升||布林带下轨,布林带下轨支撑,未分类,未分类,未分类,0,52.13,52.87,52.45,53.66,56.97,52.45,47.94,下轨下方,-0.39,0.06,-0.91,死叉,震荡整理,否,获取公告失败
2026-05-22,600218.SH,全柴动力,沪市主板,9.08,2.71%,开,177414,2612,0万元,0,6384.0,7.11亿,71126,0,0%,缩量,39.55万,5.8,6.1,4.2,阳线||布林带下轨,布林带下轨支撑,未分类,未分类,未分类,0,18.04,18.99,19.52,20.41,22.46,19.52,16.58,下轨下方,-0.74,-0.28,-0.92,无信号,震荡整理,否,获取公告失败
2026-05-22,603188.SH,亚邦股份,沪市主板,4.96,2.90%,开,177362,2613,0万元,0,6284.0,12.82亿,128183,0,0%,缩量,28.28万,5.8,6.1,4.2,阳线||布林带下轨,布林带下轨支撑,未分类,未分类,未分类,0,12.62,12.98,13.1,13.29,14.38,13.1,11.81,下轨下方,-0.21,-0.02,-0.38,无信号,震荡整理,否,获取公告失败
2026-05-22,301060.SZ,兰卫医学,创业板,10.55,1.74%,开,177358,2614,0万元,0,6868.0,6.59亿,65931,0,0%,缩量,38.00万,5.7,6.1,4.1,阳线,观望,未分类,未分类,未分类,0,11.3,11.49,11.17,11.06,12.33,11.17,10.01,布林带内,0.1,0.16,-0.12,死叉,震荡整理,否,获取公告失败
2026-05-22,603313.SH,梦百合,沪市主板,5.83,1.75%,开,177186,2615,0万元,0,6846.0,11.68亿,116849,0,0%,缩量,33.27万,5.7,6.1,4.1,阳线||布林带下轨,布林带下轨支撑,未分类,未分类,未分类,0,10.9,11.64,12.89,15.35,17.03,12.89,8.75,下轨下方,-1.42,-1.03,-0.78,无信号,震荡整理,否,获取公告失败
2026-05-22,000008.SZ,神州高铁,深市主板,2.62,0.38%,开,177165,2616,0万元,0,7525.0,28.90亿,288969,0,0%,缩量,71.17万,5.5,6.0,4.0,阳线||布林带下轨,布林带下轨支撑,未分类,未分类,未分类,0,79.21,83.28,84.37,88.55,97.07,84.37,71.66,下轨下方,-3.04,-1.23,-3.61,无信号,震荡整理,否,获取公告失败
2026-05-22,603049.SH,中策橡胶,沪市主板,47.71,0.89%,开,177090,2617,0万元,0,7265.0,1.53亿,15296,0,0%,缩量,41.72万,5.6,6.0,4.1,阳线||布林带下轨,布林带下轨支撑,未分类,未分类,未分类,0,48.37,48.91,49.53,50.93,51.27,49.53,47.8,下轨下方,-0.66,-0.51,-0.3,无信号,震荡整理,否,获取公告失败
2026-05-22,002401.SZ,中远海科,深市主板,14.12,0.86%,开,176935,2618,0万元,0,7265.0,5.18亿,51754,0,0%,缩量,52.43万,5.6,6.0,4.1,价升||布林带下轨,布林带下轨支撑,未分类,未分类,未分类,0,100.97,104.99,105.29,110.08,117.32,105.29,93.26,下轨下方,-2.82,-1.2,-3.24,无信号,震荡整理,否,获取公告失败
2026-05-22,688084.SH,晶品特装,科创板,61.28,0.49%,开,176809,2619,0万元,0,7435.0,123.08亿,1230754,0,0%,缩量,46.36万,5.5,6.0,4.0,价升,观望,未分类,未分类,未分类,0,63.11,64.9,67.09,70.13,73.1,67.09,61.07,布林带内,-1.74,-1.1,-1.28,无信号,震荡整理,否,获取公告失败
2026-05-22,603982.SH,泉峰汽车,沪市主板,7.62,2.42%,开,176676,2620,0万元,0,6458.0,8.58亿,85828,0,0%,缩量,25.87万,5.7,6.1,4.2,阳线,观望,未分类,未分类,未分类,0,7.84,7.91,7.92,8.18,8.23,7.92,7.62,布林带内,-0.08,-0.07,-0.04,无信号,震荡整理,否,获取公告失败
2026-05-22,601083.SH,锦江航运,沪市主板,11.69,0.34%,开,176656,2621,0万元,0,7494.0,6.42亿,64204,0,0%,缩量,22.69万,5.5,6.0,4.0,价升||布林带下轨,布林带下轨支撑,未分类,未分类,未分类,0,12.43,12.77,13.07,13.26,14.06,13.07,12.09,下轨下方,-0.3,-0.16,-0.27,无信号,震荡整理,否,获取公告失败
2026-05-22,603922.SH,ST金鸿顺,沪市主板,15.13,5.00%,开,176522,2622,0万元,0,5154.0,3.43亿,34332,0,0%,缩量,27.11万,6.0,6.2,4.3,阳线||布林带下轨,布林带下轨支撑,未分类,未分类,未分类,0,20.57,22.25,25.91,28.63,35.36,25.91,16.46,下轨下方,-2.67,-1.8,-1.74,无信号,震荡整理,否,获取公告失败
2026-05-22,301469.SZ,恒达新材,创业板,36.35,0.72%,开,176512,2623,0万元,0,7291.0,2.01亿,20104,0,0%,缩量,16.74万,5.6,6.0,4.0,阳线||多头排列||MA5上穿MA10,多头排列,未分类,未分类,未分类,0,37.52,37.44,37.39,35.68,38.48,37.39,36.31,布林带内,0.52,0.69,-0.33,无信号,多头排列,是,获取公告失败
2026-05-22,000759.SZ,中百集团,深市主板,4.97,1.02%,开,176271,2624,0万元,0,7119.0,14.38亿,143754,0,0%,缩量,32.59万,5.6,6.1,4.1,阳线||布林带下轨,布林带下轨支撑,未分类,未分类,未分类,0,35.67,37.01,37.98,41.54,42.31,37.98,33.64,下轨下方,-1.62,-1.07,-1.11,无信号,震荡整理,否,获取公告失败
2026-05-22,301314.SZ,科瑞思,创业板,51.74,5.42%,开,176258,2625,0万元,0,4916.0,9675.00万,9675,0,0%,缩量,9.45万,6.0,6.3,4.4,阳线||布林带下轨,布林带下轨支撑,未分类,未分类,未分类,0,65.8,68.72,68.97,65.28,77.84,68.97,60.11,下轨下方,-0.44,1.22,-3.33,无信号,震荡整理,否,获取公告失败
2026-05-22,301153.SZ,中科江南,创业板,19.97,0.05%,开,176230,2626,0万元,0,7598.0,3.81亿,38125,0,0%,缩量,66.25万,5.5,6.0,4.0,价升,观望,未分类,未分类,未分类,0,0.0,0.0,0.0,0.0,0.0,0.0,0.0,未知,0.0,0.0,0.0,,未知,否,获取公告失败
2026-05-22,002286.SZ,保龄宝,深市主板,8.95,3.23%,开,176227,2627,0万元,0,6008.0,6.80亿,67969,0,0%,缩量,33.09万,5.8,6.2,4.2,阳线||布林带下轨,布林带下轨支撑,未分类,未分类,未分类,0,33.21,34.94,36.24,36.87,40.22,36.24,32.26,下轨下方,-1.1,-0.49,-1.22,无信号,震荡整理,否,获取公告失败
2026-05-22,688737.SH,中自科技,科创板,30.02,1.94%,开,176217,2628,0万元,0,6654.0,221.54亿,2215379,0,0%,缩量,35.89万,5.7,6.1,4.1,阳线||布林带下轨,布林带下轨支撑,未分类,未分类,未分类,0,40.19,40.49,41.29,38.74,47.04,41.29,35.53,下轨下方,0.02,0.85,-1.66,无信号,震荡整理,否,获取公告失败
2026-05-22,688455.SH,科捷智能,科创板,21.16,1.34%,开,176174,2629,0万元,0,6947.0,327.03亿,3270336,0,0%,缩量,35.56万,5.6,6.1,4.1,阳线||MA5上穿MA10,观望,未分类,未分类,未分类,0,21.85,21.44,21.61,24.04,23.45,21.61,19.77,布林带内,-0.94,-1.04,0.2,无信号,震荡整理,否,获取公告失败
2026-05-22,002431.SZ,ST棕榈,深市主板,1.68,5.00%,开,176169,2630,0万元,0,5117.0,30.65亿,306526,0,0%,缩量,30.28万,6.0,6.2,4.3,阳线,观望,未分类,未分类,未分类,0,17.87,18.23,20.76,25.58,27.12,20.76,14.41,布林带内,-2.43,-2.27,-0.31,无信号,震荡整理,否,获取公告失败
2026-05-22,002107.SZ,沃华医药,深市主板,6.79,1.80%,开,176145,2631,0万元,0,6715.0,9.96亿,99553,0,0%,缩量,38.80万,5.7,6.1,4.1,阳线,观望,未分类,未分类,未分类,0,0.0,0.0,0.0,0.0,0.0,0.0,0.0,未知,0.0,0.0,0.0,,未知,否,获取公告失败
2026-05-22,688157.SH,松井股份,科创板,32.87,1.48%,开,176119,2632,0万元,0,6871.0,211.62亿,2116166,0,0%,缩量,51.42万,5.6,6.1,4.1,阳线||布林带下轨,布林带下轨支撑,未分类,未分类,未分类,0,61.29,65.68,69.8,75.09,88.41,69.8,51.19,下轨下方,-5.26,-2.67,-5.17,无信号,震荡整理,否,获取公告失败
2026-05-22,002357.SZ,富临运业,深市主板,11.01,0.73%,开,175909,2633,0万元,0,7225.0,6.59亿,65924,0,0%,缩量,34.51万,5.6,6.0,4.0,价升,观望,未分类,未分类,未分类,0,47.5,49.85,49.31,55.29,53.89,49.31,44.74,布林带内,-1.23,-1.1,-0.27,无信号,震荡整理,否,获取公告失败
2026-05-22,600212.SH,绿能慧充,沪市主板,6.78,1.50%,开,175845,2634,0万元,0,6836.0,10.25亿,102464,0,0%,缩量,36.01万,5.6,6.1,4.1,阳线||布林带下轨,布林带下轨支撑,未分类,未分类,未分类,0,18.29,19.1,19.84,20.46,22.75,19.84,16.93,下轨下方,-0.81,-0.39,-0.85,无信号,震荡整理,否,获取公告失败
2026-05-22,688651.SH,盛邦安全,科创板,42.39,3.52%,开,175822,2635,0万元,0,5824.0,138.85亿,1388459,0,0%,缩量,13.76万,5.9,6.2,4.2,阳线||MA5上穿MA10,观望,未分类,未分类,未分类,0,42.55,42.19,40.55,41.44,44.73,40.55,36.37,布林带内,0.72,0.48,0.49,无信号,震荡整理,否,获取公告失败
2026-05-22,688056.SH,莱伯泰科,科创板,36.06,5.38%,开,175804,2636,0万元,0,4892.0,138.64亿,1386444,0,0%,缩量,24.32万,6.0,6.3,4.4,阳线||布林带下轨,布林带下轨支撑,未分类,未分类,未分类,0,37.64,37.83,38.07,38.4,39.77,38.07,36.36,下轨下方,-0.21,-0.01,-0.41,无信号,震荡整理,否,获取公告失败
2026-05-22,002687.SZ,乔治白,深市主板,4.74,3.95%,开,175726,2637,0万元,0,5599.0,12.02亿,120233,0,0%,缩量,19.59万,5.9,6.2,4.3,阳线||布林带下轨,布林带下轨支撑,未分类,未分类,未分类,0,29.5,31.07,32.09,32.95,38.29,32.09,25.9,下轨下方,-1.33,-0.37,-1.91,无信号,震荡整理,否,获取公告失败
2026-05-22,002662.SZ,峰璟股份,深市主板,3.73,1.91%,开,175702,2638,0万元,0,6614.0,17.81亿,178090,0,0%,缩量,55.95万,5.7,6.1,4.1,阳线||布林带下轨,布林带下轨支撑,未分类,未分类,未分类,0,19.21,19.41,20.12,20.43,22.07,20.12,18.17,下轨下方,-0.5,-0.31,-0.39,无信号,震荡整理,否,获取公告失败
2026-05-22,300479.SZ,神思电子,创业板,16.3,1.24%,开,175591,2639,0万元,0,6938.0,4.27亿,42747,0,0%,缩量,32.10万,5.6,6.1,4.1,价升,观望,未分类,未分类,未分类,0,33.82,34.06,34.96,38.35,38.18,34.96,31.74,布林带内,-1.22,-1.16,-0.12,无信号,震荡整理,否,获取公告失败
2026-05-22,603036.SH,如通股份,沪市主板,14.8,1.93%,开,175571,2640,0万元,0,6593.0,4.47亿,44672,0,0%,缩量,30.49万,5.7,6.1,4.1,阳线||布林带下轨,布林带下轨支撑,未分类,未分类,未分类,0,15.99,16.95,17.84,19.46,20.3,17.84,15.39,下轨下方,-0.97,-0.69,-0.56,无信号,震荡整理,否,获取公告失败
2026-05-22,600257.SH,大湖股份,沪市主板,5.56,0.54%,开,175552,2641,0万元,0,7284.0,13.14亿,131402,0,0%,缩量,26.76万,5.6,6.0,4.0,价升||布林带下轨,布林带下轨支撑,未分类,未分类,未分类,0,36.25,37.74,38.82,41.85,42.48,38.82,35.15,下轨下方,-1.63,-1.2,-0.86,无信号,震荡整理,否,获取公告失败
2026-05-22,300659.SZ,中孚信息,创业板,12.26,1.57%,开,175430,2642,0万元,0,6756.0,5.55亿,55502,0,0%,缩量,23.20万,5.7,6.1,4.1,阳线||布林带下轨,布林带下轨支撑,未分类,未分类,未分类,0,31.02,33.01,33.89,36.32,40.75,33.89,27.03,下轨下方,-1.69,-0.71,-1.95,无信号,震荡整理,否,获取公告失败
2026-05-22,600351.SH,亚宝药业,沪市主板,6.45,0.94%,开,175394,2643,0万元,0,7070.0,11.04亿,110361,0,0%,缩量,44.63万,5.6,6.0,4.1,阳线||布林带下轨,布林带下轨支撑,未分类,未分类,未分类,0,49.25,50.52,51.37,51.11,55.42,51.37,47.33,下轨下方,-0.71,-0.08,-1.26,无信号,震荡整理,否,获取公告失败
2026-05-22,603006.SH,联明股份,沪市主板,14.25,2.96%,开,175352,2644,0万元,0,6054.0,4.32亿,43168,0,0%,缩量,36.23万,5.8,6.1,4.2,阳线||布林带下轨,布林带下轨支撑,未分类,未分类,未分类,0,32.53,32.93,32.75,32.14,35.07,32.75,30.43,下轨下方,0.06,0.35,-0.58,死叉,震荡整理,否,获取公告失败
2026-05-22,688529.SH,豪森智能,科创板,20.61,4.62%,开,175286,2645,0万元,0,5219.0,257.48亿,2574810,0,0%,缩量,34.66万,6.0,6.2,4.3,阳线||多头排列||MA5上穿MA10,多头排列,未分类,未分类,未分类,0,20.66,20.58,20.32,19.23,21.15,20.32,19.49,布林带内,0.43,0.46,-0.06,无信号,多头排列,是,获取公告失败
2026-05-22,002753.SZ,永东股份,深市主板,6.97,1.46%,开,175208,2646,0万元,0,6793.0,9.85亿,98476,0,0%,缩量,16.92万,5.6,6.1,4.1,阳线||布林带下轨,布林带下轨支撑,未分类,未分类,未分类,0,26.31,26.91,27.68,28.84,29.92,27.68,25.45,下轨下方,-0.75,-0.46,-0.56,无信号,震荡整理,否,获取公告失败
2026-05-22,002295.SZ,精艺股份,深市主板,11.13,4.12%,开,175159,2647,0万元,0,5458.0,4.96亿,49605,0,0%,缩量,27.87万,5.9,6.2,4.3,阳线,观望,未分类,未分类,未分类,0,17.61,18.05,17.79,17.62,19.01,17.79,16.57,布林带内,0.06,0.18,-0.24,无信号,震荡整理,否,获取公告失败
2026-05-22,601500.SH,通用股份,沪市主板,4.42,0.68%,开,175156,2648,0万元,0,7174.0,16.36亿,163592,0,0%,缩量,69.97万,5.6,6.0,4.0,阳线||布林带下轨,布林带下轨支撑,未分类,未分类,未分类,0,5.67,5.9,5.93,5.89,6.69,5.93,5.17,下轨下方,-0.08,0.03,-0.23,无信号,震荡整理,否,获取公告失败
2026-05-22,300509.SZ,新美星,创业板,10.73,1.71%,开,175090,2649,0万元,0,6656.0,6.22亿,62166,0,0%,缩量,26.51万,5.7,6.1,4.1,阳线||布林带下轨,布林带下轨支撑,未分类,未分类,未分类,0,40.47,44.16,45.79,49.61,57.83,45.79,33.75,下轨下方,-2.97,-1.23,-3.47,无信号,震荡整理,否,获取公告失败
2026-05-22,300584.SZ,海辰药业,创业板,37.05,1.23%,开,175087,2650,0万元,0,6894.0,1.87亿,18677,0,0%,缩量,30.42万,5.6,6.1,4.1,价升,观望,未分类,未分类,未分类,0,58.11,60.16,62.93,65.61,70.03,62.93,55.84,布林带内,-2.43,-1.66,-1.52,无信号,震荡整理,否,获取公告失败
2026-05-22,301136.SZ,招标股份,创业板,14.56,1.96%,开,175013,2651,0万元,0,6521.0,4.52亿,45193,0,0%,缩量,40.03万,5.7,6.1,4.1,阳线,观望,未分类,未分类,未分类,0,15.1,15.66,15.87,16.21,17.2,15.87,14.53,布林带内,-0.3,-0.12,-0.37,无信号,震荡整理,否,获取公告失败
2026-05-22,300550.SZ,和仁科技,创业板,13.52,1.05%,开,174931,2652,0万元,0,6970.0,5.15亿,51506,0,0%,缩量,35.46万,5.6,6.1,4.1,阳线||布林带下轨,布林带下轨支撑,未分类,未分类,未分类,0,33.19,35.56,35.31,35.1,47.01,35.31,23.61,下轨下方,-0.93,0.58,-3.02,死叉,震荡整理,否,获取公告失败
2026-05-22,002676.SZ,顺威股份,深市主板,5.85,0.86%,开,174890,2653,0万元,0,7058.0,12.08亿,120765,0,0%,缩量,42.12万,5.6,6.0,4.1,阳线,观望,未分类,未分类,未分类,0,27.53,29.48,31.26,32.03,37.28,31.26,25.23,布林带内,-1.29,-0.62,-1.34,无信号,震荡整理,否,获取公告失败
2026-05-22,002492.SZ,恒基达鑫,深市主板,7.06,1.29%,开,174826,2654,0万元,0,6837.0,9.80亿,97998,0,0%,缩量,28.09万,5.6,6.1,4.1,价升||布林带下轨,布林带下轨支撑,未分类,未分类,未分类,0,23.64,24.54,25.44,25.98,27.97,25.44,22.91,下轨下方,-0.66,-0.29,-0.74,无信号,震荡整理,否,获取公告失败
2026-05-22,002343.SZ,慈文传媒,深市主板,5.53,1.10%,开,174814,2655,0万元,0,6933.0,12.66亿,126598,0,0%,缩量,26.19万,5.6,6.1,4.1,阳线||布林带下轨,布林带下轨支撑,未分类,未分类,未分类,0,19.03,19.64,20.23,21.22,21.99,20.23,18.47,下轨下方,-0.67,-0.43,-0.47,无信号,震荡整理,否,获取公告失败
2026-05-22,300417.SZ,南华仪器,创业板,14.91,3.61%,开,174798,2656,0万元,0,5673.0,3.86亿,38599,0,0%,缩量,12.46万,5.9,6.2,4.2,阳线||布林带下轨,布林带下轨支撑,未分类,未分类,未分类,0,50.57,53.65,52.7,50.92,64.93,52.7,40.47,下轨下方,-0.42,1.3,-3.43,无信号,震荡整理,否,获取公告失败
2026-05-22,002863.SZ,今飞凯达,深市主板,5.37,2.68%,开,174604,2657,0万元,0,6122.0,11.56亿,115627,0,0%,缩量,32.19万,5.8,6.1,4.2,阳线||布林带下轨,布林带下轨支撑,未分类,未分类,未分类,0,9.34,9.55,9.64,9.82,10.1,9.64,9.17,下轨下方,-0.12,-0.05,-0.13,无信号,震荡整理,否,获取公告失败
2026-05-22,002767.SZ,先锋电子,深市主板,19.5,2.25%,开,174554,2658,0万元,0,6328.0,3.30亿,32967,0,0%,缩量,25.39万,5.7,6.1,4.2,阳线,观望,未分类,未分类,未分类,0,29.79,30.54,31.12,32.64,33.24,31.12,29.0,布林带内,-0.78,-0.59,-0.38,无信号,震荡整理,否,获取公告失败
2026-05-22,688310.SH,迈得医疗,科创板,16.55,2.67%,开,174447,2659,0万元,0,6111.0,374.06亿,3740550,0,0%,缩量,27.20万,5.8,6.1,4.2,阳线||布林带下轨,布林带下轨支撑,未分类,未分类,未分类,0,31.66,34.12,34.76,34.33,43.54,34.76,25.98,下轨下方,-1.18,0.23,-2.82,无信号,震荡整理,否,获取公告失败
2026-05-22,605158.SH,华达新材,沪市主板,7.58,2.29%,开,174360,2660,0万元,0,6289.0,8.32亿,83220,0,0%,缩量,38.77万,5.7,6.1,4.2,阳线||布林带下轨,布林带下轨支撑,未分类,未分类,未分类,0,10.43,11.07,11.04,11.07,13.19,11.04,8.88,下轨下方,-0.21,0.1,-0.6,无信号,震荡整理,否,获取公告失败
2026-05-22,002476.SZ,宝莫股份,深市主板,5.62,1.26%,开,174246,2661,0万元,0,6794.0,12.28亿,122778,0,0%,缩量,34.39万,5.6,6.1,4.1,阳线,观望,未分类,未分类,未分类,0,30.04,30.59,30.82,31.86,32.27,30.82,29.37,布林带内,-0.41,-0.27,-0.29,无信号,震荡整理,否,获取公告失败
2026-05-22,300093.SZ,*ST金刚,创业板,21.1,0.86%,开,174172,2662,0万元,0,6987.0,3.33亿,33273,0,0%,缩量,48.74万,5.6,6.0,4.1,阳线||布林带下轨,布林带下轨支撑,未分类,未分类,未分类,0,42.37,43.76,44.88,40.35,49.02,44.88,40.75,下轨下方,0.09,0.95,-1.73,无信号,震荡整理,否,获取公告失败
2026-05-22,300859.SZ,西域旅游,创业板,28.09,0.21%,开,174100,2663,0万元,0,7303.0,2.61亿,26062,0,0%,缩量,43.54万,5.5,6.0,4.0,阳线,观望,未分类,未分类,未分类,0,0.0,0.0,0.0,0.0,0.0,0.0,0.0,未知,0.0,0.0,0.0,,未知,否,获取公告失败
2026-05-22,002702.SZ,海欣食品,深市主板,5.61,1.45%,开,174093,2664,0万元,0,6686.0,11.97亿,119745,0,0%,缩量,25.74万,5.6,6.1,4.1,阳线||布林带下轨,布林带下轨支撑,未分类,未分类,未分类,0,41.12,42.29,42.35,42.4,45.48,42.35,39.22,下轨下方,-0.27,0.18,-0.9,无信号,震荡整理,否,获取公告失败
2026-05-22,603183.SH,建研院,沪市主板,4.53,2.95%,开,173842,2665,0万元,0,5907.0,13.25亿,132523,0,0%,缩量,22.52万,5.8,6.1,4.2,阳线||布林带下轨,布林带下轨支撑,未分类,未分类,未分类,0,19.62,21.67,22.68,22.9,30.44,22.68,14.93,下轨下方,-1.38,-0.15,-2.45,无信号,震荡整理,否,获取公告失败
2026-05-22,300958.SZ,建工修复,创业板,14.08,3.91%,开,173697,2666,0万元,0,5414.0,3.89亿,38894,0,0%,缩量,12.82万,5.9,6.2,4.3,阳线,观望,未分类,未分类,未分类,0,14.61,14.8,14.69,14.44,15.55,14.69,13.84,布林带内,0.08,0.17,-0.2,无信号,震荡整理,否,获取公告失败
2026-05-22,002523.SZ,天桥起重,深市主板,3.66,2.81%,开,173694,2667,0万元,0,5965.0,16.51亿,165098,0,0%,缩量,51.66万,5.8,6.1,4.2,阳线,观望,未分类,未分类,未分类,0,26.95,27.49,28.04,29.87,29.82,28.04,26.26,布林带内,-0.76,-0.63,-0.26,无信号,震荡整理,否,获取公告失败
2026-05-22,002569.SZ,*ST步森,深市主板,16.14,3.07%,开,173685,2668,0万元,0,5836.0,3.62亿,36198,0,0%,缩量,22.60万,5.8,6.2,4.2,阳线,观望,未分类,未分类,未分类,0,24.88,25.34,23.36,22.2,27.9,23.36,18.81,布林带内,0.99,0.92,0.13,无信号,震荡整理,否,获取公告失败
2026-05-22,600127.SH,金健米业,沪市主板,6.29,0.48%,开,173676,2669,0万元,0,7128.0,11.40亿,113989,0,0%,缩量,40.37万,5.5,6.0,4.0,阳线||布林带下轨,布林带下轨支撑,未分类,未分类,未分类,0,30.81,32.12,33.21,35.06,37.55,33.21,28.88,下轨下方,-1.49,-0.86,-1.26,无信号,震荡整理,否,获取公告失败
2026-05-22,002513.SZ,蓝丰生化,深市主板,6.42,4.22%,开,173573,2670,0万元,0,5247.0,8.32亿,83171,0,0%,缩量,18.56万,5.9,6.2,4.3,阳线,观望,未分类,未分类,未分类,0,19.52,19.82,19.61,20.04,20.74,19.61,18.49,布林带内,0.01,0.07,-0.14,无信号,震荡整理,否,获取公告失败
2026-05-22,301109.SZ,军信股份,创业板,15.06,0.94%,开,173511,2671,0万元,0,6882.0,4.59亿,45902,0,0%,缩量,34.69万,5.6,6.0,4.1,阳线,观望,未分类,未分类,未分类,0,0.0,0.0,0.0,0.0,0.0,0.0,0.0,未知,0.0,0.0,0.0,,未知,否,获取公告失败
2026-05-22,600892.SH,*ST大晟,沪市主板,4.04,4.94%,开,173475,2672,0万元,0,4880.0,12.27亿,122656,0,0%,缩量,22.60万,6.0,6.2,4.3,阳线||布林带下轨,布林带下轨支撑,未分类,未分类,未分类,0,24.03,24.67,24.01,23.42,26.97,24.01,21.04,下轨下方,0.15,0.46,-0.61,死叉,震荡整理,否,获取公告失败
2026-05-22,002690.SZ,美亚光电,深市主板,16.02,1.20%,开,173321,2673,0万元,0,6732.0,4.22亿,42204,0,0%,缩量,69.49万,5.6,6.1,4.1,阳线,观望,未分类,未分类,未分类,0,0.0,0.0,0.0,0.0,0.0,0.0,0.0,未知,0.0,0.0,0.0,,未知,否,获取公告失败
2026-05-22,603722.SH,阿科力,沪市主板,39.35,1.37%,开,173316,2674,0万元,0,6649.0,1.70亿,16950,0,0%,缩量,37.66万,5.6,6.1,4.1,阳线,观望,未分类,未分类,未分类,0,41.7,41.86,41.41,39.52,43.63,41.41,39.19,布林带内,0.69,0.94,-0.51,无信号,震荡整理,否,获取公告失败
2026-05-22,301528.SZ,多浦乐,创业板,70.29,1.66%,开,173306,2675,0万元,0,6499.0,9231.00万,9231,0,0%,缩量,22.42万,5.7,6.1,4.1,阳线,观望,未分类,未分类,未分类,0,70.55,71.95,72.41,66.76,76.42,72.41,68.4,布林带内,0.91,1.65,-1.49,无信号,震荡整理,否,获取公告失败
2026-05-22,688489.SH,三未信安,科创板,42.64,3.85%,开,173290,2676,0万元,0,5405.0,127.22亿,1272216,0,0%,缩量,48.75万,5.9,6.2,4.3,价升||布林带下轨,布林带下轨支撑,未分类,未分类,未分类,0,59.42,61.49,60.64,60.6,70.27,60.64,51.01,下轨下方,-0.61,0.62,-2.45,死叉,震荡整理,否,获取公告失败
2026-05-22,603117.SH,万林物流,沪市主板,4.98,2.26%,开,173253,2677,0万元,0,6196.0,12.44亿,124427,0,0%,缩量,29.84万,5.7,6.1,4.2,阳线,观望,未分类,未分类,未分类,0,7.37,7.42,7.2,7.44,7.86,7.2,6.55,布林带内,0.05,0.05,0.01,无信号,震荡整理,否,获取公告失败
2026-05-22,002365.SZ,永安药业,深市主板,12.29,0.41%,开,173212,2678,0万元,0,7117.0,5.83亿,58350,0,0%,缩量,30.15万,5.5,6.0,4.0,阳线||布林带下轨,布林带下轨支撑,未分类,未分类,未分类,0,41.47,43.19,43.82,45.49,47.43,43.82,40.22,下轨下方,-1.1,-0.62,-0.95,无信号,震荡整理,否,获取公告失败
2026-05-22,300929.SZ,华骐环保,创业板,13.62,3.81%,开,173094,2679,0万元,0,5404.0,4.03亿,40263,0,0%,缩量,17.07万,5.9,6.2,4.3,阳线||布林带下轨,布林带下轨支撑,未分类,未分类,未分类,0,20.53,21.76,21.89,20.89,26.27,21.89,17.52,下轨下方,-0.35,0.37,-1.45,无信号,震荡整理,否,获取公告失败
2026-05-22,300849.SZ,锦盛新材,创业板,24.62,0.65%,开,173080,2680,0万元,0,6981.0,2.86亿,28599,0,0%,缩量,27.15万,5.6,6.0,4.0,价升||布林带下轨,布林带下轨支撑,未分类,未分类,未分类,0,35.35,36.85,35.73,32.49,42.69,35.73,28.76,下轨下方,0.56,1.47,-1.82,死叉,震荡整理,否,获取公告失败
2026-05-22,002992.SZ,宝明科技,深市主板,47.19,0.40%,开,173031,2681,0万元,0,7101.0,1.51亿,15099,0,0%,缩量,73.73万,5.5,6.0,4.0,价升||布林带下轨,布林带下轨支撑,未分类,未分类,未分类,0,59.71,61.97,65.76,67.65,76.72,65.76,54.81,下轨下方,-2.81,-1.35,-2.91,无信号,震荡整理,否,获取公告失败
2026-05-22,002005.SZ,ST德豪,深市主板,2.98,3.83%,开,173023,2682,0万元,0,5386.0,18.23亿,182288,0,0%,缩量,52.21万,5.9,6.2,4.3,阳线||布林带下轨,布林带下轨支撑,未分类,未分类,未分类,0,25.41,26.2,26.71,26.83,29.15,26.71,24.27,下轨下方,-0.43,-0.06,-0.72,无信号,震荡整理,否,获取公告失败
2026-05-22,300614.SZ,百川畅银,创业板,13.14,4.45%,开,172967,2683,0万元,0,5071.0,3.93亿,39269,0,0%,缩量,21.08万,5.9,6.2,4.3,阳线,观望,未分类,未分类,未分类,0,13.27,13.48,13.61,14.04,14.33,13.61,12.89,布林带内,-0.14,-0.06,-0.15,无信号,震荡整理,否,获取公告失败
2026-05-22,600525.SH,ST长园,沪市主板,5.55,1.83%,开,172914,2684,0万元,0,6374.0,11.50亿,115010,0,0%,缩量,73.19万,5.7,6.1,4.1,阳线||布林带下轨,布林带下轨支撑,未分类,未分类,未分类,0,70.55,71.43,71.34,73.63,80.93,71.34,61.75,下轨下方,-1.27,-0.41,-1.73,死叉,震荡整理,否,获取公告失败
2026-05-22,301395.SZ,仁信新材,创业板,13.1,2.34%,开,172858,2685,0万元,0,6114.0,4.72亿,47160,0,0%,缩量,16.68万,5.7,6.1,4.2,阳线||布林带下轨,布林带下轨支撑,未分类,未分类,未分类,0,22.07,24.22,24.03,25.58,30.24,24.03,17.82,下轨下方,-1.02,-0.17,-1.7,无信号,震荡整理,否,获取公告失败
2026-05-22,688203.SH,海正生材,科创板,14.2,3.50%,开,172812,2686,0万元,0,5532.0,392.73亿,3927320,0,0%,缩量,28.78万,5.8,6.2,4.2,阳线,观望,未分类,未分类,未分类,0,14.41,14.45,14.02,13.18,15.23,14.02,12.82,布林带内,0.4,0.43,-0.07,无信号,震荡整理,否,获取公告失败
2026-05-22,002950.SZ,奥美医疗,深市主板,10.84,1.50%,开,172770,2687,0万元,0,6528.0,6.05亿,60508,0,0%,缩量,46.57万,5.6,6.1,4.1,阳线||布林带下轨,布林带下轨支撑,未分类,未分类,未分类,0,17.5,19.09,21.44,20.77,27.85,21.44,15.04,下轨下方,-1.5,-0.49,-2.03,无信号,震荡整理,否,获取公告失败
2026-05-22,603098.SH,森特股份,沪市主板,12.65,0.16%,开,172731,2688,0万元,0,7194.0,5.70亿,57023,0,0%,缩量,68.16万,5.5,6.0,4.0,价升||布林带下轨,布林带下轨支撑,未分类,未分类,未分类,0,16.6,16.94,17.86,19.35,20.16,17.86,15.56,下轨下方,-0.81,-0.66,-0.3,无信号,震荡整理,否,获取公告失败
2026-05-22,301234.SZ,五洲医疗,创业板,39.85,3.72%,开,172720,2689,0万元,0,5411.0,1.38亿,13769,0,0%,缩量,16.01万,5.9,6.2,4.2,阳线,观望,未分类,未分类,未分类,0,40.55,41.35,41.78,40.72,43.82,41.78,39.73,布林带内,-0.09,0.27,-0.72,无信号,震荡整理,否,获取公告失败
2026-05-22,600755.SH,厦门国贸,沪市主板,6.04,0.17%,开,172699,2690,0万元,0,7187.0,11.92亿,119238,0,0%,缩量,128.78万,5.5,6.0,4.0,价升||布林带下轨,布林带下轨支撑,未分类,未分类,未分类,0,175.47,185.99,189.84,196.44,229.53,189.84,150.16,下轨下方,-7.98,-2.21,-11.53,无信号,震荡整理,否,获取公告失败
2026-05-22,300884.SZ,狄耐克,创业板,12.5,2.04%,开,172684,2691,0万元,0,6248.0,5.04亿,50433,0,0%,缩量,23.93万,5.7,6.1,4.1,阳线||布林带下轨,布林带下轨支撑,未分类,未分类,未分类,0,25.27,27.22,28.21,30.27,35.72,28.21,20.7,下轨下方,-1.74,-0.67,-2.15,无信号,震荡整理,否,获取公告失败
2026-05-22,300295.SZ,*ST三六五,创业板,11.76,3.07%,开,172657,2692,0万元,0,5732.0,4.89亿,48884,0,0%,缩量,19.70万,5.8,6.2,4.2,阳线,观望,未分类,未分类,未分类,0,47.19,48.85,48.09,43.51,53.42,48.09,42.77,布林带内,1.13,1.82,-1.39,无信号,震荡整理,否,获取公告失败
2026-05-22,301336.SZ,趣睡科技,创业板,55.5,2.89%,开,172620,2693,0万元,0,5816.0,1.06亿,10628,0,0%,缩量,16.89万,5.8,6.1,4.2,阳线||多头排列||MA5上穿MA10,多头排列,未分类,未分类,未分类,0,56.73,56.52,55.65,54.61,59.11,55.65,52.18,布林带内,0.74,0.82,-0.15,死叉,多头排列,是,获取公告失败
2026-05-22,600067.SH,冠城新材,沪市主板,3.2,1.59%,开,172606,2694,0万元,0,6467.0,20.32亿,203197,0,0%,缩量,44.53万,5.7,6.1,4.1,阳线||布林带下轨,布林带下轨支撑,未分类,未分类,未分类,0,80.9,84.49,90.21,97.06,107.3,90.21,73.11,下轨下方,-5.51,-3.53,-3.94,无信号,震荡整理,否,获取公告失败
2026-05-22,002486.SZ,嘉麟杰,深市主板,2.64,1.15%,开,172547,2695,0万元,0,6680.0,25.65亿,256536,0,0%,缩量,21.66万,5.6,6.1,4.1,阳线||布林带下轨,布林带下轨支撑,未分类,未分类,未分类,0,11.37,11.62,11.85,12.27,12.63,11.85,11.07,下轨下方,-0.25,-0.15,-0.19,无信号,震荡整理,否,获取公告失败
2026-05-22,600477.SH,杭萧钢构,沪市主板,2.83,0.35%,开,172523,2696,0万元,0,7075.0,25.08亿,250834,0,0%,缩量,66.76万,5.5,6.0,4.0,阳线||布林带下轨,布林带下轨支撑,未分类,未分类,未分类,0,90.2,96.26,99.66,107.91,122.04,99.66,77.29,下轨下方,-5.8,-2.69,-6.21,无信号,震荡整理,否,获取公告失败
2026-05-22,301159.SZ,三维天地,创业板,38.58,0.60%,开,172518,2697,0万元,0,6952.0,1.81亿,18103,0,0%,缩量,20.45万,5.6,6.0,4.0,价升,观望,未分类,未分类,未分类,0,40.09,40.41,40.23,42.86,42.74,40.23,37.72,布林带内,-0.6,-0.56,-0.08,死叉,震荡整理,否,获取公告失败
2026-05-22,688399.SH,硕世生物,科创板,58.89,1.67%,开,172473,2698,0万元,0,6410.0,110.26亿,1102552,0,0%,缩量,49.39万,5.7,6.1,4.1,阳线||布林带下轨,布林带下轨支撑,未分类,未分类,未分类,0,101.22,109.91,112.56,109.81,138.77,112.56,86.35,下轨下方,-3.55,0.76,-8.63,无信号,震荡整理,否,获取公告失败
2026-05-22,301059.SZ,金三江,创业板,15.15,3.06%,开,172446,2699,0万元,0,5714.0,3.81亿,38065,0,0%,缩量,31.29万,5.8,6.2,4.2,阳线||布林带下轨,布林带下轨支撑,未分类,未分类,未分类,0,27.1,29.04,28.71,28.33,35.6,28.71,21.82,下轨下方,-0.6,0.41,-2.01,无信号,震荡整理,否,获取公告失败
2026-05-22,000919.SZ,金陵药业,深市主板,6.56,0.92%,开,172435,2700,0万元,0,6782.0,10.38亿,103796,0,0%,缩量,40.79万,5.6,6.0,4.1,价升||布林带下轨,布林带下轨支撑,未分类,未分类,未分类,0,23.47,24.74,25.73,26.6,30.08,25.73,21.39,下轨下方,-1.23,-0.56,-1.33,无信号,震荡整理,否,获取公告失败
2026-05-22,301163.SZ,宏德股份,创业板,29.74,3.88%,开,172405,2701,0万元,0,5302.0,1.82亿,18157,0,0%,缩量,16.28万,5.9,6.2,4.3,阳线,观望,未分类,未分类,未分类,0,30.51,31.36,31.46,31.04,33.8,31.46,29.12,布林带内,-0.15,0.17,-0.64,无信号,震荡整理,否,获取公告失败
2026-05-22,300197.SZ,节能铁汉,创业板,1.59,2.58%,开,172363,2702,0万元,0,5946.0,37.58亿,375802,0,0%,缩量,47.15万,5.8,6.1,4.2,阳线||布林带下轨,布林带下轨支撑,未分类,未分类,未分类,0,53.78,55.34,55.77,59.18,59.65,55.77,51.9,下轨下方,-1.33,-0.91,-0.85,无信号,震荡整理,否,获取公告失败
2026-05-22,000633.SZ,合金投资,深市主板,6.18,3.00%,开,172279,2703,0万元,0,5728.0,9.38亿,93825,0,0%,缩量,23.80万,5.8,6.1,4.2,阳线||布林带下轨,布林带下轨支撑,未分类,未分类,未分类,0,48.32,50.28,51.97,55.17,58.08,51.97,45.87,下轨下方,-1.97,-1.11,-1.73,无信号,震荡整理,否,获取公告失败
2026-05-22,002209.SZ,达 意 隆,深市主板,13.25,0.23%,开,172264,2704,0万元,0,7113.0,5.39亿,53917,0,0%,缩量,20.71万,5.5,6.0,4.0,阳线,观望,未分类,未分类,未分类,0,20.85,21.25,22.86,23.56,27.02,22.86,18.69,布林带内,-0.97,-0.74,-0.47,无信号,震荡整理,否,获取公告失败
2026-05-22,300414.SZ,中光防雷,创业板,12.85,2.07%,开,172225,2705,0万元,0,6190.0,4.84亿,48432,0,0%,缩量,40.29万,5.7,6.1,4.1,阳线||布林带下轨,布林带下轨支撑,未分类,未分类,未分类,0,46.12,50.21,53.1,55.41,66.76,53.1,39.44,下轨下方,-3.22,-1.05,-4.32,无信号,震荡整理,否,获取公告失败
2026-05-22,300240.SZ,飞力达,创业板,6.45,1.57%,开,172114,2706,0万元,0,6424.0,9.99亿,99911,0,0%,缩量,23.44万,5.7,6.1,4.1,价升,观望,未分类,未分类,未分类,0,23.47,23.85,24.18,25.59,25.55,24.18,22.82,布林带内,-0.52,-0.41,-0.23,无信号,震荡整理,否,获取公告失败
2026-05-22,300387.SZ,富邦科技,创业板,8.45,2.55%,开,171992,2707,0万元,0,5925.0,7.07亿,70677,0,0%,缩量,24.42万,5.8,6.1,4.2,阳线||布林带下轨,布林带下轨支撑,未分类,未分类,未分类,0,37.21,38.47,39.31,40.28,42.7,39.31,35.93,下轨下方,-0.76,-0.23,-1.07,无信号,震荡整理,否,获取公告失败
2026-05-22,300987.SZ,川网传媒,创业板,15.7,1.29%,开,171851,2708,0万元,0,6540.0,4.20亿,41955,0,0%,缩量,27.22万,5.6,6.1,4.1,阳线||布林带下轨,布林带下轨支撑,未分类,未分类,未分类,0,20.67,21.81,22.52,23.49,26.03,22.52,19.01,下轨下方,-0.96,-0.42,-1.09,无信号,震荡整理,否,获取公告失败
2026-05-22,603021.SH,*ST华鹏,沪市主板,6.79,4.95%,开,171829,2709,0万元,0,4710.0,7.02亿,70172,0,0%,缩量,21.72万,6.0,6.2,4.3,阳线,观望,未分类,未分类,未分类,0,18.07,18.58,19.41,19.48,21.7,19.41,17.12,布林带内,-0.52,-0.31,-0.44,无信号,震荡整理,否,获取公告失败
2026-05-22,300787.SZ,海能实业,创业板,10.85,3.33%,开,171786,2710,0万元,0,5512.0,5.17亿,51671,0,0%,缩量,21.32万,5.8,6.2,4.2,阳线||布林带下轨,布林带下轨支撑,未分类,未分类,未分类,0,39.4,43.46,45.63,50.09,62.34,45.63,28.91,下轨下方,-3.94,-1.66,-4.56,无信号,震荡整理,否,获取公告失败
2026-05-22,002953.SZ,日丰股份,深市主板,11.09,2.02%,开,171709,2711,0万元,0,6159.0,5.61亿,56094,0,0%,缩量,30.09万,5.7,6.1,4.1,阳线||布林带下轨,布林带下轨支撑,未分类,未分类,未分类,0,24.4,26.59,28.0,29.46,36.11,28.0,19.88,下轨下方,-1.84,-0.6,-2.48,无信号,震荡整理,否,获取公告失败
2026-05-22,600523.SH,贵航股份,沪市主板,12.83,1.10%,开,171446,2712,0万元,0,6593.0,5.14亿,51431,0,0%,缩量,51.84万,5.6,6.1,4.1,阳线||布林带下轨,布林带下轨支撑,未分类,未分类,未分类,0,25.86,27.18,27.95,29.29,32.04,27.95,23.87,下轨下方,-1.13,-0.51,-1.24,无信号,震荡整理,否,获取公告失败
2026-05-22,002728.SZ,特一药业,深市主板,9.02,0.56%,开,171437,2713,0万元,0,6865.0,7.63亿,76330,0,0%,缩量,29.94万,5.6,6.0,4.0,阳线||布林带下轨,布林带下轨支撑,未分类,未分类,未分类,0,40.71,44.64,47.07,51.37,60.78,47.07,33.35,下轨下方,-3.76,-1.79,-3.94,无信号,震荡整理,否,获取公告失败
2026-05-22,600461.SH,洪城环境,沪市主板,10.4,1.56%,开,171432,2714,0万元,0,6362.0,6.12亿,61234,0,0%,缩量,133.55万,5.7,6.1,4.1,阳线||布林带下轨,布林带下轨支撑,未分类,未分类,未分类,0,45.1,46.51,46.98,46.5,53.32,46.98,40.64,下轨下方,-0.76,0.17,-1.86,无信号,震荡整理,否,获取公告失败
2026-05-22,603706.SH,东方环宇,沪市主板,23.64,0.77%,开,171416,2715,0万元,0,6758.0,2.88亿,28807,0,0%,缩量,44.77万,5.6,6.0,4.1,阳线||多头排列||布林带下轨||MA5上穿MA10,多头排列;布林带下轨支撑,未分类,未分类,未分类,0,27.6,27.57,26.75,25.55,29.65,26.75,23.86,下轨下方,0.57,0.75,-0.36,死叉,多头排列,是,获取公告失败
2026-05-22,301131.SZ,聚赛龙,创业板,42.13,2.91%,开,171383,2716,0万元,0,5685.0,1.37亿,13684,0,0%,缩量,16.50万,5.8,6.1,4.2,阳线||布林带下轨,布林带下轨支撑,未分类,未分类,未分类,0,43.63,44.25,44.46,44.72,46.24,44.46,42.68,下轨下方,-0.27,-0.01,-0.54,无信号,震荡整理,否,获取公告失败
2026-05-22,600881.SH,亚泰集团,沪市主板,1.49,3.47%,开,171371,2717,0万元,0,5401.0,37.02亿,370155,0,0%,缩量,48.16万,5.8,6.2,4.2,阳线||布林带下轨,布林带下轨支撑,未分类,未分类,未分类,0,89.14,96.59,98.49,106.67,120.64,98.49,76.33,下轨下方,-5.48,-2.29,-6.38,无信号,震荡整理,否,获取公告失败
2026-05-22,300092.SZ,科新机电,创业板,15.52,2.24%,开,171368,2718,0万元,0,6017.0,3.90亿,39002,0,0%,缩量,32.57万,5.7,6.1,4.1,阳线,观望,未分类,未分类,未分类,0,0.0,0.0,0.0,0.0,0.0,0.0,0.0,未知,0.0,0.0,0.0,,未知,否,获取公告失败
2026-05-22,002660.SZ,茂硕电源,深市主板,8.67,2.97%,开,171325,2719,0万元,0,5648.0,6.60亿,66038,0,0%,缩量,29.74万,5.8,6.1,4.2,阳线||布林带下轨,布林带下轨支撑,未分类,未分类,未分类,0,23.79,24.1,24.09,24.3,25.12,24.09,23.07,下轨下方,-0.1,0.04,-0.27,无信号,震荡整理,否,获取公告失败
2026-05-22,300713.SZ,英可瑞,创业板,17.91,2.87%,开,171309,2720,0万元,0,5695.0,3.21亿,32098,0,0%,缩量,15.47万,5.8,6.1,4.2,阳线||布林带下轨,布林带下轨支撑,未分类,未分类,未分类,0,49.88,52.29,51.87,51.9,61.97,51.87,41.77,下轨下方,-0.79,0.64,-2.86,无信号,震荡整理,否,获取公告失败
2026-05-22,300605.SZ,恒锋信息,创业板,12.26,1.83%,开,171296,2721,0万元,0,6216.0,5.12亿,51174,0,0%,缩量,15.49万,5.7,6.1,4.1,阳线||布林带下轨,布林带下轨支撑,未分类,未分类,未分类,0,23.23,24.4,25.56,28.06,30.58,25.56,20.55,下轨下方,-1.6,-0.96,-1.29,无信号,震荡整理,否,获取公告失败
2026-05-22,300716.SZ,*ST泉为,创业板,15.2,2.56%,开,171280,2722,0万元,0,5846.0,3.96亿,39604,0,0%,缩量,24.32万,5.8,6.1,4.2,阳线,观望,未分类,未分类,未分类,0,24.02,24.64,22.73,22.11,27.14,22.73,18.32,布林带内,0.69,0.72,-0.07,死叉,震荡整理,否,获取公告失败
2026-05-22,002722.SZ,物产金轮,深市主板,14.89,1.64%,开,171241,2723,0万元,0,6305.0,4.27亿,42678,0,0%,缩量,33.11万,5.7,6.1,4.1,阳线||布林带下轨,布林带下轨支撑,未分类,未分类,未分类,0,16.44,16.79,16.96,16.74,18.0,16.96,15.91,下轨下方,-0.11,0.08,-0.38,无信号,震荡整理,否,获取公告失败
2026-05-22,605599.SH,菜百股份,沪市主板,16.22,0.06%,开,171238,2724,0万元,0,7093.0,4.37亿,43716,0,0%,缩量,126.16万,5.5,6.0,4.0,价升,观望,未分类,未分类,未分类,0,18.24,19.01,21.3,24.18,26.98,21.3,15.62,布林带内,-1.87,-1.52,-0.69,无信号,震荡整理,否,获取公告失败
2026-05-22,002912.SZ,中新赛克,深市主板,23.81,0.98%,开,171107,2725,0万元,0,6623.0,2.79亿,27907,0,0%,缩量,38.62万,5.6,6.0,4.1,价升||布林带下轨,布林带下轨支撑,未分类,未分类,未分类,0,61.26,64.34,67.66,74.65,82.92,67.66,52.4,下轨下方,-4.36,-2.61,-3.5,无信号,震荡整理,否,获取公告失败
2026-05-22,002425.SZ,凯撒文化,深市主板,3.34,2.14%,开,171033,2726,0万元,0,6033.0,18.34亿,183410,0,0%,缩量,30.73万,5.7,6.1,4.1,阳线||布林带下轨,布林带下轨支撑,未分类,未分类,未分类,0,15.59,15.95,15.97,15.93,17.33,15.97,14.61,下轨下方,-0.09,0.07,-0.32,无信号,震荡整理,否,获取公告失败
2026-05-22,600771.SH,广誉远,沪市主板,15.17,0.33%,开,170973,2727,0万元,0,6932.0,4.59亿,45906,0,0%,缩量,74.26万,5.5,6.0,4.0,价升||布林带下轨,布林带下轨支撑,未分类,未分类,未分类,0,110.55,118.41,125.31,130.74,153.96,125.31,96.65,下轨下方,-7.61,-3.35,-8.54,无信号,震荡整理,否,获取公告失败
2026-05-22,600810.SH,神马股份,沪市主板,6.78,0.30%,开,170929,2728,0万元,0,6945.0,10.25亿,102530,0,0%,缩量,73.28万,5.5,6.0,4.0,阳线||布林带下轨,布林带下轨支撑,未分类,未分类,未分类,0,32.93,36.13,39.16,42.91,51.88,39.16,26.45,下轨下方,-3.65,-1.9,-3.5,无信号,震荡整理,否,获取公告失败
2026-05-22,605151.SH,西上海,沪市主板,22.9,3.20%,开,170818,2729,0万元,0,5482.0,2.42亿,24202,0,0%,缩量,30.81万,5.8,6.2,4.2,阳线,观望,未分类,未分类,未分类,0,23.64,23.79,23.03,21.46,25.32,23.03,20.75,布林带内,0.67,0.77,-0.21,无信号,震荡整理,否,获取公告失败
2026-05-22,002762.SZ,*ST金比,深市主板,9.25,4.99%,开,170811,2730,0万元,0,4584.0,5.02亿,50184,0,0%,缩量,19.55万,6.0,6.2,4.3,阳线,观望,未分类,未分类,未分类,0,49.06,50.11,48.67,43.14,52.85,48.67,44.5,布林带内,1.6,1.95,-0.7,无信号,震荡整理,否,获取公告失败
2026-05-22,600558.SH,大西洋,沪市主板,5.59,2.19%,开,170738,2731,0万元,0,5977.0,10.79亿,107877,0,0%,缩量,50.18万,5.7,6.1,4.1,阳线||布林带下轨,布林带下轨支撑,未分类,未分类,未分类,0,35.63,36.77,36.8,37.86,40.98,36.8,32.61,下轨下方,-0.59,-0.02,-1.13,无信号,震荡整理,否,获取公告失败
2026-05-22,301586.SZ,佳力奇,创业板,42.31,4.21%,开,170519,2732,0万元,0,4946.0,1.19亿,11931,0,0%,缩量,22.39万,5.9,6.2,4.3,阳线,观望,未分类,未分类,未分类,0,42.67,43.83,43.52,45.3,45.94,43.52,41.09,布林带内,-0.45,-0.27,-0.36,无信号,震荡整理,否,获取公告失败
2026-05-22,301019.SZ,宁波色母,创业板,23.24,3.43%,开,170463,2733,0万元,0,5333.0,2.32亿,23192,0,0%,缩量,24.31万,5.8,6.2,4.2,阳线||布林带下轨,布林带下轨支撑,未分类,未分类,未分类,0,45.77,48.91,49.71,48.7,62.38,49.71,37.04,下轨下方,-1.47,0.48,-3.9,无信号,震荡整理,否,获取公告失败
2026-05-22,603130.SH,云中马,沪市主板,46.7,1.06%,开,170441,2734,0万元,0,6514.0,1.40亿,13962,0,0%,缩量,64.22万,5.6,6.1,4.1,阳线,观望,未分类,未分类,未分类,0,0.0,0.0,0.0,0.0,0.0,0.0,0.0,未知,0.0,0.0,0.0,,未知,否,获取公告失败
2026-05-22,002589.SZ,瑞康医药,深市主板,2.93,0.34%,开,170422,2735,0万元,0,6871.0,23.50亿,234983,0,0%,缩量,40.01万,5.5,6.0,4.0,价升||MACD金叉||多头排列||布林带上轨||MA5上穿MA10,MACD金叉;多头排列,未分类,未分类,未分类,0,35.08,33.16,32.68,32.47,43.31,32.68,22.04,上轨上方,1.24,-0.14,2.75,金叉,多头排列,是,获取公告失败
2026-05-22,600405.SH,动力源,沪市主板,4.78,2.58%,开,170395,2736,0万元,0,5752.0,12.27亿,122695,0,0%,缩量,29.29万,5.8,6.1,4.2,阳线||布林带下轨,布林带下轨支撑,未分类,未分类,未分类,0,30.08,31.63,32.86,35.58,37.49,32.86,28.23,下轨下方,-1.62,-0.97,-1.3,无信号,震荡整理,否,获取公告失败
2026-05-22,000898.SZ,鞍钢股份,深市主板,2.03,0.50%,开,170345,2737,0万元,0,6787.0,33.54亿,335430,0,0%,缩量,161.54万,5.5,6.0,4.0,阳线||布林带下轨,布林带下轨支撑,未分类,未分类,未分类,0,4.66,4.97,5.2,5.56,6.08,5.2,4.32,下轨下方,-0.27,-0.14,-0.26,无信号,震荡整理,否,获取公告失败
2026-05-22,002554.SZ,惠博普,深市主板,3.25,0.93%,开,170328,2738,0万元,0,6567.0,20.26亿,202583,0,0%,缩量,43.34万,5.6,6.0,4.1,价升||布林带下轨,布林带下轨支撑,未分类,未分类,未分类,0,24.43,24.91,25.04,27.35,26.37,25.04,23.71,下轨下方,-0.63,-0.52,-0.22,无信号,震荡整理,否,获取公告失败
2026-05-22,688602.SH,康鹏科技,科创板,7.39,1.79%,开,170323,2739,0万元,0,6137.0,842.30亿,8422987,0,0%,缩量,19.18万,5.7,6.1,4.1,阳线,观望,未分类,未分类,未分类,0,7.56,7.71,7.88,8.0,8.38,7.88,7.38,布林带内,-0.13,-0.06,-0.14,无信号,震荡整理,否,获取公告失败
2026-05-22,600250.SH,南京商旅,沪市主板,9.59,1.27%,开,170275,2740,0万元,0,6394.0,6.71亿,67095,0,0%,缩量,30.00万,5.6,6.1,4.1,阳线||布林带下轨,布林带下轨支撑,未分类,未分类,未分类,0,24.55,25.65,27.05,29.72,31.24,27.05,22.86,下轨下方,-1.77,-1.29,-0.95,无信号,震荡整理,否,获取公告失败
2026-05-22,301097.SZ,天益医疗,创业板,61.57,2.82%,开,170251,2741,0万元,0,5614.0,9187.00万,9187,0,0%,缩量,17.82万,5.8,6.1,4.2,阳线||多头排列||MA5上穿MA10,多头排列,未分类,未分类,未分类,0,61.84,61.47,60.81,58.64,62.94,60.81,58.68,布林带内,0.91,0.93,-0.04,死叉,多头排列,是,获取公告失败
2026-05-22,300195.SZ,长荣股份,创业板,6.6,2.33%,开,170247,2742,0万元,0,5862.0,8.97亿,89677,0,0%,缩量,20.72万,5.7,6.1,4.2,阳线||布林带下轨,布林带下轨支撑,未分类,未分类,未分类,0,24.7,25.19,25.95,28.34,28.54,25.95,23.37,下轨下方,-1.0,-0.78,-0.44,无信号,震荡整理,否,获取公告失败
2026-05-22,605333.SH,沪光股份,沪市主板,23.3,0.65%,开,170079,2743,0万元,0,6684.0,2.88亿,28819,0,0%,缩量,108.12万,5.6,6.0,4.0,阳线,观望,未分类,未分类,未分类,0,23.5,23.8,24.12,25.98,26.19,24.12,22.06,布林带内,-0.67,-0.67,-0.01,无信号,震荡整理,否,获取公告失败
2026-05-22,300702.SZ,天宇股份,创业板,19.56,2.14%,开,169994,2744,0万元,0,5929.0,3.04亿,30433,0,0%,缩量,41.16万,5.7,6.1,4.1,阳线||布林带下轨,布林带下轨支撑,未分类,未分类,未分类,0,49.29,52.88,56.19,61.28,69.77,56.19,42.61,下轨下方,-4.21,-2.39,-3.63,无信号,震荡整理,否,获取公告失败
2026-05-22,002337.SZ,赛象科技,深市主板,5.71,2.88%,开,169984,2745,0万元,0,5557.0,9.82亿,98213,0,0%,缩量,33.57万,5.8,6.1,4.2,阳线,观望,未分类,未分类,未分类,0,29.52,30.29,30.85,32.05,32.8,30.85,28.89,布林带内,-0.6,-0.39,-0.41,无信号,震荡整理,否,获取公告失败
2026-05-22,301518.SZ,长华化学,创业板,34.79,3.36%,开,169945,2746,0万元,0,5316.0,1.54亿,15384,0,0%,缩量,18.60万,5.8,6.2,4.2,阳线,观望,未分类,未分类,未分类,0,35.14,36.06,37.92,41.66,43.25,37.92,32.6,布林带内,-1.8,-1.57,-0.46,无信号,震荡整理,否,获取公告失败
2026-05-22,002748.SZ,世龙实业,深市主板,11.98,2.92%,开,169944,2747,0万元,0,5534.0,4.68亿,46780,0,0%,缩量,28.75万,5.8,6.1,4.2,阳线,观望,未分类,未分类,未分类,0,25.42,25.96,26.44,26.16,28.14,26.44,24.75,布林带内,-0.2,0.05,-0.52,无信号,震荡整理,否,获取公告失败
2026-05-22,603628.SH,清源股份,沪市主板,11.64,1.57%,开,169783,2748,0万元,0,6193.0,5.36亿,53638,0,0%,缩量,31.68万,5.7,6.1,4.1,阳线||布林带下轨,布林带下轨支撑,未分类,未分类,未分类,0,12.23,12.58,12.95,14.28,14.11,12.95,11.78,下轨下方,-0.54,-0.47,-0.14,无信号,震荡整理,否,获取公告失败
2026-05-22,600281.SH,华阳新材,沪市主板,5.38,3.86%,开,169765,2749,0万元,0,5046.0,9.48亿,94809,0,0%,缩量,27.67万,5.9,6.2,4.3,阳线||布林带下轨,布林带下轨支撑,未分类,未分类,未分类,0,9.81,10.2,10.48,10.82,11.81,10.48,9.15,下轨下方,-0.31,-0.1,-0.42,无信号,震荡整理,否,获取公告失败
2026-05-22,002060.SZ,广东建工,深市主板,3.57,0.56%,开,169696,2750,0万元,0,6688.0,18.73亿,187334,0,0%,缩量,55.79万,5.6,6.0,4.0,价升,观望,未分类,未分类,未分类,0,0.0,0.0,0.0,0.0,0.0,0.0,0.0,未知,0.0,0.0,0.0,,未知,否,获取公告失败
2026-05-22,600444.SH,国机通用,沪市主板,16.55,3.96%,开,169656,2751,0万元,0,4987.0,3.07亿,30654,0,0%,缩量,24.23万,5.9,6.2,4.3,阳线||布林带下轨,布林带下轨支撑,未分类,未分类,未分类,0,32.58,34.04,35.37,36.97,40.75,35.37,29.99,下轨下方,-1.48,-0.71,-1.54,无信号,震荡整理,否,获取公告失败
2026-05-22,002696.SZ,百洋股份,深市主板,6.43,3.04%,开,169624,2752,0万元,0,5440.0,8.61亿,86060,0,0%,缩量,21.49万,5.8,6.2,4.2,阳线||布林带下轨,布林带下轨支撑,未分类,未分类,未分类,0,23.92,24.25,24.73,25.89,26.11,24.73,23.36,下轨下方,-0.52,-0.38,-0.28,无信号,震荡整理,否,获取公告失败
2026-05-22,600792.SH,云煤能源,沪市主板,3.95,1.28%,开,169600,2753,0万元,0,6319.0,16.24亿,162384,0,0%,缩量,43.84万,5.6,6.1,4.1,阳线||布林带下轨,布林带下轨支撑,未分类,未分类,未分类,0,26.26,27.11,28.14,30.05,32.39,28.14,23.88,下轨下方,-1.07,-0.52,-1.1,无信号,震荡整理,否,获取公告失败
2026-05-22,688152.SH,麒麟信安,科创板,36.78,2.82%,开,169557,2754,0万元,0,5544.0,152.87亿,1528717,0,0%,缩量,37.48万,5.8,6.1,4.2,阳线||布林带下轨,布林带下轨支撑,未分类,未分类,未分类,0,65.87,71.33,70.08,69.65,87.97,70.08,52.2,下轨下方,-1.57,0.97,-5.1,无信号,震荡整理,否,获取公告失败
2026-05-22,000576.SZ,甘化科工,深市主板,8.2,1.36%,开,169388,2755,0万元,0,6259.0,7.67亿,76710,0,0%,缩量,35.57万,5.6,6.1,4.1,阳线||布林带下轨,布林带下轨支撑,未分类,未分类,未分类,0,50.01,55.23,59.45,65.87,78.36,59.45,40.53,下轨下方,-5.28,-2.62,-5.31,无信号,震荡整理,否,获取公告失败
2026-05-22,300402.SZ,宝色股份,创业板,17.29,2.37%,开,169361,2756,0万元,0,5752.0,3.36亿,33590,0,0%,缩量,42.12万,5.7,6.1,4.2,阳线||布林带下轨,布林带下轨支撑,未分类,未分类,未分类,0,18.51,19.28,19.49,20.85,21.04,19.49,17.94,下轨下方,-0.54,-0.34,-0.41,无信号,震荡整理,否,获取公告失败
2026-05-22,002206.SZ,海 利 得,深市主板,5.52,2.22%,开,169321,2757,0万元,0,5821.0,10.63亿,106290,0,0%,缩量,58.34万,5.7,6.1,4.1,阳线,观望,未分类,未分类,未分类,0,0.0,0.0,0.0,0.0,0.0,0.0,0.0,未知,0.0,0.0,0.0,,未知,否,获取公告失败
2026-05-22,300722.SZ,新余国科,创业板,25.75,1.10%,开,169156,2758,0万元,0,6366.0,2.49亿,24942,0,0%,缩量,71.26万,5.6,6.1,4.1,阳线||布林带下轨,布林带下轨支撑,未分类,未分类,未分类,0,80.23,90.34,96.77,106.02,131.43,96.77,62.11,下轨下方,-9.03,-3.92,-10.23,无信号,震荡整理,否,获取公告失败
2026-05-22,300810.SZ,中科海讯,创业板,31.11,1.57%,开,169115,2759,0万元,0,6128.0,1.99亿,19877,0,0%,缩量,35.47万,5.7,6.1,4.1,阳线||布林带下轨,布林带下轨支撑,未分类,未分类,未分类,0,44.76,47.19,48.84,51.99,57.72,48.84,39.95,下轨下方,-2.2,-0.96,-2.48,无信号,震荡整理,否,获取公告失败
2026-05-22,300543.SZ,朗科智能,创业板,9.39,2.29%,开,169087,2760,0万元,0,5765.0,6.25亿,62450,0,0%,缩量,23.49万,5.7,6.1,4.2,阳线||布林带下轨,布林带下轨支撑,未分类,未分类,未分类,0,40.39,43.4,44.76,47.75,57.0,44.76,32.52,下轨下方,-2.61,-0.88,-3.46,无信号,震荡整理,否,获取公告失败
2026-05-22,603788.SH,宁波高发,沪市主板,16.98,1.56%,开,169085,2761,0万元,0,6131.0,3.64亿,36389,0,0%,缩量,37.88万,5.7,6.1,4.1,价升||布林带下轨,布林带下轨支撑,未分类,未分类,未分类,0,31.33,32.11,32.48,31.06,36.05,32.48,28.91,下轨下方,-0.17,0.42,-1.17,无信号,震荡整理,否,获取公告失败
2026-05-22,605066.SH,天正电气,沪市主板,7.46,1.63%,开,169044,2762,0万元,0,6087.0,8.23亿,82255,0,0%,缩量,37.48万,5.7,6.1,4.1,阳线||布林带下轨,布林带下轨支撑,未分类,未分类,未分类,0,10.19,10.55,10.76,11.36,12.39,10.76,9.13,下轨下方,-0.4,-0.17,-0.46,无信号,震荡整理,否,获取公告失败
2026-05-22,002303.SZ,美盈森,深市主板,3.53,1.73%,开,168885,2763,0万元,0,6024.0,17.15亿,171510,0,0%,缩量,34.13万,5.7,6.1,4.1,阳线||布林带下轨,布林带下轨支撑,未分类,未分类,未分类,0,39.86,41.43,41.44,42.96,47.27,41.44,35.6,下轨下方,-0.98,-0.22,-1.51,死叉,震荡整理,否,获取公告失败
2026-05-22,688046.SH,药康生物,科创板,20.9,0.34%,开,168870,2764,0万元,0,6719.0,322.95亿,3229520,0,0%,缩量,85.69万,5.5,6.0,4.0,价升,观望,未分类,未分类,未分类,0,21.28,21.37,20.97,17.97,22.23,20.97,19.71,布林带内,0.77,0.95,-0.35,无信号,震荡整理,否,获取公告失败
2026-05-22,688356.SH,键凯科技,科创板,81.47,0.33%,开,168852,2765,0万元,0,6719.0,82.43亿,824320,0,0%,缩量,49.41万,5.5,6.0,4.0,价升,观望,未分类,未分类,未分类,0,85.02,90.47,96.94,100.58,114.15,96.94,79.73,布林带内,-5.06,-3.18,-3.76,无信号,震荡整理,否,获取公告失败
2026-05-22,600876.SH,凯盛新能,沪市主板,8.95,3.47%,开,168781,2766,0万元,0,5144.0,5.83亿,58318,0,0%,缩量,35.41万,5.8,6.2,4.2,阳线||布林带下轨,布林带下轨支撑,未分类,未分类,未分类,0,12.03,12.72,13.21,14.23,15.4,13.21,11.03,下轨下方,-0.68,-0.37,-0.61,无信号,震荡整理,否,获取公告失败
2026-05-22,600232.SH,金鹰股份,沪市主板,8.07,2.02%,开,168553,2767,0万元,0,5844.0,7.35亿,73451,0,0%,缩量,29.43万,5.7,6.1,4.1,阳线||布林带下轨,布林带下轨支撑,未分类,未分类,未分类,0,22.54,23.81,24.13,23.83,27.93,24.13,20.33,下轨下方,-0.64,0.03,-1.33,无信号,震荡整理,否,获取公告失败
2026-05-22,600533.SH,栖霞建设,沪市主板,2.35,3.98%,开,168471,2768,0万元,0,4856.0,20.98亿,209808,0,0%,缩量,24.68万,5.9,6.2,4.3,阳线||布林带下轨,布林带下轨支撑,未分类,未分类,未分类,0,24.66,26.14,26.77,27.45,32.1,26.77,21.43,下轨下方,-1.06,-0.24,-1.64,无信号,震荡整理,否,获取公告失败
2026-05-22,603041.SH,美思德,沪市主板,13.92,2.50%,开,168458,2769,0万元,0,5594.0,4.08亿,40761,0,0%,缩量,25.49万,5.8,6.1,4.2,阳线||布林带下轨,布林带下轨支撑,未分类,未分类,未分类,0,19.92,20.59,20.68,20.03,24.05,20.68,17.31,下轨下方,-0.2,0.31,-1.01,无信号,震荡整理,否,获取公告失败
2026-05-22,000757.SZ,浩物股份,深市主板,4.42,1.61%,开,168375,2770,0万元,0,6033.0,13.80亿,137999,0,0%,缩量,23.55万,5.7,6.1,4.1,阳线||布林带下轨,布林带下轨支撑,未分类,未分类,未分类,0,21.09,22.99,23.95,25.12,29.57,23.95,18.32,下轨下方,-1.33,-0.44,-1.79,无信号,震荡整理,否,获取公告失败
2026-05-22,301032.SZ,新柴股份,创业板,12.97,1.41%,开,168326,2771,0万元,0,6129.0,4.76亿,47599,0,0%,缩量,20.74万,5.6,6.1,4.1,阳线,观望,未分类,未分类,未分类,0,13.31,13.41,13.4,13.35,13.88,13.4,12.92,布林带内,0.0,0.05,-0.1,无信号,震荡整理,否,获取公告失败
2026-05-22,300956.SZ,英力股份,创业板,14.95,3.03%,开,168241,2772,0万元,0,5308.0,3.59亿,35908,0,0%,缩量,31.46万,5.8,6.2,4.2,阳线,观望,未分类,未分类,未分类,0,0.0,0.0,0.0,0.0,0.0,0.0,0.0,未知,0.0,0.0,0.0,,未知,否,获取公告失败
2026-05-22,688021.SH,奥福科技,科创板,27.32,3.21%,开,168225,2773,0万元,0,5217.0,192.49亿,1924879,0,0%,缩量,20.88万,5.8,6.2,4.2,阳线,观望,未分类,未分类,未分类,0,28.28,29.01,28.01,26.74,32.27,28.01,23.75,布林带内,0.55,0.78,-0.47,无信号,震荡整理,否,获取公告失败
2026-05-22,688085.SH,三友医疗,科创板,17.77,1.54%,开,168194,2774,0万元,0,6048.0,343.39亿,3433907,0,0%,缩量,56.64万,5.7,6.1,4.1,阳线||布林带下轨,布林带下轨支撑,未分类,未分类,未分类,0,24.86,26.27,26.3,27.96,30.76,26.3,21.84,下轨下方,-0.87,-0.29,-1.17,无信号,震荡整理,否,获取公告失败
2026-05-22,000691.SZ,*ST亚太,深市主板,8.52,3.27%,开,168153,2775,0万元,0,5179.0,6.14亿,61359,0,0%,缩量,27.54万,5.8,6.2,4.2,阳线||布林带下轨,布林带下轨支撑,未分类,未分类,未分类,0,30.3,32.0,31.33,32.55,38.8,31.33,23.85,下轨下方,-0.8,0.04,-1.68,死叉,震荡整理,否,获取公告失败
2026-05-22,002141.SZ,贤丰控股,深市主板,3.58,1.99%,开,168121,2776,0万元,0,5815.0,16.34亿,163434,0,0%,缩量,36.98万,5.7,6.1,4.1,阳线,观望,未分类,未分类,未分类,0,28.54,28.9,29.2,30.31,30.65,29.2,27.75,布林带内,-0.39,-0.33,-0.11,无信号,震荡整理,否,获取公告失败
2026-05-22,600386.SH,北巴传媒,沪市主板,3.94,0.77%,开,168026,2777,0万元,0,6419.0,16.43亿,164344,0,0%,缩量,31.77万,5.6,6.0,4.1,价升||布林带下轨,布林带下轨支撑,未分类,未分类,未分类,0,22.41,23.19,23.6,24.01,27.61,23.6,19.58,下轨下方,-0.68,-0.11,-1.14,无信号,震荡整理,否,获取公告失败
2026-05-22,300193.SZ,佳士科技,创业板,8.35,1.83%,开,167986,2778,0万元,0,5884.0,7.08亿,70832,0,0%,缩量,35.02万,5.7,6.1,4.1,阳线||布林带下轨,布林带下轨支撑,未分类,未分类,未分类,0,24.15,25.02,25.46,26.07,28.19,25.46,22.72,下轨下方,-0.6,-0.17,-0.87,无信号,震荡整理,否,获取公告失败
2026-05-22,300636.SZ,同和药业,创业板,7.24,2.70%,开,167975,2779,0万元,0,5450.0,7.58亿,75773,0,0%,缩量,26.60万,5.8,6.1,4.2,阳线||布林带下轨,布林带下轨支撑,未分类,未分类,未分类,0,24.46,27.32,29.25,31.07,39.8,29.25,18.69,下轨下方,-2.54,-0.96,-3.15,无信号,震荡整理,否,获取公告失败
2026-05-22,301101.SZ,明月镜片,创业板,34.97,0.63%,开,167875,2780,0万元,0,6471.0,1.85亿,18519,0,0%,缩量,66.76万,5.6,6.0,4.0,价升||布林带下轨,布林带下轨支撑,未分类,未分类,未分类,0,51.72,54.54,55.31,55.59,65.12,55.31,45.49,下轨下方,-1.44,0.1,-3.08,无信号,震荡整理,否,获取公告失败
2026-05-22,600692.SH,亚通股份,沪市主板,7.36,1.38%,开,167867,2781,0万元,0,6098.0,8.36亿,83647,0,0%,缩量,18.77万,5.6,6.1,4.1,阳线||布林带下轨,布林带下轨支撑,未分类,未分类,未分类,0,65.18,69.34,69.61,71.35,82.09,69.61,57.12,下轨下方,-2.09,-0.2,-3.78,无信号,震荡整理,否,获取公告失败
2026-05-22,300272.SZ,开能健康,创业板,6.86,2.08%,开,167846,2782,0万元,0,5743.0,8.50亿,84962,0,0%,缩量,31.86万,5.7,6.1,4.1,阳线||布林带下轨,布林带下轨支撑,未分类,未分类,未分类,0,40.23,42.16,44.62,46.32,52.7,44.62,36.53,下轨下方,-2.35,-1.3,-2.11,无信号,震荡整理,否,获取公告失败
2026-05-22,300882.SZ,万胜智能,创业板,18.29,1.89%,开,167790,2783,0万元,0,5832.0,3.20亿,32045,0,0%,缩量,48.71万,5.7,6.1,4.1,阳线||布林带下轨,布林带下轨支撑,未分类,未分类,未分类,0,31.98,33.83,35.82,40.72,45.43,35.82,26.21,下轨下方,-2.96,-1.93,-2.06,无信号,震荡整理,否,获取公告失败
2026-05-22,000014.SZ,沙河股份,深市主板,11.37,1.61%,开,167772,2784,0万元,0,5973.0,5.30亿,53009,0,0%,缩量,27.52万,5.7,6.1,4.1,阳线||布林带下轨,布林带下轨支撑,未分类,未分类,未分类,0,128.64,139.49,147.92,159.42,182.16,147.92,113.67,下轨下方,-10.51,-5.41,-10.2,无信号,震荡整理,否,获取公告失败
2026-05-22,002622.SZ,皓宸医疗,深市主板,2.66,2.70%,开,167723,2785,0万元,0,5421.0,20.54亿,205397,0,0%,缩量,22.34万,5.8,6.1,4.2,阳线,观望,未分类,未分类,未分类,0,16.33,16.62,16.48,16.61,17.86,16.48,15.09,布林带内,-0.01,0.11,-0.24,无信号,震荡整理,否,获取公告失败
2026-05-22,002923.SZ,润都股份,深市主板,11.73,0.69%,开,167653,2786,0万元,0,6422.0,5.49亿,54941,0,0%,缩量,30.27万,5.6,6.0,4.0,价升||布林带下轨,布林带下轨支撑,未分类,未分类,未分类,0,38.87,42.98,45.48,51.61,60.55,45.48,30.4,下轨下方,-4.11,-2.08,-4.08,无信号,震荡整理,否,获取公告失败
2026-05-22,300778.SZ,新城市,创业板,13.4,2.52%,开,167634,2787,0万元,0,5501.0,4.17亿,41663,0,0%,缩量,27.28万,5.8,6.1,4.2,阳线||布林带下轨,布林带下轨支撑,未分类,未分类,未分类,0,27.86,29.75,29.77,30.01,37.86,29.77,21.68,下轨下方,-0.93,0.22,-2.3,死叉,震荡整理,否,获取公告失败
2026-05-22,600493.SH,凤竹纺织,沪市主板,7.18,4.51%,开,167621,2788,0万元,0,4506.0,6.42亿,64180,0,0%,缩量,19.53万,6.0,6.2,4.3,阳线||布林带下轨,布林带下轨支撑,未分类,未分类,未分类,0,16.3,16.68,16.88,17.28,18.39,16.88,15.37,下轨下方,-0.34,-0.11,-0.45,无信号,震荡整理,否,获取公告失败
2026-05-22,603615.SH,茶花股份,沪市主板,21.53,0.70%,开,167597,2789,0万元,0,6409.0,2.96亿,29559,0,0%,缩量,52.06万,5.6,6.0,4.0,阳线,观望,未分类,未分类,未分类,0,23.33,23.79,22.96,21.96,25.17,22.96,20.75,布林带内,0.49,0.62,-0.27,无信号,震荡整理,否,获取公告失败
2026-05-22,603022.SH,新通联,沪市主板,11.21,2.09%,开,167503,2790,0万元,0,5703.0,5.16亿,51640,0,0%,缩量,22.42万,5.7,6.1,4.1,阳线,观望,未分类,未分类,未分类,0,29.19,29.42,28.97,28.25,30.98,28.97,26.95,布林带内,0.35,0.48,-0.26,无信号,震荡整理,否,获取公告失败
2026-05-22,688119.SH,中钢洛耐,科创板,4.81,3.44%,开,167384,2791,0万元,0,5018.0,1055.21亿,10552065,0,0%,缩量,54.11万,5.8,6.2,4.2,阳线,观望,未分类,未分类,未分类,0,4.97,5.18,5.25,5.49,5.71,5.25,4.79,布林带内,-0.12,-0.06,-0.12,无信号,震荡整理,否,获取公告失败
2026-05-22,603959.SH,ST百利,沪市主板,4.65,1.09%,开,167384,2791,0万元,0,6195.0,13.51亿,135079,0,0%,缩量,22.80万,5.6,6.1,4.1,阳线||布林带下轨,布林带下轨支撑,未分类,未分类,未分类,0,8.65,9.38,9.96,11.71,12.75,9.96,7.18,下轨下方,-0.97,-0.77,-0.41,无信号,震荡整理,否,获取公告失败
2026-05-22,000692.SZ,惠天热电,深市主板,4.83,0.63%,开,167365,2792,0万元,0,6424.0,13.33亿,133345,0,0%,缩量,25.74万,5.6,6.0,4.0,阳线||布林带下轨,布林带下轨支撑,未分类,未分类,未分类,0,57.34,60.41,58.62,52.73,70.27,58.62,46.97,下轨下方,0.91,2.54,-3.26,无信号,震荡整理,否,获取公告失败
2026-05-22,600838.SH,上海九百,沪市主板,8.53,1.07%,开,167301,2793,0万元,0,6197.0,7.28亿,72752,0,0%,缩量,34.20万,5.6,6.1,4.1,价升||布林带下轨,布林带下轨支撑,未分类,未分类,未分类,0,84.93,90.72,95.86,105.08,115.24,95.86,76.48,下轨下方,-6.53,-3.83,-5.4,无信号,震荡整理,否,获取公告失败
2026-05-22,603312.SH,西典新能,沪市主板,39.89,2.97%,开,167272,2794,0万元,0,5243.0,1.32亿,13244,0,0%,缩量,20.31万,5.8,6.1,4.2,阳线||MA5上穿MA10,观望,未分类,未分类,未分类,0,41.26,40.98,41.54,44.19,43.65,41.54,39.43,布林带内,-0.63,-0.66,0.05,无信号,震荡整理,否,获取公告失败
2026-05-22,300897.SZ,山科智能,创业板,27.8,2.06%,开,167169,2795,0万元,0,5689.0,2.05亿,20531,0,0%,缩量,24.37万,5.7,6.1,4.1,阳线||布林带下轨,布林带下轨支撑,未分类,未分类,未分类,0,54.34,56.82,57.16,56.6,71.36,57.16,42.97,下轨下方,-1.37,0.57,-3.89,死叉,震荡整理,否,获取公告失败
2026-05-22,600491.SH,ST龙元,沪市主板,1.33,0.76%,开,167097,2796,0万元,0,6331.0,48.54亿,485371,0,0%,缩量,20.35万,5.6,6.0,4.1,阳线||布林带下轨,布林带下轨支撑,未分类,未分类,未分类,0,18.85,20.53,23.22,31.23,30.6,23.22,15.84,下轨下方,-3.63,-3.05,-1.16,无信号,震荡整理,否,获取公告失败
2026-05-22,301056.SZ,森赫股份,创业板,14.62,4.50%,开,167086,2797,0万元,0,4457.0,3.10亿,31050,0,0%,缩量,25.73万,6.0,6.2,4.3,阳线,观望,未分类,未分类,未分类,0,15.45,16.0,15.74,16.06,17.09,15.74,14.38,布林带内,-0.15,-0.04,-0.23,无信号,震荡整理,否,获取公告失败
2026-05-22,600721.SH,百花医药,沪市主板,7.79,1.43%,开,167041,2798,0万元,0,5988.0,7.78亿,77830,0,0%,缩量,29.96万,5.6,6.1,4.1,阳线,观望,未分类,未分类,未分类,0,0.0,0.0,0.0,0.0,0.0,0.0,0.0,未知,0.0,0.0,0.0,,未知,否,获取公告失败
2026-05-22,301429.SZ,森泰股份,创业板,22.53,3.73%,开,167026,2799,0万元,0,4838.0,2.17亿,21693,0,0%,缩量,9.92万,5.9,6.2,4.2,阳线,观望,未分类,未分类,未分类,0,23.27,23.48,22.67,21.68,25.05,22.67,20.29,布林带内,0.54,0.63,-0.17,无信号,震荡整理,否,获取公告失败
2026-05-22,688592.SH,司南导航,科创板,42.73,1.26%,开,166969,2800,0万元,0,6069.0,143.87亿,1438692,0,0%,缩量,16.46万,5.6,6.1,4.1,阳线||布林带下轨,布林带下轨支撑,未分类,未分类,未分类,0,54.0,56.85,58.21,57.86,66.21,58.21,50.21,下轨下方,-1.42,-0.01,-2.81,无信号,震荡整理,否,获取公告失败
2026-05-22,600148.SH,长春一东,沪市主板,18.78,2.62%,开,166894,2801,0万元,0,5378.0,2.90亿,29009,0,0%,缩量,26.58万,5.8,6.1,4.2,阳线||布林带下轨,布林带下轨支撑,未分类,未分类,未分类,0,47.41,49.09,49.36,49.48,54.76,49.36,43.96,下轨下方,-0.69,0.14,-1.68,无信号,震荡整理,否,获取公告失败
2026-05-22,002666.SZ,德联集团,深市主板,4.89,2.73%,开,166705,2802,0万元,0,5305.0,10.98亿,109787,0,0%,缩量,24.48万,5.8,6.1,4.2,阳线||布林带下轨,布林带下轨支撑,未分类,未分类,未分类,0,23.2,23.74,24.14,25.62,25.88,24.14,22.4,下轨下方,-0.69,-0.48,-0.42,无信号,震荡整理,否,获取公告失败
2026-05-22,300743.SZ,天地数码,创业板,19.09,2.63%,开,166622,2803,0万元,0,5345.0,2.83亿,28265,0,0%,缩量,24.32万,5.8,6.1,4.2,阳线||布林带下轨,布林带下轨支撑,未分类,未分类,未分类,0,39.29,42.13,43.42,42.93,54.93,43.42,31.92,下轨下方,-1.69,0.13,-3.64,无信号,震荡整理,否,获取公告失败
2026-05-22,301456.SZ,盘古智能,创业板,31.35,2.99%,开,166567,2804,0万元,0,5162.0,1.67亿,16677,0,0%,缩量,18.56万,5.8,6.1,4.2,阳线||多头排列||MA5上穿MA10,多头排列,未分类,未分类,未分类,0,32.11,32.06,31.85,31.08,33.32,31.85,30.37,布林带内,0.32,0.43,-0.22,无信号,多头排列,是,获取公告失败
2026-05-22,688193.SH,仁度生物,科创板,54.81,2.62%,开,166546,2805,0万元,0,5344.0,97.69亿,976930,0,0%,缩量,21.96万,5.8,6.1,4.2,阳线,观望,未分类,未分类,未分类,0,55.38,57.35,56.84,53.88,63.53,56.84,50.15,布林带内,0.56,1.24,-1.34,无信号,震荡整理,否,获取公告失败
2026-05-22,688588.SH,凌志软件,科创板,11.95,1.27%,开,166305,2806,0万元,0,5995.0,507.63亿,5076343,0,0%,缩量,47.80万,5.6,6.1,4.1,阳线||布林带下轨,布林带下轨支撑,未分类,未分类,未分类,0,13.1,13.29,13.22,13.52,14.03,13.22,12.41,下轨下方,-0.11,-0.02,-0.17,死叉,震荡整理,否,获取公告失败
2026-05-22,601568.SH,北元化工,沪市主板,3.78,1.61%,开,166104,2807,0万元,0,5804.0,15.44亿,154423,0,0%,缩量,150.15万,5.7,6.1,4.1,阳线||布林带下轨,布林带下轨支撑,未分类,未分类,未分类,0,5.26,5.46,5.61,5.98,6.49,5.61,4.73,下轨下方,-0.25,-0.13,-0.23,死叉,震荡整理,否,获取公告失败
2026-05-22,605188.SH,国光连锁,沪市主板,14.04,0.50%,开,166055,2808,0万元,0,6355.0,4.53亿,45334,0,0%,缩量,70.53万,5.6,6.0,4.0,阳线||布林带下轨,布林带下轨支撑,未分类,未分类,未分类,0,14.59,15.05,15.67,16.74,17.26,15.67,14.07,下轨下方,-0.67,-0.51,-0.32,无信号,震荡整理,否,获取公告失败
2026-05-22,002616.SZ,长青集团,深市主板,5.57,1.09%,开,166054,2809,0万元,0,6061.0,10.93亿,109349,0,0%,缩量,32.72万,5.6,6.1,4.1,价升,观望,未分类,未分类,未分类,0,0.0,0.0,0.0,0.0,0.0,0.0,0.0,未知,0.0,0.0,0.0,,未知,否,获取公告失败
2026-05-22,300494.SZ,盛天网络,创业板,10.07,0.10%,开,166037,2810,0万元,0,6554.0,6.52亿,65221,0,0%,缩量,40.11万,5.5,6.0,4.0,价升||布林带下轨,布林带下轨支撑,未分类,未分类,未分类,0,35.04,37.83,39.86,42.77,49.54,39.86,30.17,下轨下方,-2.69,-1.27,-2.83,无信号,震荡整理,否,获取公告失败
2026-05-22,688528.SH,秦川物联,科创板,13.05,5.24%,开,165889,2811,0万元,0,3968.0,309.91亿,3099054,0,0%,缩量,21.92万,6.0,6.3,4.3,阳线||多头排列||MA5上穿MA10,多头排列,未分类,未分类,未分类,0,12.92,12.87,12.48,11.77,13.65,12.48,11.3,布林带内,0.39,0.38,0.01,无信号,多头排列,是,获取公告失败
2026-05-22,603878.SH,武进不锈,沪市主板,7.24,0.42%,开,165850,2812,0万元,0,6377.0,8.80亿,88014,0,0%,缩量,40.63万,5.5,6.0,4.0,阳线||布林带下轨,布林带下轨支撑,未分类,未分类,未分类,0,22.48,25.12,26.46,27.72,35.59,26.46,17.33,下轨下方,-1.89,-0.47,-2.84,无信号,震荡整理,否,获取公告失败
2026-05-22,002942.SZ,新农股份,深市主板,18.83,4.61%,开,165765,2813,0万元,0,4271.0,2.29亿,22856,0,0%,缩量,26.13万,6.0,6.2,4.3,阳线||布林带下轨,布林带下轨支撑,未分类,未分类,未分类,0,25.29,26.55,27.41,28.34,31.68,27.41,23.14,下轨下方,-1.02,-0.35,-1.34,无信号,震荡整理,否,获取公告失败
2026-05-22,601900.SH,南方传媒,沪市主板,12.18,0.25%,开,165614,2814,0万元,0,6438.0,5.32亿,53249,0,0%,缩量,107.42万,5.5,6.0,4.0,阳线||布林带下轨,布林带下轨支撑,未分类,未分类,未分类,0,14.88,15.24,15.54,16.33,16.99,15.54,14.09,下轨下方,-0.45,-0.28,-0.35,无信号,震荡整理,否,获取公告失败
2026-05-22,300901.SZ,中胤时尚,创业板,15.73,0.13%,开,165546,2815,0万元,0,6491.0,4.15亿,41482,0,0%,缩量,37.75万,5.5,6.0,4.0,价升,观望,未分类,未分类,未分类,0,16.96,18.13,17.5,16.75,20.28,17.5,14.73,布林带内,0.14,0.44,-0.6,无信号,震荡整理,否,获取公告失败
2026-05-22,301135.SZ,瑞德智能,创业板,26.95,3.06%,开,165546,2815,0万元,0,5025.0,1.89亿,18930,0,0%,缩量,21.10万,5.8,6.2,4.2,阳线,观望,未分类,未分类,未分类,0,27.91,28.22,28.42,29.42,29.98,28.42,26.87,布林带内,-0.41,-0.3,-0.22,无信号,震荡整理,否,获取公告失败
2026-05-22,002910.SZ,庄园牧场,深市主板,10.61,2.51%,开,165480,2816,0万元,0,5292.0,5.06亿,50572,0,0%,缩量,18.15万,5.8,6.1,4.2,阳线,观望,未分类,未分类,未分类,0,11.07,11.3,11.33,11.49,12.04,11.33,10.62,布林带内,-0.09,-0.0,-0.18,无信号,震荡整理,否,获取公告失败
2026-05-22,300621.SZ,维业股份,创业板,8.52,3.40%,开,165460,2817,0万元,0,4847.0,5.78亿,57812,0,0%,缩量,17.26万,5.8,6.2,4.2,阳线,观望,未分类,未分类,未分类,0,13.3,13.58,13.62,13.4,14.46,13.62,12.78,布林带内,-0.01,0.12,-0.26,无信号,震荡整理,否,获取公告失败
2026-05-22,601200.SH,上海环境,沪市主板,7.72,1.05%,开,165455,2818,0万元,0,6022.0,7.85亿,78539,0,0%,缩量,103.93万,5.6,6.1,4.1,阳线||布林带下轨,布林带下轨支撑,未分类,未分类,未分类,0,12.08,12.81,13.23,13.86,15.85,13.23,10.61,下轨下方,-0.61,-0.22,-0.78,无信号,震荡整理,否,获取公告失败
2026-05-22,002084.SZ,海鸥住工,深市主板,3.6,2.86%,开,165415,2819,0万元,0,5113.0,14.36亿,143551,0,0%,缩量,23.20万,5.8,6.1,4.2,阳线||布林带下轨,布林带下轨支撑,未分类,未分类,未分类,0,11.9,12.41,12.74,13.16,14.56,12.74,10.92,下轨下方,-0.44,-0.16,-0.56,无信号,震荡整理,否,获取公告失败
2026-05-22,600241.SH,时代万恒,沪市主板,8.5,2.41%,开,165398,2820,0万元,0,5335.0,6.36亿,63562,0,0%,缩量,25.02万,5.7,6.1,4.2,阳线||布林带下轨,布林带下轨支撑,未分类,未分类,未分类,0,20.02,21.27,22.36,22.43,26.08,22.36,18.64,下轨下方,-0.98,-0.34,-1.27,无信号,震荡整理,否,获取公告失败
2026-05-22,301010.SZ,晶雪节能,创业板,22.76,1.93%,开,165398,2820,0万元,0,5577.0,2.46亿,24636,0,0%,缩量,24.58万,5.7,6.1,4.1,阳线||多头排列||MA5上穿MA10,多头排列,未分类,未分类,未分类,0,23.54,23.45,22.94,22.68,24.66,22.94,21.21,布林带内,0.3,0.3,-0.01,死叉,多头排列,是,获取公告失败
2026-05-22,688793.SH,倍轻松,科创板,21.88,0.69%,开,165231,2821,0万元,0,6178.0,282.52亿,2825179,0,0%,缩量,18.80万,5.6,6.0,4.0,价升||布林带下轨,布林带下轨支撑,未分类,未分类,未分类,0,31.24,33.39,32.32,32.39,38.83,32.32,25.82,下轨下方,-0.48,0.35,-1.65,无信号,震荡整理,否,获取公告失败
2026-05-22,002524.SZ,光正眼科,深市主板,4.12,1.73%,开,165211,2822,0万元,0,5657.0,13.89亿,138943,0,0%,缩量,21.04万,5.7,6.1,4.1,阳线,观望,未分类,未分类,未分类,0,19.16,19.6,19.66,20.17,21.0,19.66,18.31,布林带内,-0.19,-0.07,-0.23,无信号,震荡整理,否,获取公告失败
2026-05-22,600725.SH,云维股份,沪市主板,4.07,2.26%,开,165206,2823,0万元,0,5390.0,13.40亿,134040,0,0%,缩量,50.16万,5.7,6.1,4.2,阳线||布林带下轨,布林带下轨支撑,未分类,未分类,未分类,0,30.77,31.56,32.21,35.17,35.89,32.21,28.53,下轨下方,-1.13,-0.73,-0.79,死叉,震荡整理,否,获取公告失败
2026-05-22,300732.SZ,设研院,创业板,7.38,2.50%,开,165120,2824,0万元,0,5262.0,7.17亿,71746,0,0%,缩量,27.32万,5.8,6.1,4.2,阳线||布林带下轨,布林带下轨支撑,未分类,未分类,未分类,0,33.25,36.24,36.89,36.83,48.25,36.89,25.53,下轨下方,-1.54,0.2,-3.48,无信号,震荡整理,否,获取公告失败
2026-05-22,688576.SH,西山科技,科创板,80.4,3.08%,开,165114,2825,0万元,0,4973.0,62.19亿,621934,0,0%,缩量,17.52万,5.8,6.2,4.2,阳线||多头排列||MA5上穿MA10,多头排列,未分类,未分类,未分类,0,80.3,79.32,76.34,75.13,83.58,76.34,69.11,布林带内,1.95,1.5,0.9,无信号,多头排列,是,获取公告失败
2026-05-22,000523.SZ,红棉股份,深市主板,3.25,0.93%,开,165098,2826,0万元,0,6044.0,18.73亿,187300,0,0%,缩量,43.07万,5.6,6.0,4.1,阳线||布林带下轨,布林带下轨支撑,未分类,未分类,未分类,0,23.21,23.44,23.38,24.1,24.86,23.38,21.91,下轨下方,-0.16,-0.03,-0.26,无信号,震荡整理,否,获取公告失败
2026-05-22,300311.SZ,ST任子行,创业板,5.58,2.57%,开,165057,2827,0万元,0,5219.0,9.45亿,94471,0,0%,缩量,29.99万,5.8,6.1,4.2,阳线||多头排列||MA5上穿MA10,多头排列,未分类,未分类,未分类,0,41.18,41.09,40.56,39.71,42.19,40.56,38.94,布林带内,0.46,0.5,-0.07,无信号,多头排列,是,获取公告失败
2026-05-22,002133.SZ,广宇集团,深市主板,3.04,2.36%,开,165044,2828,0万元,0,5326.0,17.74亿,177388,0,0%,缩量,23.40万,5.7,6.1,4.2,阳线||布林带下轨,布林带下轨支撑,未分类,未分类,未分类,0,10.31,10.68,11.0,11.53,12.25,11.0,9.75,下轨下方,-0.37,-0.2,-0.36,无信号,震荡整理,否,获取公告失败
2026-05-22,002855.SZ,捷荣技术,深市主板,12.17,2.53%,开,164876,2829,0万元,0,5224.0,4.35亿,43520,0,0%,缩量,29.97万,5.8,6.1,4.2,阳线,观望,未分类,未分类,未分类,0,12.4,12.56,12.49,12.73,13.27,12.49,11.71,布林带内,-0.02,0.02,-0.07,无信号,震荡整理,否,获取公告失败
2026-05-22,002483.SZ,润邦股份,深市主板,6.04,2.03%,开,164785,2830,0万元,0,5465.0,9.15亿,91550,0,0%,缩量,53.47万,5.7,6.1,4.1,阳线||布林带下轨,布林带下轨支撑,未分类,未分类,未分类,0,19.98,20.61,21.37,23.14,23.53,21.37,19.21,下轨下方,-0.85,-0.65,-0.4,无信号,震荡整理,否,获取公告失败
2026-05-22,002712.SZ,思美传媒,深市主板,5.33,0.57%,开,164780,2831,0万元,0,6195.0,11.68亿,116769,0,0%,缩量,28.83万,5.6,6.0,4.0,阳线,观望,未分类,未分类,未分类,0,29.12,29.52,29.46,28.92,31.55,29.46,27.37,布林带内,0.05,0.29,-0.46,无信号,震荡整理,否,获取公告失败
2026-05-22,002094.SZ,青岛金王,深市主板,5.46,0.37%,开,164708,2832,0万元,0,6287.0,11.57亿,115727,0,0%,缩量,37.70万,5.5,6.0,4.0,阳线,观望,未分类,未分类,未分类,0,29.52,30.47,31.15,34.4,33.43,31.15,28.87,布林带内,-1.2,-1.03,-0.33,无信号,震荡整理,否,获取公告失败
2026-05-22,000885.SZ,城发环境,深市主板,13.48,0.45%,开,164695,2833,0万元,0,6246.0,4.65亿,46548,0,0%,缩量,86.55万,5.5,6.0,4.0,阳线||布林带下轨,布林带下轨支撑,未分类,未分类,未分类,0,28.91,30.04,30.7,30.67,34.49,30.7,26.91,下轨下方,-0.68,-0.05,-1.26,无信号,震荡整理,否,获取公告失败
2026-05-22,300796.SZ,贝斯美,创业板,7.91,1.93%,开,164594,2834,0万元,0,5493.0,7.04亿,70351,0,0%,缩量,28.57万,5.7,6.1,4.1,阳线||布林带下轨,布林带下轨支撑,未分类,未分类,未分类,0,18.34,20.29,21.36,23.23,27.88,21.36,14.85,下轨下方,-1.67,-0.68,-1.98,无信号,震荡整理,否,获取公告失败
2026-05-22,300143.SZ,盈康生命,创业板,10.76,0.28%,开,164477,2835,0万元,0,6308.0,5.86亿,58573,0,0%,缩量,69.00万,5.5,6.0,4.0,价升,观望,未分类,未分类,未分类,0,46.18,47.37,47.73,50.03,49.99,47.73,45.46,布林带内,-1.13,-0.95,-0.37,无信号,震荡整理,否,获取公告失败
2026-05-22,601098.SH,中南传媒,沪市主板,11.08,0.36%,开,164441,2836,0万元,0,6263.0,5.64亿,56388,0,0%,缩量,199.00万,5.5,6.0,4.0,价升||布林带下轨,布林带下轨支撑,未分类,未分类,未分类,0,16.78,17.42,17.6,17.53,19.85,17.6,15.34,下轨下方,-0.35,0.01,-0.71,无信号,震荡整理,否,获取公告失败
2026-05-22,301025.SZ,读客文化,创业板,10.43,1.66%,开,164414,2837,0万元,0,5613.0,5.46亿,54568,0,0%,缩量,28.91万,5.7,6.1,4.1,阳线||布林带下轨,布林带下轨支撑,未分类,未分类,未分类,0,10.96,11.28,11.38,11.4,12.18,11.38,10.57,下轨下方,-0.13,-0.0,-0.25,无信号,震荡整理,否,获取公告失败
2026-05-22,301036.SZ,双乐股份,创业板,27.53,3.38%,开,164408,2838,0万元,0,4751.0,1.74亿,17394,0,0%,缩量,19.39万,5.8,6.2,4.2,阳线||布林带下轨,布林带下轨支撑,未分类,未分类,未分类,0,29.24,29.79,29.87,30.84,31.59,29.87,28.16,下轨下方,-0.42,-0.21,-0.42,无信号,震荡整理,否,获取公告失败
2026-05-22,600579.SH,中化装备,沪市主板,7.09,3.50%,开,164388,2839,0万元,0,4687.0,6.69亿,66878,0,0%,缩量,35.00万,5.9,6.2,4.2,阳线||布林带下轨,布林带下轨支撑,未分类,未分类,未分类,0,12.68,13.37,13.99,15.11,16.11,13.99,11.86,下轨下方,-0.72,-0.42,-0.59,无信号,震荡整理,否,获取公告失败
2026-05-22,002724.SZ,海洋王,深市主板,5.71,2.70%,开,164379,2840,0万元,0,5089.0,8.96亿,89595,0,0%,缩量,32.42万,5.8,6.1,4.2,阳线||布林带下轨,布林带下轨支撑,未分类,未分类,未分类,0,11.73,12.07,12.93,14.23,15.15,12.93,10.71,下轨下方,-0.76,-0.6,-0.33,无信号,震荡整理,否,获取公告失败
2026-05-22,688175.SH,高凌信息,科创板,35.91,1.81%,开,164362,2841,0万元,0,5529.0,154.59亿,1545949,0,0%,缩量,46.44万,5.7,6.1,4.1,阳线||布林带下轨,布林带下轨支撑,未分类,未分类,未分类,0,47.91,49.04,50.13,50.92,57.29,50.13,42.97,下轨下方,-1.18,-0.21,-1.94,无信号,震荡整理,否,获取公告失败
2026-05-22,688659.SH,元琛科技,科创板,11.77,3.88%,开,164357,2842,0万元,0,4494.0,386.60亿,3865952,0,0%,缩量,18.83万,5.9,6.2,4.3,阳线,观望,未分类,未分类,未分类,0,11.93,12.08,11.67,10.86,13.17,11.67,10.17,布林带内,0.37,0.43,-0.13,无信号,震荡整理,否,获取公告失败
2026-05-22,300370.SZ,安控科技,创业板,2.49,2.05%,开,164315,2843,0万元,0,5407.0,22.05亿,220510,0,0%,缩量,38.88万,5.7,6.1,4.1,阳线,观望,未分类,未分类,未分类,0,42.07,42.66,42.69,44.5,44.66,42.69,40.71,布林带内,-0.44,-0.28,-0.34,无信号,震荡整理,否,获取公告失败
2026-05-22,000504.SZ,*ST生物,深市主板,9.49,2.59%,开,164262,2844,0万元,0,5129.0,5.49亿,54879,0,0%,缩量,31.23万,5.8,6.1,4.2,阳线||布林带下轨,布林带下轨支撑,未分类,未分类,未分类,0,25.64,26.1,26.59,27.31,28.73,26.59,24.44,下轨下方,-0.64,-0.41,-0.47,无信号,震荡整理,否,获取公告失败
2026-05-22,300717.SZ,华信新材,创业板,21.02,4.01%,开,164199,2845,0万元,0,4416.0,2.13亿,21275,0,0%,缩量,21.41万,5.9,6.2,4.3,阳线,观望,未分类,未分类,未分类,0,0.0,0.0,0.0,0.0,0.0,0.0,0.0,未知,0.0,0.0,0.0,,未知,否,获取公告失败
2026-05-22,600917.SH,重庆燃气,沪市主板,5.46,1.30%,开,163993,2846,0万元,0,5750.0,10.52亿,105236,0,0%,缩量,85.23万,5.6,6.1,4.1,阳线||布林带下轨,布林带下轨支撑,未分类,未分类,未分类,0,6.57,6.59,6.56,6.74,7.0,6.56,6.13,下轨下方,-0.05,-0.02,-0.07,死叉,震荡整理,否,获取公告失败
2026-05-22,600987.SH,XD航民股,沪市主板,6.65,0.91%,开,163912,2847,0万元,0,5936.0,8.91亿,89089,0,0%,缩量,67.88万,5.6,6.0,4.1,价升,观望,未分类,未分类,未分类,0,0.0,0.0,0.0,0.0,0.0,0.0,0.0,未知,0.0,0.0,0.0,,未知,否,获取公告失败
2026-05-22,301359.SZ,东南电子,创业板,23.56,4.11%,开,163807,2848,0万元,0,4326.0,1.87亿,18654,0,0%,缩量,16.76万,5.9,6.2,4.3,阳线,观望,未分类,未分类,未分类,0,0.0,0.0,0.0,0.0,0.0,0.0,0.0,未知,0.0,0.0,0.0,,未知,否,获取公告失败
2026-05-22,300694.SZ,蠡湖股份,创业板,11.73,1.65%,开,163782,2849,0万元,0,5555.0,4.79亿,47850,0,0%,缩量,25.43万,5.7,6.1,4.1,阳线||布林带下轨,布林带下轨支撑,未分类,未分类,未分类,0,12.19,12.5,12.79,12.73,13.64,12.79,11.94,下轨下方,-0.18,-0.03,-0.29,无信号,震荡整理,否,获取公告失败
2026-05-22,301300.SZ,远翔新材,创业板,38.83,3.60%,开,163629,2850,0万元,0,4562.0,1.19亿,11923,0,0%,缩量,15.07万,5.9,6.2,4.2,阳线||布林带下轨,布林带下轨支撑,未分类,未分类,未分类,0,41.18,42.66,44.75,46.77,50.33,44.75,39.17,下轨下方,-1.68,-1.1,-1.16,无信号,震荡整理,否,获取公告失败
2026-05-22,301515.SZ,港通医疗,创业板,23.56,3.65%,开,163607,2851,0万元,0,4535.0,1.96亿,19620,0,0%,缩量,15.45万,5.9,6.2,4.2,阳线,观望,未分类,未分类,未分类,0,24.15,24.38,24.24,23.98,25.52,24.24,22.97,布林带内,0.08,0.21,-0.26,无信号,震荡整理,否,获取公告失败
2026-05-22,688600.SH,皖仪科技,科创板,27.42,1.63%,开,163564,2852,0万元,0,5541.0,203.63亿,2036329,0,0%,缩量,36.94万,5.7,6.1,4.1,价升||布林带下轨,布林带下轨支撑,未分类,未分类,未分类,0,28.55,28.85,29.42,27.62,31.33,29.42,27.51,下轨下方,0.13,0.48,-0.7,无信号,震荡整理,否,获取公告失败
2026-05-22,300513.SZ,恒实科技,创业板,9.02,2.04%,开,163560,2853,0万元,0,5338.0,6.00亿,59961,0,0%,缩量,25.90万,5.7,6.1,4.1,阳线||布林带下轨,布林带下轨支撑,未分类,未分类,未分类,0,25.0,26.3,26.46,27.1,32.36,26.46,20.57,下轨下方,-0.82,0.01,-1.66,死叉,震荡整理,否,获取公告失败
2026-05-22,600560.SH,金自天正,沪市主板,14.31,0.35%,开,163533,2854,0万元,0,6178.0,4.36亿,43579,0,0%,缩量,32.00万,5.5,6.0,4.0,阳线||布林带下轨,布林带下轨支撑,未分类,未分类,未分类,0,59.02,60.28,60.95,63.54,67.23,60.95,54.68,下轨下方,-1.41,-0.62,-1.57,死叉,震荡整理,否,获取公告失败
2026-05-22,301509.SZ,金凯生科,创业板,32.47,1.75%,开,163474,2855,0万元,0,5470.0,1.69亿,16949,0,0%,缩量,18.42万,5.7,6.1,4.1,阳线||布林带下轨,布林带下轨支撑,未分类,未分类,未分类,0,44.37,46.88,50.3,55.35,62.35,50.3,38.26,下轨下方,-4.19,-2.99,-2.41,无信号,震荡整理,否,获取公告失败
2026-05-22,301446.SZ,福事特,创业板,44.17,0.73%,开,163468,2856,0万元,0,5982.0,1.37亿,13729,0,0%,缩量,13.72万,5.6,6.0,4.0,价升||布林带下轨,布林带下轨支撑,未分类,未分类,未分类,0,55.32,56.29,55.09,53.4,62.4,55.09,47.79,下轨下方,0.57,1.28,-1.43,死叉,震荡整理,否,获取公告失败
2026-05-22,688557.SH,兰剑智能,科创板,35.19,1.44%,开,163406,2857,0万元,0,5620.0,161.09亿,1610921,0,0%,缩量,36.13万,5.6,6.1,4.1,阳线||布林带下轨,布林带下轨支撑,未分类,未分类,未分类,0,48.46,49.8,50.25,49.55,57.53,50.25,42.97,下轨下方,-0.55,0.47,-2.05,死叉,震荡整理,否,获取公告失败
2026-05-22,000929.SZ,*ST兰黄,深市主板,11.52,4.82%,开,163402,2858,0万元,0,3929.0,3.47亿,34716,0,0%,缩量,21.40万,6.0,6.2,4.3,阳线||布林带下轨,布林带下轨支撑,未分类,未分类,未分类,0,26.54,27.43,26.82,25.59,31.02,26.82,22.62,下轨下方,0.11,0.67,-1.12,死叉,震荡整理,否,获取公告失败
2026-05-22,603307.SH,扬州金泉,沪市主板,44.0,3.63%,开,163284,2859,0万元,0,4515.0,1.04亿,10409,0,0%,缩量,29.48万,5.9,6.2,4.2,阳线,观望,未分类,未分类,未分类,0,45.78,46.64,45.43,43.15,49.94,45.43,40.92,布林带内,0.8,1.13,-0.66,无信号,震荡整理,否,获取公告失败
2026-05-22,600576.SH,祥源文旅,沪市主板,5.86,1.56%,开,163228,2860,0万元,0,5543.0,9.52亿,95244,0,0%,缩量,38.70万,5.7,6.1,4.1,阳线||布林带下轨,布林带下轨支撑,未分类,未分类,未分类,0,17.34,17.64,17.86,18.64,19.39,17.86,16.33,下轨下方,-0.41,-0.24,-0.34,死叉,震荡整理,否,获取公告失败
2026-05-22,002412.SZ,汉森制药,深市主板,6.93,1.32%,开,163208,2861,0万元,0,5663.0,8.22亿,82247,0,0%,缩量,34.50万,5.6,6.1,4.1,阳线||布林带下轨,布林带下轨支撑,未分类,未分类,未分类,0,49.51,52.63,52.82,52.89,64.41,52.82,41.23,下轨下方,-1.47,0.24,-3.41,无信号,震荡整理,否,获取公告失败
2026-05-22,000736.SZ,*ST中地,深市主板,5.49,2.43%,开,163016,2862,0万元,0,5089.0,9.35亿,93547,0,0%,缩量,41.02万,5.7,6.1,4.2,阳线||布林带下轨,布林带下轨支撑,未分类,未分类,未分类,0,19.24,20.92,21.47,21.14,27.36,21.47,15.58,下轨下方,-0.86,0.08,-1.88,无信号,震荡整理,否,获取公告失败
2026-05-22,300805.SZ,电声股份,创业板,9.34,0.65%,开,162912,2863,0万元,0,5968.0,6.44亿,64371,0,0%,缩量,26.93万,5.6,6.0,4.0,价升||布林带下轨,布林带下轨支撑,未分类,未分类,未分类,0,9.88,10.22,10.52,11.13,11.49,10.52,9.55,下轨下方,-0.33,-0.22,-0.23,无信号,震荡整理,否,获取公告失败
2026-05-22,301082.SZ,久盛电气,创业板,11.5,2.40%,开,162911,2864,0万元,0,5089.0,4.48亿,44771,0,0%,缩量,31.36万,5.7,6.1,4.2,阳线,观望,未分类,未分类,未分类,0,0.0,0.0,0.0,0.0,0.0,0.0,0.0,未知,0.0,0.0,0.0,,未知,否,获取公告失败
2026-05-22,600689.SH,上海三毛,沪市主板,12.89,2.71%,开,162855,2865,0万元,0,4931.0,3.86亿,38589,0,0%,缩量,19.62万,5.8,6.1,4.2,阳线,观望,未分类,未分类,未分类,0,25.09,25.22,25.73,26.13,26.89,25.73,24.57,布林带内,-0.31,-0.21,-0.19,无信号,震荡整理,否,获取公告失败
2026-05-22,300452.SZ,山河药辅,创业板,12.87,0.55%,开,162844,2866,0万元,0,6011.0,4.69亿,46910,0,0%,缩量,25.56万,5.6,6.0,4.0,阳线||布林带下轨,布林带下轨支撑,未分类,未分类,未分类,0,68.25,73.44,76.56,81.84,94.57,76.56,58.55,下轨下方,-4.81,-2.17,-5.29,无信号,震荡整理,否,获取公告失败
2026-05-22,300359.SZ,全通教育,创业板,4.42,2.55%,开,162811,2867,0万元,0,5005.0,11.51亿,115133,0,0%,缩量,27.99万,5.8,6.1,4.2,阳线,观望,未分类,未分类,未分类,0,37.89,39.09,40.28,42.44,43.84,40.28,36.72,布林带内,-1.26,-0.85,-0.82,无信号,震荡整理,否,获取公告失败
2026-05-22,300549.SZ,优德精密,创业板,17.95,3.16%,开,162784,2868,0万元,0,4698.0,2.66亿,26621,0,0%,缩量,18.14万,5.8,6.2,4.2,阳线||布林带下轨,布林带下轨支撑,未分类,未分类,未分类,0,38.23,38.71,38.57,38.11,40.6,38.57,36.54,下轨下方,0.05,0.32,-0.54,无信号,震荡整理,否,获取公告失败
2026-05-22,688329.SH,艾隆科技,科创板,27.0,1.66%,开,162733,2869,0万元,0,5445.0,202.53亿,2025310,0,0%,缩量,20.84万,5.7,6.1,4.1,阳线||MA5上穿MA10,观望,未分类,未分类,未分类,0,27.68,27.15,25.66,26.07,29.45,25.66,21.87,布林带内,0.64,0.39,0.52,无信号,震荡整理,否,获取公告失败
2026-05-22,002344.SZ,海宁皮城,深市主板,4.2,3.19%,开,162690,2870,0万元,0,4672.0,11.33亿,113264,0,0%,缩量,53.81万,5.8,6.2,4.2,阳线||布林带下轨,布林带下轨支撑,未分类,未分类,未分类,0,20.76,21.51,21.91,22.54,23.87,21.91,19.96,下轨下方,-0.56,-0.26,-0.62,无信号,震荡整理,否,获取公告失败
2026-05-22,002972.SZ,科安达,深市主板,12.75,2.00%,开,162670,2871,0万元,0,5267.0,4.19亿,41866,0,0%,缩量,17.17万,5.7,6.1,4.1,阳线,观望,未分类,未分类,未分类,0,0.0,0.0,0.0,0.0,0.0,0.0,0.0,未知,0.0,0.0,0.0,,未知,否,获取公告失败
2026-05-22,603334.SH,丰倍生物,沪市主板,44.44,0.54%,开,162664,2872,0万元,0,5995.0,1.37亿,13654,0,0%,缩量,14.14万,5.6,6.0,4.0,阳线||布林带下轨,布林带下轨支撑,未分类,未分类,未分类,0,46.2,47.76,48.67,51.68,52.71,48.67,44.63,下轨下方,-1.65,-1.2,-0.9,无信号,震荡整理,否,获取公告失败
2026-05-22,601026.SH,道生天合,沪市主板,17.62,0.57%,开,162663,2873,0万元,0,5981.0,3.41亿,34120,0,0%,缩量,19.57万,5.6,6.0,4.0,阳线,观望,未分类,未分类,未分类,0,17.71,18.24,18.31,19.65,19.51,18.31,17.11,布林带内,-0.38,-0.34,-0.09,无信号,震荡整理,否,获取公告失败
2026-05-22,300789.SZ,唐源电气,创业板,23.17,2.93%,开,162600,2874,0万元,0,4794.0,2.09亿,20888,0,0%,缩量,32.34万,5.8,6.1,4.2,阳线||布林带下轨,布林带下轨支撑,未分类,未分类,未分类,0,64.11,69.5,69.73,69.39,92.73,69.73,46.74,下轨下方,-2.6,0.72,-6.65,无信号,震荡整理,否,获取公告失败
2026-05-22,301390.SZ,经纬股份,创业板,36.41,1.53%,开,162458,2875,0万元,0,5479.0,1.51亿,15070,0,0%,缩量,17.86万,5.7,6.1,4.1,阳线,观望,未分类,未分类,未分类,0,37.54,38.0,37.71,38.6,39.91,37.71,35.51,布林带内,-0.13,0.01,-0.28,无信号,震荡整理,否,获取公告失败
2026-05-22,688296.SH,和达科技,科创板,16.56,4.81%,开,162300,2876,0万元,0,3825.0,235.37亿,2353674,0,0%,缩量,17.78万,6.0,6.2,4.3,阳线||多头排列||MA5上穿MA10,多头排列,未分类,未分类,未分类,0,16.85,16.7,16.0,15.41,17.96,16.0,14.05,布林带内,0.51,0.49,0.04,无信号,多头排列,是,获取公告失败
2026-05-22,002538.SZ,ST司特,深市主板,6.49,0.31%,开,162275,2877,0万元,0,6073.0,9.37亿,93748,0,0%,缩量,55.36万,5.5,6.0,4.0,价升||布林带下轨,布林带下轨支撑,未分类,未分类,未分类,0,32.57,33.58,35.06,36.08,39.22,35.06,30.9,下轨下方,-1.05,-0.47,-1.14,无信号,震荡整理,否,获取公告失败
2026-05-22,300169.SZ,天晟新材,创业板,6.2,2.99%,开,162230,2878,0万元,0,4728.0,7.71亿,77126,0,0%,缩量,18.71万,5.8,6.1,4.2,阳线,观望,未分类,未分类,未分类,0,19.59,19.92,19.78,19.88,21.27,19.78,18.28,布林带内,0.02,0.13,-0.22,无信号,震荡整理,否,获取公告失败
2026-05-22,301272.SZ,英华特,创业板,46.35,3.09%,开,162218,2879,0万元,0,4676.0,1.02亿,10191,0,0%,缩量,14.52万,5.8,6.2,4.2,阳线,观望,未分类,未分类,未分类,0,47.08,47.57,46.58,43.96,49.49,46.58,43.67,布林带内,0.99,1.2,-0.42,无信号,震荡整理,否,获取公告失败
2026-05-22,603161.SH,科华控股,沪市主板,14.03,2.41%,开,161973,2880,0万元,0,4993.0,3.61亿,36112,0,0%,缩量,26.76万,5.7,6.1,4.2,阳线||布林带下轨,布林带下轨支撑,未分类,未分类,未分类,0,19.58,20.52,21.25,22.09,24.72,21.25,17.77,下轨下方,-0.85,-0.33,-1.04,无信号,震荡整理,否,获取公告失败
2026-05-22,002162.SZ,悦心健康,深市主板,4.08,2.00%,开,161960,2881,0万元,0,5196.0,12.83亿,128330,0,0%,缩量,37.47万,5.7,6.1,4.1,阳线,观望,未分类,未分类,未分类,0,9.1,9.33,9.56,10.5,10.22,9.56,8.91,布林带内,-0.34,-0.29,-0.09,无信号,震荡整理,否,获取公告失败
2026-05-22,600020.SH,中原高速,沪市主板,3.92,0.51%,开,161934,2882,0万元,0,5937.0,15.18亿,151795,0,0%,缩量,88.10万,5.6,6.0,4.0,阳线||布林带下轨,布林带下轨支撑,未分类,未分类,未分类,0,15.28,15.72,15.87,16.14,17.86,15.87,13.89,下轨下方,-0.32,-0.04,-0.55,死叉,震荡整理,否,获取公告失败
2026-05-22,603091.SH,众鑫股份,沪市主板,82.93,0.85%,开,161886,2883,0万元,0,5763.0,7063.00万,7063,0,0%,缩量,26.07万,5.6,6.0,4.1,阳线,观望,未分类,未分类,未分类,0,84.29,85.09,84.42,80.72,87.97,84.42,80.87,布林带内,1.13,1.59,-0.92,无信号,震荡整理,否,获取公告失败
2026-05-22,002398.SZ,垒知集团,深市主板,4.75,0.85%,开,161826,2884,0万元,0,5758.0,12.25亿,122492,0,0%,缩量,28.95万,5.6,6.0,4.1,价升||布林带下轨,布林带下轨支撑,未分类,未分类,未分类,0,31.83,32.65,33.29,34.86,35.81,33.29,30.77,下轨下方,-0.88,-0.54,-0.67,无信号,震荡整理,否,获取公告失败
2026-05-22,603995.SH,甬金股份,沪市主板,18.28,0.44%,开,161767,2885,0万元,0,5957.0,3.27亿,32650,0,0%,缩量,66.83万,5.5,6.0,4.0,阳线||布林带下轨,布林带下轨支撑,未分类,未分类,未分类,0,29.05,31.24,31.98,31.55,38.68,31.98,25.28,下轨下方,-0.99,0.13,-2.25,无信号,震荡整理,否,获取公告失败
2026-05-22,000635.SZ,英 力 特,深市主板,7.52,2.59%,开,161690,2886,0万元,0,4873.0,6.52亿,65157,0,0%,缩量,27.58万,5.8,6.1,4.2,阳线||布林带下轨,布林带下轨支撑,未分类,未分类,未分类,0,27.68,29.21,30.1,32.92,34.27,30.1,25.93,下轨下方,-1.42,-0.83,-1.18,无信号,震荡整理,否,获取公告失败
2026-05-22,000607.SZ,华媒控股,深市主板,3.8,1.33%,开,161686,2887,0万元,0,5502.0,14.68亿,146766,0,0%,缩量,33.63万,5.6,6.1,4.1,价升||布林带下轨,布林带下轨支撑,未分类,未分类,未分类,0,13.53,14.35,14.74,15.42,17.57,14.74,11.9,下轨下方,-0.66,-0.23,-0.86,无信号,震荡整理,否,获取公告失败
2026-05-22,600569.SH,安阳钢铁,沪市主板,1.91,3.24%,开,161556,2888,0万元,0,4534.0,24.12亿,241212,0,0%,缩量,54.86万,5.8,6.2,4.2,阳线||布林带下轨,布林带下轨支撑,未分类,未分类,未分类,0,5.4,5.75,6.01,6.56,7.22,6.01,4.8,下轨下方,-0.35,-0.18,-0.34,无信号,震荡整理,否,获取公告失败
2026-05-22,002144.SZ,宏达高科,深市主板,13.21,2.32%,开,161538,2889,0万元,0,4992.0,3.83亿,38307,0,0%,缩量,18.18万,5.7,6.1,4.2,阳线||布林带下轨,布林带下轨支撑,未分类,未分类,未分类,0,15.32,15.62,16.06,17.01,17.32,16.06,14.81,下轨下方,-0.49,-0.37,-0.25,无信号,震荡整理,否,获取公告失败
2026-05-22,600682.SH,南京新百,沪市主板,5.81,0.35%,开,161377,2890,0万元,0,5965.0,10.28亿,102766,0,0%,缩量,67.63万,5.5,6.0,4.0,价升||布林带下轨,布林带下轨支撑,未分类,未分类,未分类,0,68.83,71.94,75.56,80.03,85.25,75.56,65.86,下轨下方,-3.62,-2.37,-2.49,无信号,震荡整理,否,获取公告失败
2026-05-22,300784.SZ,利安科技,创业板,52.42,1.73%,开,161295,2891,0万元,0,5266.0,1.01亿,10065,0,0%,缩量,8.81万,5.7,6.1,4.1,阳线,观望,未分类,未分类,未分类,0,53.63,53.68,52.22,51.63,55.91,52.22,48.52,布林带内,0.73,0.75,-0.05,死叉,震荡整理,否,获取公告失败
2026-05-22,301301.SZ,川宁生物,创业板,9.27,0.43%,开,161286,2892,0万元,0,5912.0,6.37亿,63682,0,0%,缩量,57.27万,5.5,6.0,4.0,价升,观望,未分类,未分类,未分类,0,0.0,0.0,0.0,0.0,0.0,0.0,0.0,未知,0.0,0.0,0.0,,未知,否,获取公告失败
2026-05-22,301006.SZ,迈拓股份,创业板,17.26,3.79%,开,161241,2893,0万元,0,4230.0,2.49亿,24923,0,0%,缩量,14.47万,5.9,6.2,4.3,阳线||布林带下轨,布林带下轨支撑,未分类,未分类,未分类,0,18.67,18.93,19.15,19.23,20.31,19.15,17.98,下轨下方,-0.21,-0.02,-0.36,无信号,震荡整理,否,获取公告失败
2026-05-22,300412.SZ,迦南科技,创业板,5.02,3.08%,开,161240,2894,0万元,0,4584.0,9.25亿,92544,0,0%,缩量,23.49万,5.8,6.2,4.2,阳线||布林带下轨,布林带下轨支撑,未分类,未分类,未分类,0,38.62,41.08,42.72,44.65,52.24,42.72,33.19,下轨下方,-2.16,-0.74,-2.84,无信号,震荡整理,否,获取公告失败
2026-05-22,002743.SZ,富煌钢构,深市主板,5.17,3.40%,开,161210,2895,0万元,0,4421.0,8.70亿,86978,0,0%,缩量,22.47万,5.8,6.2,4.2,阳线||布林带下轨,布林带下轨支撑,未分类,未分类,未分类,0,11.28,11.45,11.49,11.92,12.18,11.49,10.79,下轨下方,-0.18,-0.09,-0.16,无信号,震荡整理,否,获取公告失败
2026-05-22,002535.SZ,林州重机,深市主板,3.14,2.95%,开,161204,2896,0万元,0,4645.0,15.05亿,150499,0,0%,缩量,23.43万,5.8,6.1,4.2,阳线||布林带下轨,布林带下轨支撑,未分类,未分类,未分类,0,11.44,11.88,12.28,12.91,13.44,12.28,11.12,下轨下方,-0.4,-0.26,-0.28,无信号,震荡整理,否,获取公告失败
2026-05-22,000948.SZ,南天信息,深市主板,14.1,0.50%,开,161104,2897,0万元,0,5861.0,4.17亿,41687,0,0%,缩量,54.87万,5.5,6.0,4.0,阳线||布林带下轨,布林带下轨支撑,未分类,未分类,未分类,0,31.32,33.49,34.48,36.41,42.47,34.48,26.48,下轨下方,-1.82,-0.66,-2.32,无信号,震荡整理,否,获取公告失败
2026-05-22,688058.SH,宝兰德,科创板,29.13,3.44%,开,161083,2898,0万元,0,4386.0,154.53亿,1545314,0,0%,缩量,22.09万,5.8,6.2,4.2,阳线||布林带下轨,布林带下轨支撑,未分类,未分类,未分类,0,53.82,57.14,58.32,59.51,72.39,58.32,44.25,下轨下方,-2.34,-0.25,-4.18,无信号,震荡整理,否,获取公告失败
2026-05-22,600860.SH,京城股份,沪市主板,10.29,0.59%,开,161022,2899,0万元,0,5809.0,5.65亿,56491,0,0%,缩量,45.69万,5.6,6.0,4.0,价升||布林带下轨,布林带下轨支撑,未分类,未分类,未分类,0,15.0,15.54,15.84,17.95,17.58,15.84,14.1,下轨下方,-0.7,-0.52,-0.37,死叉,震荡整理,否,获取公告失败
2026-05-22,301386.SZ,未来电器,创业板,25.25,3.06%,开,160996,2900,0万元,0,4569.0,1.82亿,18217,0,0%,缩量,11.36万,5.8,6.2,4.2,阳线||布林带下轨,布林带下轨支撑,未分类,未分类,未分类,0,27.24,27.7,27.8,28.27,29.4,27.8,26.2,下轨下方,-0.29,-0.06,-0.47,无信号,震荡整理,否,获取公告失败
2026-05-22,300891.SZ,惠云钛业,创业板,7.95,1.79%,开,160712,2901,0万元,0,5175.0,6.56亿,65603,0,0%,缩量,26.51万,5.7,6.1,4.1,阳线||布林带下轨,布林带下轨支撑,未分类,未分类,未分类,0,8.29,8.5,8.67,9.27,9.23,8.67,8.1,下轨下方,-0.2,-0.13,-0.13,无信号,震荡整理,否,获取公告失败
2026-05-22,688638.SH,誉辰智能,科创板,42.04,4.50%,开,160685,2902,0万元,0,3819.0,92.33亿,923311,0,0%,缩量,11.12万,5.9,6.2,4.3,阳线||布林带下轨,布林带下轨支撑,未分类,未分类,未分类,0,55.98,58.73,59.58,57.92,68.38,59.58,50.78,下轨下方,-1.26,0.31,-3.15,无信号,震荡整理,否,获取公告失败
2026-05-22,688232.SH,新点软件,科创板,21.77,0.14%,开,160639,2903,0万元,0,5995.0,275.21亿,2752138,0,0%,缩量,70.10万,5.5,6.0,4.0,价升||布林带下轨,布林带下轨支撑,未分类,未分类,未分类,0,23.72,24.08,24.06,24.81,25.54,24.06,22.59,下轨下方,-0.27,-0.12,-0.3,死叉,震荡整理,否,获取公告失败
2026-05-22,002593.SZ,日上集团,深市主板,5.0,1.21%,开,160592,2904,0万元,0,5452.0,10.96亿,109577,0,0%,缩量,28.03万,5.6,6.1,4.1,阳线,观望,未分类,未分类,未分类,0,0.0,0.0,0.0,0.0,0.0,0.0,0.0,未知,0.0,0.0,0.0,,未知,否,获取公告失败
2026-05-22,300555.SZ,ST路通,创业板,14.36,4.66%,开,160553,2905,0万元,0,3723.0,2.62亿,26227,0,0%,缩量,28.43万,6.0,6.2,4.3,阳线,观望,未分类,未分类,未分类,0,35.54,35.9,34.97,33.94,37.19,34.97,32.74,布林带内,0.52,0.53,-0.02,无信号,震荡整理,否,获取公告失败
2026-05-22,300645.SZ,正元智慧,创业板,15.34,1.86%,开,160516,2906,0万元,0,5122.0,3.37亿,33657,0,0%,缩量,21.37万,5.7,6.1,4.1,阳线||布林带下轨,布林带下轨支撑,未分类,未分类,未分类,0,27.66,29.65,31.26,33.61,39.04,31.26,23.49,下轨下方,-2.05,-0.93,-2.25,无信号,震荡整理,否,获取公告失败
2026-05-22,600455.SH,博通股份,沪市主板,28.95,1.19%,开,160461,2907,0万元,0,5452.0,1.90亿,18958,0,0%,缩量,18.08万,5.6,6.1,4.1,阳线,观望,未分类,未分类,未分类,0,32.36,32.63,31.61,30.98,35.37,31.61,27.85,布林带内,0.49,0.69,-0.4,死叉,震荡整理,否,获取公告失败
2026-05-22,300371.SZ,汇中股份,创业板,12.87,2.88%,开,160448,2908,0万元,0,4606.0,3.63亿,36264,0,0%,缩量,18.02万,5.8,6.1,4.2,阳线||布林带下轨,布林带下轨支撑,未分类,未分类,未分类,0,55.3,58.84,59.97,60.53,73.04,59.97,46.9,下轨下方,-2.04,-0.0,-4.09,无信号,震荡整理,否,获取公告失败
2026-05-22,601163.SH,三角轮胎,沪市主板,14.56,0.28%,开,160417,2909,0万元,0,5904.0,4.06亿,40646,0,0%,缩量,116.48万,5.5,6.0,4.0,价升||布林带下轨,布林带下轨支撑,未分类,未分类,未分类,0,17.32,17.74,17.75,17.8,19.14,17.75,16.37,下轨下方,-0.15,0.05,-0.4,无信号,震荡整理,否,获取公告失败
2026-05-22,002363.SZ,隆基机械,深市主板,7.84,1.82%,开,160400,2910,0万元,0,5131.0,6.60亿,66034,0,0%,缩量,32.60万,5.7,6.1,4.1,阳线||布林带下轨,布林带下轨支撑,未分类,未分类,未分类,0,20.62,21.37,21.7,22.05,23.48,21.7,19.92,下轨下方,-0.44,-0.14,-0.61,无信号,震荡整理,否,获取公告失败
2026-05-22,002633.SZ,申科股份,深市主板,19.22,0.68%,开,160364,2911,0万元,0,5696.0,2.95亿,29544,0,0%,缩量,28.72万,5.6,6.0,4.0,价升,观望,未分类,未分类,未分类,0,29.88,30.01,29.77,28.48,31.22,29.77,28.33,布林带内,0.39,0.56,-0.33,无信号,震荡整理,否,获取公告失败
2026-05-22,688597.SH,煜邦电力,科创板,8.47,2.29%,开,160223,2912,0万元,0,4875.0,578.85亿,5788490,0,0%,缩量,28.46万,5.7,6.1,4.2,阳线||布林带下轨,布林带下轨支撑,未分类,未分类,未分类,0,15.59,16.48,17.06,18.03,21.62,17.06,12.51,下轨下方,-0.89,-0.34,-1.1,死叉,震荡整理,否,获取公告失败
2026-05-22,301063.SZ,海锅股份,创业板,22.39,1.87%,开,160196,2913,0万元,0,5087.0,2.31亿,23093,0,0%,缩量,21.64万,5.7,6.1,4.1,阳线||布林带下轨,布林带下轨支撑,未分类,未分类,未分类,0,23.36,23.69,24.33,25.75,26.11,24.33,22.55,下轨下方,-0.61,-0.44,-0.33,无信号,震荡整理,否,获取公告失败
2026-05-22,301558.SZ,三态股份,创业板,7.65,1.06%,开,160194,2914,0万元,0,5491.0,7.24亿,72362,0,0%,缩量,16.79万,5.6,6.1,4.1,阳线||布林带下轨,布林带下轨支撑,未分类,未分类,未分类,0,7.95,8.18,8.3,8.45,8.81,8.3,7.79,下轨下方,-0.14,-0.06,-0.16,无信号,震荡整理,否,获取公告失败
2026-05-22,688718.SH,唯赛勃,科创板,17.63,3.71%,开,160039,2915,0万元,0,4151.0,238.10亿,2380968,0,0%,缩量,30.63万,5.9,6.2,4.2,阳线,观望,未分类,未分类,未分类,0,17.83,18.48,17.83,16.34,19.9,17.83,15.75,布林带内,0.48,0.65,-0.36,无信号,震荡整理,否,获取公告失败
2026-05-22,002482.SZ,广田集团,深市主板,1.56,0.65%,开,159995,2916,0万元,0,5677.0,36.69亿,366868,0,0%,缩量,58.40万,5.6,6.0,4.0,阳线||布林带下轨,布林带下轨支撑,未分类,未分类,未分类,0,15.37,15.89,16.29,16.71,17.94,16.29,14.64,下轨下方,-0.44,-0.18,-0.52,无信号,震荡整理,否,获取公告失败
2026-05-22,301355.SZ,南王科技,创业板,12.32,3.27%,开,159935,2917,0万元,0,4359.0,3.59亿,35917,0,0%,缩量,12.35万,5.8,6.2,4.2,阳线||布林带下轨,布林带下轨支撑,未分类,未分类,未分类,0,12.76,13.0,13.08,13.04,13.79,13.08,12.36,下轨下方,-0.09,0.02,-0.22,无信号,震荡整理,否,获取公告失败
2026-05-22,600657.SH,信达地产,沪市主板,2.8,0.72%,开,159907,2918,0万元,0,5631.0,20.15亿,201496,0,0%,缩量,79.85万,5.6,6.0,4.0,阳线||布林带下轨,布林带下轨支撑,未分类,未分类,未分类,0,41.18,43.52,44.48,46.29,50.46,44.48,38.5,下轨下方,-1.57,-0.68,-1.78,无信号,震荡整理,否,获取公告失败
2026-05-22,301024.SZ,霍普股份,创业板,49.0,2.77%,开,159902,2919,0万元,0,4606.0,9476.00万,9476,0,0%,缩量,30.16万,5.8,6.1,4.2,阳线||布林带下轨,布林带下轨支撑,未分类,未分类,未分类,0,68.89,70.63,66.44,60.14,80.81,66.44,52.06,下轨下方,2.3,3.53,-2.46,死叉,震荡整理,否,获取公告失败
2026-05-22,300381.SZ,溢多利,创业板,7.05,0.86%,开,159861,2920,0万元,0,5557.0,7.90亿,79024,0,0%,缩量,33.73万,5.6,6.0,4.1,价升,观望,未分类,未分类,未分类,0,47.47,48.44,46.58,45.47,52.63,46.58,40.52,布林带内,0.78,1.11,-0.68,死叉,震荡整理,否,获取公告失败
2026-05-22,300220.SZ,金运激光,创业板,14.16,3.36%,开,159838,2921,0万元,0,4305.0,3.09亿,30898,0,0%,缩量,21.38万,5.8,6.2,4.2,阳线||布林带下轨,布林带下轨支撑,未分类,未分类,未分类,0,59.78,61.51,61.96,62.56,67.73,61.96,56.19,下轨下方,-0.92,-0.01,-1.82,无信号,震荡整理,否,获取公告失败
2026-05-22,300076.SZ,*ST宁视,创业板,5.19,2.37%,开,159814,2922,0万元,0,4798.0,9.30亿,93049,0,0%,缩量,22.01万,5.7,6.1,4.2,阳线||MA5上穿MA10,观望,未分类,未分类,未分类,0,42.3,41.74,40.96,51.2,43.73,40.96,38.19,布林带内,-1.59,-2.46,1.74,无信号,震荡整理,否,获取公告失败
2026-05-22,002305.SZ,*ST南置,深市主板,2.38,1.28%,开,159792,2923,0万元,0,5341.0,22.65亿,226470,0,0%,缩量,41.27万,5.6,6.1,4.1,阳线||布林带下轨,布林带下轨支撑,未分类,未分类,未分类,0,8.44,8.53,8.39,8.12,8.86,8.39,7.92,下轨下方,0.07,0.11,-0.1,死叉,震荡整理,否,获取公告失败
2026-05-22,300771.SZ,智莱科技,创业板,13.2,1.85%,开,159739,2924,0万元,0,5048.0,3.85亿,38520,0,0%,缩量,23.57万,5.7,6.1,4.1,阳线,观望,未分类,未分类,未分类,0,0.0,0.0,0.0,0.0,0.0,0.0,0.0,未知,0.0,0.0,0.0,,未知,否,获取公告失败
2026-05-22,600099.SH,林海股份,沪市主板,10.77,1.99%,开,159663,2925,0万元,0,4972.0,4.68亿,46824,0,0%,缩量,23.60万,5.7,6.1,4.1,阳线||布林带下轨,布林带下轨支撑,未分类,未分类,未分类,0,28.63,29.93,30.83,30.7,35.22,30.83,26.45,下轨下方,-0.9,-0.15,-1.51,无信号,震荡整理,否,获取公告失败
2026-05-22,601718.SH,ST际华,沪市主板,2.24,0.90%,开,159624,2926,0万元,0,5512.0,24.75亿,247546,0,0%,缩量,97.69万,5.6,6.0,4.1,阳线,观望,未分类,未分类,未分类,0,2.71,2.78,3.07,3.48,3.73,3.07,2.42,布林带内,-0.23,-0.19,-0.08,无信号,震荡整理,否,获取公告失败
2026-05-22,688671.SH,碧兴物联,科创板,26.22,4.25%,开,159612,2927,0万元,0,3834.0,148.30亿,1482973,0,0%,缩量,12.28万,5.9,6.2,4.3,阳线||多头排列||MA5上穿MA10,多头排列,未分类,未分类,未分类,0,26.23,26.08,24.57,23.18,28.29,24.57,20.85,布林带内,1.05,0.97,0.17,无信号,多头排列,是,获取公告失败
2026-05-22,002817.SZ,黄山胶囊,深市主板,7.64,1.87%,开,159583,2928,0万元,0,5025.0,6.66亿,66634,0,0%,缩量,22.16万,5.7,6.1,4.1,阳线||布林带下轨,布林带下轨支撑,未分类,未分类,未分类,0,24.32,26.78,27.97,29.02,37.63,27.97,18.32,下轨下方,-1.87,-0.41,-2.92,无信号,震荡整理,否,获取公告失败
2026-05-22,603273.SH,天元智能,沪市主板,16.62,3.04%,开,159539,2929,0万元,0,4435.0,2.69亿,26907,0,0%,缩量,9.32万,5.8,6.2,4.2,阳线||布林带下轨,布林带下轨支撑,未分类,未分类,未分类,0,17.04,17.53,17.73,18.44,18.85,17.73,16.62,下轨下方,-0.37,-0.23,-0.28,无信号,震荡整理,否,获取公告失败
2026-05-22,605388.SH,均瑶健康,沪市主板,6.63,1.38%,开,159480,2930,0万元,0,5260.0,7.99亿,79877,0,0%,缩量,39.81万,5.6,6.1,4.1,价升||布林带下轨,布林带下轨支撑,未分类,未分类,未分类,0,9.58,10.12,10.44,10.4,12.45,10.44,8.43,下轨下方,-0.4,-0.09,-0.63,无信号,震荡整理,否,获取公告失败
2026-05-22,301320.SZ,豪江智能,创业板,16.08,1.64%,开,159397,2931,0万元,0,5118.0,3.23亿,32334,0,0%,缩量,10.97万,5.7,6.1,4.1,阳线||布林带下轨,布林带下轨支撑,未分类,未分类,未分类,0,16.8,17.23,17.52,17.75,18.74,17.52,16.3,下轨下方,-0.28,-0.09,-0.37,无信号,震荡整理,否,获取公告失败
2026-05-22,301208.SZ,中亦科技,创业板,32.78,1.83%,开,159394,2932,0万元,0,5023.0,1.55亿,15523,0,0%,缩量,21.66万,5.7,6.1,4.1,阳线||布林带下轨,布林带下轨支撑,未分类,未分类,未分类,0,56.14,59.8,61.66,64.44,75.56,61.66,47.75,下轨下方,-2.99,-0.92,-4.13,无信号,震荡整理,否,获取公告失败
2026-05-22,301167.SZ,建研设计,创业板,16.98,3.16%,开,159245,2933,0万元,0,4345.0,2.60亿,25964,0,0%,缩量,12.05万,5.8,6.2,4.2,阳线||布林带下轨,布林带下轨支撑,未分类,未分类,未分类,0,23.27,24.42,24.75,24.76,28.65,24.75,20.85,下轨下方,-0.57,0.06,-1.27,无信号,震荡整理,否,获取公告失败
2026-05-22,002540.SZ,亚太科技,深市主板,5.6,0.90%,开,159184,2934,0万元,0,5468.0,9.76亿,97564,0,0%,缩量,48.06万,5.6,6.0,4.1,阳线||布林带下轨,布林带下轨支撑,未分类,未分类,未分类,0,49.98,51.77,53.6,58.23,60.7,53.6,46.49,下轨下方,-2.6,-1.71,-1.79,无信号,震荡整理,否,获取公告失败
2026-05-22,002228.SZ,合兴包装,深市主板,3.56,1.14%,开,159161,2935,0万元,0,5348.0,15.09亿,150885,0,0%,缩量,43.05万,5.6,6.1,4.1,阳线||布林带下轨,布林带下轨支撑,未分类,未分类,未分类,0,39.72,41.27,42.31,44.01,47.05,42.31,37.57,下轨下方,-1.37,-0.65,-1.44,无信号,震荡整理,否,获取公告失败
2026-05-22,002214.SZ,*ST大立,深市主板,18.59,0.22%,开,159128,2936,0万元,0,5805.0,3.13亿,31294,0,0%,缩量,88.94万,5.5,6.0,4.0,价升||布林带下轨,布林带下轨支撑,未分类,未分类,未分类,0,89.33,92.08,92.41,91.07,100.22,92.41,84.6,下轨下方,-0.95,0.31,-2.52,无信号,震荡整理,否,获取公告失败
2026-05-22,300334.SZ,津膜科技,创业板,8.17,2.51%,开,159007,2937,0万元,0,4646.0,5.76亿,57578,0,0%,缩量,24.68万,5.8,6.1,4.2,阳线,观望,未分类,未分类,未分类,0,18.84,19.19,18.57,17.85,20.48,18.57,16.66,布林带内,0.4,0.49,-0.18,无信号,震荡整理,否,获取公告失败
2026-05-22,002778.SZ,中晟高科,深市主板,19.26,1.85%,开,158984,2938,0万元,0,4973.0,2.59亿,25871,0,0%,缩量,23.77万,5.7,6.1,4.1,阳线||布林带下轨,布林带下轨支撑,未分类,未分类,未分类,0,26.02,27.27,28.13,29.32,32.44,28.13,23.83,下轨下方,-1.12,-0.48,-1.28,无信号,震荡整理,否,获取公告失败
2026-05-22,002105.SZ,信隆健康,深市主板,6.46,2.38%,开,158965,2939,0万元,0,4708.0,7.35亿,73542,0,0%,缩量,23.54万,5.7,6.1,4.2,阳线||布林带下轨,布林带下轨支撑,未分类,未分类,未分类,0,10.58,10.75,10.72,10.96,11.33,10.72,10.11,下轨下方,-0.06,0.0,-0.12,无信号,震荡整理,否,获取公告失败
2026-05-22,300519.SZ,新光药业,创业板,15.37,2.40%,开,158752,2940,0万元,0,4676.0,3.07亿,30696,0,0%,缩量,17.54万,5.7,6.1,4.2,阳线||布林带下轨,布林带下轨支撑,未分类,未分类,未分类,0,36.99,38.32,38.96,38.73,42.91,38.96,35.01,下轨下方,-0.68,0.01,-1.38,无信号,震荡整理,否,获取公告失败
2026-05-22,300506.SZ,ST名家汇,创业板,5.14,0.78%,开,158691,2941,0万元,0,5477.0,10.80亿,107971,0,0%,缩量,37.76万,5.6,6.0,4.1,阳线||布林带下轨,布林带下轨支撑,未分类,未分类,未分类,0,28.78,30.88,31.43,32.01,40.24,31.43,22.62,下轨下方,-1.28,-0.07,-2.44,死叉,震荡整理,否,获取公告失败
2026-05-22,300271.SZ,华宇软件,创业板,6.0,0.17%,开,158684,2942,0万元,0,5785.0,9.68亿,96765,0,0%,缩量,47.66万,5.5,6.0,4.0,价升||布林带下轨,布林带下轨支撑,未分类,未分类,未分类,0,53.83,55.14,55.7,59.15,59.35,55.7,52.05,下轨下方,-1.38,-1.01,-0.73,无信号,震荡整理,否,获取公告失败
2026-05-22,002848.SZ,*ST高斯,深市主板,16.98,0.59%,开,158662,2943,0万元,0,5570.0,3.28亿,32838,0,0%,缩量,28.00万,5.6,6.0,4.0,阳线,观望,未分类,未分类,未分类,0,16.94,16.97,16.13,14.2,17.94,16.13,14.32,布林带内,0.74,0.74,-0.01,死叉,震荡整理,否,获取公告失败
2026-05-22,605507.SH,国邦医药,沪市主板,22.38,0.99%,开,158643,2944,0万元,0,5368.0,2.39亿,23888,0,0%,缩量,125.06万,5.6,6.0,4.1,阳线||布林带下轨,布林带下轨支撑,未分类,未分类,未分类,0,24.17,24.92,25.48,27.54,27.37,25.48,23.58,下轨下方,-0.91,-0.72,-0.37,无信号,震荡整理,否,获取公告失败
2026-05-22,688429.SH,时创能源,科创板,13.63,2.87%,开,158619,2945,0万元,0,4428.0,330.49亿,3304947,0,0%,缩量,16.33万,5.8,6.1,4.2,阳线,观望,未分类,未分类,未分类,0,13.89,14.25,14.23,15.03,15.02,14.23,13.45,布林带内,-0.25,-0.19,-0.12,无信号,震荡整理,否,获取公告失败
2026-05-22,603700.SH,宁水集团,沪市主板,12.1,2.20%,开,158599,2946,0万元,0,4762.0,3.96亿,39574,0,0%,缩量,24.20万,5.7,6.1,4.1,阳线||布林带下轨,布林带下轨支撑,未分类,未分类,未分类,0,17.75,18.62,19.37,20.52,22.9,19.37,15.83,下轨下方,-0.97,-0.47,-0.99,无信号,震荡整理,否,获取公告失败
2026-05-22,688212.SH,澳华内镜,科创板,33.99,1.46%,开,158563,2947,0万元,0,5125.0,152.82亿,1528241,0,0%,缩量,45.77万,5.6,6.1,4.1,价升,观望,未分类,未分类,未分类,0,34.68,35.82,36.72,38.27,39.77,36.72,33.66,布林带内,-0.87,-0.59,-0.56,无信号,震荡整理,否,获取公告失败
2026-05-22,603713.SH,密尔克卫,沪市主板,51.68,0.90%,开,158510,2948,0万元,0,5402.0,1.05亿,10484,0,0%,缩量,81.72万,5.6,6.0,4.1,阳线||布林带下轨,布林带下轨支撑,未分类,未分类,未分类,0,54.43,56.7,58.48,62.39,63.99,58.48,52.97,下轨下方,-2.14,-1.49,-1.3,无信号,震荡整理,否,获取公告失败
2026-05-22,603611.SH,诺力股份,沪市主板,18.75,2.29%,开,158486,2949,0万元,0,4703.0,2.53亿,25301,0,0%,缩量,48.30万,5.7,6.1,4.2,阳线,观望,未分类,未分类,未分类,0,0.0,0.0,0.0,0.0,0.0,0.0,0.0,未知,0.0,0.0,0.0,,未知,否,获取公告失败
2026-05-22,603886.SH,XD元祖股,沪市主板,11.04,0.36%,开,158388,2950,0万元,0,5657.0,5.18亿,51754,0,0%,缩量,26.50万,5.5,6.0,4.0,阳线,观望,未分类,未分类,未分类,0,0.0,0.0,0.0,0.0,0.0,0.0,0.0,未知,0.0,0.0,0.0,,未知,否,获取公告失败
2026-05-22,300175.SZ,ST朗源,创业板,6.71,2.29%,开,158382,2951,0万元,0,4695.0,7.07亿,70668,0,0%,缩量,31.59万,5.7,6.1,4.2,阳线,观望,未分类,未分类,未分类,0,29.57,29.58,28.96,28.62,30.64,28.96,27.28,布林带内,0.37,0.3,0.15,无信号,震荡整理,否,获取公告失败
2026-05-22,300360.SZ,炬华科技,创业板,14.35,0.42%,开,158369,2952,0万元,0,5627.0,3.92亿,39214,0,0%,缩量,71.79万,5.5,6.0,4.0,阳线||布林带下轨,布林带下轨支撑,未分类,未分类,未分类,0,93.15,97.23,100.61,110.06,117.66,100.61,83.57,下轨下方,-5.26,-3.3,-3.94,死叉,震荡整理,否,获取公告失败
2026-05-22,301449.SZ,天溯计量,创业板,69.82,0.82%,开,158275,2953,0万元,0,5416.0,7786.00万,7786,0,0%,缩量,9.71万,5.6,6.0,4.1,阳线||MACD金叉,MACD金叉,未分类,未分类,未分类,0,70.47,70.77,72.29,76.84,80.66,72.29,63.91,布林带内,-1.97,-1.99,0.03,金叉,震荡整理,否,获取公告失败
2026-05-22,002873.SZ,新天药业,深市主板,9.41,1.62%,开,158159,2954,0万元,0,5006.0,5.37亿,53715,0,0%,缩量,22.55万,5.7,6.1,4.1,阳线||布林带下轨,布林带下轨支撑,未分类,未分类,未分类,0,30.28,32.54,33.42,35.04,41.76,33.42,25.09,下轨下方,-1.8,-0.57,-2.46,无信号,震荡整理,否,获取公告失败
2026-05-22,002403.SZ,爱仕达,深市主板,11.39,0.09%,开,158119,2955,0万元,0,5768.0,5.08亿,50836,0,0%,缩量,33.85万,5.5,6.0,4.0,阳线||多头排列||MA5上穿MA10,多头排列,未分类,未分类,未分类,0,16.48,16.46,16.09,15.89,17.26,16.09,14.92,布林带内,0.23,0.23,0.01,无信号,多头排列,是,获取公告失败
2026-05-22,601798.SH,蓝科高新,沪市主板,8.56,2.15%,开,158009,2956,0万元,0,4727.0,5.60亿,55970,0,0%,缩量,30.35万,5.7,6.1,4.1,阳线,观望,未分类,未分类,未分类,0,9.3,9.46,9.52,9.86,10.07,9.52,8.98,布林带内,-0.14,-0.09,-0.1,无信号,震荡整理,否,获取公告失败
2026-05-22,688244.SH,永信至诚,科创板,19.29,3.71%,开,157998,2957,0万元,0,3945.0,207.88亿,2078755,0,0%,缩量,29.12万,5.9,6.2,4.2,阳线||布林带下轨,布林带下轨支撑,未分类,未分类,未分类,0,54.26,59.25,61.58,64.65,81.77,61.58,41.4,下轨下方,-3.85,-0.9,-5.9,无信号,震荡整理,否,获取公告失败
2026-05-22,605398.SH,新炬网络,沪市主板,25.67,1.99%,开,157992,2958,0万元,0,4806.0,1.89亿,18870,0,0%,缩量,41.77万,5.7,6.1,4.1,阳线||布林带下轨,布林带下轨支撑,未分类,未分类,未分类,0,64.22,70.14,72.84,77.16,95.36,72.84,50.33,下轨下方,-4.69,-1.37,-6.65,无信号,震荡整理,否,获取公告失败
2026-05-22,603817.SH,海峡环保,沪市主板,6.66,1.37%,开,157979,2959,0万元,0,5113.0,7.76亿,77622,0,0%,缩量,37.97万,5.6,6.1,4.1,阳线||布林带下轨,布林带下轨支撑,未分类,未分类,未分类,0,7.22,7.45,7.64,7.92,8.3,7.64,6.98,下轨下方,-0.2,-0.11,-0.19,无信号,震荡整理,否,获取公告失败
2026-05-22,603201.SH,常润股份,沪市主板,15.8,1.09%,开,157938,2960,0万元,0,5250.0,3.36亿,33571,0,0%,缩量,29.76万,5.6,6.1,4.1,阳线||布林带下轨,布林带下轨支撑,未分类,未分类,未分类,0,35.45,37.71,39.0,41.51,50.02,39.0,27.98,下轨下方,-2.23,-0.76,-2.93,死叉,震荡整理,否,获取公告失败
2026-05-22,603768.SH,常青股份,沪市主板,11.72,1.65%,开,157729,2961,0万元,0,4949.0,4.23亿,42294,0,0%,缩量,27.89万,5.7,6.1,4.1,阳线,观望,未分类,未分类,未分类,0,12.44,12.59,12.48,12.22,13.29,12.48,11.68,布林带内,0.07,0.15,-0.16,无信号,震荡整理,否,获取公告失败
2026-05-22,600960.SH,渤海汽车,沪市主板,4.66,0.22%,开,157695,2962,0万元,0,5662.0,12.19亿,121941,0,0%,缩量,44.29万,5.5,6.0,4.0,价升||布林带下轨,布林带下轨支撑,未分类,未分类,未分类,0,19.75,20.56,21.39,22.78,24.44,21.39,18.34,下轨下方,-0.96,-0.54,-0.83,无信号,震荡整理,否,获取公告失败
2026-05-22,301199.SZ,迈赫股份,创业板,23.21,1.13%,开,157694,2963,0万元,0,5203.0,2.26亿,22644,0,0%,缩量,16.64万,5.6,6.1,4.1,阳线||布林带下轨,布林带下轨支撑,未分类,未分类,未分类,0,31.12,31.95,31.73,32.52,36.16,31.73,27.3,下轨下方,-0.54,-0.04,-1.01,死叉,震荡整理,否,获取公告失败
2026-05-22,600359.SH,新农开发,沪市主板,6.76,2.27%,开,157686,2964,0万元,0,4634.0,6.92亿,69204,0,0%,缩量,25.79万,5.7,6.1,4.2,阳线||布林带下轨,布林带下轨支撑,未分类,未分类,未分类,0,9.98,10.64,10.88,11.04,12.54,10.88,9.21,下轨下方,-0.32,-0.03,-0.57,无信号,震荡整理,否,获取公告失败
2026-05-22,000619.SZ,海螺新材,深市主板,5.96,3.47%,开,157671,2965,0万元,0,4031.0,6.87亿,68663,0,0%,缩量,21.46万,5.8,6.2,4.2,阳线||布林带下轨,布林带下轨支撑,未分类,未分类,未分类,0,54.26,56.21,57.05,57.68,64.32,57.05,49.77,下轨下方,-1.26,-0.11,-2.3,无信号,震荡整理,否,获取公告失败
2026-05-22,605122.SH,四方新材,沪市主板,14.33,2.50%,开,157667,2966,0万元,0,4515.0,3.18亿,31832,0,0%,缩量,24.70万,5.8,6.1,4.2,阳线||布林带下轨,布林带下轨支撑,未分类,未分类,未分类,0,19.58,20.46,20.48,19.72,23.72,20.48,17.24,下轨下方,-0.16,0.36,-1.04,无信号,震荡整理,否,获取公告失败
2026-05-22,300535.SZ,达威股份,创业板,18.12,2.95%,开,157582,2967,0万元,0,4281.0,2.40亿,24004,0,0%,缩量,14.71万,5.8,6.1,4.2,阳线,观望,未分类,未分类,未分类,0,31.38,31.75,32.77,34.54,35.31,32.77,30.23,布林带内,-0.85,-0.66,-0.38,无信号,震荡整理,否,获取公告失败
2026-05-22,603276.SH,恒兴新材,沪市主板,17.78,2.72%,开,157545,2968,0万元,0,4397.0,2.50亿,25041,0,0%,缩量,13.45万,5.8,6.1,4.2,阳线||布林带下轨,布林带下轨支撑,未分类,未分类,未分类,0,22.29,23.08,23.26,22.82,26.04,23.26,20.48,下轨下方,-0.25,0.21,-0.92,无信号,震荡整理,否,获取公告失败
2026-05-22,603557.SH,*ST起步,沪市主板,4.46,0.68%,开,157366,2969,0万元,0,5398.0,12.11亿,121082,0,0%,缩量,27.81万,5.6,6.0,4.0,阳线,观望,未分类,未分类,未分类,0,5.0,5.22,4.92,4.5,5.83,4.92,4.01,布林带内,0.15,0.22,-0.14,无信号,震荡整理,否,获取公告失败
2026-05-22,300797.SZ,钢研纳克,创业板,15.16,0.86%,开,157334,2970,0万元,0,5301.0,3.52亿,35180,0,0%,缩量,57.38万,5.6,6.0,4.1,价升||布林带下轨,布林带下轨支撑,未分类,未分类,未分类,0,21.94,23.1,23.7,24.11,27.81,23.7,19.58,下轨下方,-0.77,-0.12,-1.3,无信号,震荡整理,否,获取公告失败
2026-05-22,300800.SZ,力合科技,创业板,12.32,2.67%,开,157313,2971,0万元,0,4398.0,3.62亿,36234,0,0%,缩量,28.87万,5.8,6.1,4.2,阳线||布林带下轨,布林带下轨支撑,未分类,未分类,未分类,0,34.46,37.62,38.95,39.08,51.58,38.95,26.32,下轨下方,-2.0,-0.06,-3.89,无信号,震荡整理,否,获取公告失败
2026-05-22,603733.SH,仙鹤股份,沪市主板,20.77,0.14%,开,157263,2972,0万元,0,5654.0,2.71亿,27132,0,0%,缩量,146.99万,5.5,6.0,4.0,价升||布林带下轨,布林带下轨支撑,未分类,未分类,未分类,0,22.99,23.57,24.21,25.24,26.1,24.21,22.32,下轨下方,-0.62,-0.39,-0.45,无信号,震荡整理,否,获取公告失败
2026-05-22,000637.SZ,茂化实华,深市主板,4.56,2.93%,开,157192,2973,0万元,0,4252.0,9.47亿,94733,0,0%,缩量,16.63万,5.8,6.1,4.2,阳线||布林带下轨,布林带下轨支撑,未分类,未分类,未分类,0,79.5,83.13,84.09,85.95,97.6,84.09,70.58,下轨下方,-2.18,-0.14,-4.09,无信号,震荡整理,否,获取公告失败
2026-05-22,603299.SH,苏盐井神,沪市主板,10.3,0.68%,开,157181,2974,0万元,0,5376.0,5.21亿,52092,0,0%,缩量,80.39万,5.6,6.0,4.0,阳线||布林带下轨,布林带下轨支撑,未分类,未分类,未分类,0,11.81,12.11,12.39,13.03,13.46,12.39,11.31,下轨下方,-0.37,-0.24,-0.25,无信号,震荡整理,否,获取公告失败
2026-05-22,002883.SZ,*ST中设,深市主板,10.03,2.77%,开,157181,2974,0万元,0,4335.0,4.35亿,43496,0,0%,缩量,15.38万,5.8,6.1,4.2,阳线||布林带下轨,布林带下轨支撑,未分类,未分类,未分类,0,27.95,28.71,29.01,29.87,35.33,29.01,22.69,下轨下方,-0.88,-0.12,-1.52,死叉,震荡整理,否,获取公告失败
2026-05-22,600125.SH,铁龙物流,沪市主板,5.86,0.17%,开,157174,2975,0万元,0,5632.0,9.63亿,96291,0,0%,缩量,76.50万,5.5,6.0,4.0,价升||布林带下轨,布林带下轨支撑,未分类,未分类,未分类,0,105.69,110.3,113.27,119.97,131.65,113.27,94.88,下轨下方,-4.91,-2.44,-4.95,无信号,震荡整理,否,获取公告失败
2026-05-22,301072.SZ,中捷精工,创业板,25.23,3.61%,开,157149,2976,0万元,0,3908.0,1.57亿,15687,0,0%,缩量,16.94万,5.9,6.2,4.2,阳线,观望,未分类,未分类,未分类,0,25.21,25.34,24.78,23.67,26.67,24.78,22.89,布林带内,0.55,0.62,-0.14,无信号,震荡整理,否,获取公告失败
2026-05-22,300600.SZ,国瑞科技,创业板,11.7,1.74%,开,157105,2977,0万元,0,4841.0,4.15亿,41512,0,0%,缩量,34.43万,5.7,6.1,4.1,阳线||布林带下轨,布林带下轨支撑,未分类,未分类,未分类,0,32.5,35.12,37.06,38.61,46.06,37.06,28.05,下轨下方,-2.16,-0.76,-2.8,无信号,震荡整理,否,获取公告失败
2026-05-22,688565.SH,力源科技,科创板,12.37,2.57%,开,156942,2978,0万元,0,4409.0,362.36亿,3623600,0,0%,缩量,18.52万,5.8,6.1,4.2,阳线||布林带下轨,布林带下轨支撑,未分类,未分类,未分类,0,16.64,17.35,17.71,18.64,20.39,17.71,15.03,下轨下方,-0.62,-0.23,-0.78,无信号,震荡整理,否,获取公告失败
2026-05-22,301598.SZ,博科测试,创业板,65.95,2.09%,开,156918,2979,0万元,0,4647.0,7102.00万,7102,0,0%,缩量,11.57万,5.7,6.1,4.1,阳线,观望,未分类,未分类,未分类,0,0.0,0.0,0.0,0.0,0.0,0.0,0.0,未知,0.0,0.0,0.0,,未知,否,获取公告失败
2026-05-22,002566.SZ,益盛药业,深市主板,7.82,2.49%,开,156890,2980,0万元,0,4444.0,5.76亿,57586,0,0%,缩量,18.13万,5.7,6.1,4.2,阳线||布林带下轨,布林带下轨支撑,未分类,未分类,未分类,0,25.43,25.93,26.05,26.17,27.87,26.05,24.24,下轨下方,-0.21,0.02,-0.47,无信号,震荡整理,否,获取公告失败
2026-05-22,301185.SZ,鸥玛软件,创业板,17.24,2.93%,开,156876,2981,0万元,0,4225.0,2.49亿,24851,0,0%,缩量,23.91万,5.8,6.1,4.2,阳线||布林带下轨,布林带下轨支撑,未分类,未分类,未分类,0,18.15,18.51,18.86,19.81,20.1,18.86,17.61,下轨下方,-0.47,-0.34,-0.27,无信号,震荡整理,否,获取公告失败
2026-05-22,300329.SZ,海伦钢琴,创业板,13.31,1.45%,开,156860,2982,0万元,0,4962.0,3.74亿,37442,0,0%,缩量,33.56万,5.6,6.1,4.1,阳线,观望,未分类,未分类,未分类,0,49.93,50.44,51.32,52.48,54.56,51.32,48.09,布林带内,-0.94,-0.64,-0.59,无信号,震荡整理,否,获取公告失败
2026-05-22,000731.SZ,四川美丰,深市主板,6.33,0.96%,开,156854,2983,0万元,0,5207.0,8.27亿,82666,0,0%,缩量,34.74万,5.6,6.0,4.1,阳线||布林带下轨,布林带下轨支撑,未分类,未分类,未分类,0,69.8,74.52,78.93,83.88,96.77,78.93,61.09,下轨下方,-4.79,-2.21,-5.15,无信号,震荡整理,否,获取公告失败
2026-05-22,300532.SZ,今天国际,创业板,7.72,0.92%,开,156815,2984,0万元,0,5224.0,6.83亿,68307,0,0%,缩量,46.68万,5.6,6.0,4.1,阳线,观望,未分类,未分类,未分类,0,0.0,0.0,0.0,0.0,0.0,0.0,0.0,未知,0.0,0.0,0.0,,未知,否,获取公告失败
2026-05-22,300594.SZ,ST朗进,创业板,18.33,2.23%,开,156744,2985,0万元,0,4559.0,2.52亿,25227,0,0%,缩量,16.68万,5.7,6.1,4.1,阳线,观望,未分类,未分类,未分类,0,19.11,19.71,21.51,27.25,27.74,21.51,15.27,布林带内,-2.43,-2.39,-0.08,无信号,震荡整理,否,获取公告失败
2026-05-22,603949.SH,雪龙集团,沪市主板,17.27,1.35%,开,156568,2986,0万元,0,4982.0,2.91亿,29132,0,0%,缩量,36.30万,5.6,6.1,4.1,阳线,观望,未分类,未分类,未分类,0,0.0,0.0,0.0,0.0,0.0,0.0,0.0,未知,0.0,0.0,0.0,,未知,否,获取公告失败
2026-05-22,300530.SZ,领湃科技,创业板,22.66,2.03%,开,156560,2987,0万元,0,4643.0,2.07亿,20698,0,0%,缩量,38.96万,5.7,6.1,4.1,阳线||布林带下轨,布林带下轨支撑,未分类,未分类,未分类,0,49.09,53.81,56.23,61.19,72.03,56.23,40.42,下轨下方,-4.01,-1.73,-4.56,无信号,震荡整理,否,获取公告失败
2026-05-22,301283.SZ,聚胶股份,创业板,30.59,1.29%,开,156536,2988,0万元,0,5008.0,1.64亿,16438,0,0%,缩量,27.95万,5.6,6.1,4.1,价升,观望,未分类,未分类,未分类,0,0.0,0.0,0.0,0.0,0.0,0.0,0.0,未知,0.0,0.0,0.0,,未知,否,获取公告失败
2026-05-22,000955.SZ,欣龙控股,深市主板,4.57,1.56%,开,156517,2989,0万元,0,4874.0,10.78亿,107818,0,0%,缩量,24.60万,5.7,6.1,4.1,阳线||布林带下轨,布林带下轨支撑,未分类,未分类,未分类,0,10.9,11.47,12.03,12.49,13.98,12.03,10.08,下轨下方,-0.53,-0.23,-0.6,无信号,震荡整理,否,获取公告失败
2026-05-22,688038.SH,中科通达,科创板,20.39,1.95%,开,156490,2990,0万元,0,4674.0,230.39亿,2303946,0,0%,缩量,23.73万,5.7,6.1,4.1,价升,观望,未分类,未分类,未分类,0,20.5,20.65,21.26,21.54,22.87,21.26,19.65,布林带内,-0.41,-0.29,-0.22,无信号,震荡整理,否,获取公告失败
2026-05-22,301388.SZ,欣灵电气,创业板,31.47,2.44%,开,156457,2991,0万元,0,4425.0,1.41亿,14145,0,0%,缩量,22.87万,5.7,6.1,4.2,阳线,观望,未分类,未分类,未分类,0,33.1,33.85,33.53,35.12,35.63,33.53,31.43,布林带内,-0.29,-0.1,-0.38,无信号,震荡整理,否,获取公告失败
2026-05-22,002140.SZ,东华科技,深市主板,10.4,0.97%,开,156364,2992,0万元,0,5151.0,4.97亿,49715,0,0%,缩量,73.53万,5.6,6.0,4.1,阳线||布林带下轨,布林带下轨支撑,未分类,未分类,未分类,0,92.09,96.74,103.87,111.88,123.28,103.87,84.46,下轨下方,-6.3,-3.83,-4.94,无信号,震荡整理,否,获取公告失败
2026-05-22,002187.SZ,广百股份,深市主板,5.64,1.81%,开,156345,2993,0万元,0,4732.0,8.44亿,84399,0,0%,缩量,39.53万,5.7,6.1,4.1,阳线||布林带下轨,布林带下轨支撑,未分类,未分类,未分类,0,15.89,16.52,16.95,17.78,19.09,16.95,14.81,下轨下方,-0.62,-0.31,-0.62,无信号,震荡整理,否,获取公告失败
2026-05-22,688215.SH,瑞晟智能,科创板,74.15,0.23%,开,156318,2994,0万元,0,5517.0,74.54亿,745352,0,0%,缩量,46.29万,5.5,6.0,4.0,价升||布林带下轨,布林带下轨支撑,未分类,未分类,未分类,0,111.28,115.35,117.94,112.89,139.28,117.94,96.6,下轨下方,-2.66,0.67,-6.65,无信号,震荡整理,否,获取公告失败
2026-05-22,002322.SZ,理工能科,深市主板,11.7,1.92%,开,156311,2995,0万元,0,4673.0,4.03亿,40255,0,0%,缩量,41.11万,5.7,6.1,4.1,阳线,观望,未分类,未分类,未分类,0,0.0,0.0,0.0,0.0,0.0,0.0,0.0,未知,0.0,0.0,0.0,,未知,否,获取公告失败
2026-05-22,603739.SH,蔚蓝生物,沪市主板,13.86,0.29%,开,156307,2996,0万元,0,5486.0,4.00亿,39991,0,0%,缩量,35.07万,5.5,6.0,4.0,价升||布林带下轨,布林带下轨支撑,未分类,未分类,未分类,0,19.79,20.96,21.6,22.21,25.42,21.6,17.78,下轨下方,-0.87,-0.27,-1.21,无信号,震荡整理,否,获取公告失败
2026-05-22,603339.SH,四方科技,沪市主板,13.39,2.45%,开,156281,2997,0万元,0,4404.0,3.31亿,33149,0,0%,缩量,41.43万,5.7,6.1,4.2,阳线||布林带下轨,布林带下轨支撑,未分类,未分类,未分类,0,20.37,21.51,22.0,21.84,26.02,22.0,17.99,下轨下方,-0.66,-0.0,-1.31,无信号,震荡整理,否,获取公告失败
2026-05-22,600235.SH,民丰特纸,沪市主板,6.5,2.20%,开,156246,2998,0万元,0,4524.0,7.07亿,70662,0,0%,缩量,22.83万,5.7,6.1,4.1,阳线,观望,未分类,未分类,未分类,0,0.0,0.0,0.0,0.0,0.0,0.0,0.0,未知,0.0,0.0,0.0,,未知,否,获取公告失败
2026-05-22,688681.SH,科汇股份,科创板,20.24,3.21%,开,156243,2999,0万元,0,4018.0,202.01亿,2020089,0,0%,缩量,21.19万,5.8,6.2,4.2,阳线,观望,未分类,未分类,未分类,0,20.62,20.85,20.6,20.18,22.08,20.6,19.12,布林带内,0.2,0.3,-0.21,无信号,震荡整理,否,获取公告失败
2026-05-22,300155.SZ,安居宝,创业板,5.05,2.85%,开,156176,3000,0万元,0,4192.0,8.38亿,83812,0,0%,缩量,16.64万,5.8,6.1,4.2,阳线,观望,未分类,未分类,未分类,0,42.26,42.87,41.87,41.56,45.29,41.87,38.44,布林带内,0.41,0.58,-0.34,无信号,震荡整理,否,获取公告失败
2026-05-22,300482.SZ,万孚生物,创业板,17.95,0.17%,开,156167,3001,0万元,0,5533.0,3.09亿,30930,0,0%,缩量,77.20万,5.5,6.0,4.0,阳线||布林带下轨,布林带下轨支撑,未分类,未分类,未分类,0,90.89,96.9,97.9,99.75,114.27,97.9,81.54,下轨下方,-2.89,-0.4,-4.98,无信号,震荡整理,否,获取公告失败
2026-05-22,603029.SH,天鹅股份,沪市主板,18.58,1.92%,开,156159,3002,0万元,0,4656.0,2.53亿,25298,0,0%,缩量,22.55万,5.7,6.1,4.1,阳线||布林带下轨,布林带下轨支撑,未分类,未分类,未分类,0,24.4,25.49,25.92,26.03,29.57,25.92,22.26,下轨下方,-0.6,-0.0,-1.2,无信号,震荡整理,否,获取公告失败
2026-05-22,300245.SZ,ST天玑,创业板,6.82,0.74%,开,156132,3003,0万元,0,5244.0,7.68亿,76751,0,0%,缩量,20.76万,5.6,6.0,4.0,阳线,观望,未分类,未分类,未分类,0,28.96,30.3,36.58,47.23,54.61,36.58,18.55,布林带内,-6.01,-5.63,-0.77,无信号,震荡整理,否,获取公告失败
2026-05-22,000505.SZ,京粮控股,深市主板,6.23,1.14%,开,156051,3004,0万元,0,5037.0,8.12亿,81194,0,0%,缩量,39.40万,5.6,6.1,4.1,阳线||布林带下轨,布林带下轨支撑,未分类,未分类,未分类,0,31.36,33.27,33.17,34.76,37.27,33.17,29.08,下轨下方,-0.92,-0.33,-1.18,无信号,震荡整理,否,获取公告失败
2026-05-22,300167.SZ,ST迪威迅,创业板,5.55,4.32%,开,155996,3005,0万元,0,3438.0,6.24亿,62357,0,0%,缩量,19.65万,5.9,6.2,4.3,阳线,观望,未分类,未分类,未分类,0,39.51,41.03,41.81,42.35,46.9,41.81,36.72,布林带内,-0.83,-0.37,-0.92,无信号,震荡整理,否,获取公告失败
2026-05-22,002634.SZ,*ST棒杰,深市主板,4.49,4.91%,开,155992,3006,0万元,0,3146.0,7.15亿,71499,0,0%,缩量,19.86万,6.0,6.2,4.3,阳线,观望,未分类,未分类,未分类,0,31.5,33.4,34.86,45.74,39.96,34.86,29.76,布林带内,-4.13,-4.11,-0.05,无信号,震荡整理,否,获取公告失败
2026-05-22,300712.SZ,永福股份,创业板,23.89,1.10%,开,155831,3007,0万元,0,5033.0,2.12亿,21187,0,0%,缩量,44.61万,5.6,6.1,4.1,阳线||布林带下轨,布林带下轨支撑,未分类,未分类,未分类,0,31.14,33.08,34.94,38.0,41.26,34.94,28.62,下轨下方,-2.13,-1.31,-1.65,无信号,震荡整理,否,获取公告失败
2026-05-22,300978.SZ,东箭科技,创业板,10.91,1.77%,开,155821,3008,0万元,0,4696.0,4.34亿,43370,0,0%,缩量,31.32万,5.7,6.1,4.1,阳线||布林带下轨,布林带下轨支撑,未分类,未分类,未分类,0,12.16,12.31,12.36,12.74,13.14,12.36,11.58,下轨下方,-0.15,-0.06,-0.19,死叉,震荡整理,否,获取公告失败
2026-05-22,603106.SH,恒银科技,沪市主板,8.39,0.84%,开,155776,3009,0万元,0,5157.0,6.23亿,62295,0,0%,缩量,43.67万,5.6,6.0,4.1,阳线||布林带下轨,布林带下轨支撑,未分类,未分类,未分类,0,14.89,15.88,16.32,17.4,19.74,16.32,12.9,下轨下方,-0.83,-0.33,-1.0,无信号,震荡整理,否,获取公告失败
2026-05-22,300386.SZ,飞天诚信,创业板,11.87,1.02%,开,155606,3010,0万元,0,5050.0,4.28亿,42827,0,0%,缩量,29.76万,5.6,6.1,4.1,阳线,观望,未分类,未分类,未分类,0,0.0,0.0,0.0,0.0,0.0,0.0,0.0,未知,0.0,0.0,0.0,,未知,否,获取公告失败
2026-05-22,300950.SZ,德固特,创业板,21.24,1.14%,开,155584,3011,0万元,0,4987.0,2.36亿,23588,0,0%,缩量,20.83万,5.6,6.1,4.1,阳线||布林带下轨,布林带下轨支撑,未分类,未分类,未分类,0,31.05,32.71,33.15,33.88,38.92,33.15,27.38,下轨下方,-1.03,-0.15,-1.75,无信号,震荡整理,否,获取公告失败
2026-05-22,600829.SH,人民同泰,沪市主板,8.94,1.82%,开,155541,3012,0万元,0,4643.0,5.21亿,52106,0,0%,缩量,51.84万,5.7,6.1,4.1,阳线||布林带下轨,布林带下轨支撑,未分类,未分类,未分类,0,76.8,79.68,81.24,84.59,88.53,81.24,73.96,下轨下方,-2.5,-1.41,-2.18,无信号,震荡整理,否,获取公告失败
2026-05-22,000886.SZ,海南高速,深市主板,5.08,0.59%,开,155480,3013,0万元,0,5251.0,10.38亿,103838,0,0%,缩量,49.67万,5.6,6.0,4.0,价升||布林带下轨,布林带下轨支撑,未分类,未分类,未分类,0,15.07,15.84,16.46,17.65,19.29,16.46,13.63,下轨下方,-0.85,-0.46,-0.77,无信号,震荡整理,否,获取公告失败
2026-05-22,002224.SZ,三 力 士,深市主板,3.89,2.10%,开,155438,3014,0万元,0,4494.0,11.67亿,116694,0,0%,缩量,31.37万,5.7,6.1,4.1,阳线||布林带下轨,布林带下轨支撑,未分类,未分类,未分类,0,29.49,30.56,31.63,33.51,34.74,31.63,28.51,下轨下方,-1.17,-0.78,-0.79,无信号,震荡整理,否,获取公告失败
2026-05-22,000605.SZ,渤海股份,深市主板,6.8,2.87%,开,155402,3015,0万元,0,4103.0,6.10亿,61024,0,0%,缩量,23.98万,5.8,6.1,4.2,阳线||布林带下轨,布林带下轨支撑,未分类,未分类,未分类,0,23.12,24.43,24.82,25.18,29.3,24.82,20.33,下轨下方,-0.76,-0.05,-1.42,无信号,震荡整理,否,获取公告失败
2026-05-22,301058.SZ,中粮科工,创业板,9.13,1.00%,开,155337,3016,0万元,0,5036.0,5.55亿,55520,0,0%,缩量,46.77万,5.6,6.0,4.1,阳线||布林带下轨,布林带下轨支撑,未分类,未分类,未分类,0,9.84,10.23,10.37,10.81,11.17,10.37,9.57,下轨下方,-0.25,-0.14,-0.23,无信号,震荡整理,否,获取公告失败
2026-05-22,688616.SH,西力科技,科创板,13.88,3.27%,开,155289,3017,0万元,0,3892.0,284.41亿,2844125,0,0%,缩量,24.90万,5.8,6.2,4.2,阳线||布林带下轨,布林带下轨支撑,未分类,未分类,未分类,0,17.2,17.79,18.02,17.86,20.1,18.02,15.94,下轨下方,-0.28,0.07,-0.7,无信号,震荡整理,否,获取公告失败
2026-05-22,300813.SZ,泰林生物,创业板,23.77,1.67%,开,155270,3018,0万元,0,4693.0,1.99亿,19867,0,0%,缩量,18.08万,5.7,6.1,4.1,阳线,观望,未分类,未分类,未分类,0,0.0,0.0,0.0,0.0,0.0,0.0,0.0,未知,0.0,0.0,0.0,,未知,否,获取公告失败
2026-05-22,002061.SZ,浙江交科,深市主板,3.68,0.27%,开,155252,3019,0万元,0,5389.0,14.63亿,146258,0,0%,缩量,95.65万,5.5,6.0,4.0,价升||布林带下轨,布林带下轨支撑,未分类,未分类,未分类,0,12.26,12.98,13.39,13.87,16.01,13.39,10.76,下轨下方,-0.58,-0.19,-0.78,无信号,震荡整理,否,获取公告失败
2026-05-22,002191.SZ,劲嘉股份,深市主板,3.77,0.53%,开,155246,3020,0万元,0,5258.0,14.07亿,140709,0,0%,缩量,54.31万,5.6,6.0,4.0,价升||布林带下轨,布林带下轨支撑,未分类,未分类,未分类,0,32.02,33.37,33.48,33.81,38.76,33.48,28.2,下轨下方,-0.73,0.03,-1.52,无信号,震荡整理,否,获取公告失败
2026-05-22,688288.SH,鸿泉技术,科创板,23.65,1.42%,开,155215,3021,0万元,0,4814.0,206.90亿,2069024,0,0%,缩量,23.61万,5.6,6.1,4.1,阳线,观望,未分类,未分类,未分类,0,24.57,24.84,25.72,26.7,28.39,25.72,23.04,布林带内,-0.66,-0.51,-0.3,无信号,震荡整理,否,获取公告失败
2026-05-22,002556.SZ,辉隆股份,深市主板,5.43,0.56%,开,155147,3022,0万元,0,5237.0,9.74亿,97432,0,0%,缩量,51.34万,5.6,6.0,4.0,阳线||布林带下轨,布林带下轨支撑,未分类,未分类,未分类,0,34.3,35.59,37.5,39.08,43.05,37.5,31.95,下轨下方,-1.56,-0.84,-1.44,无信号,震荡整理,否,获取公告失败
2026-05-22,603519.SH,立霸股份,沪市主板,13.37,0.75%,开,155067,3023,0万元,0,5130.0,3.86亿,38561,0,0%,缩量,35.61万,5.6,6.0,4.1,阳线||布林带下轨,布林带下轨支撑,未分类,未分类,未分类,0,58.84,62.4,64.48,64.32,76.67,64.48,52.28,下轨下方,-2.36,-0.38,-3.96,无信号,震荡整理,否,获取公告失败
2026-05-22,600228.SH,*ST返利,沪市主板,6.5,3.50%,开,155055,3024,0万元,0,3754.0,5.91亿,59067,0,0%,缩量,27.04万,5.9,6.2,4.2,阳线||布林带下轨,布林带下轨支撑,未分类,未分类,未分类,0,13.42,13.98,13.72,12.89,15.65,13.72,11.8,下轨下方,0.03,0.32,-0.6,无信号,震荡整理,否,获取公告失败
2026-05-22,301083.SZ,百胜智能,创业板,16.87,2.99%,开,154887,3025,0万元,0,3993.0,2.38亿,23849,0,0%,缩量,14.44万,5.8,6.1,4.2,阳线,观望,未分类,未分类,未分类,0,17.38,17.62,17.61,18.36,18.57,17.61,16.65,布林带内,-0.2,-0.13,-0.14,无信号,震荡整理,否,获取公告失败
2026-05-22,603709.SH,中源家居,沪市主板,17.86,0.68%,开,154882,3026,0万元,0,5150.0,2.91亿,29063,0,0%,缩量,22.34万,5.6,6.0,4.0,价升||布林带下轨,布林带下轨支撑,未分类,未分类,未分类,0,27.29,29.19,29.8,28.65,35.78,29.8,23.83,下轨下方,-0.64,0.39,-2.06,无信号,震荡整理,否,获取公告失败
2026-05-22,300588.SZ,熙菱信息,创业板,20.41,0.34%,开,154880,3027,0万元,0,5316.0,2.62亿,26214,0,0%,缩量,36.09万,5.5,6.0,4.0,价升,观望,未分类,未分类,未分类,0,33.46,34.28,36.95,38.96,43.07,36.95,30.83,布林带内,-1.79,-1.36,-0.86,无信号,震荡整理,否,获取公告失败
2026-05-22,600173.SH,卧龙新能,沪市主板,6.73,1.66%,开,154868,3028,0万元,0,4656.0,6.97亿,69723,0,0%,缩量,47.14万,5.7,6.1,4.1,价升||布林带下轨,布林带下轨支撑,未分类,未分类,未分类,0,15.32,15.99,16.37,16.95,17.95,16.37,14.8,下轨下方,-0.49,-0.25,-0.48,无信号,震荡整理,否,获取公告失败
2026-05-22,300150.SZ,世纪瑞尔,创业板,4.85,2.75%,开,154861,3029,0万元,0,4109.0,8.62亿,86235,0,0%,缩量,22.49万,5.8,6.1,4.2,阳线||布林带下轨,布林带下轨支撑,未分类,未分类,未分类,0,23.75,24.13,24.59,25.91,26.37,24.59,22.81,下轨下方,-0.64,-0.47,-0.35,无信号,震荡整理,否,获取公告失败
2026-05-22,002933.SZ,新兴装备,深市主板,30.15,1.52%,开,154815,3030,0万元,0,4724.0,1.59亿,15886,0,0%,缩量,35.20万,5.7,6.1,4.1,阳线||布林带下轨,布林带下轨支撑,未分类,未分类,未分类,0,31.27,31.67,32.18,34.05,33.81,32.18,30.54,下轨下方,-0.77,-0.66,-0.22,无信号,震荡整理,否,获取公告失败
2026-05-22,603284.SH,林平发展,沪市主板,44.61,0.20%,开,154800,3031,0万元,0,5379.0,1.21亿,12129,0,0%,缩量,8.24万,5.5,6.0,4.0,阳线,观望,未分类,未分类,未分类,0,45.04,45.96,47.8,49.53,54.15,47.8,41.44,布林带内,-1.73,-1.39,-0.69,无信号,震荡整理,否,获取公告失败
2026-05-22,603035.SH,常熟汽饰,沪市主板,12.93,1.09%,开,154773,3032,0万元,0,4930.0,3.84亿,38448,0,0%,缩量,47.37万,5.6,6.1,4.1,阳线||布林带下轨,布林带下轨支撑,未分类,未分类,未分类,0,15.35,15.74,16.12,16.99,17.57,16.12,14.68,下轨下方,-0.51,-0.32,-0.38,无信号,震荡整理,否,获取公告失败
2026-05-22,301195.SZ,北路智控,创业板,31.39,1.85%,开,154727,3033,0万元,0,4548.0,1.46亿,14591,0,0%,缩量,27.53万,5.7,6.1,4.1,阳线||布林带下轨,布林带下轨支撑,未分类,未分类,未分类,0,46.44,48.55,49.75,51.38,58.61,49.75,40.9,下轨下方,-1.78,-0.51,-2.54,无信号,震荡整理,否,获取公告失败
2026-05-22,000055.SZ,方大集团,深市主板,3.59,2.28%,开,154726,3034,0万元,0,4333.0,12.14亿,121439,0,0%,缩量,24.26万,5.7,6.1,4.2,阳线||布林带下轨,布林带下轨支撑,未分类,未分类,未分类,0,36.05,38.15,38.8,39.99,47.88,38.8,29.72,下轨下方,-1.51,-0.2,-2.61,无信号,震荡整理,否,获取公告失败
2026-05-22,603696.SH,安记食品,沪市主板,14.28,0.85%,开,154697,3035,0万元,0,5046.0,3.54亿,35449,0,0%,缩量,33.59万,5.6,6.0,4.1,阳线||布林带下轨,布林带下轨支撑,未分类,未分类,未分类,0,30.39,32.27,33.43,35.5,39.42,33.43,27.43,下轨下方,-1.65,-0.75,-1.81,无信号,震荡整理,否,获取公告失败
2026-05-22,002890.SZ,弘宇股份,深市主板,16.74,2.64%,开,154642,3036,0万元,0,4146.0,2.49亿,24888,0,0%,缩量,27.03万,5.8,6.1,4.2,阳线||布林带下轨,布林带下轨支撑,未分类,未分类,未分类,0,38.61,41.92,42.51,41.98,55.06,42.51,29.97,下轨下方,-1.7,0.23,-3.86,无信号,震荡整理,否,获取公告失败
2026-05-22,301578.SZ,辰奕智能,创业板,35.69,3.42%,开,154616,3037,0万元,0,3752.0,1.07亿,10656,0,0%,缩量,8.27万,5.8,6.2,4.2,阳线||布林带下轨,布林带下轨支撑,未分类,未分类,未分类,0,56.08,58.67,58.92,59.07,70.31,58.92,47.53,下轨下方,-1.36,0.28,-3.28,死叉,震荡整理,否,获取公告失败
2026-05-22,600694.SH,大商股份,沪市主板,17.48,1.57%,开,154604,3038,0万元,0,4676.0,2.69亿,26879,0,0%,缩量,60.19万,5.7,6.1,4.1,阳线||布林带下轨,布林带下轨支撑,未分类,未分类,未分类,0,142.7,154.27,159.08,159.11,202.78,159.08,115.39,下轨下方,-7.07,-0.35,-13.44,无信号,震荡整理,否,获取公告失败
2026-05-22,002172.SZ,澳洋健康,深市主板,3.51,1.74%,开,154525,3039,0万元,0,4583.0,13.23亿,132273,0,0%,缩量,26.86万,5.7,6.1,4.1,阳线||布林带下轨,布林带下轨支撑,未分类,未分类,未分类,0,10.83,11.09,11.28,12.06,11.93,11.28,10.63,下轨下方,-0.31,-0.25,-0.12,无信号,震荡整理,否,获取公告失败
2026-05-22,000631.SZ,顺发恒能,深市主板,3.21,0.94%,开,154496,3040,0万元,0,4978.0,15.58亿,155815,0,0%,缩量,73.83万,5.6,6.0,4.1,阳线||布林带下轨,布林带下轨支撑,未分类,未分类,未分类,0,58.45,62.23,63.09,68.33,77.25,63.09,48.93,下轨下方,-3.15,-1.32,-3.67,死叉,震荡整理,否,获取公告失败
2026-05-22,603113.SH,金能科技,沪市主板,5.27,1.74%,开,154487,3041,0万元,0,4580.0,8.79亿,87860,0,0%,缩量,44.72万,5.7,6.1,4.1,阳线||布林带下轨,布林带下轨支撑,未分类,未分类,未分类,0,6.74,7.03,7.78,8.69,9.74,7.78,5.82,下轨下方,-0.64,-0.47,-0.33,无信号,震荡整理,否,获取公告失败
2026-05-22,600883.SH,博闻科技,沪市主板,9.15,2.23%,开,154453,3042,0万元,0,4328.0,4.79亿,47894,0,0%,缩量,21.60万,5.7,6.1,4.1,阳线||布林带下轨,布林带下轨支撑,未分类,未分类,未分类,0,42.46,43.83,43.08,41.61,49.92,43.08,36.23,下轨下方,0.09,0.96,-1.75,无信号,震荡整理,否,获取公告失败
2026-05-22,603173.SH,福斯达,沪市主板,37.37,2.22%,开,154367,3043,0万元,0,4329.0,1.17亿,11663,0,0%,缩量,59.79万,5.7,6.1,4.1,阳线||布林带下轨,布林带下轨支撑,未分类,未分类,未分类,0,38.49,39.19,39.82,42.67,42.12,39.82,37.52,下轨下方,-1.1,-0.93,-0.33,无信号,震荡整理,否,获取公告失败
2026-05-22,300967.SZ,晓鸣股份,创业板,16.52,0.85%,开,154333,3044,0万元,0,5006.0,3.04亿,30414,0,0%,缩量,20.62万,5.6,6.0,4.1,阳线,观望,未分类,未分类,未分类,0,17.11,17.55,17.37,18.94,18.42,17.37,16.33,布林带内,-0.39,-0.36,-0.06,死叉,震荡整理,否,获取公告失败
2026-05-22,300500.SZ,启迪设计,创业板,11.93,2.76%,开,154221,3045,0万元,0,4044.0,3.43亿,34301,0,0%,缩量,19.99万,5.8,6.1,4.2,阳线||布林带下轨,布林带下轨支撑,未分类,未分类,未分类,0,32.0,33.22,32.67,32.65,37.68,32.67,27.67,下轨下方,-0.18,0.46,-1.26,死叉,震荡整理,否,获取公告失败
2026-05-22,300514.SZ,友讯达,创业板,12.17,2.87%,开,154140,3046,0万元,0,3977.0,3.31亿,33131,0,0%,缩量,19.50万,5.8,6.1,4.2,阳线||布林带下轨,布林带下轨支撑,未分类,未分类,未分类,0,26.09,26.51,26.66,28.41,28.41,26.66,24.91,下轨下方,-0.59,-0.45,-0.29,无信号,震荡整理,否,获取公告失败
2026-05-22,603968.SH,醋化股份,沪市主板,11.44,1.69%,开,154094,3047,0万元,0,4565.0,4.01亿,40150,0,0%,缩量,23.39万,5.7,6.1,4.1,阳线||布林带下轨,布林带下轨支撑,未分类,未分类,未分类,0,29.97,30.98,31.49,34.06,35.22,31.49,27.77,下轨下方,-1.16,-0.71,-0.89,死叉,震荡整理,否,获取公告失败
2026-05-22,300238.SZ,冠昊生物,创业板,12.89,1.58%,开,154080,3048,0万元,0,4620.0,3.61亿,36111,0,0%,缩量,34.18万,5.7,6.1,4.1,阳线,观望,未分类,未分类,未分类,0,53.21,55.16,57.1,61.12,62.57,57.1,51.64,布林带内,-2.28,-1.79,-0.98,无信号,震荡整理,否,获取公告失败
2026-05-22,603656.SH,泰禾智能,沪市主板,18.72,1.08%,开,154059,3049,0万元,0,4866.0,2.61亿,26133,0,0%,缩量,34.25万,5.6,6.1,4.1,阳线||布林带下轨,布林带下轨支撑,未分类,未分类,未分类,0,38.36,39.17,40.18,43.0,42.78,40.18,37.58,下轨下方,-1.22,-1.01,-0.41,无信号,震荡整理,否,获取公告失败
2026-05-22,600638.SH,新黄浦,沪市主板,5.8,1.40%,开,153923,3050,0万元,0,4693.0,8.15亿,81523,0,0%,缩量,39.06万,5.6,6.1,4.1,阳线||布林带下轨,布林带下轨支撑,未分类,未分类,未分类,0,70.69,73.04,73.87,74.7,79.58,73.87,68.16,下轨下方,-1.1,-0.24,-1.73,无信号,震荡整理,否,获取公告失败
2026-05-22,605169.SH,洪通燃气,沪市主板,13.16,1.39%,开,153823,3051,0万元,0,4689.0,3.57亿,35680,0,0%,缩量,37.23万,5.6,6.1,4.1,阳线||布林带下轨,布林带下轨支撑,未分类,未分类,未分类,0,23.41,24.63,24.52,25.23,30.16,24.52,18.88,下轨下方,-0.67,0.04,-1.41,死叉,震荡整理,否,获取公告失败
2026-05-22,000025.SZ,特  力Ａ,深市主板,14.88,1.78%,开,153811,3052,0万元,0,4492.0,3.03亿,30299,0,0%,缩量,58.45万,5.7,6.1,4.1,阳线||布林带下轨,布林带下轨支撑,未分类,未分类,未分类,0,37.04,40.1,42.02,44.36,52.71,42.02,31.33,下轨下方,-2.59,-0.95,-3.26,无信号,震荡整理,否,获取公告失败
2026-05-22,002783.SZ,凯龙股份,深市主板,8.24,0.86%,开,153773,3053,0万元,0,4949.0,6.04亿,60410,0,0%,缩量,38.00万,5.6,6.0,4.1,阳线||布林带下轨,布林带下轨支撑,未分类,未分类,未分类,0,37.33,38.58,40.04,42.25,44.42,40.04,35.66,下轨下方,-1.51,-1.01,-1.0,无信号,震荡整理,否,获取公告失败
2026-05-22,600655.SH,豫园股份,沪市主板,4.57,0.88%,开,153715,3054,0万元,0,4930.0,10.80亿,108042,0,0%,缩量,177.77万,5.6,6.0,4.1,阳线||布林带下轨,布林带下轨支撑,未分类,未分类,未分类,0,886.36,999.75,1065.75,1102.22,1530.7,1065.75,600.81,下轨下方,-89.91,-20.6,-138.61,无信号,震荡整理,否,获取公告失败
2026-05-22,688695.SH,中创股份,科创板,24.88,4.54%,开,153709,3055,0万元,0,3102.0,126.56亿,1265633,0,0%,缩量,13.28万,6.0,6.2,4.3,阳线,观望,未分类,未分类,未分类,0,25.11,25.38,25.2,25.72,26.79,25.2,23.61,布林带内,-0.05,0.02,-0.14,无信号,震荡整理,否,获取公告失败
2026-05-22,002360.SZ,ST同德,深市主板,6.15,1.32%,开,153669,3056,0万元,0,4708.0,7.69亿,76877,0,0%,缩量,20.02万,5.6,6.1,4.1,阳线||布林带下轨,布林带下轨支撑,未分类,未分类,未分类,0,43.41,43.68,44.01,44.1,47.03,44.01,40.99,下轨下方,-0.54,-0.27,-0.55,无信号,震荡整理,否,获取公告失败
2026-05-22,300512.SZ,中亚股份,创业板,8.93,2.06%,开,153635,3057,0万元,0,4335.0,4.90亿,49037,0,0%,缩量,28.92万,5.7,6.1,4.1,阳线||布林带下轨,布林带下轨支撑,未分类,未分类,未分类,0,28.88,30.44,30.99,32.14,36.61,30.99,25.38,下轨下方,-1.1,-0.27,-1.68,无信号,震荡整理,否,获取公告失败
2026-05-22,300923.SZ,研奥股份,创业板,26.72,2.10%,开,153618,3058,0万元,0,4311.0,1.64亿,16380,0,0%,缩量,20.39万,5.7,6.1,4.1,阳线||布林带下轨,布林带下轨支撑,未分类,未分类,未分类,0,28.5,29.29,29.66,29.59,31.71,29.66,27.62,下轨下方,-0.35,-0.0,-0.7,无信号,震荡整理,否,获取公告失败
2026-05-22,688358.SH,祥生医疗,科创板,33.79,0.33%,开,153613,3059,0万元,0,5198.0,153.05亿,1530458,0,0%,缩量,37.84万,5.5,6.0,4.0,阳线||布林带下轨,布林带下轨支撑,未分类,未分类,未分类,0,49.85,51.78,50.46,49.58,60.2,50.46,40.71,下轨下方,-0.14,0.96,-2.2,死叉,震荡整理,否,获取公告失败
2026-05-22,688509.SH,正元地信,科创板,4.85,1.25%,开,153543,3060,0万元,0,4728.0,982.42亿,9824199,0,0%,缩量,18.66万,5.6,6.1,4.1,阳线||多头排列||MA5上穿MA10,多头排列,未分类,未分类,未分类,0,4.93,4.92,4.73,4.71,5.16,4.73,4.3,布林带内,0.09,0.07,0.03,无信号,多头排列,是,获取公告失败
2026-05-22,603187.SH,海容冷链,沪市主板,13.32,1.22%,开,153409,3061,0万元,0,4733.0,3.57亿,35722,0,0%,缩量,50.93万,5.6,6.1,4.1,阳线||布林带下轨,布林带下轨支撑,未分类,未分类,未分类,0,50.82,57.64,61.76,66.68,85.11,61.76,38.41,下轨下方,-5.55,-2.09,-6.91,无信号,震荡整理,否,获取公告失败
2026-05-22,603900.SH,莱绅通灵,沪市主板,7.15,2.14%,开,153404,3062,0万元,0,4269.0,6.03亿,60271,0,0%,缩量,24.50万,5.7,6.1,4.1,阳线||布林带下轨,布林带下轨支撑,未分类,未分类,未分类,0,12.4,12.93,13.24,13.57,14.84,13.24,11.65,下轨下方,-0.38,-0.13,-0.51,无信号,震荡整理,否,获取公告失败
2026-05-22,000590.SZ,古汉医药,深市主板,10.44,2.45%,开,153376,3063,0万元,0,4111.0,3.96亿,39618,0,0%,缩量,24.99万,5.7,6.1,4.2,阳线||布林带下轨,布林带下轨支撑,未分类,未分类,未分类,0,48.55,50.92,52.78,56.66,60.81,52.78,44.74,下轨下方,-2.59,-1.51,-2.17,无信号,震荡整理,否,获取公告失败
2026-05-22,300462.SZ,ST华铭,创业板,13.43,3.87%,开,153324,3064,0万元,0,3399.0,2.56亿,25556,0,0%,缩量,18.54万,5.9,6.2,4.3,阳线,观望,未分类,未分类,未分类,0,27.45,28.06,28.07,27.34,29.49,28.07,26.66,布林带内,0.0,0.21,-0.42,无信号,震荡整理,否,获取公告失败
2026-05-22,301049.SZ,超越科技,创业板,24.19,2.33%,开,153272,3065,0万元,0,4164.0,1.74亿,17393,0,0%,缩量,10.36万,5.7,6.1,4.2,阳线,观望,未分类,未分类,未分类,0,24.87,25.24,25.08,24.11,27.0,25.08,23.16,布林带内,0.29,0.49,-0.41,无信号,震荡整理,否,获取公告失败
2026-05-22,300030.SZ,阳普医疗,创业板,7.77,1.17%,开,153239,3066,0万元,0,4738.0,6.16亿,61609,0,0%,缩量,21.15万,5.6,6.1,4.1,价升||布林带下轨,布林带下轨支撑,未分类,未分类,未分类,0,32.69,33.52,33.72,33.16,35.62,33.72,31.82,下轨下方,-0.09,0.22,-0.62,无信号,震荡整理,否,获取公告失败
2026-05-22,300355.SZ,蒙草生态,创业板,3.36,1.20%,开,153164,3067,0万元,0,4714.0,14.08亿,140785,0,0%,缩量,45.91万,5.6,6.1,4.1,阳线||布林带下轨,布林带下轨支撑,未分类,未分类,未分类,0,35.83,36.79,37.47,39.84,40.06,37.47,34.88,下轨下方,-1.04,-0.7,-0.69,无信号,震荡整理,否,获取公告失败
2026-05-22,000557.SZ,西部创业,深市主板,4.4,0.92%,开,153157,3068,0万元,0,4857.0,11.04亿,110401,0,0%,缩量,64.15万,5.6,6.0,4.1,阳线||布林带下轨,布林带下轨支撑,未分类,未分类,未分类,0,34.58,36.62,37.97,40.04,44.91,37.97,31.04,下轨下方,-1.81,-0.76,-2.08,无信号,震荡整理,否,获取公告失败
2026-05-22,300989.SZ,蕾奥规划,创业板,14.93,1.15%,开,153108,3069,0万元,0,4735.0,3.18亿,31806,0,0%,缩量,24.33万,5.6,6.1,4.1,阳线||布林带下轨,布林带下轨支撑,未分类,未分类,未分类,0,45.42,50.37,51.97,52.72,69.62,51.97,34.32,下轨下方,-2.97,-0.25,-5.43,无信号,震荡整理,否,获取公告失败
2026-05-22,000952.SZ,广济药业,深市主板,7.24,1.40%,开,153042,3070,0万元,0,4604.0,6.41亿,64058,0,0%,缩量,24.91万,5.6,6.1,4.1,阳线||布林带下轨,布林带下轨支撑,未分类,未分类,未分类,0,16.56,17.99,18.33,18.76,23.71,18.33,12.96,下轨下方,-0.84,-0.06,-1.57,无信号,震荡整理,否,获取公告失败
2026-05-22,603511.SH,爱慕股份,沪市主板,14.18,2.53%,开,153013,3071,0万元,0,4036.0,2.86亿,28572,0,0%,缩量,56.99万,5.8,6.1,4.2,阳线||布林带下轨,布林带下轨支撑,未分类,未分类,未分类,0,16.28,16.66,16.91,16.98,18.29,16.91,15.53,下轨下方,-0.26,-0.04,-0.45,无信号,震荡整理,否,获取公告失败
2026-05-22,002037.SZ,保利联合,深市主板,7.87,1.42%,开,152957,3072,0万元,0,4587.0,5.87亿,58691,0,0%,缩量,38.08万,5.6,6.1,4.1,阳线||布林带下轨,布林带下轨支撑,未分类,未分类,未分类,0,30.19,31.7,32.29,32.95,36.57,32.29,28.01,下轨下方,-0.95,-0.26,-1.4,无信号,震荡整理,否,获取公告失败
2026-05-22,688613.SH,奥精医疗,科创板,18.91,2.27%,开,152947,3073,0万元,0,4159.0,222.56亿,2225630,0,0%,缩量,25.91万,5.7,6.1,4.2,阳线||布林带下轨,布林带下轨支撑,未分类,未分类,未分类,0,19.56,20.13,20.48,21.87,22.01,20.48,18.94,下轨下方,-0.59,-0.43,-0.32,无信号,震荡整理,否,获取公告失败
2026-05-22,301170.SZ,锡南科技,创业板,28.5,2.19%,开,152835,3074,0万元,0,4190.0,1.49亿,14920,0,0%,缩量,9.57万,5.7,6.1,4.1,阳线,观望,未分类,未分类,未分类,0,29.21,29.84,29.85,29.88,31.43,29.85,28.27,布林带内,-0.15,0.07,-0.43,无信号,震荡整理,否,获取公告失败
2026-05-22,000663.SZ,永安林业,深市主板,6.47,2.54%,开,152748,3075,0万元,0,4007.0,6.25亿,62506,0,0%,缩量,19.82万,5.8,6.1,4.2,阳线||布林带下轨,布林带下轨支撑,未分类,未分类,未分类,0,24.72,26.19,26.63,28.17,31.76,26.63,21.49,下轨下方,-1.04,-0.31,-1.46,无信号,震荡整理,否,获取公告失败
2026-05-22,002830.SZ,名雕股份,深市主板,23.39,0.56%,开,152744,3076,0万元,0,4995.0,2.14亿,21432,0,0%,缩量,15.64万,5.6,6.0,4.0,阳线,观望,未分类,未分类,未分类,0,49.22,49.39,48.3,47.41,52.04,48.3,44.55,布林带内,0.69,0.78,-0.2,死叉,震荡整理,否,获取公告失败
2026-05-22,600082.SH,ST海泰,沪市主板,3.77,2.72%,开,152663,3077,0万元,0,3904.0,10.38亿,103837,0,0%,缩量,23.91万,5.8,6.1,4.2,阳线,观望,未分类,未分类,未分类,0,21.93,22.84,21.43,21.83,25.85,21.43,17.01,布林带内,0.28,0.47,-0.37,死叉,震荡整理,否,获取公告失败
2026-05-22,600561.SH,江西长运,沪市主板,6.79,3.35%,开,152652,3078,0万元,0,3591.0,5.39亿,53903,0,0%,缩量,19.32万,5.8,6.2,4.2,阳线||布林带下轨,布林带下轨支撑,未分类,未分类,未分类,0,19.24,19.72,19.9,19.76,21.63,19.9,18.17,下轨下方,-0.21,0.08,-0.59,无信号,震荡整理,否,获取公告失败
2026-05-22,002234.SZ,民和股份,深市主板,7.8,0.78%,开,152455,3079,0万元,0,4858.0,6.25亿,62550,0,0%,缩量,23.51万,5.6,6.0,4.1,价升||布林带下轨,布林带下轨支撑,未分类,未分类,未分类,0,18.26,18.95,19.54,20.19,21.5,19.54,17.59,下轨下方,-0.57,-0.28,-0.6,无信号,震荡整理,否,获取公告失败
2026-05-22,000798.SZ,中水渔业,深市主板,8.75,1.04%,开,152416,3080,0万元,0,4722.0,5.42亿,54214,0,0%,缩量,32.01万,5.6,6.1,4.1,阳线||布林带下轨,布林带下轨支撑,未分类,未分类,未分类,0,18.66,19.5,20.1,22.31,22.98,20.1,17.23,下轨下方,-1.1,-0.76,-0.68,无信号,震荡整理,否,获取公告失败
2026-05-22,600681.SH,百川能源,沪市主板,3.87,0.52%,开,152297,3081,0万元,0,4970.0,12.88亿,128764,0,0%,缩量,51.85万,5.6,6.0,4.0,阳线||布林带下轨,布林带下轨支撑,未分类,未分类,未分类,0,36.94,39.66,41.11,43.49,53.15,41.11,29.08,下轨下方,-2.48,-0.79,-3.37,死叉,震荡整理,否,获取公告失败
2026-05-22,301581.SZ,黄山谷捷,创业板,49.25,2.93%,开,152279,3082,0万元,0,3765.0,7721.00万,7721,0,0%,缩量,20.83万,5.8,6.1,4.2,阳线,观望,未分类,未分类,未分类,0,50.02,50.19,48.97,48.54,52.25,48.97,45.69,布林带内,0.67,0.68,-0.04,死叉,震荡整理,否,获取公告失败
2026-05-22,688092.SH,爱科科技,科创板,29.6,1.44%,开,152266,3083,0万元,0,4507.0,154.73亿,1547312,0,0%,缩量,24.47万,5.6,6.1,4.1,阳线||布林带下轨,布林带下轨支撑,未分类,未分类,未分类,0,40.42,41.88,42.39,43.01,48.52,42.39,36.26,下轨下方,-1.01,-0.11,-1.8,无信号,震荡整理,否,获取公告失败
2026-05-22,300941.SZ,创识科技,创业板,16.83,1.32%,开,152222,3084,0万元,0,4560.0,2.73亿,27337,0,0%,缩量,20.83万,5.6,6.1,4.1,阳线||布林带下轨,布林带下轨支撑,未分类,未分类,未分类,0,24.98,26.38,27.49,31.02,32.93,27.49,22.05,下轨下方,-1.9,-1.25,-1.3,无信号,震荡整理,否,获取公告失败
2026-05-22,002905.SZ,金逸影视,深市主板,8.58,1.30%,开,152193,3085,0万元,0,4570.0,5.35亿,53518,0,0%,缩量,29.98万,5.6,6.1,4.1,阳线||布林带下轨,布林带下轨支撑,未分类,未分类,未分类,0,19.5,20.43,21.54,23.12,25.55,21.54,17.52,下轨下方,-1.28,-0.77,-1.01,无信号,震荡整理,否,获取公告失败
2026-05-22,600865.SH,百大集团,沪市主板,10.39,0.68%,开,152131,3086,0万元,0,4874.0,4.69亿,46909,0,0%,缩量,39.09万,5.6,6.0,4.0,阳线||布林带下轨,布林带下轨支撑,未分类,未分类,未分类,0,52.58,54.94,56.15,57.74,62.48,56.15,49.82,下轨下方,-1.64,-0.61,-2.07,无信号,震荡整理,否,获取公告失败
2026-05-22,000409.SZ,云鼎科技,深市主板,9.55,0.53%,开,152071,3087,0万元,0,4944.0,5.22亿,52178,0,0%,缩量,56.39万,5.6,6.0,4.0,阳线,观望,未分类,未分类,未分类,0,20.96,21.33,21.78,22.89,23.14,21.78,20.43,布林带内,-0.55,-0.43,-0.24,无信号,震荡整理,否,获取公告失败
2026-05-22,301519.SZ,舜禹股份,创业板,15.01,2.88%,开,152033,3088,0万元,0,3764.0,2.55亿,25464,0,0%,缩量,11.33万,5.8,6.1,4.2,阳线,观望,未分类,未分类,未分类,0,15.41,15.62,15.51,15.1,16.49,15.51,14.53,布林带内,0.12,0.23,-0.22,无信号,震荡整理,否,获取公告失败
2026-05-22,301298.SZ,东利机械,创业板,15.77,2.80%,开,151965,3089,0万元,0,3795.0,2.45亿,24451,0,0%,缩量,17.06万,5.8,6.1,4.2,阳线,观望,未分类,未分类,未分类,0,0.0,0.0,0.0,0.0,0.0,0.0,0.0,未知,0.0,0.0,0.0,,未知,否,获取公告失败
2026-05-22,688238.SH,和元生物,科创板,6.3,0.80%,开,151880,3090,0万元,0,4788.0,765.59亿,7655916,0,0%,缩量,40.39万,5.6,6.0,4.1,阳线||布林带下轨,布林带下轨支撑,未分类,未分类,未分类,0,7.87,8.18,8.48,9.05,9.62,8.48,7.33,下轨下方,-0.38,-0.23,-0.31,无信号,震荡整理,否,获取公告失败
2026-05-22,605033.SH,美邦股份,沪市主板,21.87,1.82%,开,151808,3091,0万元,0,4273.0,1.97亿,19715,0,0%,缩量,29.57万,5.7,6.1,4.1,阳线||布林带下轨,布林带下轨支撑,未分类,未分类,未分类,0,22.83,23.46,23.48,23.99,24.81,23.48,22.15,下轨下方,-0.31,-0.13,-0.34,无信号,震荡整理,否,获取公告失败
2026-05-22,301505.SZ,苏州规划,创业板,20.82,1.17%,开,151730,3092,0万元,0,4590.0,2.22亿,22169,0,0%,缩量,16.28万,5.6,6.1,4.1,阳线,观望,未分类,未分类,未分类,0,0.0,0.0,0.0,0.0,0.0,0.0,0.0,未知,0.0,0.0,0.0,,未知,否,获取公告失败
2026-05-22,300947.SZ,德必集团,创业板,16.71,1.70%,开,151650,3093,0万元,0,4313.0,2.60亿,26034,0,0%,缩量,25.25万,5.7,6.1,4.1,阳线||布林带下轨,布林带下轨支撑,未分类,未分类,未分类,0,43.39,47.97,49.34,50.53,64.88,49.34,33.79,下轨下方,-2.71,-0.31,-4.8,无信号,震荡整理,否,获取公告失败
2026-05-22,301130.SZ,西点药业,创业板,31.23,2.23%,开,151639,3094,0万元,0,4051.0,1.31亿,13129,0,0%,缩量,18.43万,5.7,6.1,4.1,阳线,观望,未分类,未分类,未分类,0,32.19,32.8,32.43,32.17,34.71,32.43,30.16,布林带内,0.0,0.2,-0.39,无信号,震荡整理,否,获取公告失败
2026-05-22,000030.SZ,富奥股份,深市主板,4.71,0.43%,开,151582,3095,0万元,0,4945.0,10.54亿,105437,0,0%,缩量,78.70万,5.5,6.0,4.0,价升||布林带下轨,布林带下轨支撑,未分类,未分类,未分类,0,17.32,18.46,19.33,20.08,23.78,19.33,14.88,下轨下方,-1.06,-0.39,-1.33,无信号,震荡整理,否,获取公告失败
2026-05-22,002333.SZ,罗普斯金,深市主板,5.32,2.90%,开,151566,3096,0万元,0,3706.0,7.01亿,70054,0,0%,缩量,35.46万,5.8,6.1,4.2,阳线||布林带下轨,布林带下轨支撑,未分类,未分类,未分类,0,19.89,20.11,20.58,21.26,21.82,20.58,19.35,下轨下方,-0.46,-0.33,-0.27,无信号,震荡整理,否,获取公告失败
2026-05-22,301037.SZ,保立佳,创业板,17.16,2.82%,开,151530,3097,0万元,0,3745.0,2.22亿,22197,0,0%,缩量,11.67万,5.8,6.1,4.2,阳线||布林带下轨,布林带下轨支撑,未分类,未分类,未分类,0,24.66,25.65,25.14,24.16,29.73,25.14,20.55,下轨下方,0.03,0.65,-1.23,死叉,震荡整理,否,获取公告失败
2026-05-22,002022.SZ,科华生物,深市主板,5.67,1.43%,开,151525,3098,0万元,0,4437.0,7.85亿,78503,0,0%,缩量,29.16万,5.6,6.1,4.1,阳线||布林带下轨,布林带下轨支撑,未分类,未分类,未分类,0,81.55,86.16,88.05,89.39,106.01,88.05,70.09,下轨下方,-3.31,-0.6,-5.43,无信号,震荡整理,否,获取公告失败
2026-05-22,002419.SZ,天虹股份,深市主板,4.94,0.61%,开,151454,3099,0万元,0,4840.0,9.84亿,98410,0,0%,缩量,57.73万,5.6,6.0,4.0,阳线,观望,未分类,未分类,未分类,0,0.0,0.0,0.0,0.0,0.0,0.0,0.0,未知,0.0,0.0,0.0,,未知,否,获取公告失败
2026-05-22,688004.SH,博汇科技,科创板,23.59,3.01%,开,151415,3100,0万元,0,3635.0,157.01亿,1570132,0,0%,缩量,18.89万,5.8,6.2,4.2,阳线||布林带下轨,布林带下轨支撑,未分类,未分类,未分类,0,31.9,33.09,32.85,32.33,37.86,32.85,27.84,下轨下方,-0.35,0.37,-1.43,无信号,震荡整理,否,获取公告失败
2026-05-22,603810.SH,丰山集团,沪市主板,14.78,0.54%,开,151351,3101,0万元,0,4863.0,3.35亿,33464,0,0%,缩量,24.44万,5.6,6.0,4.0,阳线||布林带下轨,布林带下轨支撑,未分类,未分类,未分类,0,28.39,30.08,31.42,32.98,39.38,31.42,23.45,下轨下方,-1.73,-0.58,-2.3,无信号,震荡整理,否,获取公告失败
2026-05-22,000793.SZ,*ST华闻,深市主板,2.7,1.50%,开,151338,3102,0万元,0,4382.0,16.38亿,163793,0,0%,缩量,52.95万,5.7,6.1,4.1,阳线||布林带下轨,布林带下轨支撑,未分类,未分类,未分类,0,33.74,35.25,35.93,36.64,41.34,35.93,30.52,下轨下方,-1.12,-0.34,-1.56,无信号,震荡整理,否,获取公告失败
2026-05-22,688053.SH,ST思科瑞,科创板,40.36,2.23%,开,151334,3103,0万元,0,4019.0,99.71亿,997118,0,0%,缩量,40.36万,5.7,6.1,4.1,阳线,观望,未分类,未分类,未分类,0,40.87,41.29,40.71,39.75,43.93,40.71,37.49,布林带内,0.41,0.56,-0.31,无信号,震荡整理,否,获取公告失败
2026-05-22,002101.SZ,广东鸿图,深市主板,9.41,0.43%,开,151274,3104,0万元,0,4914.0,5.25亿,52464,0,0%,缩量,62.31万,5.5,6.0,4.0,阳线||布林带下轨,布林带下轨支撑,未分类,未分类,未分类,0,38.32,39.29,40.19,44.26,42.95,40.19,37.43,下轨下方,-1.55,-1.34,-0.43,无信号,震荡整理,否,获取公告失败
2026-05-22,603176.SH,汇通集团,沪市主板,5.59,3.71%,开,151262,3105,0万元,0,3271.0,5.98亿,59845,0,0%,缩量,25.82万,5.9,6.2,4.2,阳线,观望,未分类,未分类,未分类,0,5.67,5.71,5.7,5.66,5.92,5.7,5.47,布林带内,0.01,0.03,-0.04,无信号,震荡整理,否,获取公告失败
2026-05-22,300237.SZ,ST美晨,创业板,2.42,0.41%,开,151254,3106,0万元,0,4918.0,20.28亿,202789,0,0%,缩量,34.89万,5.5,6.0,4.0,阳线||MA5上穿MA10,观望,未分类,未分类,未分类,0,42.11,41.52,40.75,41.29,42.93,40.75,38.56,布林带内,0.33,0.17,0.32,无信号,震荡整理,否,获取公告失败
2026-05-22,600935.SH,华塑股份,沪市主板,2.45,0.41%,开,151169,3107,0万元,0,4912.0,20.16亿,201579,0,0%,缩量,85.93万,5.5,6.0,4.0,阳线||布林带下轨,布林带下轨支撑,未分类,未分类,未分类,0,2.62,2.69,2.72,2.89,2.9,2.72,2.55,下轨下方,-0.07,-0.05,-0.04,无信号,震荡整理,否,获取公告失败
2026-05-22,000615.SZ,*ST美谷,深市主板,3.56,2.59%,开,151158,3108,0万元,0,3819.0,10.80亿,107973,0,0%,缩量,32.94万,5.8,6.1,4.2,阳线||布林带下轨,布林带下轨支撑,未分类,未分类,未分类,0,36.96,39.41,39.69,39.34,50.16,39.69,29.22,下轨下方,-1.36,0.1,-2.91,死叉,震荡整理,否,获取公告失败
2026-05-22,688579.SH,地纬智能,科创板,9.98,2.36%,开,151094,3109,0万元,0,3930.0,396.61亿,3966055,0,0%,缩量,39.92万,5.7,6.1,4.2,阳线,观望,未分类,未分类,未分类,0,10.34,10.4,10.69,11.42,11.55,10.69,9.82,布林带内,-0.29,-0.26,-0.06,无信号,震荡整理,否,获取公告失败
2026-05-22,603429.SH,*ST集友,沪市主板,9.64,2.99%,开,151077,3110,0万元,0,3612.0,3.77亿,37677,0,0%,缩量,50.56万,5.8,6.1,4.2,阳线||布林带下轨,布林带下轨支撑,未分类,未分类,未分类,0,61.91,67.92,71.63,72.44,93.01,71.63,50.25,下轨下方,-4.6,-1.3,-6.6,无信号,震荡整理,否,获取公告失败
2026-05-22,301100.SZ,风光股份,创业板,17.97,3.99%,开,151035,3111,0万元,0,3107.0,1.75亿,17548,0,0%,缩量,15.72万,5.9,6.2,4.3,阳线||布林带下轨,布林带下轨支撑,未分类,未分类,未分类,0,19.08,19.3,19.61,20.6,20.71,19.61,18.5,下轨下方,-0.35,-0.22,-0.25,无信号,震荡整理,否,获取公告失败
2026-05-22,002968.SZ,新大正,深市主板,10.56,0.38%,开,150961,3112,0万元,0,4906.0,4.67亿,46723,0,0%,缩量,22.49万,5.5,6.0,4.0,阳线||布林带下轨,布林带下轨支撑,未分类,未分类,未分类,0,34.46,38.42,40.77,42.85,55.28,40.77,26.27,下轨下方,-3.16,-0.92,-4.48,无信号,震荡整理,否,获取公告失败
2026-05-22,000517.SZ,荣安地产,深市主板,1.89,2.72%,开,150926,3113,0万元,0,3734.0,20.01亿,200108,0,0%,缩量,47.10万,5.8,6.1,4.2,阳线||布林带下轨,布林带下轨支撑,未分类,未分类,未分类,0,31.03,32.71,33.06,33.74,38.46,33.06,27.66,下轨下方,-0.98,-0.15,-1.66,无信号,震荡整理,否,获取公告失败
2026-05-22,000779.SZ,甘咨询,深市主板,7.74,1.04%,开,150831,3114,0万元,0,4561.0,5.92亿,59171,0,0%,缩量,35.97万,5.6,6.1,4.1,阳线||布林带下轨,布林带下轨支撑,未分类,未分类,未分类,0,18.71,20.47,21.57,23.25,26.59,21.57,16.54,下轨下方,-1.42,-0.65,-1.56,无信号,震荡整理,否,获取公告失败
2026-05-22,300583.SZ,赛托生物,创业板,14.35,2.06%,开,150812,3115,0万元,0,4050.0,2.85亿,28549,0,0%,缩量,26.71万,5.7,6.1,4.1,阳线||布林带下轨,布林带下轨支撑,未分类,未分类,未分类,0,22.5,24.16,24.3,24.21,29.42,24.3,19.18,下轨下方,-0.7,0.11,-1.61,无信号,震荡整理,否,获取公告失败
2026-05-22,002109.SZ,ST兴化,深市主板,2.99,2.75%,开,150765,3116,0万元,0,3702.0,12.44亿,124389,0,0%,缩量,38.16万,5.8,6.1,4.2,阳线||布林带下轨,布林带下轨支撑,未分类,未分类,未分类,0,12.51,12.86,14.29,16.77,17.5,14.29,11.08,下轨下方,-1.27,-1.08,-0.38,无信号,震荡整理,否,获取公告失败
2026-05-22,603818.SH,曲美家居,沪市主板,3.56,1.71%,开,150751,3117,0万元,0,4218.0,12.00亿,119996,0,0%,缩量,24.44万,5.7,6.1,4.1,阳线,观望,未分类,未分类,未分类,0,7.68,7.89,7.75,7.74,8.44,7.75,7.06,布林带内,0.02,0.08,-0.12,无信号,震荡整理,否,获取公告失败
2026-05-22,600217.SH,中再资环,沪市主板,3.39,1.19%,开,150730,3118,0万元,0,4476.0,13.26亿,132573,0,0%,缩量,56.19万,5.6,6.1,4.1,阳线||布林带下轨,布林带下轨支撑,未分类,未分类,未分类,0,14.92,15.79,16.46,17.43,19.2,16.46,13.72,下轨下方,-0.82,-0.4,-0.83,无信号,震荡整理,否,获取公告失败
2026-05-22,605155.SH,西大门,沪市主板,16.04,1.33%,开,150672,3119,0万元,0,4404.0,2.75亿,27505,0,0%,缩量,29.97万,5.6,6.1,4.1,阳线||布林带下轨,布林带下轨支撑,未分类,未分类,未分类,0,30.1,32.66,32.68,33.67,40.96,32.68,24.4,下轨下方,-1.21,-0.02,-2.39,无信号,震荡整理,否,获取公告失败
2026-05-22,600981.SH,苏豪汇鸿,沪市主板,2.58,0.78%,开,150666,3120,0万元,0,4676.0,18.24亿,182359,0,0%,缩量,57.85万,5.6,6.0,4.1,价升||布林带下轨,布林带下轨支撑,未分类,未分类,未分类,0,13.17,13.92,14.44,15.58,17.11,14.44,11.77,下轨下方,-0.79,-0.41,-0.75,无信号,震荡整理,否,获取公告失败
2026-05-22,600007.SH,中国国贸,沪市主板,21.24,1.38%,开,150571,3121,0万元,0,4365.0,2.07亿,20743,0,0%,缩量,213.95万,5.6,6.1,4.1,阳线||布林带下轨,布林带下轨支撑,未分类,未分类,未分类,0,34.83,35.8,36.26,35.77,39.75,36.26,32.77,下轨下方,-0.58,-0.01,-1.15,无信号,震荡整理,否,获取公告失败
2026-05-22,688201.SH,ST信安,科创板,8.9,2.06%,开,150501,3122,0万元,0,4018.0,448.95亿,4489543,0,0%,缩量,26.93万,5.7,6.1,4.1,阳线||布林带下轨,布林带下轨支撑,未分类,未分类,未分类,0,25.91,28.06,30.85,43.16,43.99,30.85,17.72,下轨下方,-5.2,-4.34,-1.71,死叉,震荡整理,否,获取公告失败
2026-05-22,002872.SZ,ST天圣,深市主板,5.42,3.44%,开,150405,3123,0万元,0,3323.0,6.16亿,61638,0,0%,缩量,11.65万,5.8,6.2,4.2,阳线,观望,未分类,未分类,未分类,0,8.32,8.38,8.25,8.09,8.81,8.25,7.69,布林带内,0.09,0.12,-0.05,无信号,震荡整理,否,获取公告失败
2026-05-22,002096.SZ,易普力,深市主板,10.39,0.39%,开,150392,3124,0万元,0,4846.0,4.67亿,46662,0,0%,缩量,128.88万,5.5,6.0,4.0,价升||布林带下轨,布林带下轨支撑,未分类,未分类,未分类,0,53.77,54.93,56.35,61.88,60.68,56.35,52.02,下轨下方,-1.95,-1.71,-0.49,无信号,震荡整理,否,获取公告失败
2026-05-22,300899.SZ,上海凯鑫,创业板,37.1,0.27%,开,150291,3125,0万元,0,4894.0,1.34亿,13442,0,0%,缩量,15.19万,5.5,6.0,4.0,阳线,观望,未分类,未分类,未分类,0,38.81,39.37,39.11,39.73,41.36,39.11,36.85,布林带内,-0.22,-0.07,-0.3,无信号,震荡整理,否,获取公告失败
2026-05-22,600192.SH,长城电工,沪市主板,8.12,0.37%,开,150284,3126,0万元,0,4843.0,5.97亿,59744,0,0%,缩量,35.87万,5.5,6.0,4.0,阳线||布林带下轨,布林带下轨支撑,未分类,未分类,未分类,0,13.57,14.28,14.06,14.79,15.94,14.06,12.17,下轨下方,-0.28,-0.05,-0.46,无信号,震荡整理,否,获取公告失败
2026-05-22,300847.SZ,中船汉光,创业板,15.43,1.45%,开,150142,3127,0万元,0,4291.0,2.80亿,28041,0,0%,缩量,45.67万,5.6,6.1,4.1,阳线||布林带下轨,布林带下轨支撑,未分类,未分类,未分类,0,22.4,23.72,24.26,25.22,28.52,24.26,19.99,下轨下方,-0.9,-0.25,-1.3,无信号,震荡整理,否,获取公告失败
2026-05-22,600697.SH,欧亚集团,沪市主板,12.1,2.54%,开,150131,3128,0万元,0,3742.0,3.13亿,31294,0,0%,缩量,18.80万,5.8,6.1,4.2,阳线||布林带下轨,布林带下轨支撑,未分类,未分类,未分类,0,39.56,41.16,41.63,42.3,47.82,41.63,35.44,下轨下方,-1.02,-0.1,-1.84,无信号,震荡整理,否,获取公告失败
2026-05-22,002330.SZ,得利斯,深市主板,4.32,0.70%,开,150006,3129,0万元,0,4651.0,10.79亿,107866,0,0%,缩量,27.44万,5.6,6.0,4.0,阳线||布林带下轨,布林带下轨支撑,未分类,未分类,未分类,0,9.18,9.37,9.56,9.95,10.15,9.56,8.96,下轨下方,-0.22,-0.14,-0.14,无信号,震荡整理,否,获取公告失败
2026-05-22,300306.SZ,远方信息,创业板,12.24,3.03%,开,149971,3130,0万元,0,3482.0,2.89亿,28927,0,0%,缩量,19.29万,5.8,6.2,4.2,阳线,观望,未分类,未分类,未分类,0,0.0,0.0,0.0,0.0,0.0,0.0,0.0,未知,0.0,0.0,0.0,,未知,否,获取公告失败
2026-05-22,002908.SZ,德生科技,深市主板,8.04,1.26%,开,149957,3131,0万元,0,4366.0,5.45亿,54546,0,0%,缩量,25.88万,5.6,6.1,4.1,价升||布林带下轨,布林带下轨支撑,未分类,未分类,未分类,0,22.0,24.04,25.41,27.74,33.72,25.41,17.11,下轨下方,-2.07,-0.91,-2.32,无信号,震荡整理,否,获取公告失败
2026-05-22,688289.SH,圣湘生物,科创板,17.41,0.58%,开,149948,3132,0万元,0,4706.0,270.75亿,2707470,0,0%,缩量,100.87万,5.6,6.0,4.0,阳线||布林带下轨,布林带下轨支撑,未分类,未分类,未分类,0,28.85,30.7,31.16,32.37,37.78,31.16,24.55,下轨下方,-1.33,-0.41,-1.86,无信号,震荡整理,否,获取公告失败
2026-05-22,300962.SZ,中金辐照,创业板,13.72,2.39%,开,149900,3133,0万元,0,3796.0,2.79亿,27875,0,0%,缩量,36.22万,5.7,6.1,4.2,阳线||布林带下轨,布林带下轨支撑,未分类,未分类,未分类,0,14.69,15.24,16.18,17.58,18.44,16.18,13.92,下轨下方,-0.84,-0.62,-0.43,无信号,震荡整理,否,获取公告失败
2026-05-22,601956.SH,东贝集团,沪市主板,5.62,2.00%,开,149891,3134,0万元,0,3991.0,7.18亿,71809,0,0%,缩量,34.93万,5.7,6.1,4.1,阳线||布林带下轨,布林带下轨支撑,未分类,未分类,未分类,0,6.1,6.25,6.4,7.0,6.87,6.4,5.92,下轨下方,-0.26,-0.21,-0.09,无信号,震荡整理,否,获取公告失败
2026-05-22,000702.SZ,正虹科技,深市主板,6.59,1.85%,开,149883,3135,0万元,0,4061.0,6.20亿,61960,0,0%,缩量,17.57万,5.7,6.1,4.1,阳线||布林带下轨,布林带下轨支撑,未分类,未分类,未分类,0,16.31,16.91,17.21,17.18,19.29,17.21,15.13,下轨下方,-0.35,0.01,-0.71,无信号,震荡整理,否,获取公告失败
2026-05-22,300898.SZ,熊猫乳品,创业板,22.69,0.84%,开,149882,3136,0万元,0,4566.0,2.02亿,20184,0,0%,缩量,26.03万,5.6,6.0,4.1,阳线||布林带下轨,布林带下轨支撑,未分类,未分类,未分类,0,24.45,25.15,25.5,25.9,27.21,25.5,23.79,下轨下方,-0.41,-0.13,-0.56,无信号,震荡整理,否,获取公告失败
2026-05-22,603321.SH,梅轮电梯,沪市主板,7.22,3.14%,开,149854,3137,0万元,0,3414.0,4.79亿,47897,0,0%,缩量,24.88万,5.8,6.2,4.2,阳线||布林带下轨,布林带下轨支撑,未分类,未分类,未分类,0,7.97,8.16,8.25,8.36,8.83,8.25,7.67,下轨下方,-0.12,-0.02,-0.19,无信号,震荡整理,否,获取公告失败
2026-05-22,600874.SH,创业环保,沪市主板,5.88,0.17%,开,149831,3138,0万元,0,4898.0,8.35亿,83536,0,0%,缩量,72.35万,5.5,6.0,4.0,阳线||布林带下轨,布林带下轨支撑,未分类,未分类,未分类,0,10.18,10.7,11.03,11.26,12.93,11.03,9.12,下轨下方,-0.4,-0.11,-0.58,无信号,震荡整理,否,获取公告失败
2026-05-22,688420.SH,美腾科技,科创板,28.16,1.51%,开,149830,3139,0万元,0,4226.0,151.48亿,1514817,0,0%,缩量,11.75万,5.7,6.1,4.1,阳线||多头排列||MA5上穿MA10,多头排列,未分类,未分类,未分类,0,28.89,28.6,27.86,26.68,30.49,27.86,25.22,布林带内,0.72,0.72,-0.0,死叉,多头排列,是,获取公告失败
2026-05-22,000797.SZ,中国武夷,深市主板,2.6,0.39%,开,149800,3140,0万元,0,4787.0,18.45亿,184512,0,0%,缩量,40.83万,5.5,6.0,4.0,阳线||布林带下轨,布林带下轨支撑,未分类,未分类,未分类,0,15.6,16.75,17.19,18.13,20.48,17.19,13.89,下轨下方,-0.8,-0.29,-1.02,无信号,震荡整理,否,获取公告失败
2026-05-22,600603.SH,广汇物流,沪市主板,5.32,0.95%,开,149713,3141,0万元,0,4497.0,8.50亿,85007,0,0%,缩量,62.56万,5.6,6.0,4.1,阳线||布林带下轨,布林带下轨支撑,未分类,未分类,未分类,0,961.3,1098.89,1198.69,1414.67,1745.91,1198.69,651.46,下轨下方,-155.31,-84.4,-141.82,无信号,震荡整理,否,获取公告失败
2026-05-22,600425.SH,青松建化,沪市主板,3.83,0.79%,开,149677,3142,0万元,0,4573.0,11.95亿,119506,0,0%,缩量,61.46万,5.6,6.0,4.1,阳线||布林带下轨,布林带下轨支撑,未分类,未分类,未分类,0,21.84,22.91,23.56,24.79,26.92,23.56,20.2,下轨下方,-0.9,-0.4,-0.99,无信号,震荡整理,否,获取公告失败
2026-05-22,301503.SZ,智迪科技,创业板,35.39,4.00%,开,149512,3143,0万元,0,2953.0,8512.00万,8512,0,0%,缩量,11.49万,5.9,6.2,4.3,阳线||布林带下轨,布林带下轨支撑,未分类,未分类,未分类,0,36.67,37.06,37.28,37.88,38.76,37.28,35.79,下轨下方,-0.34,-0.15,-0.38,无信号,震荡整理,否,获取公告失败
2026-05-22,688533.SH,上声电子,科创板,27.58,2.07%,开,149462,3144,0万元,0,3910.0,143.35亿,1433539,0,0%,缩量,45.50万,5.7,6.1,4.1,阳线,观望,未分类,未分类,未分类,0,28.4,28.47,28.12,29.16,29.22,28.12,27.03,布林带内,-0.01,-0.03,0.04,无信号,震荡整理,否,获取公告失败
2026-05-22,002982.SZ,湘佳股份,深市主板,13.46,0.22%,开,149436,3145,0万元,0,4832.0,3.62亿,36160,0,0%,缩量,17.51万,5.5,6.0,4.0,价升||布林带下轨,布林带下轨支撑,未分类,未分类,未分类,0,25.02,26.98,28.05,28.68,35.05,28.05,21.06,下轨下方,-1.41,-0.31,-2.2,无信号,震荡整理,否,获取公告失败
2026-05-22,688314.SH,康拓医疗,科创板,40.44,1.10%,开,149309,3146,0万元,0,4381.0,109.41亿,1094107,0,0%,缩量,32.85万,5.6,6.1,4.1,阳线,观望,未分类,未分类,未分类,0,0.0,0.0,0.0,0.0,0.0,0.0,0.0,未知,0.0,0.0,0.0,,未知,否,获取公告失败
2026-05-22,301126.SZ,达嘉维康,创业板,11.37,1.79%,开,149302,3147,0万元,0,4035.0,3.59亿,35910,0,0%,缩量,15.68万,5.7,6.1,4.1,阳线,观望,未分类,未分类,未分类,0,11.73,11.95,11.89,11.92,12.59,11.89,11.19,布林带内,-0.02,0.05,-0.15,无信号,震荡整理,否,获取公告失败
2026-05-22,300886.SZ,华业香料,创业板,27.64,1.21%,开,149221,3148,0万元,0,4318.0,1.58亿,15752,0,0%,缩量,12.06万,5.6,6.1,4.1,阳线||布林带下轨,布林带下轨支撑,未分类,未分类,未分类,0,35.72,37.35,38.07,37.94,43.32,38.07,32.83,下轨下方,-0.94,-0.03,-1.81,无信号,震荡整理,否,获取公告失败
2026-05-22,000058.SZ,深 赛 格,深市主板,7.58,0.66%,开,149210,3149,0万元,0,4589.0,6.07亿,60699,0,0%,缩量,74.64万,5.6,6.0,4.0,价升||布林带下轨,布林带下轨支撑,未分类,未分类,未分类,0,22.62,24.0,24.54,25.3,28.4,24.54,20.68,下轨下方,-0.89,-0.27,-1.24,无信号,震荡整理,否,获取公告失败
2026-05-22,300822.SZ,贝仕达克,创业板,14.97,0.74%,开,149201,3150,0万元,0,4550.0,3.06亿,30601,0,0%,缩量,43.26万,5.6,6.0,4.0,价升,观望,未分类,未分类,未分类,0,0.0,0.0,0.0,0.0,0.0,0.0,0.0,未知,0.0,0.0,0.0,,未知,否,获取公告失败
2026-05-22,000812.SZ,陕西金叶,深市主板,3.85,1.32%,开,149188,3151,0万元,0,4261.0,11.17亿,111655,0,0%,缩量,29.11万,5.6,6.1,4.1,阳线||布林带下轨,布林带下轨支撑,未分类,未分类,未分类,0,27.66,28.45,29.08,30.13,32.57,29.08,25.58,下轨下方,-0.85,-0.36,-0.99,无信号,震荡整理,否,获取公告失败
2026-05-22,002862.SZ,实丰文化,深市主板,17.48,0.23%,开,149186,3152,0万元,0,4804.0,2.76亿,27591,0,0%,缩量,22.07万,5.5,6.0,4.0,价升||布林带下轨,布林带下轨支撑,未分类,未分类,未分类,0,34.42,37.23,38.07,36.52,48.08,38.07,28.07,下轨下方,-1.22,0.45,-3.35,无信号,震荡整理,否,获取公告失败
2026-05-22,603282.SH,亚光股份,沪市主板,17.64,2.98%,开,149166,3153,0万元,0,3428.0,1.97亿,19667,0,0%,缩量,23.61万,5.8,6.1,4.2,阳线,观望,未分类,未分类,未分类,0,18.54,18.85,19.94,21.4,23.21,19.94,16.68,布林带内,-0.9,-0.74,-0.32,无信号,震荡整理,否,获取公告失败
2026-05-22,301048.SZ,金鹰重工,创业板,10.53,1.35%,开,148877,3154,0万元,0,4214.0,4.02亿,40205,0,0%,缩量,56.16万,5.6,6.1,4.1,阳线,观望,未分类,未分类,未分类,0,10.91,11.12,11.1,11.26,11.69,11.1,10.52,布林带内,-0.1,-0.03,-0.13,无信号,震荡整理,否,获取公告失败
2026-05-22,605007.SH,五洲特纸,沪市主板,14.27,0.99%,开,148853,3155,0万元,0,4390.0,3.10亿,30994,0,0%,缩量,57.30万,5.6,6.0,4.1,阳线||布林带下轨,布林带下轨支撑,未分类,未分类,未分类,0,15.38,15.92,16.44,16.3,17.94,16.44,14.94,下轨下方,-0.25,0.01,-0.51,无信号,震荡整理,否,获取公告失败
2026-05-22,600778.SH,友好集团,沪市主板,6.6,2.33%,开,148847,3156,0万元,0,3722.0,5.70亿,56956,0,0%,缩量,20.54万,5.7,6.1,4.2,阳线||布林带下轨,布林带下轨支撑,未分类,未分类,未分类,0,24.65,25.49,25.47,25.59,28.84,25.47,22.11,下轨下方,-0.34,0.14,-0.97,无信号,震荡整理,否,获取公告失败
2026-05-22,603073.SH,彩蝶实业,沪市主板,19.89,2.63%,开,148777,3157,0万元,0,3562.0,1.83亿,18308,0,0%,缩量,10.12万,5.8,6.1,4.2,阳线||布林带下轨,布林带下轨支撑,未分类,未分类,未分类,0,20.78,21.19,21.3,21.17,22.4,21.3,20.19,下轨下方,-0.11,0.08,-0.37,无信号,震荡整理,否,获取公告失败
2026-05-22,603506.SH,南都物业,沪市主板,12.56,2.20%,开,148774,3158,0万元,0,3779.0,3.05亿,30512,0,0%,缩量,23.58万,5.7,6.1,4.1,阳线||布林带下轨,布林带下轨支撑,未分类,未分类,未分类,0,30.88,33.08,33.8,34.05,42.24,33.8,25.36,下轨下方,-1.31,-0.0,-2.62,无信号,震荡整理,否,获取公告失败
2026-05-22,603860.SH,中公高科,沪市主板,30.9,2.12%,开,148725,3159,0万元,0,3815.0,1.25亿,12500,0,0%,缩量,20.60万,5.7,6.1,4.1,阳线||布林带下轨,布林带下轨支撑,未分类,未分类,未分类,0,32.14,32.74,33.05,32.91,34.67,33.05,31.43,下轨下方,-0.26,0.01,-0.55,无信号,震荡整理,否,获取公告失败
2026-05-22,600966.SH,博汇纸业,沪市主板,5.88,1.20%,开,148684,3160,0万元,0,4266.0,7.30亿,73018,0,0%,缩量,78.61万,5.6,6.1,4.1,阳线||布林带下轨,布林带下轨支撑,未分类,未分类,未分类,0,40.88,42.85,44.36,49.34,51.29,44.36,37.43,下轨下方,-2.3,-1.5,-1.6,无信号,震荡整理,否,获取公告失败
2026-05-22,301001.SZ,凯淳股份,创业板,28.87,0.98%,开,148646,3161,0万元,0,4375.0,1.52亿,15247,0,0%,缩量,14.52万,5.6,6.0,4.1,价升,观望,未分类,未分类,未分类,0,30.4,30.86,30.68,30.62,32.68,30.68,28.67,布林带内,0.0,0.23,-0.46,无信号,震荡整理,否,获取公告失败
2026-05-22,600512.SH,腾达建设,沪市主板,2.26,1.35%,开,148556,3162,0万元,0,4183.0,18.67亿,186669,0,0%,缩量,35.88万,5.6,6.1,4.1,阳线||布林带下轨,布林带下轨支撑,未分类,未分类,未分类,0,14.03,14.6,15.1,15.55,17.08,15.1,13.12,下轨下方,-0.54,-0.24,-0.6,无信号,震荡整理,否,获取公告失败
2026-05-22,600249.SH,两面针,沪市主板,5.51,1.10%,开,148524,3163,0万元,0,4302.0,7.83亿,78330,0,0%,缩量,30.30万,5.6,6.1,4.1,阳线||布林带下轨,布林带下轨支撑,未分类,未分类,未分类,0,22.88,24.0,24.76,25.3,28.19,24.76,21.33,下轨下方,-0.94,-0.4,-1.09,无信号,震荡整理,否,获取公告失败
2026-05-22,300406.SZ,九强生物,创业板,12.86,0.70%,开,148463,3164,0万元,0,4494.0,3.49亿,34874,0,0%,缩量,54.57万,5.6,6.0,4.0,价升||布林带下轨,布林带下轨支撑,未分类,未分类,未分类,0,59.59,61.07,60.26,59.19,65.38,60.26,55.13,下轨下方,0.12,0.74,-1.23,无信号,震荡整理,否,获取公告失败
2026-05-22,300384.SZ,三联虹普,创业板,13.67,1.26%,开,148316,3165,0万元,0,4202.0,3.09亿,30895,0,0%,缩量,30.09万,5.6,6.1,4.1,阳线||布林带下轨,布林带下轨支撑,未分类,未分类,未分类,0,84.63,87.18,89.37,97.53,98.1,89.37,80.64,下轨下方,-3.37,-2.51,-1.72,无信号,震荡整理,否,获取公告失败
2026-05-22,301192.SZ,泰祥股份,创业板,26.01,2.12%,开,148140,3166,0万元,0,3754.0,1.45亿,14541,0,0%,缩量,12.45万,5.7,6.1,4.1,阳线||布林带下轨,布林带下轨支撑,未分类,未分类,未分类,0,26.93,27.48,27.66,28.36,29.28,27.66,26.04,下轨下方,-0.32,-0.14,-0.37,无信号,震荡整理,否,获取公告失败
2026-05-22,301318.SZ,维海德,创业板,24.42,2.13%,开,148114,3167,0万元,0,3745.0,1.55亿,15507,0,0%,缩量,22.75万,5.7,6.1,4.1,阳线||布林带下轨,布林带下轨支撑,未分类,未分类,未分类,0,45.13,48.17,50.03,54.02,62.51,50.03,37.54,下轨下方,-3.1,-1.42,-3.36,无信号,震荡整理,否,获取公告失败
2026-05-22,002391.SZ,长青股份,深市主板,5.97,1.02%,开,148086,3168,0万元,0,4301.0,7.24亿,72384,0,0%,缩量,27.71万,5.6,6.1,4.1,阳线||布林带下轨,布林带下轨支撑,未分类,未分类,未分类,0,36.77,39.31,41.03,41.52,50.46,41.03,31.6,下轨下方,-1.87,-0.38,-2.97,无信号,震荡整理,否,获取公告失败
2026-05-22,600051.SH,宁波联合,沪市主板,7.16,0.85%,开,148075,3169,0万元,0,4385.0,6.19亿,61924,0,0%,缩量,22.26万,5.6,6.0,4.1,阳线||布林带下轨,布林带下轨支撑,未分类,未分类,未分类,0,32.96,34.71,35.41,36.28,40.98,35.41,29.84,下轨下方,-1.17,-0.3,-1.76,无信号,震荡整理,否,获取公告失败
2026-05-22,300239.SZ,东宝生物,创业板,5.25,1.94%,开,148068,3170,0万元,0,3836.0,7.37亿,73741,0,0%,缩量,30.96万,5.7,6.1,4.1,阳线||布林带下轨,布林带下轨支撑,未分类,未分类,未分类,0,28.99,29.53,29.84,30.64,31.31,29.84,28.37,下轨下方,-0.39,-0.22,-0.36,无信号,震荡整理,否,获取公告失败
2026-05-22,301508.SZ,中机认检,创业板,27.97,0.90%,开,147999,3171,0万元,0,4349.0,1.56亿,15571,0,0%,缩量,16.46万,5.6,6.0,4.1,阳线||布林带下轨,布林带下轨支撑,未分类,未分类,未分类,0,28.74,29.37,29.74,30.7,31.23,29.74,28.25,下轨下方,-0.48,-0.29,-0.38,无信号,震荡整理,否,获取公告失败
2026-05-22,002737.SZ,葵花药业,深市主板,12.9,0.55%,开,147947,3172,0万元,0,4522.0,3.50亿,34973,0,0%,缩量,75.34万,5.6,6.0,4.0,阳线||布林带下轨,布林带下轨支撑,未分类,未分类,未分类,0,74.82,78.47,78.99,78.9,91.56,78.99,66.41,下轨下方,-1.6,0.31,-3.83,无信号,震荡整理,否,获取公告失败
2026-05-22,688656.SH,浩欧博,科创板,125.0,0.27%,开,147923,3173,0万元,0,4656.0,37.31亿,373135,0,0%,缩量,79.35万,5.5,6.0,4.0,价升||布林带下轨,布林带下轨支撑,未分类,未分类,未分类,0,131.05,136.23,137.09,137.18,148.77,137.09,125.42,下轨下方,-1.99,-0.33,-3.32,无信号,震荡整理,否,获取公告失败
2026-05-22,600826.SH,兰生股份,沪市主板,8.94,1.82%,开,147881,3174,0万元,0,3877.0,4.35亿,43502,0,0%,缩量,65.76万,5.7,6.1,4.1,价升||布林带下轨,布林带下轨支撑,未分类,未分类,未分类,0,59.01,64.72,67.71,71.71,85.72,67.71,49.7,下轨下方,-4.22,-1.54,-5.37,无信号,震荡整理,否,获取公告失败
2026-05-22,603836.SH,海程邦达,沪市主板,13.77,3.30%,开,147874,3175,0万元,0,3137.0,2.31亿,23073,0,0%,缩量,28.26万,5.8,6.2,4.2,阳线||布林带下轨,布林带下轨支撑,未分类,未分类,未分类,0,15.0,15.33,15.4,15.23,16.47,15.4,14.34,下轨下方,-0.05,0.12,-0.34,无信号,震荡整理,否,获取公告失败
2026-05-22,603787.SH,新日股份,沪市主板,11.09,0.73%,开,147843,3176,0万元,0,4421.0,4.00亿,40037,0,0%,缩量,25.52万,5.6,6.0,4.0,阳线||布林带下轨,布林带下轨支撑,未分类,未分类,未分类,0,12.72,13.08,13.43,14.82,14.72,13.43,12.13,下轨下方,-0.62,-0.51,-0.23,无信号,震荡整理,否,获取公告失败
2026-05-22,002551.SZ,尚荣医疗,深市主板,3.31,1.22%,开,147806,3177,0万元,0,4169.0,12.73亿,127304,0,0%,缩量,20.23万,5.6,6.1,4.1,阳线||布林带下轨,布林带下轨支撑,未分类,未分类,未分类,0,29.44,30.18,30.45,31.29,32.55,30.45,28.34,下轨下方,-0.52,-0.22,-0.59,无信号,震荡整理,否,获取公告失败
2026-05-22,600793.SH,宜宾纸业,沪市主板,15.13,1.27%,开,147788,3178,0万元,0,4143.0,2.75亿,27483,0,0%,缩量,26.77万,5.6,6.1,4.1,阳线||布林带下轨,布林带下轨支撑,未分类,未分类,未分类,0,34.16,36.64,39.29,43.78,49.74,39.29,28.84,下轨下方,-3.27,-1.96,-2.61,无信号,震荡整理,否,获取公告失败
2026-05-22,300419.SZ,ST浩丰,创业板,6.84,1.94%,开,147767,3179,0万元,0,3808.0,5.56亿,55588,0,0%,缩量,25.15万,5.7,6.1,4.1,阳线,观望,未分类,未分类,未分类,0,54.07,55.02,55.57,56.06,60.53,55.57,50.61,布林带内,-0.77,-0.48,-0.57,无信号,震荡整理,否,获取公告失败
2026-05-22,300218.SZ,安利股份,创业板,14.39,1.41%,开,147737,3180,0万元,0,4069.0,2.84亿,28431,0,0%,缩量,31.12万,5.6,6.1,4.1,阳线||布林带下轨,布林带下轨支撑,未分类,未分类,未分类,0,31.84,32.38,32.66,34.35,34.58,32.66,30.74,下轨下方,-0.6,-0.42,-0.36,无信号,震荡整理,否,获取公告失败
2026-05-22,603518.SH,锦泓集团,沪市主板,9.2,0.66%,开,147732,3181,0万元,0,4445.0,4.84亿,48372,0,0%,缩量,31.65万,5.6,6.0,4.0,阳线||布林带下轨,布林带下轨支撑,未分类,未分类,未分类,0,13.7,14.42,14.7,14.49,17.33,14.7,12.07,下轨下方,-0.36,0.07,-0.85,无信号,震荡整理,否,获取公告失败
2026-05-22,603998.SH,方盛制药,沪市主板,10.26,0.59%,开,147731,3182,0万元,0,4479.0,4.39亿,43871,0,0%,缩量,45.05万,5.6,6.0,4.0,价升||布林带下轨,布林带下轨支撑,未分类,未分类,未分类,0,45.9,47.61,48.21,50.1,52.53,48.21,43.9,下轨下方,-1.13,-0.51,-1.25,无信号,震荡整理,否,获取公告失败
2026-05-22,603535.SH,嘉诚国际,沪市主板,8.04,0.37%,开,147692,3183,0万元,0,4582.0,5.73亿,57312,0,0%,缩量,41.08万,5.5,6.0,4.0,阳线||布林带下轨,布林带下轨支撑,未分类,未分类,未分类,0,23.52,25.37,26.1,28.05,34.7,26.1,17.5,下轨下方,-1.66,-0.53,-2.25,死叉,震荡整理,否,获取公告失败
2026-05-22,605567.SH,春雪食品,沪市主板,10.46,2.05%,开,147623,3184,0万元,0,3738.0,3.63亿,36345,0,0%,缩量,20.92万,5.7,6.1,4.1,阳线||布林带下轨,布林带下轨支撑,未分类,未分类,未分类,0,10.9,11.1,11.23,11.39,11.88,11.23,10.58,下轨下方,-0.15,-0.05,-0.18,无信号,震荡整理,否,获取公告失败
2026-05-22,000610.SZ,*ST西旅,深市主板,7.65,2.00%,开,147550,3185,0万元,0,3755.0,4.96亿,49642,0,0%,缩量,18.02万,5.7,6.1,4.1,阳线||布林带下轨,布林带下轨支撑,未分类,未分类,未分类,0,21.68,22.26,22.76,25.51,25.87,22.76,19.65,下轨下方,-1.16,-0.93,-0.46,死叉,震荡整理,否,获取公告失败
2026-05-22,002529.SZ,*ST海源,深市主板,8.68,2.12%,开,147508,3186,0万元,0,3692.0,4.30亿,42960,0,0%,缩量,22.57万,5.7,6.1,4.1,阳线,观望,未分类,未分类,未分类,0,11.15,11.23,10.59,9.67,12.01,10.59,9.17,布林带内,0.48,0.46,0.04,无信号,震荡整理,否,获取公告失败
2026-05-22,300675.SZ,建科院,创业板,15.57,1.63%,开,147499,3187,0万元,0,3934.0,2.56亿,25612,0,0%,缩量,22.84万,5.7,6.1,4.1,阳线||布林带下轨,布林带下轨支撑,未分类,未分类,未分类,0,16.36,16.67,16.68,16.23,17.62,16.68,15.74,下轨下方,0.03,0.19,-0.31,无信号,震荡整理,否,获取公告失败
2026-05-22,603107.SH,上海汽配,沪市主板,14.14,0.71%,开,147461,3188,0万元,0,4390.0,3.13亿,31311,0,0%,缩量,30.85万,5.6,6.0,4.0,阳线||布林带下轨,布林带下轨支撑,未分类,未分类,未分类,0,14.67,14.86,14.88,15.13,15.32,14.88,14.43,下轨下方,-0.12,-0.06,-0.12,无信号,震荡整理,否,获取公告失败
2026-05-22,002719.SZ,ST麦趣,深市主板,7.5,0.67%,开,147425,3189,0万元,0,4407.0,5.86亿,58621,0,0%,缩量,12.14万,5.6,6.0,4.0,阳线,观望,未分类,未分类,未分类,0,12.8,13.0,13.11,14.36,14.11,13.11,12.1,布林带内,-0.39,-0.37,-0.04,死叉,震荡整理,否,获取公告失败
2026-05-22,002977.SZ,*ST天箭,深市主板,28.39,2.01%,开,147301,3190,0万元,0,3724.0,1.33亿,13251,0,0%,缩量,18.92万,5.7,6.1,4.1,阳线||布林带下轨,布林带下轨支撑,未分类,未分类,未分类,0,46.16,49.29,49.01,49.87,59.9,49.01,38.13,下轨下方,-1.47,-0.02,-2.9,无信号,震荡整理,否,获取公告失败
2026-05-22,300625.SZ,三雄极光,创业板,12.1,1.68%,开,147273,3191,0万元,0,3887.0,3.24亿,32431,0,0%,缩量,19.60万,5.7,6.1,4.1,阳线||布林带下轨,布林带下轨支撑,未分类,未分类,未分类,0,15.82,16.19,16.3,16.54,18.03,16.3,14.57,下轨下方,-0.26,-0.02,-0.48,死叉,震荡整理,否,获取公告失败
2026-05-22,603261.SH,*ST立航,沪市主板,37.05,4.99%,开,147256,3192,0万元,0,2232.0,6122.00万,6122,0,0%,缩量,28.72万,6.0,6.2,4.3,阳线,观望,未分类,未分类,未分类,0,36.46,37.1,36.18,33.99,38.96,36.18,33.39,布林带内,0.56,0.69,-0.27,无信号,震荡整理,否,获取公告失败
2026-05-22,002799.SZ,环球印务,深市主板,8.36,0.72%,开,147254,3193,0万元,0,4364.0,5.26亿,52620,0,0%,缩量,26.75万,5.6,6.0,4.0,价升||布林带下轨,布林带下轨支撑,未分类,未分类,未分类,0,20.36,21.51,21.76,22.23,26.24,21.76,17.29,下轨下方,-0.69,-0.04,-1.3,无信号,震荡整理,否,获取公告失败
2026-05-22,002198.SZ,ST嘉应,深市主板,4.01,1.01%,开,147157,3194,0万元,0,4212.0,10.53亿,105269,0,0%,缩量,20.35万,5.6,6.1,4.1,阳线,观望,未分类,未分类,未分类,0,21.16,21.97,27.57,35.2,41.07,27.57,14.07,布林带内,-4.51,-4.1,-0.83,无信号,震荡整理,否,获取公告失败
2026-05-22,603214.SH,爱婴室,沪市主板,15.78,1.81%,开,147142,3195,0万元,0,3811.0,2.44亿,24444,0,0%,缩量,21.86万,5.7,6.1,4.1,阳线,观望,未分类,未分类,未分类,0,0.0,0.0,0.0,0.0,0.0,0.0,0.0,未知,0.0,0.0,0.0,,未知,否,获取公告失败
2026-05-22,603755.SH,日辰股份,沪市主板,27.5,0.29%,开,147028,3196,0万元,0,4557.0,1.65亿,16544,0,0%,缩量,27.12万,5.5,6.0,4.0,价升||布林带下轨,布林带下轨支撑,未分类,未分类,未分类,0,29.61,30.16,30.61,31.37,32.48,30.61,28.75,下轨下方,-0.5,-0.25,-0.5,无信号,震荡整理,否,获取公告失败
2026-05-22,000850.SZ,华茂股份,深市主板,4.2,1.20%,开,147014,3197,0万元,0,4099.0,9.82亿,98231,0,0%,缩量,39.62万,5.6,6.1,4.1,价升||布林带下轨,布林带下轨支撑,未分类,未分类,未分类,0,36.87,38.94,40.7,44.63,48.5,40.7,32.89,下轨下方,-2.49,-1.46,-2.05,无信号,震荡整理,否,获取公告失败
2026-05-22,603111.SH,康尼机电,沪市主板,6.57,0.31%,开,146976,3198,0万元,0,4545.0,6.97亿,69677,0,0%,缩量,56.03万,5.5,6.0,4.0,阳线||布林带下轨,布林带下轨支撑,未分类,未分类,未分类,0,18.24,18.65,18.88,18.98,19.97,18.88,17.78,下轨下方,-0.24,-0.07,-0.35,无信号,震荡整理,否,获取公告失败
2026-05-22,601113.SH,华鼎股份,沪市主板,4.33,0.70%,开,146948,3199,0万元,0,4346.0,10.10亿,100976,0,0%,缩量,47.81万,5.6,6.0,4.0,阳线||布林带下轨,布林带下轨支撑,未分类,未分类,未分类,0,9.41,9.51,9.7,9.72,10.2,9.7,9.2,下轨下方,-0.1,-0.03,-0.14,无信号,震荡整理,否,获取公告失败
2026-05-22,301156.SZ,美农生物,创业板,20.12,2.50%,开,146890,3200,0万元,0,3441.0,1.73亿,17319,0,0%,缩量,18.14万,5.7,6.1,4.2,阳线||布林带下轨,布林带下轨支撑,未分类,未分类,未分类,0,35.4,37.62,37.94,37.43,46.69,37.94,29.2,下轨下方,-0.96,0.38,-2.69,无信号,震荡整理,否,获取公告失败
2026-05-22,002650.SZ,ST加加,深市主板,7.83,1.42%,开,146864,3201,0万元,0,3974.0,5.09亿,50933,0,0%,缩量,86.68万,5.6,6.1,4.1,阳线,观望,未分类,未分类,未分类,0,59.92,61.49,59.93,55.3,65.26,59.93,54.6,布林带内,1.3,1.57,-0.54,无信号,震荡整理,否,获取公告失败
2026-05-22,600467.SH,好当家,沪市主板,2.29,0.44%,开,146742,3202,0万元,0,4455.0,19.57亿,195661,0,0%,缩量,33.46万,5.5,6.0,4.0,阳线||布林带下轨,布林带下轨支撑,未分类,未分类,未分类,0,20.94,21.67,22.05,23.0,24.38,22.05,19.71,下轨下方,-0.64,-0.29,-0.68,无信号,震荡整理,否,获取公告失败
2026-05-22,002469.SZ,三维化学,深市主板,6.71,1.51%,开,146724,3203,0万元,0,3916.0,5.85亿,58475,0,0%,缩量,42.17万,5.7,6.1,4.1,价升,观望,未分类,未分类,未分类,0,0.0,0.0,0.0,0.0,0.0,0.0,0.0,未知,0.0,0.0,0.0,,未知,否,获取公告失败
2026-05-22,002641.SZ,公元股份,深市主板,4.16,0.73%,开,146721,3204,0万元,0,4309.0,10.44亿,104359,0,0%,缩量,47.17万,5.6,6.0,4.0,阳线||布林带下轨,布林带下轨支撑,未分类,未分类,未分类,0,27.23,27.72,27.83,28.04,29.48,27.83,26.17,下轨下方,-0.25,0.0,-0.51,无信号,震荡整理,否,获取公告失败
2026-05-22,600280.SH,中央商场,沪市主板,2.9,2.11%,开,146673,3205,0万元,0,3611.0,12.59亿,125858,0,0%,缩量,32.72万,5.7,6.1,4.1,阳线||布林带下轨,布林带下轨支撑,未分类,未分类,未分类,0,35.22,36.69,37.42,39.71,41.93,37.42,32.91,下轨下方,-1.34,-0.7,-1.29,无信号,震荡整理,否,获取公告失败
2026-05-22,000705.SZ,浙江震元,深市主板,7.32,0.41%,开,146617,3206,0万元,0,4456.0,6.12亿,61219,0,0%,缩量,20.64万,5.5,6.0,4.0,价升||布林带下轨,布林带下轨支撑,未分类,未分类,未分类,0,39.41,41.25,43.68,47.22,50.66,43.68,36.7,下轨下方,-2.55,-1.72,-1.66,无信号,震荡整理,否,获取公告失败
2026-05-22,688178.SH,万德斯,科创板,34.15,0.92%,开,146550,3207,0万元,0,4197.0,123.15亿,1231493,0,0%,缩量,29.03万,5.6,6.0,4.1,阳线,观望,未分类,未分类,未分类,0,35.76,36.67,36.24,31.54,40.41,36.24,32.08,布林带内,0.84,1.46,-1.23,无信号,震荡整理,否,获取公告失败
2026-05-22,000761.SZ,本钢板材,深市主板,2.59,2.37%,开,146507,3208,0万元,0,3465.0,13.47亿,134697,0,0%,缩量,96.04万,5.7,6.1,4.2,阳线||布林带下轨,布林带下轨支撑,未分类,未分类,未分类,0,6.78,7.27,7.63,8.21,9.53,7.63,5.72,下轨下方,-0.49,-0.22,-0.54,无信号,震荡整理,否,获取公告失败
2026-05-22,600662.SH,外服控股,沪市主板,4.61,0.22%,开,146446,3209,0万元,0,4536.0,9.85亿,98485,0,0%,缩量,104.95万,5.5,6.0,4.0,价升||布林带下轨,布林带下轨支撑,未分类,未分类,未分类,0,326.18,347.02,361.13,379.92,432.83,361.13,289.44,下轨下方,-18.37,-7.8,-21.14,无信号,震荡整理,否,获取公告失败
2026-05-22,002282.SZ,博深股份,深市主板,6.54,2.83%,开,146420,3210,0万元,0,3227.0,4.99亿,49868,0,0%,缩量,33.03万,5.8,6.1,4.2,阳线,观望,未分类,未分类,未分类,0,0.0,0.0,0.0,0.0,0.0,0.0,0.0,未知,0.0,0.0,0.0,,未知,否,获取公告失败
2026-05-22,000042.SZ,中洲控股,深市主板,10.03,0.10%,开,146419,3211,0万元,0,4592.0,4.60亿,45952,0,0%,缩量,66.61万,5.5,6.0,4.0,阳线||布林带下轨,布林带下轨支撑,未分类,未分类,未分类,0,124.03,126.73,123.71,118.65,139.98,123.71,107.45,下轨下方,0.93,2.75,-3.64,死叉,震荡整理,否,获取公告失败
2026-05-22,300126.SZ,锐奇股份,创业板,7.71,2.12%,开,146376,3212,0万元,0,3578.0,4.69亿,46934,0,0%,缩量,16.24万,5.7,6.1,4.1,阳线,观望,未分类,未分类,未分类,0,30.14,30.51,30.37,30.98,32.02,30.37,28.71,布林带内,-0.1,0.02,-0.23,无信号,震荡整理,否,获取公告失败
2026-05-22,300642.SZ,透景生命,创业板,15.24,0.93%,开,146285,3213,0万元,0,4165.0,2.75亿,27504,0,0%,缩量,20.99万,5.6,6.0,4.1,阳线||布林带下轨,布林带下轨支撑,未分类,未分类,未分类,0,41.79,45.05,47.03,49.44,58.65,47.03,35.41,下轨下方,-2.83,-1.08,-3.5,无信号,震荡整理,否,获取公告失败
2026-05-22,300795.SZ,米奥会展,创业板,10.28,2.70%,开,146246,3214,0万元,0,3276.0,3.22亿,32185,0,0%,缩量,17.89万,5.8,6.1,4.2,阳线,观望,未分类,未分类,未分类,0,0.0,0.0,0.0,0.0,0.0,0.0,0.0,未知,0.0,0.0,0.0,,未知,否,获取公告失败
2026-05-22,301585.SZ,蓝宇股份,创业板,28.62,1.89%,开,146233,3215,0万元,0,3680.0,1.30亿,13012,0,0%,缩量,19.49万,5.7,6.1,4.1,阳线||布林带下轨,布林带下轨支撑,未分类,未分类,未分类,0,36.01,37.34,38.53,38.42,43.88,38.53,33.19,下轨下方,-0.92,-0.09,-1.65,无信号,震荡整理,否,获取公告失败
2026-05-22,002835.SZ,同为股份,深市主板,14.54,1.11%,开,146183,3216,0万元,0,4062.0,2.82亿,28167,0,0%,缩量,18.51万,5.6,6.1,4.1,阳线||布林带下轨,布林带下轨支撑,未分类,未分类,未分类,0,31.29,31.93,32.43,33.73,34.43,32.43,30.43,下轨下方,-0.71,-0.45,-0.52,无信号,震荡整理,否,获取公告失败
2026-05-22,600661.SH,昂立教育,沪市主板,8.98,0.11%,开,146127,3217,0万元,0,4557.0,5.11亿,51119,0,0%,缩量,25.73万,5.5,6.0,4.0,价升||布林带下轨,布林带下轨支撑,未分类,未分类,未分类,0,37.0,38.26,39.46,39.91,43.16,39.46,35.76,下轨下方,-0.95,-0.36,-1.18,无信号,震荡整理,否,获取公告失败
2026-05-22,301353.SZ,普莱得,创业板,29.07,2.72%,开,145994,3218,0万元,0,3239.0,1.13亿,11269,0,0%,缩量,9.27万,5.8,6.1,4.2,阳线||布林带下轨,布林带下轨支撑,未分类,未分类,未分类,0,36.61,38.06,38.08,37.49,42.82,38.08,33.35,下轨下方,-0.42,0.35,-1.54,无信号,震荡整理,否,获取公告失败
2026-05-22,603669.SH,灵康药业,沪市主板,4.3,0.94%,开,145964,3219,0万元,0,4127.0,9.71亿,97117,0,0%,缩量,30.63万,5.6,6.0,4.1,阳线||布林带下轨,布林带下轨支撑,未分类,未分类,未分类,0,13.31,14.39,14.82,15.4,18.9,14.82,10.75,下轨下方,-0.84,-0.24,-1.2,无信号,震荡整理,否,获取公告失败
2026-05-22,000017.SZ,深中华A,深市主板,5.71,1.96%,开,145961,3220,0万元,0,3614.0,6.40亿,63963,0,0%,缩量,25.17万,5.7,6.1,4.1,阳线||布林带下轨,布林带下轨支撑,未分类,未分类,未分类,0,16.72,17.8,18.78,20.85,22.27,18.78,15.29,下轨下方,-1.27,-0.8,-0.94,无信号,震荡整理,否,获取公告失败
2026-05-22,301289.SZ,国缆检测,创业板,54.18,2.56%,开,145826,3221,0万元,0,3305.0,6146.00万,6146,0,0%,缩量,41.99万,5.8,6.1,4.2,阳线||布林带下轨,布林带下轨支撑,未分类,未分类,未分类,0,69.13,72.11,73.22,73.52,82.62,73.22,63.82,下轨下方,-1.66,-0.11,-3.1,无信号,震荡整理,否,获取公告失败
2026-05-22,603329.SH,上海雅仕,沪市主板,11.45,1.87%,开,145781,3222,0万元,0,3644.0,3.22亿,32227,0,0%,缩量,23.63万,5.7,6.1,4.1,阳线||布林带下轨,布林带下轨支撑,未分类,未分类,未分类,0,15.37,15.96,15.77,15.54,18.16,15.77,13.37,下轨下方,-0.09,0.23,-0.64,无信号,震荡整理,否,获取公告失败
2026-05-22,002016.SZ,世荣兆业,深市主板,4.82,1.47%,开,145738,3223,0万元,0,3837.0,8.04亿,80350,0,0%,缩量,39.00万,5.6,6.1,4.1,阳线||布林带下轨,布林带下轨支撑,未分类,未分类,未分类,0,34.7,36.99,38.46,41.22,46.25,38.46,30.68,下轨下方,-2.25,-1.12,-2.25,无信号,震荡整理,否,获取公告失败
2026-05-22,002205.SZ,国统股份,深市主板,13.95,1.97%,开,145728,3224,0万元,0,3586.0,2.59亿,25896,0,0%,缩量,25.93万,5.7,6.1,4.1,阳线||布林带下轨,布林带下轨支撑,未分类,未分类,未分类,0,26.88,27.99,27.69,27.96,32.64,27.69,22.73,下轨下方,-0.39,0.24,-1.27,死叉,震荡整理,否,获取公告失败
2026-05-22,600137.SH,浪莎股份,沪市主板,21.95,1.11%,开,145547,3225,0万元,0,4002.0,1.84亿,18379,0,0%,缩量,21.34万,5.6,6.1,4.1,阳线||布林带下轨,布林带下轨支撑,未分类,未分类,未分类,0,33.7,35.05,35.8,34.98,40.43,35.8,31.18,下轨下方,-0.67,0.15,-1.64,无信号,震荡整理,否,获取公告失败
2026-05-22,300994.SZ,久祺股份,创业板,13.31,1.22%,开,145513,3226,0万元,0,3943.0,2.97亿,29720,0,0%,缩量,15.53万,5.6,6.1,4.1,阳线||布林带下轨,布林带下轨支撑,未分类,未分类,未分类,0,17.66,18.56,19.34,20.55,22.53,19.34,16.15,下轨下方,-0.97,-0.53,-0.87,无信号,震荡整理,否,获取公告失败
2026-05-22,605369.SH,拱东医疗,沪市主板,19.87,1.38%,开,145487,3227,0万元,0,3860.0,1.96亿,19550,0,0%,缩量,43.81万,5.6,6.1,4.1,阳线||布林带下轨,布林带下轨支撑,未分类,未分类,未分类,0,53.28,58.68,59.3,56.86,79.08,59.3,39.52,下轨下方,-1.96,1.11,-6.12,无信号,震荡整理,否,获取公告失败
2026-05-22,002404.SZ,嘉欣丝绸,深市主板,6.5,0.15%,开,145450,3228,0万元,0,4468.0,6.92亿,69151,0,0%,缩量,29.61万,5.5,6.0,4.0,价升,观望,未分类,未分类,未分类,0,0.0,0.0,0.0,0.0,0.0,0.0,0.0,未知,0.0,0.0,0.0,,未知,否,获取公告失败
2026-05-22,300110.SZ,华仁药业,创业板,2.9,0.69%,开,145412,3229,0万元,0,4194.0,14.53亿,145271,0,0%,缩量,34.25万,5.6,6.0,4.0,价升||MACD金叉,MACD金叉,未分类,未分类,未分类,0,14.36,14.47,14.67,15.24,15.54,14.67,13.8,布林带内,-0.23,-0.25,0.05,金叉,震荡整理,否,获取公告失败
2026-05-22,000903.SZ,ST云动,深市主板,1.87,0.54%,开,145358,3230,0万元,0,4267.0,23.01亿,230090,0,0%,缩量,35.91万,5.6,6.0,4.0,阳线||布林带下轨,布林带下轨支撑,未分类,未分类,未分类,0,20.74,21.98,23.66,26.38,28.56,23.66,18.76,下轨下方,-1.78,-1.26,-1.04,无信号,震荡整理,否,获取公告失败
2026-05-22,000514.SZ,渝 开 发,深市主板,4.5,1.12%,开,145347,3231,0万元,0,3973.0,8.84亿,88418,0,0%,缩量,37.97万,5.6,6.1,4.1,价升||布林带下轨,布林带下轨支撑,未分类,未分类,未分类,0,27.12,28.22,28.51,28.55,31.18,28.51,25.85,下轨下方,-0.46,-0.02,-0.88,无信号,震荡整理,否,获取公告失败
2026-05-22,002869.SZ,金溢科技,深市主板,19.71,0.77%,开,145124,3232,0万元,0,4129.0,2.10亿,20995,0,0%,缩量,31.05万,5.6,6.0,4.1,阳线||布林带下轨,布林带下轨支撑,未分类,未分类,未分类,0,31.69,33.4,35.02,37.93,42.35,35.02,27.69,下轨下方,-2.22,-1.27,-1.9,无信号,震荡整理,否,获取公告失败
2026-05-22,600469.SH,风神股份,沪市主板,6.17,0.49%,开,145022,3233,0万元,0,4258.0,6.90亿,68996,0,0%,缩量,45.01万,5.5,6.0,4.0,阳线||布林带下轨,布林带下轨支撑,未分类,未分类,未分类,0,16.26,17.21,17.81,18.74,21.02,17.81,14.61,下轨下方,-0.85,-0.39,-0.91,无信号,震荡整理,否,获取公告失败
2026-05-22,688217.SH,睿昂基因,科创板,28.48,3.90%,开,144988,3234,0万元,0,2547.0,90.88亿,908789,0,0%,缩量,15.91万,5.9,6.2,4.3,阳线,观望,未分类,未分类,未分类,0,29.02,29.3,29.34,29.2,31.04,29.34,27.64,布林带内,-0.05,0.11,-0.33,无信号,震荡整理,否,获取公告失败
2026-05-22,601921.SH,浙版传媒,沪市主板,7.34,0.14%,开,144952,3235,0万元,0,4427.0,6.03亿,60291,0,0%,缩量,163.11万,5.5,6.0,4.0,价升||布林带下轨,布林带下轨支撑,未分类,未分类,未分类,0,8.58,8.77,9.0,9.23,9.88,9.0,8.11,下轨下方,-0.25,-0.13,-0.23,无信号,震荡整理,否,获取公告失败
2026-05-22,002949.SZ,华阳国际,深市主板,13.75,2.46%,开,144945,3236,0万元,0,3265.0,2.40亿,23986,0,0%,缩量,20.88万,5.7,6.1,4.2,阳线||布林带下轨,布林带下轨支撑,未分类,未分类,未分类,0,15.98,16.55,16.76,16.86,18.33,16.76,15.2,下轨下方,-0.29,-0.02,-0.54,无信号,震荡整理,否,获取公告失败
2026-05-22,688285.SH,高铁电气,科创板,9.0,3.45%,开,144891,3237,0万元,0,2765.0,310.75亿,3107452,0,0%,缩量,33.87万,5.8,6.2,4.2,阳线,观望,未分类,未分类,未分类,0,9.22,9.41,9.44,9.17,9.98,9.44,8.89,布林带内,0.02,0.1,-0.17,无信号,震荡整理,否,获取公告失败
2026-05-22,603065.SH,宿迁联盛,沪市主板,8.12,2.53%,开,144856,3238,0万元,0,3223.0,4.02亿,40189,0,0%,缩量,34.02万,5.8,6.1,4.2,阳线||布林带下轨,布林带下轨支撑,未分类,未分类,未分类,0,8.44,8.52,8.6,8.85,8.92,8.6,8.27,下轨下方,-0.09,-0.06,-0.07,无信号,震荡整理,否,获取公告失败
2026-05-22,002614.SZ,奥佳华,深市主板,5.36,0.94%,开,144778,3239,0万元,0,4007.0,7.52亿,75185,0,0%,缩量,23.65万,5.6,6.0,4.1,阳线||布林带下轨,布林带下轨支撑,未分类,未分类,未分类,0,32.36,33.6,34.88,37.33,39.87,34.88,29.88,下轨下方,-1.62,-0.99,-1.26,无信号,震荡整理,否,获取公告失败
2026-05-22,600479.SH,千金药业,沪市主板,10.19,0.69%,开,144718,3240,0万元,0,4126.0,4.06亿,40568,0,0%,缩量,42.65万,5.6,6.0,4.0,阳线||布林带下轨,布林带下轨支撑,未分类,未分类,未分类,0,116.54,121.23,124.28,126.8,141.28,124.28,107.28,下轨下方,-3.76,-1.18,-5.17,无信号,震荡整理,否,获取公告失败
2026-05-22,603515.SH,欧普照明,沪市主板,20.05,2.56%,开,144557,3241,0万元,0,3177.0,1.60亿,15955,0,0%,缩量,147.63万,5.8,6.1,4.2,阳线||布林带下轨,布林带下轨支撑,未分类,未分类,未分类,0,30.53,31.28,32.04,31.28,35.02,32.04,29.07,下轨下方,-0.48,0.02,-1.0,无信号,震荡整理,否,获取公告失败
2026-05-22,300942.SZ,易瑞生物,创业板,7.23,1.83%,开,144524,3242,0万元,0,3537.0,4.95亿,49486,0,0%,缩量,29.29万,5.7,6.1,4.1,阳线||布林带下轨,布林带下轨支撑,未分类,未分类,未分类,0,7.61,7.81,8.06,8.86,8.78,8.06,7.33,下轨下方,-0.34,-0.28,-0.11,无信号,震荡整理,否,获取公告失败
2026-05-22,688287.SH,退市观典,科创板,0.43,7.50%,开,144519,3243,0万元,0,702.0,1647.63亿,16476296,0,0%,缩量,1.59万,6.2,6.4,4.5,阳线,观望,未分类,未分类,未分类,0,0.95,1.88,2.55,5.74,4.86,2.55,0.25,布林带内,-1.26,-1.15,-0.22,无信号,震荡整理,否,获取公告失败
2026-05-22,300673.SZ,佩蒂股份,创业板,14.99,1.97%,开,144453,3244,0万元,0,3459.0,2.32亿,23181,0,0%,缩量,24.05万,5.7,6.1,4.1,阳线||布林带下轨,布林带下轨支撑,未分类,未分类,未分类,0,39.04,42.26,43.8,44.93,54.07,43.8,33.52,下轨下方,-2.17,-0.51,-3.31,无信号,震荡整理,否,获取公告失败
2026-05-22,002314.SZ,南山控股,深市主板,2.26,1.80%,开,144329,3245,0万元,0,3532.0,15.84亿,158370,0,0%,缩量,30.25万,5.7,6.1,4.1,阳线||布林带下轨,布林带下轨支撑,未分类,未分类,未分类,0,6.28,6.56,6.75,6.99,7.6,6.75,5.91,下轨下方,-0.25,-0.11,-0.27,无信号,震荡整理,否,获取公告失败
2026-05-22,300261.SZ,雅本化学,创业板,5.32,1.14%,开,144263,3246,0万元,0,3856.0,7.29亿,72895,0,0%,缩量,50.16万,5.6,6.1,4.1,阳线||布林带下轨,布林带下轨支撑,未分类,未分类,未分类,0,49.78,51.52,53.26,58.3,58.19,53.26,48.32,下轨下方,-2.22,-1.74,-0.95,无信号,震荡整理,否,获取公告失败
2026-05-22,300011.SZ,鼎汉技术,创业板,6.9,1.47%,开,144262,3247,0万元,0,3691.0,5.37亿,53740,0,0%,缩量,35.00万,5.6,6.1,4.1,阳线,观望,未分类,未分类,未分类,0,59.25,59.95,61.03,66.75,64.17,61.03,57.9,布林带内,-1.66,-1.56,-0.2,无信号,震荡整理,否,获取公告失败
2026-05-22,300869.SZ,康泰医学,创业板,12.07,1.68%,开,144224,3248,0万元,0,3580.0,2.99亿,29917,0,0%,缩量,31.88万,5.7,6.1,4.1,阳线||布林带下轨,布林带下轨支撑,未分类,未分类,未分类,0,13.12,13.59,13.85,14.66,14.96,13.85,12.74,下轨下方,-0.43,-0.28,-0.29,无信号,震荡整理,否,获取公告失败
2026-05-22,301113.SZ,雅艺科技,创业板,26.18,2.67%,开,144173,3249,0万元,0,3084.0,1.19亿,11921,0,0%,缩量,14.43万,5.8,6.1,4.2,阳线||布林带下轨,布林带下轨支撑,未分类,未分类,未分类,0,34.52,36.05,36.07,35.98,41.35,36.07,30.79,下轨下方,-0.58,0.23,-1.62,无信号,震荡整理,否,获取公告失败
2026-05-22,002864.SZ,盘龙药业,深市主板,29.32,0.31%,开,144089,3250,0万元,0,4255.0,1.46亿,14590,0,0%,缩量,21.60万,5.5,6.0,4.0,阳线||布林带下轨,布林带下轨支撑,未分类,未分类,未分类,0,31.15,31.89,31.88,34.05,33.54,31.88,30.22,下轨下方,-0.75,-0.62,-0.27,无信号,震荡整理,否,获取公告失败
2026-05-22,301552.SZ,科力装备,创业板,29.8,2.65%,开,144052,3251,0万元,0,3079.0,1.05亿,10469,0,0%,缩量,9.22万,5.8,6.1,4.2,阳线,观望,未分类,未分类,未分类,0,0.0,0.0,0.0,0.0,0.0,0.0,0.0,未知,0.0,0.0,0.0,,未知,否,获取公告失败
2026-05-22,000401.SZ,金隅冀东,深市主板,3.98,0.51%,开,143995,3252,0万元,0,4147.0,10.39亿,103875,0,0%,缩量,104.73万,5.6,6.0,4.0,价升||布林带下轨,布林带下轨支撑,未分类,未分类,未分类,0,20.04,21.41,22.48,24.18,27.81,22.48,17.14,下轨下方,-1.45,-0.72,-1.45,无信号,震荡整理,否,获取公告失败
2026-05-22,600238.SH,*ST椰岛,沪市主板,5.27,2.73%,开,143885,3253,0万元,0,3024.0,5.79亿,57858,0,0%,缩量,23.47万,5.8,6.1,4.2,阳线||布林带下轨,布林带下轨支撑,未分类,未分类,未分类,0,19.25,19.77,20.19,19.97,23.0,20.19,17.39,下轨下方,-0.14,0.21,-0.7,无信号,震荡整理,否,获取公告失败
2026-05-22,605378.SH,野马电池,沪市主板,18.05,1.52%,开,143872,3254,0万元,0,3628.0,2.03亿,20306,0,0%,缩量,47.17万,5.7,6.1,4.1,阳线||布林带下轨,布林带下轨支撑,未分类,未分类,未分类,0,34.5,37.27,39.97,41.86,50.92,39.97,29.01,下轨下方,-2.76,-1.12,-3.27,无信号,震荡整理,否,获取公告失败
2026-05-22,603395.SH,红四方,沪市主板,25.08,0.36%,开,143840,3255,0万元,0,4204.0,1.68亿,16767,0,0%,缩量,16.30万,5.5,6.0,4.0,阳线||布林带下轨,布林带下轨支撑,未分类,未分类,未分类,0,31.98,33.83,35.1,37.85,40.38,35.1,29.83,下轨下方,-1.72,-0.98,-1.48,无信号,震荡整理,否,获取公告失败
2026-05-22,000421.SZ,南京公用,深市主板,6.07,1.17%,开,143813,3256,0万元,0,3798.0,6.32亿,63167,0,0%,缩量,34.86万,5.6,6.1,4.1,阳线||布林带下轨,布林带下轨支撑,未分类,未分类,未分类,0,50.84,52.96,53.86,57.15,62.71,53.86,45.01,下轨下方,-1.97,-0.81,-2.33,死叉,震荡整理,否,获取公告失败
2026-05-22,301507.SZ,民生健康,创业板,13.69,0.88%,开,143701,3257,0万元,0,3928.0,2.88亿,28753,0,0%,缩量,15.07万,5.6,6.0,4.1,阳线||布林带下轨,布林带下轨支撑,未分类,未分类,未分类,0,14.08,14.48,14.62,14.66,15.45,14.62,13.79,下轨下方,-0.16,-0.03,-0.27,无信号,震荡整理,否,获取公告失败
2026-05-22,603908.SH,牧高笛,沪市主板,22.63,2.40%,开,143650,3258,0万元,0,3166.0,1.42亿,14163,0,0%,缩量,21.07万,5.7,6.1,4.2,阳线||布林带下轨,布林带下轨支撑,未分类,未分类,未分类,0,36.27,38.38,39.39,40.0,47.21,39.39,31.57,下轨下方,-1.43,-0.2,-2.46,无信号,震荡整理,否,获取公告失败
2026-05-22,000507.SZ,珠海港,深市主板,5.21,0.39%,开,143516,3259,0万元,0,4159.0,8.01亿,80144,0,0%,缩量,47.01万,5.5,6.0,4.0,阳线||布林带下轨,布林带下轨支撑,未分类,未分类,未分类,0,29.49,30.53,30.97,32.65,35.64,30.97,26.3,下轨下方,-1.07,-0.47,-1.18,死叉,震荡整理,否,获取公告失败
2026-05-22,300729.SZ,乐歌股份,创业板,12.25,1.83%,开,143513,3260,0万元,0,3437.0,2.84亿,28376,0,0%,缩量,40.29万,5.7,6.1,4.1,阳线||布林带下轨,布林带下轨支撑,未分类,未分类,未分类,0,32.32,35.43,36.8,38.38,48.44,36.8,25.17,下轨下方,-2.31,-0.6,-3.43,无信号,震荡整理,否,获取公告失败
2026-05-22,688670.SH,金迪克,科创板,19.31,1.52%,开,143513,3260,0万元,0,3589.0,185.21亿,1852077,0,0%,缩量,23.79万,5.7,6.1,4.1,价升||布林带下轨,布林带下轨支撑,未分类,未分类,未分类,0,26.55,27.23,26.37,26.14,30.88,26.37,21.87,下轨下方,0.03,0.46,-0.87,死叉,震荡整理,否,获取公告失败
2026-05-22,603238.SH,诺邦股份,沪市主板,14.42,1.12%,开,143480,3261,0万元,0,3787.0,2.65亿,26514,0,0%,缩量,25.60万,5.6,6.1,4.1,阳线||布林带下轨,布林带下轨支撑,未分类,未分类,未分类,0,21.75,23.34,24.16,25.56,28.9,24.16,19.43,下轨下方,-1.21,-0.48,-1.47,无信号,震荡整理,否,获取公告失败
2026-05-22,600802.SH,福建水泥,沪市主板,5.4,1.89%,开,143373,3262,0万元,0,3394.0,6.35亿,63516,0,0%,缩量,24.75万,5.7,6.1,4.1,阳线||布林带下轨,布林带下轨支撑,未分类,未分类,未分类,0,15.62,16.46,16.73,17.67,19.17,16.73,14.29,下轨下方,-0.64,-0.28,-0.72,无信号,震荡整理,否,获取公告失败
2026-05-22,600805.SH,悦达投资,沪市主板,4.89,0.82%,开,143363,3263,0万元,0,3924.0,8.05亿,80495,0,0%,缩量,41.58万,5.6,6.0,4.1,阳线||布林带下轨,布林带下轨支撑,未分类,未分类,未分类,0,63.53,65.05,66.76,68.84,71.84,66.76,61.67,下轨下方,-1.61,-0.91,-1.39,无信号,震荡整理,否,获取公告失败
2026-05-22,603856.SH,东宏股份,沪市主板,12.22,0.33%,开,143312,3264,0万元,0,4167.0,3.42亿,34159,0,0%,缩量,34.47万,5.5,6.0,4.0,阳线||布林带下轨,布林带下轨支撑,未分类,未分类,未分类,0,17.75,18.1,18.53,19.17,19.98,18.53,17.08,下轨下方,-0.42,-0.24,-0.38,无信号,震荡整理,否,获取公告失败
2026-05-22,000679.SZ,大连友谊,深市主板,6.77,1.35%,开,143296,3265,0万元,0,3656.0,5.45亿,54454,0,0%,缩量,24.13万,5.6,6.1,4.1,阳线||布林带下轨,布林带下轨支撑,未分类,未分类,未分类,0,33.38,34.12,34.51,34.53,37.06,34.51,31.97,下轨下方,-0.41,0.0,-0.83,无信号,震荡整理,否,获取公告失败
2026-05-22,600128.SH,苏豪弘业,沪市主板,9.55,1.17%,开,143206,3266,0万元,0,3738.0,3.94亿,39402,0,0%,缩量,23.57万,5.6,6.1,4.1,阳线||布林带下轨,布林带下轨支撑,未分类,未分类,未分类,0,25.24,26.27,27.21,28.57,30.56,27.21,23.87,下轨下方,-1.05,-0.56,-0.97,无信号,震荡整理,否,获取公告失败
2026-05-22,000090.SZ,天健集团,深市主板,3.31,1.22%,开,143136,3267,0万元,0,3702.0,11.24亿,112443,0,0%,缩量,61.85万,5.6,6.1,4.1,阳线||布林带下轨,布林带下轨支撑,未分类,未分类,未分类,0,29.58,32.04,33.35,35.0,42.9,33.35,23.8,下轨下方,-2.05,-0.66,-2.79,无信号,震荡整理,否,获取公告失败
2026-05-22,688132.SH,邦彦技术,科创板,17.39,3.57%,开,143067,3268,0万元,0,2520.0,148.05亿,1480492,0,0%,缩量,26.47万,5.9,6.2,4.2,阳线,观望,未分类,未分类,未分类,0,17.54,17.73,17.68,17.62,18.6,17.68,16.76,布林带内,0.03,0.11,-0.17,无信号,震荡整理,否,获取公告失败
2026-05-22,000868.SZ,安凯客车,深市主板,4.12,0.49%,开,143029,3269,0万元,0,4059.0,9.90亿,98952,0,0%,缩量,30.21万,5.5,6.0,4.0,阳线||布林带下轨,布林带下轨支撑,未分类,未分类,未分类,0,21.4,22.61,23.39,24.43,27.17,23.39,19.61,下轨下方,-1.0,-0.42,-1.15,无信号,震荡整理,否,获取公告失败
2026-05-22,301539.SZ,宏鑫科技,创业板,17.62,2.03%,开,142993,3270,0万元,0,3286.0,1.88亿,18828,0,0%,缩量,13.23万,5.7,6.1,4.1,阳线,观望,未分类,未分类,未分类,0,18.05,18.4,18.72,19.62,20.02,18.72,17.43,布林带内,-0.43,-0.32,-0.22,无信号,震荡整理,否,获取公告失败
2026-05-22,605377.SH,华旺科技,沪市主板,9.16,0.88%,开,142975,3271,0万元,0,3857.0,4.21亿,42092,0,0%,缩量,50.99万,5.6,6.0,4.1,阳线||布林带下轨,布林带下轨支撑,未分类,未分类,未分类,0,23.94,26.62,27.54,27.96,36.3,27.54,18.78,下轨下方,-1.62,-0.24,-2.76,无信号,震荡整理,否,获取公告失败
2026-05-22,300366.SZ,ST创意,创业板,5.82,1.39%,开,142928,3272,0万元,0,3596.0,6.21亿,62126,0,0%,缩量,30.88万,5.6,6.1,4.1,阳线||MA5上穿MA10,观望,未分类,未分类,未分类,0,36.06,35.85,34.81,35.96,37.91,34.81,31.71,布林带内,0.27,0.13,0.28,无信号,震荡整理,否,获取公告失败
2026-05-22,600939.SH,重庆建工,沪市主板,2.79,1.82%,开,142894,3273,0万元,0,3377.0,12.29亿,122888,0,0%,缩量,53.08万,5.7,6.1,4.1,阳线||布林带下轨,布林带下轨支撑,未分类,未分类,未分类,0,3.14,3.24,3.26,3.36,3.54,3.26,2.97,下轨下方,-0.06,-0.02,-0.08,无信号,震荡整理,否,获取公告失败
2026-05-22,002211.SZ,ST宏达,深市主板,3.83,1.86%,开,142858,3274,0万元,0,3355.0,8.82亿,88183,0,0%,缩量,16.56万,5.7,6.1,4.1,阳线||多头排列||MA5上穿MA10,多头排列,未分类,未分类,未分类,0,6.04,6.03,5.83,5.71,6.33,5.83,5.33,布林带内,0.1,0.1,-0.0,死叉,多头排列,是,获取公告失败
2026-05-22,002672.SZ,东江环保,深市主板,3.86,1.31%,开,142851,3275,0万元,0,3629.0,9.42亿,94158,0,0%,缩量,34.94万,5.6,6.1,4.1,阳线||布林带下轨,布林带下轨支撑,未分类,未分类,未分类,0,27.46,28.7,29.74,31.76,33.58,29.74,25.9,下轨下方,-1.23,-0.69,-1.08,无信号,震荡整理,否,获取公告失败
2026-05-22,301335.SZ,天元宠物,创业板,23.23,2.47%,开,142831,3276,0万元,0,3048.0,1.33亿,13256,0,0%,缩量,20.33万,5.7,6.1,4.2,阳线||布林带下轨,布林带下轨支撑,未分类,未分类,未分类,0,32.07,33.97,35.73,37.39,42.3,35.73,29.16,下轨下方,-1.81,-0.81,-2.01,无信号,震荡整理,否,获取公告失败
2026-05-22,688184.SH,ST帕瓦,科创板,13.83,2.90%,开,142758,3277,0万元,0,2825.0,206.93亿,2069312,0,0%,缩量,13.90万,5.8,6.1,4.2,阳线,观望,未分类,未分类,未分类,0,16.33,16.68,15.9,13.84,19.21,15.9,12.59,布林带内,0.69,0.97,-0.55,无信号,震荡整理,否,获取公告失败
2026-05-22,002381.SZ,双箭股份,深市主板,6.27,2.12%,开,142666,3278,0万元,0,3208.0,5.19亿,51857,0,0%,缩量,20.09万,5.7,6.1,4.1,阳线||布林带下轨,布林带下轨支撑,未分类,未分类,未分类,0,39.92,41.43,42.3,43.18,47.6,42.3,37.0,下轨下方,-1.13,-0.3,-1.66,无信号,震荡整理,否,获取公告失败
2026-05-22,000668.SZ,*ST荣控,深市主板,17.9,2.87%,开,142657,3279,0万元,0,2829.0,1.61亿,16100,0,0%,缩量,26.28万,5.8,6.1,4.2,阳线||布林带下轨,布林带下轨支撑,未分类,未分类,未分类,0,60.92,63.55,60.3,54.54,72.48,60.3,48.13,下轨下方,1.6,2.92,-2.63,无信号,震荡整理,否,获取公告失败
2026-05-22,002900.SZ,哈三联,深市主板,10.9,1.49%,开,142538,3280,0万元,0,3509.0,3.24亿,32426,0,0%,缩量,17.56万,5.6,6.1,4.1,阳线||布林带下轨,布林带下轨支撑,未分类,未分类,未分类,0,19.21,19.85,19.94,20.57,21.8,19.94,18.08,下轨下方,-0.44,-0.18,-0.52,无信号,震荡整理,否,获取公告失败
2026-05-22,002069.SZ,獐子岛,深市主板,3.59,1.41%,开,142412,3281,0万元,0,3535.0,9.93亿,99254,0,0%,缩量,25.50万,5.6,6.1,4.1,价升||布林带下轨,布林带下轨支撑,未分类,未分类,未分类,0,30.23,31.23,32.02,32.37,36.0,32.02,28.05,下轨下方,-0.84,-0.21,-1.26,无信号,震荡整理,否,获取公告失败
2026-05-22,301105.SZ,鸿铭股份,创业板,55.62,0.47%,开,142408,3282,0万元,0,4006.0,7157.00万,7157,0,0%,缩量,9.14万,5.5,6.0,4.0,价升||布林带下轨,布林带下轨支撑,未分类,未分类,未分类,0,57.98,59.09,59.07,58.55,62.32,59.07,55.82,下轨下方,-0.42,0.06,-0.97,无信号,震荡整理,否,获取公告失败
2026-05-22,301068.SZ,大地海洋,创业板,32.42,0.78%,开,142355,3283,0万元,0,3847.0,1.19亿,11854,0,0%,缩量,32.52万,5.6,6.0,4.1,价升||布林带下轨,布林带下轨支撑,未分类,未分类,未分类,0,52.11,55.51,58.64,55.66,71.85,58.64,45.43,下轨下方,-2.15,0.15,-4.6,无信号,震荡整理,否,获取公告失败
2026-05-22,688357.SH,建龙微纳,科创板,34.43,1.50%,开,142237,3284,0万元,0,3472.0,101.25亿,1012493,0,0%,缩量,34.45万,5.7,6.1,4.1,阳线||布林带下轨,布林带下轨支撑,未分类,未分类,未分类,0,57.31,60.32,63.87,63.72,78.56,63.87,49.18,下轨下方,-2.8,-0.59,-4.41,无信号,震荡整理,否,获取公告失败
2026-05-22,301166.SZ,优宁维,创业板,30.23,1.44%,开,142144,3285,0万元,0,3493.0,1.17亿,11678,0,0%,缩量,17.21万,5.6,6.1,4.1,阳线||布林带下轨,布林带下轨支撑,未分类,未分类,未分类,0,32.23,33.01,33.03,33.47,34.91,33.03,31.15,下轨下方,-0.32,-0.05,-0.54,无信号,震荡整理,否,获取公告失败
2026-05-22,300534.SZ,陇神戎发,创业板,8.54,1.43%,开,142075,3286,0万元,0,3495.0,4.14亿,41387,0,0%,缩量,25.80万,5.6,6.1,4.1,价升,观望,未分类,未分类,未分类,0,0.0,0.0,0.0,0.0,0.0,0.0,0.0,未知,0.0,0.0,0.0,,未知,否,获取公告失败
2026-05-22,603600.SH,永艺股份,沪市主板,11.66,0.09%,开,142069,3287,0万元,0,4164.0,3.61亿,36064,0,0%,缩量,34.98万,5.5,6.0,4.0,阳线||布林带下轨,布林带下轨支撑,未分类,未分类,未分类,0,36.61,37.86,37.89,36.35,41.48,37.89,34.31,下轨下方,-0.06,0.57,-1.26,无信号,震荡整理,否,获取公告失败
2026-05-22,600731.SH,湖南海利,沪市主板,6.01,1.18%,开,142052,3288,0万元,0,3616.0,6.05亿,60538,0,0%,缩量,32.56万,5.6,6.1,4.1,阳线||布林带下轨,布林带下轨支撑,未分类,未分类,未分类,0,46.23,50.02,53.64,58.52,66.62,53.64,40.67,下轨下方,-3.88,-2.06,-3.65,无信号,震荡整理,否,获取公告失败
2026-05-22,688060.SH,云涌科技,科创板,45.25,3.48%,开,141939,3289,0万元,0,2456.0,54.88亿,548762,0,0%,缩量,27.24万,5.8,6.2,4.2,阳线,观望,未分类,未分类,未分类,0,46.01,46.58,47.01,46.8,49.29,47.01,44.74,布林带内,-0.25,0.07,-0.63,无信号,震荡整理,否,获取公告失败
2026-05-22,605339.SH,南侨食品,沪市主板,16.96,1.50%,开,141920,3290,0万元,0,3444.0,2.05亿,20500,0,0%,缩量,71.96万,5.6,6.1,4.1,阳线||MA5上穿MA10,观望,未分类,未分类,未分类,0,17.7,17.65,17.37,17.81,18.11,17.37,16.63,布林带内,0.04,0.0,0.07,无信号,震荡整理,否,获取公告失败
2026-05-22,600195.SH,中牧股份,沪市主板,6.9,0.29%,开,141883,3291,0万元,0,4043.0,5.88亿,58817,0,0%,缩量,70.46万,5.5,6.0,4.0,价升||布林带下轨,布林带下轨支撑,未分类,未分类,未分类,0,39.14,42.28,44.42,46.95,56.77,44.42,32.07,下轨下方,-2.99,-1.2,-3.59,无信号,震荡整理,否,获取公告失败
2026-05-22,300937.SZ,药易购,创业板,24.92,0.65%,开,141821,3292,0万元,0,3859.0,1.56亿,15564,0,0%,缩量,16.16万,5.6,6.0,4.0,阳线||布林带下轨,布林带下轨支撑,未分类,未分类,未分类,0,26.05,26.81,27.71,30.3,30.17,27.71,25.26,下轨下方,-1.23,-1.01,-0.44,无信号,震荡整理,否,获取公告失败
2026-05-22,002367.SZ,康力电梯,深市主板,6.09,0.50%,开,141775,3293,0万元,0,3930.0,6.47亿,64713,0,0%,缩量,48.39万,5.5,6.0,4.0,阳线||布林带下轨,布林带下轨支撑,未分类,未分类,未分类,0,53.54,55.26,56.2,60.75,63.04,56.2,49.35,下轨下方,-2.0,-1.23,-1.55,死叉,震荡整理,否,获取公告失败
2026-05-22,605268.SH,王力安防,沪市主板,11.03,0.64%,开,141773,3294,0万元,0,3858.0,3.51亿,35064,0,0%,缩量,48.59万,5.6,6.0,4.0,阳线||布林带下轨,布林带下轨支撑,未分类,未分类,未分类,0,12.07,12.54,13.38,13.5,15.53,13.38,11.23,下轨下方,-0.49,-0.24,-0.51,无信号,震荡整理,否,获取公告失败
2026-05-22,300824.SZ,北鼎股份,创业板,9.12,1.11%,开,141663,3295,0万元,0,3612.0,3.98亿,39774,0,0%,缩量,28.86万,5.6,6.1,4.1,阳线,观望,未分类,未分类,未分类,0,0.0,0.0,0.0,0.0,0.0,0.0,0.0,未知,0.0,0.0,0.0,,未知,否,获取公告失败
2026-05-22,000726.SZ,鲁  泰Ａ,深市主板,5.99,0.84%,开,141638,3296,0万元,0,3743.0,6.27亿,62717,0,0%,缩量,35.30万,5.6,6.0,4.1,阳线||布林带下轨,布林带下轨支撑,未分类,未分类,未分类,0,50.69,52.49,53.75,56.29,59.48,53.75,48.02,下轨下方,-1.77,-0.96,-1.63,无信号,震荡整理,否,获取公告失败
2026-05-22,300527.SZ,ST应急,创业板,7.89,0.90%,开,141595,3297,0万元,0,3712.0,4.71亿,47147,0,0%,缩量,80.22万,5.6,6.0,4.1,阳线||布林带下轨,布林带下轨支撑,未分类,未分类,未分类,0,15.83,15.94,16.2,16.46,16.98,16.2,15.42,下轨下方,-0.21,-0.12,-0.19,无信号,震荡整理,否,获取公告失败
2026-05-22,301229.SZ,纽泰格,创业板,16.62,0.36%,开,141581,3298,0万元,0,3977.0,2.41亿,24070,0,0%,缩量,21.49万,5.5,6.0,4.0,价升||布林带下轨,布林带下轨支撑,未分类,未分类,未分类,0,30.38,32.49,33.51,35.93,41.71,33.51,25.3,下轨下方,-1.97,-0.82,-2.3,无信号,震荡整理,否,获取公告失败
2026-05-22,603048.SH,浙江黎明,沪市主板,22.41,0.67%,开,141559,3299,0万元,0,3819.0,1.71亿,17149,0,0%,缩量,32.92万,5.6,6.0,4.0,阳线,观望,未分类,未分类,未分类,0,0.0,0.0,0.0,0.0,0.0,0.0,0.0,未知,0.0,0.0,0.0,,未知,否,获取公告失败
2026-05-22,301102.SZ,兆讯传媒,创业板,10.82,1.12%,开,141477,3300,0万元,0,3587.0,3.33亿,33325,0,0%,缩量,43.93万,5.6,6.1,4.1,价升||布林带下轨,布林带下轨支撑,未分类,未分类,未分类,0,20.34,21.72,22.17,22.97,27.57,22.17,16.77,下轨下方,-1.0,-0.22,-1.55,无信号,震荡整理,否,获取公告失败
2026-05-22,301103.SZ,何氏眼科,创业板,18.3,0.99%,开,141426,3301,0万元,0,3646.0,2.01亿,20098,0,0%,缩量,22.26万,5.6,6.0,4.1,价升||布林带下轨,布林带下轨支撑,未分类,未分类,未分类,0,25.31,26.65,27.55,28.55,32.13,27.55,22.97,下轨下方,-1.1,-0.41,-1.39,无信号,震荡整理,否,获取公告失败
2026-05-22,603109.SH,神驰机电,沪市主板,21.12,1.10%,开,141385,3302,0万元,0,3588.0,1.71亿,17085,0,0%,缩量,44.11万,5.6,6.1,4.1,阳线||布林带下轨,布林带下轨支撑,未分类,未分类,未分类,0,30.09,31.74,33.27,34.73,39.64,33.27,26.9,下轨下方,-1.56,-0.66,-1.81,无信号,震荡整理,否,获取公告失败
2026-05-22,688105.SH,诺唯赞,科创板,20.13,0.55%,开,141357,3303,0万元,0,3861.0,191.77亿,1917695,0,0%,缩量,80.06万,5.6,6.0,4.0,价升||多头排列||布林带下轨||MA5上穿MA10,多头排列;布林带下轨支撑,未分类,未分类,未分类,0,21.99,21.98,21.77,21.68,23.18,21.77,20.37,下轨下方,0.04,0.14,-0.2,死叉,多头排列,是,获取公告失败
2026-05-22,002836.SZ,新宏泽,深市主板,12.28,2.25%,开,141300,3304,0万元,0,3006.0,2.46亿,24596,0,0%,缩量,28.29万,5.7,6.1,4.1,阳线||布林带下轨,布林带下轨支撑,未分类,未分类,未分类,0,37.65,39.61,41.0,43.27,48.84,41.0,33.17,下轨下方,-1.92,-0.79,-2.27,无信号,震荡整理,否,获取公告失败
2026-05-22,603580.SH,*ST艾艾,沪市主板,24.56,0.57%,开,141236,3305,0万元,0,3837.0,1.56亿,15566,0,0%,缩量,32.09万,5.6,6.0,4.0,阳线,观望,未分类,未分类,未分类,0,47.75,50.01,46.04,38.33,58.55,46.04,33.54,布林带内,2.29,3.55,-2.51,无信号,震荡整理,否,获取公告失败
2026-05-22,300388.SZ,节能国祯,创业板,7.93,0.25%,开,141184,3306,0万元,0,3992.0,5.03亿,50292,0,0%,缩量,54.01万,5.5,6.0,4.0,价升||布林带下轨,布林带下轨支撑,未分类,未分类,未分类,0,49.38,50.75,50.7,51.01,54.7,50.7,46.7,下轨下方,-0.43,0.18,-1.22,无信号,震荡整理,否,获取公告失败
2026-05-22,603536.SH,惠发食品,沪市主板,9.8,1.34%,开,141161,3307,0万元,0,3444.0,3.55亿,35468,0,0%,缩量,23.57万,5.6,6.1,4.1,阳线||布林带下轨,布林带下轨支撑,未分类,未分类,未分类,0,18.96,19.87,20.22,20.33,23.41,20.22,17.04,下轨下方,-0.55,-0.04,-1.02,无信号,震荡整理,否,获取公告失败
2026-05-22,603811.SH,诚意药业,沪市主板,11.11,0.54%,开,141054,3308,0万元,0,3834.0,3.46亿,34637,0,0%,缩量,36.36万,5.6,6.0,4.0,价升||布林带下轨,布林带下轨支撑,未分类,未分类,未分类,0,42.11,46.52,48.97,50.12,64.75,48.97,33.2,下轨下方,-3.33,-0.88,-4.91,无信号,震荡整理,否,获取公告失败
2026-05-22,301303.SZ,真兰仪表,创业板,14.24,1.86%,开,141038,3309,0万元,0,3174.0,2.25亿,22538,0,0%,缩量,14.55万,5.7,6.1,4.1,阳线||布林带下轨,布林带下轨支撑,未分类,未分类,未分类,0,19.79,20.76,21.9,22.71,26.0,21.9,17.79,下轨下方,-1.07,-0.5,-1.15,无信号,震荡整理,否,获取公告失败
2026-05-22,688151.SH,华强科技,科创板,19.04,0.85%,开,140967,3310,0万元,0,3673.0,194.06亿,1940621,0,0%,缩量,65.59万,5.6,6.0,4.1,阳线||布林带下轨,布林带下轨支撑,未分类,未分类,未分类,0,19.79,20.34,20.57,21.48,21.99,20.57,19.14,下轨下方,-0.43,-0.28,-0.31,无信号,震荡整理,否,获取公告失败
2026-05-22,301584.SZ,建发致新,创业板,24.27,0.08%,开,140962,3311,0万元,0,4055.0,1.67亿,16709,0,0%,缩量,13.04万,5.5,6.0,4.0,阳线,观望,未分类,未分类,未分类,0,24.79,25.52,26.08,27.37,27.91,26.08,24.24,布林带内,-0.76,-0.56,-0.4,无信号,震荡整理,否,获取公告失败
2026-05-22,300892.SZ,品渥食品,创业板,24.99,1.46%,开,140898,3312,0万元,0,3359.0,1.35亿,13542,0,0%,缩量,16.13万,5.6,6.1,4.1,阳线||布林带下轨,布林带下轨支撑,未分类,未分类,未分类,0,25.99,26.78,27.64,28.59,30.04,27.64,25.25,下轨下方,-0.77,-0.46,-0.63,无信号,震荡整理,否,获取公告失败
2026-05-22,600319.SH,亚星化学,沪市主板,7.81,2.09%,开,140797,3313,0万元,0,3034.0,3.92亿,39157,0,0%,缩量,30.28万,5.7,6.1,4.1,阳线||布林带下轨,布林带下轨支撑,未分类,未分类,未分类,0,10.85,11.34,11.31,11.32,12.78,11.31,9.83,下轨下方,-0.13,0.09,-0.46,无信号,震荡整理,否,获取公告失败
2026-05-22,601928.SH,凤凰传媒,沪市主板,9.07,0.11%,开,140781,3314,0万元,0,4023.0,4.42亿,44167,0,0%,缩量,230.82万,5.5,6.0,4.0,价升||布林带下轨,布林带下轨支撑,未分类,未分类,未分类,0,12.8,13.24,13.52,13.92,15.07,13.52,11.97,下轨下方,-0.4,-0.18,-0.46,无信号,震荡整理,否,获取公告失败
2026-05-22,600463.SH,空港股份,沪市主板,10.32,0.68%,开,140724,3315,0万元,0,3731.0,3.64亿,36402,0,0%,缩量,30.96万,5.6,6.0,4.0,阳线||布林带下轨,布林带下轨支撑,未分类,未分类,未分类,0,27.3,28.63,28.6,28.43,32.23,28.6,24.96,下轨下方,-0.36,0.21,-1.14,无信号,震荡整理,否,获取公告失败
2026-05-22,603168.SH,莎普爱思,沪市主板,6.19,1.14%,开,140718,3316,0万元,0,3500.0,5.70亿,57004,0,0%,缩量,23.06万,5.6,6.1,4.1,阳线||布林带下轨,布林带下轨支撑,未分类,未分类,未分类,0,31.9,32.72,33.28,34.83,35.67,33.28,30.88,下轨下方,-0.84,-0.53,-0.62,无信号,震荡整理,否,获取公告失败
2026-05-22,600620.SH,天宸股份,沪市主板,5.11,1.59%,开,140602,3317,0万元,0,3265.0,6.41亿,64096,0,0%,缩量,35.09万,5.7,6.1,4.1,价升||布林带下轨,布林带下轨支撑,未分类,未分类,未分类,0,1744.7,1987.93,2187.33,2459.74,3174.48,2187.33,1200.17,下轨下方,-259.11,-122.56,-273.1,无信号,震荡整理,否,获取公告失败
2026-05-22,600371.SH,万向德农,沪市主板,8.05,1.39%,开,140506,3318,0万元,0,3358.0,4.23亿,42297,0,0%,缩量,23.55万,5.6,6.1,4.1,阳线||布林带下轨,布林带下轨支撑,未分类,未分类,未分类,0,29.78,31.31,32.38,33.78,38.08,32.38,26.67,下轨下方,-1.37,-0.51,-1.72,无信号,震荡整理,否,获取公告失败
2026-05-22,600668.SH,尖峰集团,沪市主板,8.45,0.60%,开,140496,3319,0万元,0,3752.0,4.46亿,44643,0,0%,缩量,34.89万,5.6,6.0,4.0,阳线||布林带下轨,布林带下轨支撑,未分类,未分类,未分类,0,60.57,64.73,72.38,77.86,92.79,72.38,51.98,下轨下方,-6.19,-3.66,-5.07,无信号,震荡整理,否,获取公告失败
2026-05-22,300411.SZ,金盾股份,创业板,9.9,0.20%,开,140482,3320,0万元,0,3947.0,3.99亿,39858,0,0%,缩量,30.60万,5.5,6.0,4.0,阳线,观望,未分类,未分类,未分类,0,36.3,36.77,37.25,38.91,38.89,37.25,35.61,布林带内,-0.64,-0.53,-0.21,无信号,震荡整理,否,获取公告失败
2026-05-22,002102.SZ,ST能特,深市主板,2.37,1.28%,开,140420,3321,0万元,0,3401.0,14.38亿,143828,0,0%,缩量,51.50万,5.6,6.1,4.1,阳线,观望,未分类,未分类,未分类,0,22.24,22.92,23.85,28.06,27.11,23.85,20.59,布林带内,-1.47,-1.46,-0.03,无信号,震荡整理,否,获取公告失败
2026-05-22,688293.SH,奥浦迈,科创板,45.65,0.68%,开,140358,3322,0万元,0,3694.0,81.07亿,810685,0,0%,缩量,51.96万,5.6,6.0,4.0,价升||布林带下轨,布林带下轨支撑,未分类,未分类,未分类,0,62.48,65.95,69.84,69.67,83.26,69.84,56.41,下轨下方,-3.21,-1.06,-4.3,无信号,震荡整理,否,获取公告失败
2026-05-22,600833.SH,第一医药,沪市主板,11.22,0.54%,开,140148,3323,0万元,0,3746.0,3.36亿,33571,0,0%,缩量,25.03万,5.6,6.0,4.0,阳线||MACD金叉,MACD金叉,未分类,未分类,未分类,0,73.37,73.99,74.13,75.55,78.59,74.13,69.66,布林带内,-0.19,-0.27,0.18,金叉,震荡整理,否,获取公告失败
2026-05-22,688393.SH,安必平,科创板,24.44,2.78%,开,140097,3324,0万元,0,2622.0,108.88亿,1088801,0,0%,缩量,22.87万,5.8,6.1,4.2,阳线,观望,未分类,未分类,未分类,0,25.28,25.5,25.25,25.44,26.72,25.25,23.77,布林带内,0.02,0.11,-0.18,无信号,震荡整理,否,获取公告失败
2026-05-22,000153.SZ,丰原药业,深市主板,6.0,1.01%,开,139920,3325,0万元,0,3487.0,5.84亿,58380,0,0%,缩量,27.53万,5.6,6.1,4.1,阳线||布林带下轨,布林带下轨支撑,未分类,未分类,未分类,0,45.33,48.85,50.88,53.11,63.41,50.88,38.36,下轨下方,-2.97,-1.06,-3.82,无信号,震荡整理,否,获取公告失败
2026-05-22,300425.SZ,中建环能,创业板,4.57,0.22%,开,139916,3326,0万元,0,3882.0,8.52亿,85202,0,0%,缩量,31.11万,5.5,6.0,4.0,价升||布林带下轨,布林带下轨支撑,未分类,未分类,未分类,0,40.5,41.35,42.33,43.29,45.52,42.33,39.13,下轨下方,-0.88,-0.4,-0.94,无信号,震荡整理,否,获取公告失败
2026-05-22,603137.SH,恒尚节能,沪市主板,13.59,1.95%,开,139892,3327,0万元,0,3014.0,2.25亿,22469,0,0%,缩量,24.86万,5.7,6.1,4.1,阳线||布林带下轨,布林带下轨支撑,未分类,未分类,未分类,0,18.29,19.04,19.23,19.48,22.02,19.23,16.43,下轨下方,-0.44,-0.02,-0.84,无信号,震荡整理,否,获取公告失败
2026-05-22,000820.SZ,*ST节能,深市主板,3.82,3.24%,开,139846,3328,0万元,0,2363.0,6.29亿,62943,0,0%,缩量,11.34万,5.8,6.2,4.2,阳线||布林带下轨,布林带下轨支撑,未分类,未分类,未分类,0,6.66,7.02,7.02,6.74,8.3,7.02,5.75,下轨下方,-0.09,0.11,-0.4,无信号,震荡整理,否,获取公告失败
2026-05-22,301311.SZ,昆船智能,创业板,16.1,1.45%,开,139816,3329,0万元,0,3257.0,2.04亿,20417,0,0%,缩量,38.64万,5.6,6.1,4.1,阳线||布林带下轨,布林带下轨支撑,未分类,未分类,未分类,0,16.43,16.7,16.87,17.44,17.57,16.87,16.18,下轨下方,-0.22,-0.14,-0.17,无信号,震荡整理,否,获取公告失败
2026-05-22,600239.SH,ST云城,沪市主板,1.54,2.67%,开,139773,3330,0万元,0,2644.0,17.37亿,173700,0,0%,缩量,24.73万,5.8,6.1,4.2,阳线||布林带下轨,布林带下轨支撑,未分类,未分类,未分类,0,31.01,32.9,36.47,42.26,45.74,36.47,27.2,下轨下方,-3.44,-2.63,-1.63,无信号,震荡整理,否,获取公告失败
2026-05-22,600622.SH,光大嘉宝,沪市主板,2.5,0.81%,开,139762,3331,0万元,0,3573.0,14.38亿,143807,0,0%,缩量,37.49万,5.6,6.0,4.1,阳线||布林带下轨,布林带下轨支撑,未分类,未分类,未分类,0,360.55,405.55,425.99,446.69,611.39,425.99,240.6,下轨下方,-34.61,-7.51,-54.2,无信号,震荡整理,否,获取公告失败
2026-05-22,002790.SZ,瑞尔特,深市主板,6.88,1.47%,开,139684,3332,0万元,0,3231.0,4.77亿,47652,0,0%,缩量,17.94万,5.6,6.1,4.1,阳线||布林带下轨,布林带下轨支撑,未分类,未分类,未分类,0,20.44,21.9,23.0,24.39,28.6,23.0,17.41,下轨下方,-1.44,-0.63,-1.61,无信号,震荡整理,否,获取公告失败
2026-05-22,000897.SZ,津滨发展,深市主板,1.98,1.02%,开,139412,3333,0万元,0,3431.0,17.43亿,174327,0,0%,缩量,32.02万,5.6,6.1,4.1,阳线||布林带下轨,布林带下轨支撑,未分类,未分类,未分类,0,11.85,12.55,12.92,13.31,15.1,12.92,10.74,下轨下方,-0.5,-0.16,-0.7,无信号,震荡整理,否,获取公告失败
2026-05-22,002700.SZ,万憬能源,深市主板,7.01,2.19%,开,139372,3334,0万元,0,2844.0,4.12亿,41150,0,0%,缩量,15.06万,5.7,6.1,4.1,阳线,观望,未分类,未分类,未分类,0,43.08,43.5,42.93,42.87,45.22,42.93,40.63,布林带内,0.19,0.36,-0.35,无信号,震荡整理,否,获取公告失败
2026-05-22,600712.SH,南宁百货,沪市主板,5.96,0.34%,开,139343,3335,0万元,0,3766.0,6.34亿,63370,0,0%,缩量,32.10万,5.5,6.0,4.0,阳线||布林带下轨,布林带下轨支撑,未分类,未分类,未分类,0,35.99,37.14,37.29,37.89,41.68,37.29,32.91,下轨下方,-0.64,-0.04,-1.21,无信号,震荡整理,否,获取公告失败
2026-05-22,300949.SZ,奥雅股份,创业板,38.88,1.22%,开,139308,3336,0万元,0,3319.0,8561.00万,8561,0,0%,缩量,13.34万,5.6,6.1,4.1,阳线,观望,未分类,未分类,未分类,0,39.91,40.49,40.09,39.98,42.57,40.09,37.62,布林带内,0.1,0.31,-0.42,无信号,震荡整理,否,获取公告失败
2026-05-22,002852.SZ,道道全,深市主板,8.44,1.08%,开,139269,3337,0万元,0,3388.0,4.04亿,40368,0,0%,缩量,24.12万,5.6,6.1,4.1,阳线,观望,未分类,未分类,未分类,0,0.0,0.0,0.0,0.0,0.0,0.0,0.0,未知,0.0,0.0,0.0,,未知,否,获取公告失败
2026-05-22,002789.SZ,*ST建艺,深市主板,13.23,1.93%,开,139250,3338,0万元,0,2962.0,2.27亿,22741,0,0%,缩量,20.70万,5.7,6.1,4.1,阳线,观望,未分类,未分类,未分类,0,23.21,23.94,23.29,21.12,25.45,23.29,21.14,布林带内,0.45,0.68,-0.45,无信号,震荡整理,否,获取公告失败
2026-05-22,002103.SZ,广博股份,深市主板,7.38,0.68%,开,139120,3339,0万元,0,3571.0,4.85亿,48497,0,0%,缩量,28.64万,5.6,6.0,4.0,阳线,观望,未分类,未分类,未分类,0,17.25,17.63,17.94,18.92,18.98,17.94,16.91,布林带内,-0.41,-0.34,-0.14,无信号,震荡整理,否,获取公告失败
2026-05-22,605138.SH,盛泰集团,沪市主板,7.6,1.06%,开,139079,3340,0万元,0,3376.0,4.47亿,44666,0,0%,缩量,42.22万,5.6,6.1,4.1,阳线,观望,未分类,未分类,未分类,0,8.15,8.33,8.16,7.75,8.97,8.16,7.36,布林带内,0.13,0.21,-0.16,无信号,震荡整理,否,获取公告失败
2026-05-22,600817.SH,宇通重工,沪市主板,10.25,1.18%,开,139073,3341,0万元,0,3315.0,3.26亿,32571,0,0%,缩量,54.25万,5.6,6.1,4.1,阳线||布林带下轨,布林带下轨支撑,未分类,未分类,未分类,0,43.29,46.09,49.61,51.04,60.49,49.61,38.72,下轨下方,-2.94,-1.35,-3.16,无信号,震荡整理,否,获取公告失败
2026-05-22,603280.SH,南方路机,沪市主板,30.95,1.01%,开,138938,3342,0万元,0,3388.0,1.10亿,10987,0,0%,缩量,33.55万,5.6,6.1,4.1,阳线||布林带下轨,布林带下轨支撑,未分类,未分类,未分类,0,32.33,33.33,34.21,36.14,36.83,34.21,31.6,下轨下方,-1.07,-0.75,-0.63,无信号,震荡整理,否,获取公告失败
2026-05-22,300993.SZ,玉马科技,创业板,11.54,1.14%,开,138936,3343,0万元,0,3324.0,2.89亿,28903,0,0%,缩量,27.91万,5.6,6.1,4.1,阳线||布林带下轨,布林带下轨支撑,未分类,未分类,未分类,0,25.58,28.04,29.06,30.57,37.41,29.06,20.7,下轨下方,-1.81,-0.54,-2.53,无信号,震荡整理,否,获取公告失败
2026-05-22,002742.SZ,三圣股份,深市主板,4.45,0.68%,开,138923,3344,0万元,0,3553.0,8.05亿,80455,0,0%,缩量,23.32万,5.6,6.0,4.0,阳线||布林带下轨,布林带下轨支撑,未分类,未分类,未分类,0,22.72,23.7,24.02,23.25,26.23,24.02,21.81,下轨下方,-0.28,0.15,-0.85,无信号,震荡整理,否,获取公告失败
2026-05-22,002574.SZ,明牌珠宝,深市主板,5.33,1.33%,开,138903,3345,0万元,0,3225.0,6.08亿,60806,0,0%,缩量,28.14万,5.6,6.1,4.1,阳线||布林带下轨,布林带下轨支撑,未分类,未分类,未分类,0,13.16,13.51,13.57,13.98,14.54,13.57,12.61,下轨下方,-0.21,-0.08,-0.25,无信号,震荡整理,否,获取公告失败
2026-05-22,600223.SH,福瑞达,沪市主板,6.2,0.32%,开,138798,3346,0万元,0,3718.0,6.02亿,60193,0,0%,缩量,63.03万,5.5,6.0,4.0,价升||布林带下轨,布林带下轨支撑,未分类,未分类,未分类,0,11.81,12.43,12.79,13.34,14.66,12.79,10.92,下轨下方,-0.51,-0.23,-0.56,无信号,震荡整理,否,获取公告失败
2026-05-22,002122.SZ,ST汇洲,深市主板,2.86,1.06%,开,138790,3347,0万元,0,3349.0,11.77亿,117658,0,0%,缩量,56.85万,5.6,6.1,4.1,阳线||布林带下轨,布林带下轨支撑,未分类,未分类,未分类,0,26.16,26.46,26.89,27.24,28.37,26.89,25.42,下轨下方,-0.39,-0.18,-0.42,无信号,震荡整理,否,获取公告失败
2026-05-22,301138.SZ,华研精机,创业板,31.97,1.52%,开,138741,3348,0万元,0,3112.0,9789.00万,9789,0,0%,缩量,21.92万,5.7,6.1,4.1,阳线||布林带下轨,布林带下轨支撑,未分类,未分类,未分类,0,34.49,35.18,36.31,38.9,40.39,36.31,32.22,下轨下方,-1.41,-1.13,-0.56,无信号,震荡整理,否,获取公告失败
2026-05-22,301009.SZ,可靠股份,创业板,10.32,1.98%,开,138671,3349,0万元,0,2879.0,2.83亿,28314,0,0%,缩量,15.59万,5.7,6.1,4.1,阳线,观望,未分类,未分类,未分类,0,10.61,10.88,11.24,11.9,12.2,11.24,10.28,布林带内,-0.37,-0.28,-0.18,无信号,震荡整理,否,获取公告失败
2026-05-22,603350.SH,安乃达,沪市主板,34.59,0.12%,开,138668,3350,0万元,0,3809.0,1.11亿,11120,0,0%,缩量,15.26万,5.5,6.0,4.0,阳线,观望,未分类,未分类,未分类,0,0.0,0.0,0.0,0.0,0.0,0.0,0.0,未知,0.0,0.0,0.0,,未知,否,获取公告失败
2026-05-22,603325.SH,博隆技术,沪市主板,58.16,0.10%,开,138596,3351,0万元,0,3808.0,6600.00万,6600,0,0%,缩量,19.88万,5.5,6.0,4.0,阳线||布林带下轨,布林带下轨支撑,未分类,未分类,未分类,0,71.23,74.09,79.19,88.99,95.19,79.19,63.19,下轨下方,-5.65,-4.38,-2.54,无信号,震荡整理,否,获取公告失败
2026-05-22,600796.SH,钱江生化,沪市主板,5.52,0.91%,开,138590,3352,0万元,0,3402.0,6.20亿,62041,0,0%,缩量,17.19万,5.6,6.0,4.1,阳线||布林带下轨,布林带下轨支撑,未分类,未分类,未分类,0,46.01,48.91,51.31,55.13,60.37,51.31,42.26,下轨下方,-2.85,-1.53,-2.65,无信号,震荡整理,否,获取公告失败
2026-05-22,000707.SZ,双环科技,深市主板,5.28,0.96%,开,138560,3353,0万元,0,3378.0,6.44亿,64388,0,0%,缩量,29.08万,5.6,6.0,4.1,价升||布林带下轨,布林带下轨支撑,未分类,未分类,未分类,0,16.53,17.58,18.47,19.64,21.73,18.47,15.21,下轨下方,-0.96,-0.49,-0.94,无信号,震荡整理,否,获取公告失败
2026-05-22,600738.SH,丽尚国潮,沪市主板,4.36,0.93%,开,138539,3354,0万元,0,3391.0,7.82亿,78186,0,0%,缩量,33.17万,5.6,6.0,4.1,价升||布林带下轨,布林带下轨支撑,未分类,未分类,未分类,0,38.07,40.47,42.05,43.8,51.14,42.05,32.95,下轨下方,-2.13,-0.77,-2.7,无信号,震荡整理,否,获取公告失败
2026-05-22,600997.SH,开滦股份,沪市主板,5.28,0.76%,开,138526,3355,0万元,0,3471.0,6.59亿,65927,0,0%,缩量,83.84万,5.6,6.0,4.1,阳线,观望,未分类,未分类,未分类,0,0.0,0.0,0.0,0.0,0.0,0.0,0.0,未知,0.0,0.0,0.0,,未知,否,获取公告失败
2026-05-22,600613.SH,神奇制药,沪市主板,5.43,1.88%,开,138470,3356,0万元,0,2909.0,5.38亿,53793,0,0%,缩量,26.03万,5.7,6.1,4.1,阳线||布林带下轨,布林带下轨支撑,未分类,未分类,未分类,0,136.41,154.24,165.16,179.35,237.55,165.16,92.78,下轨下方,-16.61,-6.17,-20.88,无信号,震荡整理,否,获取公告失败
2026-05-22,300441.SZ,鲍斯股份,创业板,6.63,1.07%,开,138425,3357,0万元,0,3309.0,5.00亿,50048,0,0%,缩量,41.50万,5.6,6.1,4.1,价升||布林带下轨,布林带下轨支撑,未分类,未分类,未分类,0,49.4,50.81,51.94,54.28,56.45,51.94,47.42,下轨下方,-1.45,-0.83,-1.23,无信号,震荡整理,否,获取公告失败
2026-05-22,002307.SZ,北新路桥,深市主板,4.14,0.73%,开,138389,3358,0万元,0,3474.0,8.41亿,84132,0,0%,缩量,52.51万,5.6,6.0,4.0,阳线,观望,未分类,未分类,未分类,0,17.59,17.87,18.26,19.72,19.37,18.26,17.15,布林带内,-0.53,-0.5,-0.08,无信号,震荡整理,否,获取公告失败
2026-05-22,603729.SH,ST龙韵,沪市主板,13.55,2.42%,开,138333,3359,0万元,0,2624.0,1.96亿,19574,0,0%,缩量,12.49万,5.7,6.1,4.2,阳线,观望,未分类,未分类,未分类,0,19.6,19.87,21.51,23.75,25.51,21.51,17.52,布林带内,-1.29,-1.15,-0.29,无信号,震荡整理,否,获取公告失败
2026-05-22,300268.SZ,佳沃食品,创业板,13.38,1.13%,开,138178,3360,0万元,0,3251.0,2.44亿,24405,0,0%,缩量,17.89万,5.6,6.1,4.1,阳线,观望,未分类,未分类,未分类,0,27.76,28.47,28.21,28.11,29.7,28.21,26.72,布林带内,-0.05,0.13,-0.37,无信号,震荡整理,否,获取公告失败
2026-05-22,301151.SZ,冠龙节能,创业板,17.13,0.41%,开,138081,3361,0万元,0,3603.0,2.12亿,21158,0,0%,缩量,28.92万,5.5,6.0,4.0,阳线||布林带下轨,布林带下轨支撑,未分类,未分类,未分类,0,18.45,18.7,18.98,20.03,20.27,18.98,17.7,下轨下方,-0.45,-0.35,-0.2,无信号,震荡整理,否,获取公告失败
2026-05-22,301331.SZ,恩威医药,创业板,26.29,2.38%,开,138066,3362,0万元,0,2619.0,1.01亿,10104,0,0%,缩量,26.98万,5.7,6.1,4.2,阳线||布林带下轨,布林带下轨支撑,未分类,未分类,未分类,0,38.64,40.69,41.51,42.36,48.83,41.51,34.2,下轨下方,-1.4,-0.28,-2.24,无信号,震荡整理,否,获取公告失败
2026-05-22,601279.SH,英利汽车,沪市主板,3.73,0.81%,开,138064,3363,0万元,0,3401.0,9.23亿,92350,0,0%,缩量,59.15万,5.6,6.0,4.1,阳线,观望,未分类,未分类,未分类,0,3.79,3.85,3.91,4.14,4.11,3.91,3.71,布林带内,-0.08,-0.07,-0.03,无信号,震荡整理,否,获取公告失败
2026-05-22,301287.SZ,康力源,创业板,41.98,1.60%,开,138036,3364,0万元,0,3005.0,7237.00万,7237,0,0%,缩量,7.15万,5.7,6.1,4.1,阳线,观望,未分类,未分类,未分类,0,43.3,44.38,44.15,43.79,47.49,44.15,40.81,布林带内,-0.1,0.28,-0.75,无信号,震荡整理,否,获取公告失败
2026-05-22,600774.SH,汉商集团,沪市主板,8.06,1.77%,开,138008,3365,0万元,0,2917.0,3.65亿,36472,0,0%,缩量,23.77万,5.7,6.1,4.1,阳线||布林带下轨,布林带下轨支撑,未分类,未分类,未分类,0,47.24,49.31,50.93,54.19,57.73,50.93,44.13,下轨下方,-2.12,-1.14,-1.96,无信号,震荡整理,否,获取公告失败
2026-05-22,688078.SH,龙软科技,科创板,25.8,2.87%,开,137984,3366,0万元,0,2363.0,92.99亿,929871,0,0%,缩量,18.81万,5.8,6.1,4.2,阳线,观望,未分类,未分类,未分类,0,27.43,27.84,27.76,27.5,29.9,27.76,25.62,布林带内,0.03,0.27,-0.47,无信号,震荡整理,否,获取公告失败
2026-05-22,603018.SH,华设集团,沪市主板,7.32,0.27%,开,137979,3367,0万元,0,3661.0,5.02亿,50206,0,0%,缩量,50.05万,5.5,6.0,4.0,阳线||布林带下轨,布林带下轨支撑,未分类,未分类,未分类,0,51.67,55.52,56.99,58.79,73.32,56.99,40.66,下轨下方,-2.87,-0.5,-4.74,无信号,震荡整理,否,获取公告失败
2026-05-22,000985.SZ,大庆华科,深市主板,18.26,1.44%,开,137962,3368,0万元,0,3074.0,1.71亿,17052,0,0%,缩量,23.67万,5.6,6.1,4.1,阳线||布林带下轨,布林带下轨支撑,未分类,未分类,未分类,0,28.68,29.91,30.82,31.84,35.02,30.82,26.62,下轨下方,-1.0,-0.35,-1.3,无信号,震荡整理,否,获取公告失败
2026-05-22,600097.SH,开创国际,沪市主板,9.76,1.88%,开,137804,3369,0万元,0,2841.0,2.94亿,29445,0,0%,缩量,23.52万,5.7,6.1,4.1,阳线||布林带下轨,布林带下轨支撑,未分类,未分类,未分类,0,14.67,15.44,16.14,17.2,19.19,16.14,13.08,下轨下方,-0.86,-0.43,-0.84,无信号,震荡整理,否,获取公告失败
2026-05-22,300338.SZ,*ST开元,创业板,3.21,1.26%,开,137799,3370,0万元,0,3149.0,9.80亿,98015,0,0%,缩量,11.23万,5.6,6.1,4.1,阳线||布林带下轨,布林带下轨支撑,未分类,未分类,未分类,0,15.38,15.91,16.32,17.1,17.77,16.32,14.87,下轨下方,-0.51,-0.3,-0.42,无信号,震荡整理,否,获取公告失败
2026-05-22,603326.SH,XD我乐家,沪市主板,7.95,1.92%,开,137795,3371,0万元,0,2818.0,3.58亿,35783,0,0%,缩量,25.37万,5.7,6.1,4.1,阳线,观望,未分类,未分类,未分类,0,0.0,0.0,0.0,0.0,0.0,0.0,0.0,未知,0.0,0.0,0.0,,未知,否,获取公告失败
2026-05-22,600825.SH,新华传媒,沪市主板,5.42,0.74%,开,137777,3372,0万元,0,3406.0,6.33亿,63293,0,0%,缩量,56.63万,5.6,6.0,4.0,价升||布林带下轨,布林带下轨支撑,未分类,未分类,未分类,0,65.1,66.83,67.86,69.45,72.24,67.86,63.48,下轨下方,-1.36,-0.68,-1.35,无信号,震荡整理,否,获取公告失败
2026-05-22,601968.SH,宝钢包装,沪市主板,4.64,0.43%,开,137764,3373,0万元,0,3560.0,7.73亿,77336,0,0%,缩量,59.20万,5.5,6.0,4.0,阳线||布林带下轨,布林带下轨支撑,未分类,未分类,未分类,0,5.28,5.5,5.68,5.97,6.28,5.68,5.08,下轨下方,-0.2,-0.11,-0.17,无信号,震荡整理,否,获取公告失败
2026-05-22,603708.SH,家家悦,沪市主板,9.88,0.61%,开,137744,3374,0万元,0,3469.0,3.52亿,35166,0,0%,缩量,63.07万,5.6,6.0,4.0,阳线||布林带下轨,布林带下轨支撑,未分类,未分类,未分类,0,19.68,20.71,21.64,23.08,25.73,21.64,17.55,下轨下方,-1.19,-0.63,-1.13,无信号,震荡整理,否,获取公告失败
2026-05-22,600187.SH,*ST国中,沪市主板,1.36,0.74%,开,137673,3375,0万元,0,3397.0,25.17亿,251663,0,0%,缩量,21.95万,5.6,6.0,4.0,阳线,观望,未分类,未分类,未分类,0,5.6,5.8,6.33,7.36,7.59,6.33,5.08,布林带内,-0.47,-0.44,-0.06,无信号,震荡整理,否,获取公告失败
2026-05-22,002088.SZ,鲁阳节能,深市主板,9.02,2.85%,开,137603,3376,0万元,0,2335.0,2.61亿,26119,0,0%,缩量,45.62万,5.8,6.1,4.2,阳线||布林带下轨,布林带下轨支撑,未分类,未分类,未分类,0,57.12,61.79,65.11,68.66,81.51,65.11,48.72,下轨下方,-4.07,-1.62,-4.89,无信号,震荡整理,否,获取公告失败
2026-05-22,002758.SZ,浙农股份,深市主板,8.55,0.83%,开,137557,3377,0万元,0,3343.0,3.93亿,39290,0,0%,缩量,44.31万,5.6,6.0,4.1,阳线||布林带下轨,布林带下轨支撑,未分类,未分类,未分类,0,37.86,38.88,40.21,43.29,44.76,40.21,35.67,下轨下方,-1.63,-1.15,-0.95,无信号,震荡整理,否,获取公告失败
2026-05-22,600628.SH,新世界,沪市主板,6.48,0.78%,开,137548,3378,0万元,0,3366.0,5.22亿,52205,0,0%,缩量,41.92万,5.6,6.0,4.1,阳线||布林带下轨,布林带下轨支撑,未分类,未分类,未分类,0,333.66,354.2,368.32,393.08,435.55,368.32,301.08,下轨下方,-18.92,-9.09,-19.67,无信号,震荡整理,否,获取公告失败
2026-05-22,603151.SH,邦基科技,沪市主板,14.52,1.82%,开,137426,3379,0万元,0,2831.0,1.97亿,19734,0,0%,缩量,24.85万,5.7,6.1,4.1,阳线||布林带下轨,布林带下轨支撑,未分类,未分类,未分类,0,15.45,15.9,16.23,17.73,17.43,16.23,15.03,下轨下方,-0.59,-0.46,-0.25,无信号,震荡整理,否,获取公告失败
2026-05-22,301177.SZ,迪阿股份,创业板,28.6,0.03%,开,137394,3380,0万元,0,3722.0,1.29亿,12946,0,0%,缩量,114.40万,5.5,6.0,4.0,价升||布林带下轨,布林带下轨支撑,未分类,未分类,未分类,0,32.78,34.07,33.73,33.54,36.88,33.73,30.57,下轨下方,-0.21,0.28,-0.97,无信号,震荡整理,否,获取公告失败
2026-05-22,002035.SZ,华帝股份,深市主板,5.45,0.74%,开,137376,3381,0万元,0,3368.0,6.21亿,62128,0,0%,缩量,42.62万,5.6,6.0,4.0,阳线||布林带下轨,布林带下轨支撑,未分类,未分类,未分类,0,91.21,96.14,99.88,105.05,118.02,99.88,81.74,下轨下方,-5.15,-2.54,-5.2,无信号,震荡整理,否,获取公告失败
2026-05-22,603182.SH,嘉华股份,沪市主板,14.22,0.85%,开,137375,3382,0万元,0,3312.0,2.35亿,23509,0,0%,缩量,23.40万,5.6,6.0,4.1,阳线||布林带下轨,布林带下轨支撑,未分类,未分类,未分类,0,15.33,15.67,15.79,16.39,16.69,15.79,14.9,下轨下方,-0.29,-0.17,-0.24,无信号,震荡整理,否,获取公告失败
2026-05-22,603955.SH,大千生态,沪市主板,22.79,0.18%,开,137269,3383,0万元,0,3639.0,1.60亿,16039,0,0%,缩量,30.93万,5.5,6.0,4.0,价升||布林带下轨,布林带下轨支撑,未分类,未分类,未分类,0,31.47,32.84,33.82,35.14,37.12,33.82,30.53,下轨下方,-1.0,-0.51,-0.98,无信号,震荡整理,否,获取公告失败
2026-05-22,605001.SH,威奥股份,沪市主板,7.05,2.03%,开,137120,3384,0万元,0,2699.0,3.88亿,38767,0,0%,缩量,27.70万,5.7,6.1,4.1,阳线||布林带下轨,布林带下轨支撑,未分类,未分类,未分类,0,9.37,9.77,10.02,10.48,11.49,10.02,8.55,下轨下方,-0.37,-0.15,-0.44,无信号,震荡整理,否,获取公告失败
2026-05-22,002932.SZ,*ST明德,深市主板,16.36,0.18%,开,137118,3385,0万元,0,3620.0,2.21亿,22146,0,0%,缩量,25.54万,5.5,6.0,4.0,价升||布林带下轨,布林带下轨支撑,未分类,未分类,未分类,0,63.49,70.13,73.58,77.05,100.55,73.58,46.61,下轨下方,-5.28,-1.39,-7.78,无信号,震荡整理,否,获取公告失败
2026-05-22,600327.SH,大东方,沪市主板,3.72,1.36%,开,137111,3386,0万元,0,3030.0,8.21亿,82080,0,0%,缩量,32.91万,5.6,6.1,4.1,阳线||布林带下轨,布林带下轨支撑,未分类,未分类,未分类,0,55.35,59.04,60.77,62.88,75.24,60.77,46.3,下轨下方,-2.91,-0.77,-4.27,无信号,震荡整理,否,获取公告失败
2026-05-22,600476.SH,*ST湘邮,沪市主板,12.05,1.18%,开,137097,3387,0万元,0,3122.0,2.63亿,26295,0,0%,缩量,19.41万,5.6,6.1,4.1,阳线||布林带下轨,布林带下轨支撑,未分类,未分类,未分类,0,23.94,24.77,24.01,24.1,27.71,24.01,20.32,下轨下方,0.04,0.4,-0.73,死叉,震荡整理,否,获取公告失败
2026-05-22,600419.SH,天润乳业,沪市主板,8.8,0.46%,开,137063,3388,0万元,0,3478.0,3.97亿,39696,0,0%,缩量,27.77万,5.5,6.0,4.0,价升||布林带下轨,布林带下轨支撑,未分类,未分类,未分类,0,27.28,29.12,30.25,30.97,36.3,30.25,24.2,下轨下方,-1.42,-0.45,-1.95,无信号,震荡整理,否,获取公告失败
2026-05-22,000419.SZ,通程控股,深市主板,5.33,0.19%,开,137059,3389,0万元,0,3612.0,6.81亿,68077,0,0%,缩量,28.97万,5.5,6.0,4.0,价升||布林带下轨,布林带下轨支撑,未分类,未分类,未分类,0,77.72,81.98,84.8,89.65,99.88,84.8,69.72,下轨下方,-4.07,-1.85,-4.44,无信号,震荡整理,否,获取公告失败
2026-05-22,603898.SH,好莱客,沪市主板,12.4,1.89%,开,136959,3390,0万元,0,2751.0,2.23亿,22296,0,0%,缩量,38.61万,5.7,6.1,4.1,阳线||布林带下轨,布林带下轨支撑,未分类,未分类,未分类,0,44.05,45.28,47.21,49.73,52.85,47.21,41.56,下轨下方,-1.8,-1.18,-1.25,无信号,震荡整理,否,获取公告失败
2026-05-22,603630.SH,拉芳家化,沪市主板,14.57,0.07%,开,136743,3391,0万元,0,3640.0,2.50亿,25043,0,0%,缩量,32.81万,5.5,6.0,4.0,价升||布林带下轨,布林带下轨支撑,未分类,未分类,未分类,0,20.87,21.57,22.46,23.27,24.85,22.46,20.07,下轨下方,-0.71,-0.39,-0.64,无信号,震荡整理,否,获取公告失败
2026-05-22,688466.SH,金科环境,科创板,18.14,1.91%,开,136730,3392,0万元,0,2718.0,153.17亿,1531675,0,0%,缩量,22.16万,5.7,6.1,4.1,阳线||布林带下轨,布林带下轨支撑,未分类,未分类,未分类,0,22.18,22.78,22.68,22.58,25.27,22.68,20.09,下轨下方,-0.17,0.19,-0.72,无信号,震荡整理,否,获取公告失败
2026-05-22,605183.SH,确成股份,沪市主板,16.12,2.48%,开,136586,3393,0万元,0,2419.0,1.52亿,15169,0,0%,缩量,66.48万,5.7,6.1,4.2,阳线||布林带下轨,布林带下轨支撑,未分类,未分类,未分类,0,17.58,18.02,18.94,21.3,21.63,18.94,16.24,下轨下方,-1.02,-0.89,-0.27,无信号,震荡整理,否,获取公告失败
2026-05-22,300374.SZ,中铁装配,创业板,12.53,0.24%,开,136579,3394,0万元,0,3538.0,2.83亿,28291,0,0%,缩量,30.81万,5.5,6.0,4.0,阳线,观望,未分类,未分类,未分类,0,27.55,28.59,29.27,31.12,31.68,29.27,26.87,布林带内,-0.91,-0.65,-0.53,无信号,震荡整理,否,获取公告失败
2026-05-22,688701.SH,卓锦股份,科创板,10.53,2.53%,开,136568,3395,0万元,0,2391.0,230.43亿,2304264,0,0%,缩量,14.14万,5.8,6.1,4.2,阳线,观望,未分类,未分类,未分类,0,10.71,10.8,10.38,10.0,11.7,10.38,9.05,布林带内,0.26,0.29,-0.05,无信号,震荡整理,否,获取公告失败
2026-05-22,600308.SH,华泰股份,沪市主板,3.61,0.84%,开,136559,3396,0万元,0,3237.0,8.99亿,89946,0,0%,缩量,54.76万,5.6,6.0,4.1,阳线||布林带下轨,布林带下轨支撑,未分类,未分类,未分类,0,34.47,36.98,38.46,39.62,47.22,38.46,29.71,下轨下方,-1.89,-0.53,-2.7,无信号,震荡整理,否,获取公告失败
2026-05-22,688338.SH,赛科希德,科创板,28.41,2.49%,开,136505,3397,0万元,0,2406.0,85.75亿,857484,0,0%,缩量,30.16万,5.7,6.1,4.2,阳线||布林带下轨,布林带下轨支撑,未分类,未分类,未分类,0,36.21,37.65,39.52,40.95,45.65,39.52,33.39,下轨下方,-1.58,-0.74,-1.68,无信号,震荡整理,否,获取公告失败
2026-05-22,301258.SZ,富士莱,创业板,29.32,1.49%,开,136482,3398,0万元,0,2904.0,9964.00万,9964,0,0%,缩量,26.11万,5.6,6.1,4.1,价升||布林带下轨,布林带下轨支撑,未分类,未分类,未分类,0,31.0,31.64,31.62,33.55,33.68,31.62,29.55,下轨下方,-0.67,-0.52,-0.29,无信号,震荡整理,否,获取公告失败
2026-05-22,301559.SZ,中集环科,创业板,15.72,1.55%,开,136411,3399,0万元,0,2866.0,1.83亿,18285,0,0%,缩量,14.15万,5.7,6.1,4.1,阳线,观望,未分类,未分类,未分类,0,0.0,0.0,0.0,0.0,0.0,0.0,0.0,未知,0.0,0.0,0.0,,未知,否,获取公告失败
2026-05-22,601019.SH,山东出版,沪市主板,7.24,0.42%,开,136370,3400,0万元,0,3429.0,4.75亿,47479,0,0%,缩量,151.09万,5.5,6.0,4.0,阳线||布林带下轨,布林带下轨支撑,未分类,未分类,未分类,0,9.57,9.93,10.13,11.07,11.43,10.13,8.84,下轨下方,-0.46,-0.31,-0.3,死叉,震荡整理,否,获取公告失败
2026-05-22,300158.SZ,振东制药,创业板,5.48,1.11%,开,136305,3401,0万元,0,3077.0,5.63亿,56296,0,0%,缩量,54.33万,5.6,6.1,4.1,阳线||布林带下轨,布林带下轨支撑,未分类,未分类,未分类,0,33.85,35.55,36.51,37.67,42.62,36.51,30.4,下轨下方,-1.49,-0.58,-1.82,无信号,震荡整理,否,获取公告失败
2026-05-22,300020.SZ,ST银江,创业板,3.34,1.83%,开,136186,3402,0万元,0,2704.0,8.19亿,81923,0,0%,缩量,25.60万,5.7,6.1,4.1,阳线||布林带下轨,布林带下轨支撑,未分类,未分类,未分类,0,24.39,24.78,25.25,28.71,27.1,25.25,23.4,下轨下方,-0.96,-0.92,-0.08,死叉,震荡整理,否,获取公告失败
2026-05-22,000718.SZ,苏宁环球,深市主板,1.97,0.51%,开,136081,3403,0万元,0,3353.0,17.05亿,170483,0,0%,缩量,44.95万,5.6,6.0,4.0,阳线||布林带下轨,布林带下轨支撑,未分类,未分类,未分类,0,20.93,22.13,22.8,23.48,27.22,22.8,18.37,下轨下方,-0.95,-0.28,-1.34,无信号,震荡整理,否,获取公告失败
2026-05-22,000011.SZ,深物业A,深市主板,7.56,1.34%,开,136062,3404,0万元,0,2936.0,3.92亿,39205,0,0%,缩量,39.80万,5.6,6.1,4.1,阳线||布林带下轨,布林带下轨支撑,未分类,未分类,未分类,0,33.32,35.3,36.7,38.41,44.62,36.7,28.79,下轨下方,-1.94,-0.81,-2.26,无信号,震荡整理,否,获取公告失败
2026-05-22,603839.SH,安正时尚,沪市主板,7.73,1.05%,开,136038,3405,0万元,0,3081.0,4.02亿,40212,0,0%,缩量,29.92万,5.6,6.1,4.1,阳线||布林带下轨,布林带下轨支撑,未分类,未分类,未分类,0,14.65,15.2,15.31,15.18,17.32,15.31,13.3,下轨下方,-0.24,0.07,-0.63,无信号,震荡整理,否,获取公告失败
2026-05-22,688067.SH,爱威科技,科创板,27.27,2.10%,开,135972,3406,0万元,0,2549.0,94.87亿,948711,0,0%,缩量,18.54万,5.7,6.1,4.1,阳线,观望,未分类,未分类,未分类,0,28.23,28.63,28.53,28.23,30.18,28.53,26.89,布林带内,0.02,0.22,-0.39,无信号,震荡整理,否,获取公告失败
2026-05-22,600858.SH,银座股份,沪市主板,5.29,0.76%,开,135959,3407,0万元,0,3215.0,6.09亿,60940,0,0%,缩量,27.38万,5.6,6.0,4.1,阳线,观望,未分类,未分类,未分类,0,0.0,0.0,0.0,0.0,0.0,0.0,0.0,未知,0.0,0.0,0.0,,未知,否,获取公告失败
2026-05-22,000755.SZ,山西高速,深市主板,5.1,0.20%,开,135862,3408,0万元,0,3488.0,6.91亿,69139,0,0%,缩量,74.83万,5.5,6.0,4.0,阳线||布林带下轨,布林带下轨支撑,未分类,未分类,未分类,0,13.15,13.58,13.62,14.09,15.42,13.62,11.82,下轨下方,-0.31,-0.08,-0.45,死叉,震荡整理,否,获取公告失败
2026-05-22,002058.SZ,*ST威尔,深市主板,26.08,1.64%,开,135743,3409,0万元,0,2756.0,1.06亿,10637,0,0%,缩量,37.32万,5.7,6.1,4.1,阳线,观望,未分类,未分类,未分类,0,60.8,61.13,59.62,53.92,64.86,59.62,54.37,布林带内,2.07,2.27,-0.39,无信号,震荡整理,否,获取公告失败
2026-05-22,600653.SH,申华控股,沪市主板,1.71,1.18%,开,135707,3410,0万元,0,2979.0,17.48亿,174831,0,0%,缩量,33.28万,5.6,6.1,4.1,阳线||布林带下轨,布林带下轨支撑,未分类,未分类,未分类,0,13814.55,15867.64,16981.51,18242.18,25044.17,16981.51,8918.84,下轨下方,-1641.4,-432.34,-2418.12,无信号,震荡整理,否,获取公告失败
2026-05-22,002321.SZ,华英农业,深市主板,1.93,0.52%,开,135674,3411,0万元,0,3307.0,17.17亿,171724,0,0%,缩量,40.99万,5.6,6.0,4.0,价升||布林带下轨,布林带下轨支撑,未分类,未分类,未分类,0,4.47,4.64,4.77,5.03,5.23,4.77,4.31,下轨下方,-0.17,-0.1,-0.13,无信号,震荡整理,否,获取公告失败
2026-05-22,002598.SZ,ST章鼓,深市主板,7.77,0.91%,开,135655,3412,0万元,0,3111.0,4.02亿,40230,0,0%,缩量,22.26万,5.6,6.0,4.1,阳线||布林带下轨,布林带下轨支撑,未分类,未分类,未分类,0,19.19,19.68,19.84,21.46,21.11,19.84,18.57,下轨下方,-0.54,-0.41,-0.25,死叉,震荡整理,否,获取公告失败
2026-05-22,000544.SZ,中原环保,深市主板,8.08,0.62%,开,135583,3413,0万元,0,3247.0,4.04亿,40393,0,0%,缩量,78.75万,5.6,6.0,4.0,阳线||布林带下轨,布林带下轨支撑,未分类,未分类,未分类,0,31.07,32.52,33.33,34.36,38.76,33.33,27.9,下轨下方,-1.13,-0.32,-1.62,无信号,震荡整理,否,获取公告失败
2026-05-22,688026.SH,洁特生物,科创板,15.8,2.53%,开,135534,3414,0万元,0,2288.0,146.80亿,1468014,0,0%,缩量,22.17万,5.8,6.1,4.2,阳线||布林带下轨,布林带下轨支撑,未分类,未分类,未分类,0,22.16,23.14,23.62,24.71,27.42,23.62,19.82,下轨下方,-0.88,-0.33,-1.09,无信号,震荡整理,否,获取公告失败
2026-05-22,301575.SZ,艾芬达,创业板,47.1,1.71%,开,135529,3415,0万元,0,2700.0,5764.00万,5764,0,0%,缩量,8.20万,5.7,6.1,4.1,阳线,观望,未分类,未分类,未分类,0,47.3,47.6,46.9,47.1,49.1,46.9,44.7,布林带内,0.29,0.31,-0.04,死叉,震荡整理,否,获取公告失败
2026-05-22,000965.SZ,天保基建,深市主板,3.41,0.29%,开,135510,3416,0万元,0,3404.0,10.00亿,100016,0,0%,缩量,37.85万,5.5,6.0,4.0,阳线||布林带下轨,布林带下轨支撑,未分类,未分类,未分类,0,10.09,10.35,10.47,10.91,11.2,10.47,9.75,下轨下方,-0.21,-0.12,-0.19,无信号,震荡整理,否,获取公告失败
2026-05-22,002677.SZ,浙江美大,深市主板,7.52,0.27%,开,135423,3417,0万元,0,3409.0,4.52亿,45166,0,0%,缩量,41.47万,5.5,6.0,4.0,价升||布林带下轨,布林带下轨支撑,未分类,未分类,未分类,0,38.77,40.8,41.23,42.56,48.04,41.23,34.42,下轨下方,-1.27,-0.27,-2.01,无信号,震荡整理,否,获取公告失败
2026-05-22,688089.SH,嘉必优,科创板,14.24,0.28%,开,135398,3418,0万元,0,3399.0,238.37亿,2383667,0,0%,缩量,23.97万,5.5,6.0,4.0,价升||布林带下轨,布林带下轨支撑,未分类,未分类,未分类,0,20.91,22.52,23.63,26.82,29.15,23.63,18.1,下轨下方,-1.88,-1.24,-1.27,无信号,震荡整理,否,获取公告失败
2026-05-22,002959.SZ,小熊电器,深市主板,39.89,0.45%,开,135396,3419,0万元,0,3313.0,8317.00万,8317,0,0%,缩量,60.04万,5.5,6.0,4.0,价升||布林带下轨,布林带下轨支撑,未分类,未分类,未分类,0,54.62,56.88,59.32,62.71,69.11,59.32,49.54,下轨下方,-2.87,-1.63,-2.47,无信号,震荡整理,否,获取公告失败
2026-05-22,603559.SH,ST通脉,沪市主板,9.44,0.21%,开,135381,3420,0万元,0,3432.0,3.63亿,36308,0,0%,缩量,37.88万,5.5,6.0,4.0,价升,观望,未分类,未分类,未分类,0,19.53,20.13,18.3,16.62,23.42,18.3,13.19,布林带内,0.87,1.14,-0.54,死叉,震荡整理,否,获取公告失败
2026-05-22,300960.SZ,通业科技,创业板,20.6,2.44%,开,135362,3421,0万元,0,2318.0,1.14亿,11358,0,0%,缩量,26.96万,5.7,6.1,4.2,阳线||布林带下轨,布林带下轨支撑,未分类,未分类,未分类,0,29.3,30.82,31.76,35.21,37.53,31.76,25.99,下轨下方,-1.87,-1.2,-1.35,无信号,震荡整理,否,获取公告失败
2026-05-22,300091.SZ,*ST金灵,创业板,2.94,0.34%,开,135126,3422,0万元,0,3342.0,11.40亿,113959,0,0%,缩量,48.08万,5.5,6.0,4.0,价升||布林带下轨,布林带下轨支撑,未分类,未分类,未分类,0,40.27,41.28,43.0,41.93,47.92,43.0,38.09,下轨下方,-0.89,-0.17,-1.42,无信号,震荡整理,否,获取公告失败
2026-05-22,002481.SZ,双塔食品,深市主板,4.13,0.98%,开,135109,3423,0万元,0,3022.0,7.35亿,73462,0,0%,缩量,46.18万,5.6,6.0,4.1,阳线||布林带下轨,布林带下轨支撑,未分类,未分类,未分类,0,80.31,82.69,84.97,88.19,91.71,84.97,78.24,下轨下方,-2.2,-1.31,-1.77,无信号,震荡整理,否,获取公告失败
2026-05-22,300472.SZ,*ST新元,创业板,9.13,0.66%,开,135097,3424,0万元,0,3179.0,3.49亿,34947,0,0%,缩量,22.45万,5.6,6.0,4.0,阳线||布林带下轨,布林带下轨支撑,未分类,未分类,未分类,0,20.7,21.54,20.97,20.0,24.99,20.97,16.96,下轨下方,-0.01,0.49,-0.99,死叉,震荡整理,否,获取公告失败
2026-05-22,688013.SH,天臣医疗,科创板,31.0,1.67%,开,135083,3425,0万元,0,2672.0,86.52亿,865182,0,0%,缩量,25.16万,5.7,6.1,4.1,阳线||布林带下轨,布林带下轨支撑,未分类,未分类,未分类,0,33.38,34.91,37.16,40.06,42.73,37.16,31.58,下轨下方,-1.99,-1.42,-1.13,无信号,震荡整理,否,获取公告失败
2026-05-22,301108.SZ,洁雅股份,创业板,24.48,1.24%,开,135073,3426,0万元,0,2887.0,1.19亿,11858,0,0%,缩量,15.87万,5.6,6.1,4.1,阳线,观望,未分类,未分类,未分类,0,0.0,0.0,0.0,0.0,0.0,0.0,0.0,未知,0.0,0.0,0.0,,未知,否,获取公告失败
2026-05-22,603258.SH,电魂网络,沪市主板,14.92,0.81%,开,135004,3427,0万元,0,3095.0,2.09亿,20855,0,0%,缩量,36.01万,5.6,6.0,4.1,阳线||布林带下轨,布林带下轨支撑,未分类,未分类,未分类,0,18.22,18.99,19.8,20.83,22.41,19.8,17.19,下轨下方,-0.87,-0.49,-0.76,无信号,震荡整理,否,获取公告失败
2026-05-22,002689.SZ,ST远智,深市主板,3.3,1.54%,开,134942,3428,0万元,0,2725.0,8.38亿,83798,0,0%,缩量,34.42万,5.7,6.1,4.1,阳线,观望,未分类,未分类,未分类,0,12.55,12.8,13.24,13.85,14.33,13.24,12.15,布林带内,-0.4,-0.31,-0.17,无信号,震荡整理,否,获取公告失败
2026-05-22,300039.SZ,上海凯宝,创业板,5.59,0.54%,开,134857,3429,0万元,0,3216.0,5.76亿,57553,0,0%,缩量,51.26万,5.6,6.0,4.0,阳线||布林带下轨,布林带下轨支撑,未分类,未分类,未分类,0,67.65,68.82,69.76,72.52,73.98,69.76,65.55,下轨下方,-1.44,-0.91,-1.05,无信号,震荡整理,否,获取公告失败
2026-05-22,300289.SZ,利德曼,创业板,6.23,1.80%,开,134846,3430,0万元,0,2586.0,4.19亿,41930,0,0%,缩量,33.84万,5.7,6.1,4.1,阳线||布林带下轨,布林带下轨支撑,未分类,未分类,未分类,0,16.64,17.05,17.35,17.59,18.51,17.35,16.18,下轨下方,-0.31,-0.16,-0.32,无信号,震荡整理,否,获取公告失败
2026-05-22,603192.SH,汇得科技,沪市主板,21.74,2.31%,开,134829,3431,0万元,0,2330.0,1.08亿,10804,0,0%,缩量,30.31万,5.7,6.1,4.2,阳线||布林带下轨,布林带下轨支撑,未分类,未分类,未分类,0,29.0,30.52,31.7,33.58,36.78,31.7,26.62,下轨下方,-1.49,-0.76,-1.46,无信号,震荡整理,否,获取公告失败
2026-05-22,688426.SH,康为世纪,科创板,20.72,2.78%,开,134588,3432,0万元,0,2070.0,101.44亿,1014398,0,0%,缩量,23.25万,5.8,6.1,4.2,阳线||布林带下轨,布林带下轨支撑,未分类,未分类,未分类,0,24.68,25.29,25.18,26.03,27.92,25.18,22.44,下轨下方,-0.34,-0.02,-0.63,死叉,震荡整理,否,获取公告失败
2026-05-22,300314.SZ,戴维医疗,创业板,10.91,1.77%,开,134571,3433,0万元,0,2571.0,2.37亿,23660,0,0%,缩量,15.68万,5.7,6.1,4.1,阳线,观望,未分类,未分类,未分类,0,0.0,0.0,0.0,0.0,0.0,0.0,0.0,未知,0.0,0.0,0.0,,未知,否,获取公告失败
2026-05-22,300915.SZ,海融科技,创业板,24.83,1.97%,开,134396,3434,0万元,0,2454.0,9990.00万,9990,0,0%,缩量,14.29万,5.7,6.1,4.1,阳线||布林带下轨,布林带下轨支撑,未分类,未分类,未分类,0,49.25,52.54,53.19,53.44,66.92,53.19,39.45,下轨下方,-1.7,0.32,-4.05,无信号,震荡整理,否,获取公告失败
2026-05-22,300198.SZ,*ST纳川,创业板,2.37,2.16%,开,134395,3435,0万元,0,2362.0,10.00亿,100000,0,0%,缩量,24.32万,5.7,6.1,4.1,阳线,观望,未分类,未分类,未分类,0,24.65,24.94,25.39,26.83,26.65,25.39,24.13,布林带内,-0.59,-0.51,-0.16,无信号,震荡整理,否,获取公告失败
2026-05-22,600671.SH,天目药业,沪市主板,18.92,0.32%,开,134220,3436,0万元,0,3263.0,1.72亿,17221,0,0%,缩量,23.03万,5.5,6.0,4.0,阳线||布林带下轨,布林带下轨支撑,未分类,未分类,未分类,0,57.86,58.51,58.94,62.25,61.6,58.94,56.29,下轨下方,-1.1,-0.96,-0.26,无信号,震荡整理,否,获取公告失败
2026-05-22,300908.SZ,仲景食品,创业板,26.17,0.69%,开,134202,3437,0万元,0,3074.0,1.18亿,11793,0,0%,缩量,32.29万,5.6,6.0,4.0,价升,观望,未分类,未分类,未分类,0,0.0,0.0,0.0,0.0,0.0,0.0,0.0,未知,0.0,0.0,0.0,,未知,否,获取公告失败
2026-05-22,300653.SZ,正海生物,创业板,16.82,1.57%,开,134010,3438,0万元,0,2616.0,1.57亿,15676,0,0%,缩量,30.28万,5.7,6.1,4.1,阳线||布林带下轨,布林带下轨支撑,未分类,未分类,未分类,0,40.19,44.05,46.69,50.39,60.99,46.69,32.39,下轨下方,-3.71,-1.64,-4.14,无信号,震荡整理,否,获取公告失败
2026-05-22,688298.SH,东方生物,科创板,21.98,0.83%,开,133958,3439,0万元,0,2983.0,135.79亿,1357875,0,0%,缩量,44.31万,5.6,6.0,4.1,阳线||布林带下轨,布林带下轨支撑,未分类,未分类,未分类,0,45.33,49.66,50.59,51.67,64.68,50.59,36.51,下轨下方,-2.51,-0.36,-4.3,无信号,震荡整理,否,获取公告失败
2026-05-22,688755.SH,汉邦科技,科创板,37.87,0.32%,开,133869,3440,0万元,0,3228.0,86.24亿,862423,0,0%,缩量,23.27万,5.5,6.0,4.0,阳线,观望,未分类,未分类,未分类,0,38.88,39.44,39.51,39.04,42.11,39.51,36.91,布林带内,-0.05,0.25,-0.59,无信号,震荡整理,否,获取公告失败
2026-05-22,002393.SZ,力生制药,深市主板,15.18,0.86%,开,133838,3441,0万元,0,2952.0,1.95亿,19545,0,0%,缩量,45.57万,5.6,6.0,4.1,阳线,观望,未分类,未分类,未分类,0,0.0,0.0,0.0,0.0,0.0,0.0,0.0,未知,0.0,0.0,0.0,,未知,否,获取公告失败
2026-05-22,600814.SH,杭州解百,沪市主板,7.21,1.12%,开,133720,3442,0万元,0,2811.0,3.91亿,39126,0,0%,缩量,53.00万,5.6,6.1,4.1,阳线||布林带下轨,布林带下轨支撑,未分类,未分类,未分类,0,41.56,43.12,44.43,45.87,50.23,44.43,38.63,下轨下方,-1.5,-0.63,-1.73,无信号,震荡整理,否,获取公告失败
2026-05-22,301533.SZ,威马农机,创业板,30.94,1.58%,开,133699,3443,0万元,0,2582.0,8450.00万,8450,0,0%,缩量,8.80万,5.7,6.1,4.1,阳线||布林带下轨,布林带下轨支撑,未分类,未分类,未分类,0,32.01,32.63,33.05,33.88,34.86,33.05,31.25,下轨下方,-0.49,-0.25,-0.47,无信号,震荡整理,否,获取公告失败
2026-05-22,600279.SH,重庆港,沪市主板,4.91,0.41%,开,133594,3444,0万元,0,3155.0,6.45亿,64532,0,0%,缩量,58.28万,5.5,6.0,4.0,阳线||布林带下轨,布林带下轨支撑,未分类,未分类,未分类,0,11.58,11.95,12.02,12.53,13.57,12.02,10.48,下轨下方,-0.31,-0.12,-0.39,死叉,震荡整理,否,获取公告失败
2026-05-22,301448.SZ,开创电气,创业板,36.86,0.90%,开,133456,3445,0万元,0,2894.0,7922.00万,7922,0,0%,缩量,17.80万,5.6,6.0,4.1,阳线||布林带下轨,布林带下轨支撑,未分类,未分类,未分类,0,47.71,49.36,50.5,52.39,57.29,50.5,43.71,下轨下方,-1.57,-0.56,-2.01,无信号,震荡整理,否,获取公告失败
2026-05-22,603967.SH,中创物流,沪市主板,13.04,0.93%,开,133453,3446,0万元,0,2881.0,2.22亿,22196,0,0%,缩量,45.21万,5.6,6.0,4.1,阳线,观望,未分类,未分类,未分类,0,0.0,0.0,0.0,0.0,0.0,0.0,0.0,未知,0.0,0.0,0.0,,未知,否,获取公告失败
2026-05-22,301520.SZ,万邦医药,创业板,40.49,1.48%,开,133433,3447,0万元,0,2604.0,6495.00万,6495,0,0%,缩量,9.50万,5.6,6.1,4.1,阳线||布林带下轨,布林带下轨支撑,未分类,未分类,未分类,0,41.51,42.26,42.61,43.38,44.66,42.61,40.56,下轨下方,-0.66,-0.4,-0.52,无信号,震荡整理,否,获取公告失败
2026-05-22,600794.SH,保税科技,沪市主板,3.37,0.90%,开,133281,3448,0万元,0,2879.0,8.57亿,85705,0,0%,缩量,40.45万,5.6,6.0,4.1,价升||布林带下轨,布林带下轨支撑,未分类,未分类,未分类,0,75.38,79.62,82.1,87.29,96.05,82.1,68.16,下轨下方,-3.75,-1.71,-4.08,无信号,震荡整理,否,获取公告失败
2026-05-22,603059.SH,倍加洁,沪市主板,29.78,1.47%,开,133135,3449,0万元,0,2581.0,8703.00万,8703,0,0%,缩量,29.91万,5.6,6.1,4.1,阳线||布林带下轨,布林带下轨支撑,未分类,未分类,未分类,0,37.16,39.11,41.92,42.88,49.64,41.92,34.21,下轨下方,-2.07,-0.98,-2.19,无信号,震荡整理,否,获取公告失败
2026-05-22,605008.SH,长鸿高科,沪市主板,11.93,0.68%,开,133085,3450,0万元,0,2971.0,2.50亿,24969,0,0%,缩量,77.06万,5.6,6.0,4.0,价升||布林带下轨,布林带下轨支撑,未分类,未分类,未分类,0,16.66,17.27,17.39,17.8,20.02,17.39,14.75,下轨下方,-0.45,-0.07,-0.74,死叉,震荡整理,否,获取公告失败
2026-05-22,603071.SH,物产环能,沪市主板,13.22,1.07%,开,133021,3451,0万元,0,2767.0,2.10亿,20976,0,0%,缩量,73.76万,5.6,6.1,4.1,阳线||布林带下轨,布林带下轨支撑,未分类,未分类,未分类,0,15.83,16.39,16.68,16.82,18.42,16.68,14.95,下轨下方,-0.35,-0.06,-0.58,无信号,震荡整理,否,获取公告失败
2026-05-22,002573.SZ,清新环境,深市主板,3.41,1.49%,开,133010,3452,0万元,0,2557.0,7.54亿,75437,0,0%,缩量,48.18万,5.6,6.1,4.1,阳线||布林带下轨,布林带下轨支撑,未分类,未分类,未分类,0,32.03,33.27,34.09,35.66,38.26,34.09,29.92,下轨下方,-1.1,-0.5,-1.21,无信号,震荡整理,否,获取公告失败
2026-05-22,603385.SH,惠达卫浴,沪市主板,6.21,1.64%,开,132783,3453,0万元,0,2460.0,4.00亿,39950,0,0%,缩量,23.64万,5.7,6.1,4.1,阳线||布林带下轨,布林带下轨支撑,未分类,未分类,未分类,0,9.6,9.93,10.11,10.42,11.09,10.11,9.13,下轨下方,-0.25,-0.1,-0.3,无信号,震荡整理,否,获取公告失败
2026-05-22,603909.SH,XD建发合,沪市主板,11.3,1.35%,开,132696,3454,0万元,0,2597.0,2.32亿,23207,0,0%,缩量,29.46万,5.6,6.1,4.1,阳线,观望,未分类,未分类,未分类,0,0.0,0.0,0.0,0.0,0.0,0.0,0.0,未知,0.0,0.0,0.0,,未知,否,获取公告失败
2026-05-22,301173.SZ,毓恬冠佳,创业板,39.45,1.47%,开,132560,3455,0万元,0,2523.0,6443.00万,6443,0,0%,缩量,12.16万,5.6,6.1,4.1,阳线,观望,未分类,未分类,未分类,0,0.0,0.0,0.0,0.0,0.0,0.0,0.0,未知,0.0,0.0,0.0,,未知,否,获取公告失败
2026-05-22,600526.SH,菲达环保,沪市主板,5.0,0.81%,开,132552,3456,0万元,0,2852.0,5.73亿,57252,0,0%,缩量,43.65万,5.6,6.0,4.1,阳线||布林带下轨,布林带下轨支撑,未分类,未分类,未分类,0,19.61,20.46,21.21,22.11,24.36,21.21,18.07,下轨下方,-0.83,-0.36,-0.93,无信号,震荡整理,否,获取公告失败
2026-05-22,603086.SH,先达股份,沪市主板,6.74,0.60%,开,132425,3457,0万元,0,2944.0,4.38亿,43830,0,0%,缩量,29.31万,5.6,6.0,4.0,阳线||布林带下轨,布林带下轨支撑,未分类,未分类,未分类,0,34.09,37.98,40.27,43.7,54.92,40.27,25.62,下轨下方,-3.46,-1.31,-4.3,无信号,震荡整理,否,获取公告失败
2026-05-22,600182.SH,S佳通,沪市主板,14.32,1.34%,开,132353,3458,0万元,0,2563.0,1.81亿,18053,0,0%,缩量,24.34万,5.6,6.1,4.1,阳线||布林带下轨,布林带下轨支撑,未分类,未分类,未分类,0,18.23,18.46,18.75,18.71,19.92,18.75,17.57,下轨下方,-0.21,-0.05,-0.31,无信号,震荡整理,否,获取公告失败
2026-05-22,600495.SH,晋西车轴,沪市主板,4.08,0.74%,开,132283,3459,0万元,0,2858.0,7.04亿,70376,0,0%,缩量,49.29万,5.6,6.0,4.0,阳线||布林带下轨,布林带下轨支撑,未分类,未分类,未分类,0,29.42,30.65,31.58,33.55,36.0,31.58,27.16,下轨下方,-1.35,-0.76,-1.2,无信号,震荡整理,否,获取公告失败
2026-05-22,603351.SH,威尔药业,沪市主板,26.72,0.45%,开,132255,3460,0万元,0,3000.0,1.13亿,11290,0,0%,缩量,36.19万,5.5,6.0,4.0,阳线||布林带下轨,布林带下轨支撑,未分类,未分类,未分类,0,50.91,55.06,55.88,55.42,69.93,55.88,41.82,下轨下方,-1.99,0.21,-4.4,无信号,震荡整理,否,获取公告失败
2026-05-22,603170.SH,宝立食品,沪市主板,12.24,0.66%,开,131679,3461,0万元,0,2839.0,2.34亿,23359,0,0%,缩量,48.96万,5.6,6.0,4.0,价升||布林带下轨,布林带下轨支撑,未分类,未分类,未分类,0,13.24,13.68,14.15,14.38,15.51,14.15,12.8,下轨下方,-0.37,-0.18,-0.38,无信号,震荡整理,否,获取公告失败
2026-05-22,603648.SH,畅联股份,沪市主板,9.67,0.42%,开,131266,3462,0万元,0,2919.0,3.04亿,30354,0,0%,缩量,35.05万,5.5,6.0,4.0,价升||布林带下轨,布林带下轨支撑,未分类,未分类,未分类,0,11.36,11.72,11.87,11.95,12.92,11.87,10.81,下轨下方,-0.21,-0.03,-0.35,无信号,震荡整理,否,获取公告失败
2026-05-22,603102.SH,百合股份,沪市主板,39.4,1.49%,开,130880,3463,0万元,0,2341.0,6001.00万,6001,0,0%,缩量,25.22万,5.6,6.1,4.1,阳线||布林带下轨,布林带下轨支撑,未分类,未分类,未分类,0,41.6,42.49,42.88,44.02,45.13,42.88,40.63,下轨下方,-0.66,-0.36,-0.6,无信号,震荡整理,否,获取公告失败
2026-05-22,002098.SZ,浔兴股份,深市主板,8.04,1.01%,开,130865,3464,0万元,0,2584.0,3.24亿,32436,0,0%,缩量,28.78万,5.6,6.1,4.1,阳线,观望,未分类,未分类,未分类,0,18.64,18.94,19.26,20.23,20.25,19.26,18.27,布林带内,-0.42,-0.36,-0.11,无信号,震荡整理,否,获取公告失败
2026-05-22,600168.SH,武汉控股,沪市主板,4.71,0.43%,开,130852,3465,0万元,0,2872.0,6.12亿,61175,0,0%,缩量,46.79万,5.5,6.0,4.0,价升||布林带下轨,布林带下轨支撑,未分类,未分类,未分类,0,13.61,14.53,15.02,15.6,18.51,15.02,11.52,下轨下方,-0.73,-0.21,-1.05,无信号,震荡整理,否,获取公告失败
2026-05-22,300194.SZ,福安药业,创业板,3.92,0.77%,开,130736,3466,0万元,0,2688.0,6.90亿,68962,0,0%,缩量,37.96万,5.6,6.0,4.1,阳线||布林带下轨,布林带下轨支撑,未分类,未分类,未分类,0,26.47,27.03,27.47,28.13,29.13,27.47,25.82,下轨下方,-0.54,-0.3,-0.49,无信号,震荡整理,否,获取公告失败
2026-05-22,688566.SH,吉贝尔,科创板,26.5,1.96%,开,130661,3467,0万元,0,2085.0,79.11亿,791148,0,0%,缩量,52.85万,5.7,6.1,4.1,阳线||布林带下轨,布林带下轨支撑,未分类,未分类,未分类,0,28.31,29.24,30.21,31.83,33.27,30.21,27.15,下轨下方,-1.21,-0.91,-0.6,无信号,震荡整理,否,获取公告失败
2026-05-22,600287.SH,苏豪时尚,沪市主板,5.46,1.68%,开,130639,3468,0万元,0,2226.0,4.12亿,41152,0,0%,缩量,23.85万,5.7,6.1,4.1,阳线||布林带下轨,布林带下轨支撑,未分类,未分类,未分类,0,26.16,27.29,28.0,28.54,32.1,28.0,23.91,下轨下方,-0.92,-0.28,-1.29,无信号,震荡整理,否,获取公告失败
2026-05-22,603869.SH,ST智知,沪市主板,11.1,3.06%,开,130490,3469,0万元,0,1517.0,1.39亿,13878,0,0%,缩量,54.85万,5.8,6.2,4.2,阳线||布林带下轨,布林带下轨支撑,未分类,未分类,未分类,0,15.69,16.32,16.16,15.53,18.59,16.16,13.74,下轨下方,-0.12,0.24,-0.72,无信号,震荡整理,否,获取公告失败
2026-05-22,002732.SZ,燕塘乳业,深市主板,15.24,0.59%,开,130490,3469,0万元,0,2752.0,1.82亿,18208,0,0%,缩量,23.86万,5.6,6.0,4.0,阳线||布林带下轨,布林带下轨支撑,未分类,未分类,未分类,0,17.66,18.04,18.41,19.06,19.75,18.41,17.07,下轨下方,-0.42,-0.23,-0.37,无信号,震荡整理,否,获取公告失败
2026-05-22,605028.SH,世茂能源,沪市主板,24.81,0.40%,开,130483,3470,0万元,0,2846.0,1.16亿,11556,0,0%,缩量,39.70万,5.5,6.0,4.0,阳线,观望,未分类,未分类,未分类,0,0.0,0.0,0.0,0.0,0.0,0.0,0.0,未知,0.0,0.0,0.0,,未知,否,获取公告失败
2026-05-22,002227.SZ,*ST特迅,深市主板,8.61,1.18%,开,130415,3471,0万元,0,2454.0,2.86亿,28633,0,0%,缩量,21.18万,5.6,6.1,4.1,阳线,观望,未分类,未分类,未分类,0,18.62,18.97,18.49,19.39,20.21,18.49,16.78,布林带内,-0.07,-0.03,-0.07,死叉,震荡整理,否,获取公告失败
2026-05-22,603797.SH,联泰环保,沪市主板,4.7,1.73%,开,130318,3472,0万元,0,2166.0,4.67亿,46662,0,0%,缩量,27.10万,5.7,6.1,4.1,阳线||布林带下轨,布林带下轨支撑,未分类,未分类,未分类,0,9.59,10.28,10.6,10.84,13.37,10.6,7.82,下轨下方,-0.49,-0.07,-0.84,无信号,震荡整理,否,获取公告失败
2026-05-22,300173.SZ,ST福能,创业板,3.91,0.51%,开,129940,3473,0万元,0,2737.0,7.04亿,70355,0,0%,缩量,28.73万,5.6,6.0,4.0,阳线,观望,未分类,未分类,未分类,0,21.39,21.63,22.23,23.36,23.69,22.23,20.77,布林带内,-0.56,-0.44,-0.23,无信号,震荡整理,否,获取公告失败
2026-05-22,601366.SH,利群股份,沪市主板,3.76,0.80%,开,129661,3474,0万元,0,2564.0,6.84亿,68449,0,0%,缩量,36.09万,5.6,6.0,4.1,阳线||布林带下轨,布林带下轨支撑,未分类,未分类,未分类,0,4.59,4.73,4.82,5.09,5.3,4.82,4.34,下轨下方,-0.15,-0.08,-0.13,无信号,震荡整理,否,获取公告失败
2026-05-22,300318.SZ,博晖创新,创业板,5.14,1.38%,开,129473,3475,0万元,0,2257.0,4.41亿,44124,0,0%,缩量,40.73万,5.6,6.1,4.1,阳线,观望,未分类,未分类,未分类,0,33.81,34.82,35.37,37.62,37.9,35.37,32.85,布林带内,-1.02,-0.79,-0.47,无信号,震荡整理,否,获取公告失败
2026-05-22,300844.SZ,山水比德,创业板,31.12,1.37%,开,129440,3476,0万元,0,2260.0,7302.00万,7302,0,0%,缩量,27.96万,5.6,6.1,4.1,阳线||布林带下轨,布林带下轨支撑,未分类,未分类,未分类,0,63.86,69.71,74.04,79.35,95.24,74.04,52.85,下轨下方,-5.25,-2.1,-6.29,无信号,震荡整理,否,获取公告失败
2026-05-22,688389.SH,普门科技,科创板,12.25,0.16%,开,129317,3477,0万元,0,2850.0,232.85亿,2328542,0,0%,缩量,52.49万,5.5,6.0,4.0,价升||布林带下轨,布林带下轨支撑,未分类,未分类,未分类,0,13.37,13.72,13.94,14.1,14.9,13.94,12.99,下轨下方,-0.22,-0.07,-0.31,无信号,震荡整理,否,获取公告失败
2026-05-22,600229.SH,城市传媒,沪市主板,5.87,1.03%,开,129213,3478,0万元,0,2405.0,4.13亿,41256,0,0%,缩量,38.78万,5.6,6.1,4.1,阳线||布林带下轨,布林带下轨支撑,未分类,未分类,未分类,0,9.57,10.0,10.22,10.38,11.92,10.22,8.53,下轨下方,-0.32,-0.06,-0.52,无信号,震荡整理,否,获取公告失败
2026-05-22,603406.SH,天富龙,沪市主板,31.47,0.70%,开,129209,3479,0万元,0,2569.0,8185.00万,8185,0,0%,缩量,11.54万,5.6,6.0,4.0,阳线||布林带下轨,布林带下轨支撑,未分类,未分类,未分类,0,32.55,33.77,34.18,36.01,36.47,34.18,31.9,下轨下方,-0.85,-0.56,-0.58,无信号,震荡整理,否,获取公告失败
2026-05-22,688468.SH,科美诊断,科创板,7.05,0.43%,开,129166,3480,0万元,0,2703.0,388.20亿,3881960,0,0%,缩量,28.28万,5.5,6.0,4.0,阳线||布林带下轨,布林带下轨支撑,未分类,未分类,未分类,0,7.76,7.96,8.06,8.13,8.64,8.06,7.47,下轨下方,-0.12,-0.03,-0.19,无信号,震荡整理,否,获取公告失败
2026-05-22,002749.SZ,国光股份,深市主板,9.9,1.85%,开,129149,3481,0万元,0,1989.0,2.02亿,20159,0,0%,缩量,53.89万,5.7,6.1,4.1,阳线,观望,未分类,未分类,未分类,0,0.0,0.0,0.0,0.0,0.0,0.0,0.0,未知,0.0,0.0,0.0,,未知,否,获取公告失败
2026-05-22,688505.SH,复旦张江,科创板,7.67,0.13%,开,129052,3482,0万元,0,2840.0,371.84亿,3718391,0,0%,缩量,54.50万,5.5,6.0,4.0,价升||布林带下轨,布林带下轨支撑,未分类,未分类,未分类,0,7.98,8.13,8.15,8.3,8.54,8.15,7.77,下轨下方,-0.09,-0.04,-0.09,无信号,震荡整理,否,获取公告失败
2026-05-22,600753.SH,*ST海钦,沪市主板,14.18,0.57%,开,129046,3483,0万元,0,2621.0,1.85亿,18464,0,0%,缩量,32.66万,5.6,6.0,4.0,阳线||布林带下轨,布林带下轨支撑,未分类,未分类,未分类,0,44.47,46.74,46.61,43.06,58.5,46.61,34.71,下轨下方,-0.39,1.35,-3.47,死叉,震荡整理,否,获取公告失败
2026-05-22,002306.SZ,*ST云网,深市主板,2.17,1.40%,开,129039,3484,0万元,0,2203.0,10.26亿,102561,0,0%,缩量,17.66万,5.6,6.1,4.1,阳线||布林带下轨,布林带下轨支撑,未分类,未分类,未分类,0,9.65,9.92,10.13,10.21,10.88,10.13,9.38,下轨下方,-0.2,-0.09,-0.23,无信号,震荡整理,否,获取公告失败
2026-05-22,605259.SH,绿田机械,沪市主板,18.51,1.20%,开,129034,3485,0万元,0,2302.0,1.25亿,12511,0,0%,缩量,31.93万,5.6,6.1,4.1,阳线||布林带下轨,布林带下轨支撑,未分类,未分类,未分类,0,36.25,38.88,41.68,44.97,53.38,41.68,29.98,下轨下方,-3.15,-1.59,-3.13,无信号,震荡整理,否,获取公告失败
2026-05-22,300096.SZ,ST易联众,创业板,9.24,1.09%,开,128920,3486,0万元,0,2345.0,2.53亿,25310,0,0%,缩量,39.73万,5.6,6.1,4.1,价升,观望,未分类,未分类,未分类,0,47.53,48.01,48.26,44.73,51.33,48.26,45.2,布林带内,0.45,0.87,-0.84,无信号,震荡整理,否,获取公告失败
2026-05-22,000752.SZ,*ST西发,深市主板,9.03,1.35%,开,128894,3487,0万元,0,2216.0,2.47亿,24666,0,0%,缩量,23.82万,5.6,6.1,4.1,阳线||布林带下轨,布林带下轨支撑,未分类,未分类,未分类,0,42.18,43.17,45.27,47.44,51.68,45.27,38.87,下轨下方,-1.66,-1.05,-1.22,无信号,震荡整理,否,获取公告失败
2026-05-22,600305.SH,恒顺醋业,沪市主板,7.22,0.14%,开,128693,3488,0万元,0,2800.0,3.88亿,38809,0,0%,缩量,79.64万,5.5,6.0,4.0,价升||布林带下轨,布林带下轨支撑,未分类,未分类,未分类,0,66.45,70.17,72.34,74.91,86.83,72.34,57.85,下轨下方,-3.14,-1.04,-4.21,无信号,震荡整理,否,获取公告失败
2026-05-22,601065.SH,江盐集团,沪市主板,7.82,0.26%,开,128562,3489,0万元,0,2728.0,3.50亿,35025,0,0%,缩量,50.27万,5.5,6.0,4.0,阳线||布林带下轨,布林带下轨支撑,未分类,未分类,未分类,0,8.42,8.61,8.79,9.08,9.37,8.79,8.21,下轨下方,-0.19,-0.11,-0.16,无信号,震荡整理,否,获取公告失败
2026-05-22,600581.SH,*ST八钢,沪市主板,2.65,0.38%,开,128553,3490,0万元,0,2666.0,10.15亿,101529,0,0%,缩量,40.62万,5.5,6.0,4.0,阳线||布林带下轨,布林带下轨支撑,未分类,未分类,未分类,0,15.63,15.97,16.48,16.96,18.22,16.48,14.74,下轨下方,-0.48,-0.26,-0.44,无信号,震荡整理,否,获取公告失败
2026-05-22,605577.SH,龙版传媒,沪市主板,10.72,0.19%,开,128324,3491,0万元,0,2739.0,2.56亿,25615,0,0%,缩量,47.64万,5.5,6.0,4.0,价升||布林带下轨,布林带下轨支撑,未分类,未分类,未分类,0,11.33,11.66,12.02,12.95,13.2,12.02,10.84,下轨下方,-0.48,-0.38,-0.19,无信号,震荡整理,否,获取公告失败
2026-05-22,301206.SZ,三元生物,创业板,26.15,0.81%,开,128267,3492,0万元,0,2422.0,9307.00万,9307,0,0%,缩量,34.07万,5.6,6.0,4.1,阳线||布林带下轨,布林带下轨支撑,未分类,未分类,未分类,0,41.27,43.71,44.46,45.06,53.22,44.46,35.69,下轨下方,-1.49,-0.14,-2.71,无信号,震荡整理,否,获取公告失败
2026-05-22,600289.SH,ST信通,沪市主板,6.28,0.32%,开,128017,3493,0万元,0,2642.0,4.17亿,41651,0,0%,缩量,35.54万,5.5,6.0,4.0,阳线||布林带下轨||MA5上穿MA10,布林带下轨支撑,未分类,未分类,未分类,0,44.24,43.84,44.36,50.15,49.02,44.36,39.71,下轨下方,-1.8,-1.76,-0.08,死叉,震荡整理,否,获取公告失败
2026-05-22,603231.SH,索宝蛋白,沪市主板,16.81,0.84%,开,127999,3494,0万元,0,2380.0,1.42亿,14219,0,0%,缩量,17.86万,5.6,6.0,4.1,阳线||布林带下轨,布林带下轨支撑,未分类,未分类,未分类,0,17.68,18.02,18.27,18.64,19.31,18.27,17.24,下轨下方,-0.28,-0.14,-0.27,无信号,震荡整理,否,获取公告失败
2026-05-22,002116.SZ,中国海诚,深市主板,9.12,0.77%,开,127937,3495,0万元,0,2407.0,2.65亿,26483,0,0%,缩量,41.95万,5.6,6.0,4.1,阳线||布林带下轨,布林带下轨支撑,未分类,未分类,未分类,0,41.89,42.88,43.77,46.13,46.87,43.77,40.66,下轨下方,-1.23,-0.88,-0.71,无信号,震荡整理,否,获取公告失败
2026-05-22,603096.SH,新经典,沪市主板,17.92,0.90%,开,127824,3496,0万元,0,2332.0,1.31亿,13120,0,0%,缩量,27.64万,5.6,6.0,4.1,价升||布林带下轨,布林带下轨支撑,未分类,未分类,未分类,0,26.5,27.77,28.1,28.11,32.84,28.1,23.36,下轨下方,-0.68,0.04,-1.45,无信号,震荡整理,否,获取公告失败
2026-05-22,600080.SH,ST金花,沪市主板,5.73,0.53%,开,127631,3497,0万元,0,2500.0,4.39亿,43889,0,0%,缩量,21.39万,5.6,6.0,4.0,阳线,观望,未分类,未分类,未分类,0,27.02,27.92,32.49,38.77,43.01,32.49,21.98,布林带内,-3.79,-3.15,-1.27,无信号,震荡整理,否,获取公告失败
2026-05-22,002644.SZ,佛慈制药,深市主板,7.63,1.19%,开,127608,3498,0万元,0,2164.0,2.85亿,28468,0,0%,缩量,38.96万,5.6,6.1,4.1,阳线||布林带下轨,布林带下轨支撑,未分类,未分类,未分类,0,44.13,45.27,46.32,48.75,49.56,46.32,43.07,下轨下方,-1.37,-1.0,-0.74,无信号,震荡整理,否,获取公告失败
2026-05-22,603014.SH,威高血净,沪市主板,35.29,0.26%,开,127518,3499,0万元,0,2624.0,7442.00万,7442,0,0%,缩量,35.81万,5.5,6.0,4.0,价升,观望,未分类,未分类,未分类,0,35.31,35.54,36.08,37.63,37.65,36.08,34.51,布林带内,-0.61,-0.59,-0.04,无信号,震荡整理,否,获取公告失败
2026-05-22,603089.SH,正裕工业,沪市主板,11.19,0.54%,开,127485,3500,0万元,0,2479.0,2.21亿,22129,0,0%,缩量,26.86万,5.6,6.0,4.0,阳线||布林带下轨,布林带下轨支撑,未分类,未分类,未分类,0,21.86,23.4,24.56,26.47,30.93,24.56,18.19,下轨下方,-1.65,-0.78,-1.74,无信号,震荡整理,否,获取公告失败
2026-05-22,300791.SZ,仙乐健康,创业板,18.6,0.05%,开,127428,3501,0万元,0,2716.0,1.47亿,14654,0,0%,缩量,47.88万,5.5,6.0,4.0,价升||布林带下轨,布林带下轨支撑,未分类,未分类,未分类,0,64.61,70.39,75.8,82.38,103.39,75.8,48.22,下轨下方,-6.78,-3.12,-7.33,无信号,震荡整理,否,获取公告失败
2026-05-22,600716.SH,凤凰股份,沪市主板,3.92,1.03%,开,127324,3502,0万元,0,2217.0,5.66亿,56588,0,0%,缩量,36.69万,5.6,6.1,4.1,价升||布林带下轨,布林带下轨支撑,未分类,未分类,未分类,0,17.87,19.02,19.71,20.64,23.28,19.71,16.14,下轨下方,-0.91,-0.36,-1.1,无信号,震荡整理,否,获取公告失败
2026-05-22,002543.SZ,万和电气,深市主板,7.86,0.51%,开,127057,3503,0万元,0,2450.0,3.12亿,31167,0,0%,缩量,52.00万,5.6,6.0,4.0,价升||布林带下轨,布林带下轨支撑,未分类,未分类,未分类,0,41.85,44.11,45.62,48.07,54.56,45.62,36.68,下轨下方,-2.2,-0.95,-2.51,无信号,震荡整理,否,获取公告失败
2026-05-22,300741.SZ,华宝股份,创业板,15.0,0.60%,开,126908,3504,0万元,0,2389.0,1.60亿,16023,0,0%,缩量,92.38万,5.6,6.0,4.0,阳线,观望,未分类,未分类,未分类,0,0.0,0.0,0.0,0.0,0.0,0.0,0.0,未知,0.0,0.0,0.0,,未知,否,获取公告失败
2026-05-22,603987.SH,康德莱,沪市主板,7.77,0.78%,开,126901,3505,0万元,0,2301.0,2.97亿,29720,0,0%,缩量,33.94万,5.6,6.0,4.1,阳线||布林带下轨,布林带下轨支撑,未分类,未分类,未分类,0,18.53,19.07,19.75,20.73,21.72,19.75,17.79,下轨下方,-0.7,-0.46,-0.48,无信号,震荡整理,否,获取公告失败
2026-05-22,603569.SH,长久物流,沪市主板,6.37,0.63%,开,126889,3506,0万元,0,2373.0,3.75亿,37511,0,0%,缩量,38.44万,5.6,6.0,4.0,价升||布林带下轨,布林带下轨支撑,未分类,未分类,未分类,0,10.84,11.14,11.34,11.88,12.49,11.34,10.19,下轨下方,-0.33,-0.18,-0.31,无信号,震荡整理,否,获取公告失败
2026-05-22,002561.SZ,徐家汇,深市主板,7.37,0.55%,开,126738,3507,0万元,0,2401.0,3.27亿,32667,0,0%,缩量,30.54万,5.6,6.0,4.0,价升||布林带下轨,布林带下轨支撑,未分类,未分类,未分类,0,11.18,11.56,11.89,12.24,13.21,11.89,10.57,下轨下方,-0.36,-0.17,-0.4,无信号,震荡整理,否,获取公告失败
2026-05-22,603357.SH,设计总院,沪市主板,7.12,1.14%,开,126601,3508,0万元,0,2092.0,2.95亿,29508,0,0%,缩量,39.91万,5.6,6.1,4.1,阳线||布林带下轨,布林带下轨支撑,未分类,未分类,未分类,0,14.21,15.31,16.24,17.18,20.67,16.24,11.82,下轨下方,-1.1,-0.47,-1.26,无信号,震荡整理,否,获取公告失败
2026-05-22,301332.SZ,德尔玛,创业板,9.02,1.12%,开,126575,3509,0万元,0,2097.0,2.33亿,23323,0,0%,缩量,23.89万,5.6,6.1,4.1,价升||布林带下轨,布林带下轨支撑,未分类,未分类,未分类,0,9.32,9.51,9.6,9.6,10.07,9.6,9.12,下轨下方,-0.09,-0.01,-0.15,无信号,震荡整理,否,获取公告失败
2026-05-22,301223.SZ,中荣股份,创业板,17.97,0.62%,开,126549,3510,0万元,0,2347.0,1.31亿,13077,0,0%,缩量,34.71万,5.6,6.0,4.0,阳线||布林带下轨,布林带下轨支撑,未分类,未分类,未分类,0,18.92,19.58,20.11,20.41,21.8,20.11,18.43,下轨下方,-0.47,-0.22,-0.51,无信号,震荡整理,否,获取公告失败
2026-05-22,600169.SH,ST太重,沪市主板,2.3,0.88%,开,126165,3511,0万元,0,2178.0,9.50亿,94984,0,0%,缩量,76.66万,5.6,6.0,4.1,阳线||布林带下轨,布林带下轨支撑,未分类,未分类,未分类,0,22.32,23.15,23.7,24.43,26.67,23.7,20.72,下轨下方,-0.74,-0.3,-0.89,无信号,震荡整理,否,获取公告失败
2026-05-22,600822.SH,上海物贸,沪市主板,9.34,1.19%,开,125998,3512,0万元,0,2004.0,2.15亿,21524,0,0%,缩量,37.00万,5.6,6.1,4.1,阳线||布林带下轨,布林带下轨支撑,未分类,未分类,未分类,0,24.21,25.2,25.83,26.85,28.94,25.83,22.71,下轨下方,-0.88,-0.4,-0.95,无信号,震荡整理,否,获取公告失败
2026-05-22,688015.SH,交控科技,科创板,20.21,0.20%,开,125831,3513,0万元,0,2484.0,123.33亿,1233326,0,0%,缩量,38.13万,5.5,6.0,4.0,阳线||布林带下轨,布林带下轨支撑,未分类,未分类,未分类,0,22.22,22.76,23.41,24.68,25.56,23.41,21.27,下轨下方,-0.71,-0.48,-0.47,无信号,震荡整理,否,获取公告失败
2026-05-22,600272.SH,开开实业,沪市主板,11.9,0.51%,开,125343,3514,0万元,0,2281.0,1.93亿,19255,0,0%,缩量,19.04万,5.6,6.0,4.0,阳线||布林带下轨,布林带下轨支撑,未分类,未分类,未分类,0,14.9,15.43,15.59,16.11,17.16,15.59,14.02,下轨下方,-0.39,-0.16,-0.47,无信号,震荡整理,否,获取公告失败
2026-05-22,002822.SZ,ST中装,深市主板,3.08,0.98%,开,125098,3515,0万元,0,2018.0,6.61亿,66072,0,0%,缩量,32.92万,5.6,6.0,4.1,阳线||布林带下轨,布林带下轨支撑,未分类,未分类,未分类,0,6.98,7.0,7.19,7.46,7.78,7.19,6.6,下轨下方,-0.17,-0.12,-0.11,无信号,震荡整理,否,获取公告失败
2026-05-22,603759.SH,海天股份,沪市主板,8.48,0.12%,开,124940,3516,0万元,0,2435.0,2.89亿,28887,0,0%,缩量,39.16万,5.5,6.0,4.0,阳线||布林带下轨,布林带下轨支撑,未分类,未分类,未分类,0,12.63,13.37,13.93,14.99,16.61,13.93,11.25,下轨下方,-0.76,-0.39,-0.75,无信号,震荡整理,否,获取公告失败
2026-05-22,000931.SZ,中 关 村,深市主板,4.38,0.46%,开,124573,3517,0万元,0,2228.0,5.08亿,50807,0,0%,缩量,32.90万,5.5,6.0,4.0,阳线,观望,未分类,未分类,未分类,0,5.61,5.67,5.82,6.19,6.25,5.82,5.39,布林带内,-0.17,-0.17,-0.0,无信号,震荡整理,否,获取公告失败
2026-05-22,301501.SZ,恒鑫生活,创业板,30.66,0.49%,开,124478,3518,0万元,0,2202.0,7186.00万,7186,0,0%,缩量,13.34万,5.5,6.0,4.0,价升||布林带下轨,布林带下轨支撑,未分类,未分类,未分类,0,43.13,45.38,48.54,53.93,59.17,48.54,37.92,下轨下方,-3.56,-2.38,-2.35,无信号,震荡整理,否,获取公告失败
2026-05-22,603970.SH,中农立华,沪市主板,12.18,1.33%,开,124465,3519,0万元,0,1781.0,1.48亿,14759,0,0%,缩量,32.74万,5.6,6.1,4.1,阳线||布林带下轨,布林带下轨支撑,未分类,未分类,未分类,0,26.5,28.38,29.52,30.39,36.61,29.52,22.44,下轨下方,-1.46,-0.37,-2.18,无信号,震荡整理,否,获取公告失败
2026-05-22,002592.SZ,ST八菱,深市主板,7.43,1.50%,开,124403,3520,0万元,0,1689.0,2.28亿,22809,0,0%,缩量,19.52万,5.7,6.1,4.1,阳线,观望,未分类,未分类,未分类,0,0.0,0.0,0.0,0.0,0.0,0.0,0.0,未知,0.0,0.0,0.0,,未知,否,获取公告失败
2026-05-22,600423.SH,*ST柳化,沪市主板,2.75,0.73%,开,124273,3521,0万元,0,2061.0,7.53亿,75288,0,0%,缩量,21.96万,5.6,6.0,4.0,价升||布林带下轨,布林带下轨支撑,未分类,未分类,未分类,0,10.18,10.78,11.02,12.74,12.86,11.02,9.18,下轨下方,-0.66,-0.46,-0.39,无信号,震荡整理,否,获取公告失败
2026-05-22,600117.SH,西宁特钢,沪市主板,2.32,0.43%,开,124134,3522,0万元,0,2197.0,9.50亿,95035,0,0%,缩量,75.52万,5.5,6.0,4.0,阳线||布林带下轨,布林带下轨支撑,未分类,未分类,未分类,0,6.24,6.6,6.87,7.28,7.92,6.87,5.82,下轨下方,-0.31,-0.16,-0.32,无信号,震荡整理,否,获取公告失败
2026-05-22,603587.SH,地素时尚,沪市主板,12.89,0.16%,开,124077,3523,0万元,0,2330.0,1.82亿,18176,0,0%,缩量,61.11万,5.5,6.0,4.0,阳线||布林带下轨,布林带下轨支撑,未分类,未分类,未分类,0,21.22,22.23,22.72,22.56,27.17,22.72,18.27,下轨下方,-0.65,0.02,-1.35,无信号,震荡整理,否,获取公告失败
2026-05-22,603277.SH,银都股份,沪市主板,12.65,0.96%,开,123858,3524,0万元,0,1907.0,1.52亿,15175,0,0%,缩量,77.13万,5.6,6.0,4.1,价升||布林带下轨,布林带下轨支撑,未分类,未分类,未分类,0,21.82,23.24,24.02,26.08,29.38,24.02,18.65,下轨下方,-1.43,-0.72,-1.43,无信号,震荡整理,否,获取公告失败
2026-05-22,301296.SZ,新巨丰,创业板,7.18,1.41%,开,123682,3525,0万元,0,1662.0,2.33亿,23342,0,0%,缩量,30.67万,5.6,6.1,4.1,阳线||布林带下轨,布林带下轨支撑,未分类,未分类,未分类,0,7.42,7.59,7.74,8.05,8.23,7.74,7.25,下轨下方,-0.18,-0.12,-0.11,无信号,震荡整理,否,获取公告失败
2026-05-22,002694.SZ,*ST顾地,深市主板,2.56,2.40%,开,123670,3526,0万元,0,1167.0,4.61亿,46149,0,0%,缩量,18.40万,5.7,6.1,4.2,阳线||布林带下轨,布林带下轨支撑,未分类,未分类,未分类,0,11.32,11.73,12.23,12.94,13.71,12.23,10.74,下轨下方,-0.48,-0.32,-0.32,无信号,震荡整理,否,获取公告失败
2026-05-22,688137.SH,近岸蛋白,科创板,46.55,0.41%,开,123549,3527,0万元,0,2150.0,46.15亿,461479,0,0%,缩量,32.67万,5.5,6.0,4.0,阳线,观望,未分类,未分类,未分类,0,47.73,49.96,49.9,45.86,53.91,49.9,45.89,布林带内,0.22,1.0,-1.56,无信号,震荡整理,否,获取公告失败
2026-05-22,603639.SH,海利尔,沪市主板,11.42,1.51%,开,123265,3528,0万元,0,1571.0,1.39亿,13882,0,0%,缩量,38.81万,5.7,6.1,4.1,阳线||布林带下轨,布林带下轨支撑,未分类,未分类,未分类,0,36.39,39.66,42.93,46.27,56.37,42.93,29.49,下轨下方,-3.52,-1.67,-3.7,无信号,震荡整理,否,获取公告失败
2026-05-22,603848.SH,好太太,沪市主板,15.5,0.06%,开,123212,3529,0万元,0,2289.0,1.48亿,14777,0,0%,缩量,62.37万,5.5,6.0,4.0,价升||布林带下轨,布林带下轨支撑,未分类,未分类,未分类,0,17.32,18.04,17.93,17.92,19.68,17.93,16.18,下轨下方,-0.15,0.09,-0.48,无信号,震荡整理,否,获取公告失败
2026-05-22,688606.SH,奥泰生物,科创板,49.8,0.38%,开,122794,3530,0万元,0,2088.0,41.99亿,419898,0,0%,缩量,39.48万,5.5,6.0,4.0,阳线||布林带下轨,布林带下轨支撑,未分类,未分类,未分类,0,89.52,97.35,101.25,112.39,126.13,101.25,76.37,下轨下方,-7.38,-3.92,-6.92,无信号,震荡整理,否,获取公告失败
2026-05-22,600365.SH,ST通葡,沪市主板,2.87,0.70%,开,122768,3531,0万元,0,1926.0,6.75亿,67472,0,0%,缩量,12.26万,5.6,6.0,4.0,阳线||布林带下轨,布林带下轨支撑,未分类,未分类,未分类,0,7.43,7.71,7.89,8.15,8.92,7.89,6.87,下轨下方,-0.25,-0.1,-0.31,无信号,震荡整理,否,获取公告失败
2026-05-22,688370.SH,丛麟科技,科创板,25.44,0.16%,开,122747,3532,0万元,0,2196.0,86.54亿,865373,0,0%,缩量,34.88万,5.5,6.0,4.0,价升||布林带下轨,布林带下轨支撑,未分类,未分类,未分类,0,34.43,35.15,35.64,36.58,40.59,35.64,30.69,下轨下方,-0.82,-0.22,-1.21,死叉,震荡整理,否,获取公告失败
2026-05-22,002907.SZ,华森制药,深市主板,12.61,0.48%,开,122720,3533,0万元,0,2033.0,1.62亿,16205,0,0%,缩量,42.35万,5.5,6.0,4.0,价升||布林带下轨,布林带下轨支撑,未分类,未分类,未分类,0,13.14,13.49,13.91,14.37,15.02,13.91,12.8,下轨下方,-0.4,-0.27,-0.26,无信号,震荡整理,否,获取公告失败
2026-05-22,603136.SH,天目湖,沪市主板,9.89,0.41%,开,122590,3534,0万元,0,2056.0,2.09亿,20857,0,0%,缩量,26.72万,5.5,6.0,4.0,价升||布林带下轨,布林带下轨支撑,未分类,未分类,未分类,0,29.96,32.93,35.14,38.05,47.21,35.14,23.06,下轨下方,-2.98,-1.27,-3.41,无信号,震荡整理,否,获取公告失败
2026-05-22,002014.SZ,永新股份,深市主板,11.14,0.27%,开,122530,3535,0万元,0,2118.0,1.91亿,19095,0,0%,缩量,67.14万,5.5,6.0,4.0,阳线||布林带下轨,布林带下轨支撑,未分类,未分类,未分类,0,98.56,103.56,105.73,109.69,124.94,105.73,86.51,下轨下方,-4.23,-1.52,-5.43,无信号,震荡整理,否,获取公告失败
2026-05-22,603153.SH,上海建科,沪市主板,15.1,0.27%,开,122428,3536,0万元,0,2110.0,1.40亿,14043,0,0%,缩量,60.97万,5.5,6.0,4.0,价升||布林带下轨,布林带下轨支撑,未分类,未分类,未分类,0,15.86,16.09,16.76,16.89,18.33,16.76,15.19,下轨下方,-0.38,-0.2,-0.36,无信号,震荡整理,否,获取公告失败
2026-05-22,002661.SZ,克明食品,深市主板,8.18,0.25%,开,121645,3537,0万元,0,2042.0,2.50亿,25045,0,0%,缩量,25.99万,5.5,6.0,4.0,价升||布林带下轨,布林带下轨支撑,未分类,未分类,未分类,0,32.67,33.73,34.66,35.84,38.5,34.66,30.83,下轨下方,-1.07,-0.51,-1.13,无信号,震荡整理,否,获取公告失败
2026-05-22,603408.SH,建霖家居,沪市主板,11.05,1.01%,开,121147,3538,0万元,0,1612.0,1.47亿,14669,0,0%,缩量,49.46万,5.6,6.1,4.1,阳线||布林带下轨,布林带下轨支撑,未分类,未分类,未分类,0,13.55,14.05,14.37,14.9,16.01,14.37,12.72,下轨下方,-0.45,-0.21,-0.49,无信号,震荡整理,否,获取公告失败
2026-05-22,000698.SZ,ST沈化,深市主板,3.61,0.84%,开,121079,3539,0万元,0,1689.0,4.70亿,46953,0,0%,缩量,28.36万,5.6,6.0,4.1,阳线||布林带下轨,布林带下轨支撑,未分类,未分类,未分类,0,11.17,11.76,12.18,12.59,14.26,12.18,10.11,下轨下方,-0.51,-0.19,-0.63,无信号,震荡整理,否,获取公告失败
2026-05-22,688098.SH,申联生物,科创板,8.23,1.60%,开,120874,3540,0万元,0,1285.0,157.21亿,1572053,0,0%,缩量,33.80万,5.7,6.1,4.1,阳线||布林带下轨,布林带下轨支撑,未分类,未分类,未分类,0,8.66,8.88,9.03,9.29,9.61,9.03,8.45,下轨下方,-0.21,-0.12,-0.17,无信号,震荡整理,否,获取公告失败
2026-05-22,603609.SH,禾丰股份,沪市主板,6.57,0.77%,开,120414,3541,0万元,0,1658.0,2.54亿,25433,0,0%,缩量,59.67万,5.6,6.0,4.1,阳线||布林带下轨,布林带下轨支撑,未分类,未分类,未分类,0,11.31,11.6,11.83,12.17,12.73,11.83,10.92,下轨下方,-0.27,-0.13,-0.27,无信号,震荡整理,否,获取公告失败
2026-05-22,603825.SH,ST华扬,沪市主板,8.56,1.54%,开,119780,3542,0万元,0,1207.0,1.42亿,14230,0,0%,缩量,21.69万,5.7,6.1,4.1,阳线||布林带下轨,布林带下轨支撑,未分类,未分类,未分类,0,13.53,13.76,13.8,13.9,14.7,13.8,12.9,下轨下方,-0.11,0.02,-0.26,无信号,震荡整理,否,获取公告失败
2026-05-22,301277.SZ,新天地,创业板,10.56,0.48%,开,119738,3543,0万元,0,1736.0,1.65亿,16466,0,0%,缩量,41.40万,5.5,6.0,4.0,阳线,观望,未分类,未分类,未分类,0,0.0,0.0,0.0,0.0,0.0,0.0,0.0,未知,0.0,0.0,0.0,,未知,否,获取公告失败
2026-05-22,002200.SZ,*ST交投,深市主板,7.63,1.06%,开,119678,3544,0万元,0,1438.0,1.90亿,18991,0,0%,缩量,14.93万,5.6,6.1,4.1,阳线||布林带下轨,布林带下轨支撑,未分类,未分类,未分类,0,15.3,15.78,15.77,15.5,16.84,15.77,14.69,下轨下方,-0.1,0.09,-0.37,无信号,震荡整理,否,获取公告失败
2026-05-22,600543.SH,*ST莫高,沪市主板,4.85,1.25%,开,119513,3545,0万元,0,1325.0,2.75亿,27481,0,0%,缩量,15.57万,5.6,6.1,4.1,阳线||布林带下轨,布林带下轨支撑,未分类,未分类,未分类,0,11.53,11.85,12.0,12.24,13.47,12.0,10.52,下轨下方,-0.25,-0.04,-0.42,无信号,震荡整理,否,获取公告失败
2026-05-22,603676.SH,卫信康,沪市主板,9.66,0.73%,开,119329,3546,0万元,0,1568.0,1.63亿,16275,0,0%,缩量,42.04万,5.6,6.0,4.0,阳线||布林带下轨,布林带下轨支撑,未分类,未分类,未分类,0,10.92,11.33,11.63,11.96,12.74,11.63,10.52,下轨下方,-0.33,-0.16,-0.34,无信号,震荡整理,否,获取公告失败
2026-05-22,000789.SZ,万年青,深市主板,4.58,0.22%,开,119234,3547,0万元,0,1814.0,3.97亿,39728,0,0%,缩量,36.52万,5.5,6.0,4.0,价升||布林带下轨,布林带下轨支撑,未分类,未分类,未分类,0,37.15,40.49,42.43,45.23,55.75,42.43,29.12,下轨下方,-2.97,-1.07,-3.8,无信号,震荡整理,否,获取公告失败
2026-05-22,603205.SH,健尔康,沪市主板,25.91,0.31%,开,119168,3548,0万元,0,1762.0,6818.00万,6818,0,0%,缩量,10.71万,5.5,6.0,4.0,阳线||布林带下轨,布林带下轨支撑,未分类,未分类,未分类,0,32.35,33.13,33.88,34.44,37.97,33.88,29.79,下轨下方,-0.78,-0.26,-1.04,无信号,震荡整理,否,获取公告失败
2026-05-22,002168.SZ,ST惠程,深市主板,3.95,0.77%,开,118526,3549,0万元,0,1470.0,3.75亿,37476,0,0%,缩量,30.97万,5.6,6.0,4.1,阳线,观望,未分类,未分类,未分类,0,59.66,60.74,62.5,61.67,67.18,62.5,57.81,布林带内,-0.83,-0.33,-1.0,无信号,震荡整理,否,获取公告失败
2026-05-22,603838.SH,*ST四通,沪市主板,9.68,1.04%,开,117919,3550,0万元,0,1270.0,1.33亿,13251,0,0%,缩量,30.98万,5.6,6.1,4.1,价升,观望,未分类,未分类,未分类,0,20.19,20.53,19.74,18.65,21.66,19.74,17.82,布林带内,0.47,0.54,-0.14,无信号,震荡整理,否,获取公告失败
2026-05-22,603377.SH,ST东时,沪市主板,3.54,0.85%,开,117883,3551,0万元,0,1361.0,3.86亿,38601,0,0%,缩量,25.33万,5.6,6.0,4.1,阳线||布林带下轨,布林带下轨支撑,未分类,未分类,未分类,0,7.01,7.25,7.45,7.64,8.58,7.45,6.32,下轨下方,-0.25,-0.09,-0.32,无信号,震荡整理,否,获取公告失败
2026-05-22,600165.SH,ST宁科,沪市主板,3.08,0.98%,开,117798,3552,0万元,0,1288.0,4.17亿,41729,0,0%,缩量,22.57万,5.6,6.0,4.1,阳线||布林带下轨,布林带下轨支撑,未分类,未分类,未分类,0,19.07,19.46,20.98,22.92,25.31,20.98,16.65,下轨下方,-1.33,-0.92,-0.82,无信号,震荡整理,否,获取公告失败
2026-05-22,600136.SH,ST明诚,沪市主板,1.68,0.60%,开,117704,3553,0万元,0,1471.0,8.78亿,87760,0,0%,缩量,32.64万,5.6,6.0,4.0,阳线||布林带下轨,布林带下轨支撑,未分类,未分类,未分类,0,11.6,12.7,13.52,14.41,18.17,13.52,8.87,下轨下方,-1.09,-0.43,-1.32,无信号,震荡整理,否,获取公告失败
2026-05-22,688366.SH,昊海生科,科创板,34.89,0.49%,开,117628,3554,0万元,0,1518.0,43.68亿,436816,0,0%,缩量,67.70万,5.5,6.0,4.0,价升||布林带下轨,布林带下轨支撑,未分类,未分类,未分类,0,50.93,54.72,57.36,60.58,68.79,57.36,45.93,下轨下方,-3.18,-1.44,-3.48,无信号,震荡整理,否,获取公告失败
2026-05-22,600624.SH,ST复华,沪市主板,4.56,0.22%,开,117558,3555,0万元,0,1646.0,3.61亿,36072,0,0%,缩量,30.98万,5.5,6.0,4.0,价升,观望,未分类,未分类,未分类,0,70.87,71.07,69.4,72.27,74.75,69.4,64.04,布林带内,0.13,0.01,0.24,无信号,震荡整理,否,获取公告失败
2026-05-22,603813.SH,*ST原尚,沪市主板,37.49,0.70%,开,117491,3556,0万元,0,1400.0,3750.00万,3750,0,0%,缩量,39.37万,5.6,6.0,4.0,阳线,观望,未分类,未分类,未分类,0,38.44,39.05,38.12,33.64,42.4,38.12,33.84,布林带内,1.72,2.07,-0.7,无信号,震荡整理,否,获取公告失败
2026-05-22,603230.SH,内蒙新华,沪市主板,10.17,0.79%,开,117264,3557,0万元,0,1330.0,1.31亿,13105,0,0%,缩量,35.95万,5.6,6.0,4.1,阳线||布林带下轨,布林带下轨支撑,未分类,未分类,未分类,0,11.21,11.49,11.73,12.55,12.61,11.73,10.85,下轨下方,-0.41,-0.31,-0.19,无信号,震荡整理,否,获取公告失败
2026-05-22,688265.SH,南模生物,科创板,38.66,1.07%,开,116549,3558,0万元,0,1119.0,29.13亿,291306,0,0%,缩量,30.14万,5.6,6.1,4.1,阳线,观望,未分类,未分类,未分类,0,39.17,40.04,41.03,42.81,43.87,41.03,38.19,布林带内,-1.09,-0.84,-0.5,无信号,震荡整理,否,获取公告失败
2026-05-22,600648.SH,外高桥,沪市主板,9.81,0.20%,开,116521,3559,0万元,0,1550.0,1.58亿,15795,0,0%,缩量,111.62万,5.5,6.0,4.0,阳线||MACD金叉||布林带上轨||MA5上穿MA10,MACD金叉,未分类,未分类,未分类,0,38.69,37.92,37.9,37.98,42.31,37.9,33.49,上轨上方,0.41,-0.15,1.12,金叉,震荡整理,否,获取公告失败
2026-05-22,688570.SH,天玛智控,科创板,16.66,0.30%,开,116205,3560,0万元,0,1470.0,88.72亿,887182,0,0%,缩量,31.35万,5.5,6.0,4.0,阳线||布林带下轨,布林带下轨支撑,未分类,未分类,未分类,0,17.49,17.78,18.07,18.58,19.03,18.07,17.11,下轨下方,-0.32,-0.2,-0.24,无信号,震荡整理,否,获取公告失败
2026-05-22,688075.SH,安旭生物,科创板,36.27,1.26%,开,115571,3561,0万元,0,929.0,25.98亿,259786,0,0%,缩量,46.09万,5.6,6.1,4.1,阳线||布林带下轨,布林带下轨支撑,未分类,未分类,未分类,0,79.08,85.7,88.97,92.69,113.93,88.97,64.01,下轨下方,-5.32,-1.67,-7.31,无信号,震荡整理,否,获取公告失败
2026-05-22,600834.SH,申通地铁,沪市主板,7.91,0.64%,开,113970,3562,0万元,0,1079.0,1.37亿,13690,0,0%,缩量,37.76万,5.6,6.0,4.0,阳线||布林带下轨,布林带下轨支撑,未分类,未分类,未分类,0,30.26,31.22,31.89,32.95,35.78,31.89,27.99,下轨下方,-0.97,-0.43,-1.08,无信号,震荡整理,否,获取公告失败
2026-05-22,603801.SH,志邦家居,沪市主板,7.92,0.13%,开,112712,3563,0万元,0,1208.0,1.53亿,15278,0,0%,缩量,34.40万,5.5,6.0,4.0,价升||布林带下轨,布林带下轨支撑,未分类,未分类,未分类,0,27.05,30.26,31.91,33.88,43.29,31.91,20.54,下轨下方,-2.55,-0.87,-3.37,无信号,震荡整理,否,获取公告失败
