代码,名称,收盘价,涨跌幅,技术形态,买入信号,MA5,MA10,MA20,MA60,布林带上轨,布林线中轨,布林线下轨,布林带位置,MACD_DIF,MACD_DEA,MACD柱,MACD信号,多头排列
000006.SZ,深振业Ａ,10.88,4.02%,阳线||多头排列||布林带下轨||MA5上穿MA10,多头排列,749.73,747.52,731.95,695.6,837.46,731.95,626.44,下轨下方,7.97,17.41,-18.88,死叉,是
000007.SZ,全新好,12.46,7.23%,阳线||布林带下轨,观望,164.43,187.4,205.69,202.24,276.58,205.69,134.81,下轨下方,-13.67,-2.44,-22.48,无信号,否
000008.SZ,神州高铁,2.62,0.38%,阳线||布林带下轨,观望,79.21,83.28,84.37,88.55,97.07,84.37,71.66,下轨下方,-3.04,-1.23,-3.61,无信号,否
000009.SZ,中国宝安,7.76,0.13%,价升||布林带下轨,观望,88.16,95.37,102.45,108.6,129.17,102.45,75.74,下轨下方,-7.25,-3.4,-7.71,无信号,否
000011.SZ,深物业A,7.56,1.34%,阳线||布林带下轨,观望,33.32,35.3,36.7,38.41,44.62,36.7,28.79,下轨下方,-1.94,-0.81,-2.26,无信号,否
000012.SZ,南  玻Ａ,4.4,10.00%,阳线||布林带下轨,观望,134.71,140.99,147.96,159.31,176.41,147.96,119.52,下轨下方,-8.18,-4.79,-6.78,无信号,否
000014.SZ,沙河股份,11.37,1.61%,阳线||布林带下轨,观望,128.64,139.49,147.92,159.42,182.16,147.92,113.67,下轨下方,-10.51,-5.41,-10.2,无信号,否
000016.SZ,*ST康佳A,3.3,1.23%,阳线||布林带下轨,观望,65.95,67.15,68.14,70.46,74.99,68.14,61.29,下轨下方,-1.28,-0.75,-1.08,死叉,否
000017.SZ,深中华A,5.71,1.96%,阳线||布林带下轨,观望,16.72,17.8,18.78,20.85,22.27,18.78,15.29,下轨下方,-1.27,-0.8,-0.94,无信号,否
000020.SZ,深华发Ａ,13.21,3.20%,阳线,观望,22.01,22.58,24.25,25.92,28.01,24.25,20.5,布林带内,-1.23,-0.99,-0.48,无信号,否
000021.SZ,深科技,37.73,3.74%,阳线||多头排列||MA5上穿MA10,多头排列,436.91,421.4,391.53,373.94,462.97,391.53,320.09,布林带内,19.92,16.71,6.41,无信号,是
000025.SZ,特  力Ａ,14.88,1.78%,阳线||布林带下轨,观望,37.04,40.1,42.02,44.36,52.71,42.02,31.33,下轨下方,-2.59,-0.95,-3.26,无信号,否
000026.SZ,飞亚达,25.55,9.99%,阳线||多头排列||MA5上穿MA10,多头排列,182.25,178.6,169.24,147.79,193.63,169.24,144.85,布林带内,9.2,9.21,-0.02,死叉,是
000027.SZ,深圳能源,7.31,0.83%,阳线||布林带下轨,观望,92.83,93.4,92.08,91.45,98.02,92.08,86.15,下轨下方,0.34,0.84,-1.0,死叉,否
000029.SZ,深深房Ａ,25.5,3.36%,阳线,观望,52.18,53.31,48.01,44.14,62.41,48.01,33.61,布林带内,2.22,2.95,-1.47,死叉,否
000030.SZ,富奥股份,4.71,0.43%,价升||布林带下轨,观望,17.32,18.46,19.33,20.08,23.78,19.33,14.88,下轨下方,-1.06,-0.39,-1.33,无信号,否
000032.SZ,深桑达Ａ,19.19,0.31%,价升||布林带下轨||MA5上穿MA10,观望,67.3,67.21,65.9,66.08,71.16,65.9,60.64,下轨下方,0.19,0.36,-0.34,死叉,否
000034.SZ,神州数码,29.07,3.78%,阳线,观望,,,,,,,,,,,,,
000036.SZ,华联控股,5.44,0.74%,阳线||布林带下轨,观望,45.95,48.46,47.69,45.76,54.63,47.69,40.75,下轨下方,-0.09,0.95,-2.07,无信号,否
000037.SZ,深南电A,9.89,2.91%,阳线||布林带下轨,观望,48.75,51.6,52.66,51.37,59.1,52.66,46.21,下轨下方,-1.1,0.09,-2.39,无信号,否
000039.SZ,中集集团,10.33,1.37%,阳线||布林带下轨,观望,403.38,446.09,457.25,462.16,567.61,457.25,346.88,下轨下方,-19.57,-0.56,-38.01,无信号,否
000042.SZ,中洲控股,10.03,0.10%,阳线||布林带下轨,观望,124.03,126.73,123.71,118.65,139.98,123.71,107.45,下轨下方,0.93,2.75,-3.64,死叉,否
000045.SZ,深纺织Ａ,12.2,3.30%,阳线||布林带下轨,观望,33.18,34.39,34.58,36.46,39.09,34.58,30.07,下轨下方,-1.05,-0.49,-1.12,死叉,否
000049.SZ,德赛电池,27.42,3.79%,阳线||布林带下轨,观望,186.59,202.07,214.54,209.98,271.77,214.54,157.31,下轨下方,-10.7,-1.37,-18.68,无信号,否
000050.SZ,深天马Ａ,7.95,4.61%,阳线||布林带下轨,观望,61.39,63.73,66.17,71.23,75.37,66.17,56.97,下轨下方,-2.86,-1.87,-1.98,无信号,否
000055.SZ,方大集团,3.59,2.28%,阳线||布林带下轨,观望,36.05,38.15,38.8,39.99,47.88,38.8,29.72,下轨下方,-1.51,-0.2,-2.61,无信号,否
000058.SZ,深 赛 格,7.58,0.66%,价升||布林带下轨,观望,22.62,24.0,24.54,25.3,28.4,24.54,20.68,下轨下方,-0.89,-0.27,-1.24,无信号,否
000060.SZ,中金岭南,7.57,10.03%,阳线||布林带下轨,观望,341.7,372.55,367.67,359.39,457.89,367.67,277.44,下轨下方,-5.9,7.63,-27.06,无信号,否
000061.SZ,农 产 品,6.53,0.77%,价升||布林带下轨,观望,160.89,169.88,177.38,195.13,201.11,177.38,153.65,下轨下方,-8.69,-5.74,-5.9,无信号,否
000062.SZ,深圳华强,34.63,4.21%,阳线,观望,,,,,,,,,,,,,
000063.SZ,中兴通讯,35.64,2.33%,阳线||布林带下轨,观望,544.86,565.63,570.54,555.62,634.89,570.54,506.19,下轨下方,-5.77,5.78,-23.12,无信号,否
000066.SZ,中国长城,20.93,3.10%,价升,观望,190.42,206.35,193.85,165.15,249.15,193.85,138.55,布林带内,8.42,13.27,-9.71,无信号,否
000070.SZ,特发信息,18.48,2.72%,阳线||布林带下轨,观望,58.96,64.19,65.5,61.99,80.14,65.5,50.87,下轨下方,-2.06,0.46,-5.04,无信号,否
000090.SZ,天健集团,3.31,1.22%,阳线||布林带下轨,观望,29.58,32.04,33.35,35.0,42.9,33.35,23.8,下轨下方,-2.05,-0.66,-2.79,无信号,否
000100.SZ,TCL科技,4.38,0.23%,阳线||布林带下轨,观望,13.81,14.23,14.42,15.0,16.26,14.42,12.59,下轨下方,-0.38,-0.14,-0.47,死叉,否
000151.SZ,中成股份,11.57,1.31%,阳线||布林带下轨,观望,28.68,29.42,29.19,30.17,32.53,29.19,25.85,下轨下方,-0.43,-0.05,-0.77,死叉,否
000153.SZ,丰原药业,6.0,1.01%,阳线||布林带下轨,观望,45.33,48.85,50.88,53.11,63.41,50.88,38.36,下轨下方,-2.97,-1.06,-3.82,无信号,否
000157.SZ,中联重科,7.3,0.41%,价升||布林带下轨,观望,498.45,526.55,545.02,587.54,629.53,545.02,460.51,下轨下方,-27.14,-15.59,-23.1,无信号,否
000158.SZ,常山北明,15.45,0.19%,阳线||布林带下轨,观望,42.3,44.9,46.96,49.99,54.55,46.96,39.37,下轨下方,-2.24,-1.14,-2.19,无信号,否
000159.SZ,国际实业,7.09,4.26%,阳线||布林带下轨,观望,21.43,21.51,21.61,21.89,24.9,21.61,18.33,下轨下方,-0.24,0.08,-0.65,死叉,否
000338.SZ,潍柴动力,34.01,5.36%,阳线||MACD金叉,MACD金叉,585.4,587.14,566.08,499.23,637.75,566.08,494.41,布林带内,28.04,27.97,0.14,金叉,否
000401.SZ,金隅冀东,3.98,0.51%,价升||布林带下轨,观望,20.04,21.41,22.48,24.18,27.81,22.48,17.14,下轨下方,-1.45,-0.72,-1.45,无信号,否
000402.SZ,金 融 街,2.93,2.09%,阳线||布林带下轨,观望,140.96,150.3,152.57,150.34,187.39,152.57,117.76,下轨下方,-4.56,0.84,-10.81,无信号,否
000408.SZ,藏格矿业,80.96,3.54%,阳线,观望,,,,,,,,,,,,,
000409.SZ,云鼎科技,9.55,0.53%,阳线,观望,20.96,21.33,21.78,22.89,23.14,21.78,20.43,布林带内,-0.55,-0.43,-0.24,无信号,否
000410.SZ,沈阳机床,5.8,0.87%,阳线||布林带下轨,观望,17.68,18.68,19.58,21.73,23.29,19.58,15.88,下轨下方,-1.22,-0.76,-0.91,无信号,否
000411.SZ,英特集团,12.12,1.76%,阳线||布林带下轨,观望,36.76,37.85,37.16,37.65,44.1,37.16,30.22,下轨下方,-0.51,0.21,-1.43,死叉,否
000417.SZ,合百集团,10.24,9.99%,阳线||多头排列||MA5上穿MA10,多头排列,158.9,149.74,140.54,138.73,170.32,140.54,110.76,布林带内,5.95,4.2,3.51,无信号,是
000419.SZ,通程控股,5.33,0.19%,价升||布林带下轨,观望,77.72,81.98,84.8,89.65,99.88,84.8,69.72,下轨下方,-4.07,-1.85,-4.44,无信号,否
000420.SZ,吉林化纤,4.8,2.78%,阳线||布林带下轨,观望,30.18,32.5,33.43,31.82,39.21,33.43,27.66,下轨下方,-0.91,0.22,-2.25,无信号,否
000421.SZ,南京公用,6.07,1.17%,阳线||布林带下轨,观望,50.84,52.96,53.86,57.15,62.71,53.86,45.01,下轨下方,-1.97,-0.81,-2.33,死叉,否
000425.SZ,徐工机械,9.65,0.84%,阳线||布林带下轨,观望,360.72,389.63,395.36,422.57,459.24,395.36,331.47,下轨下方,-16.59,-7.41,-18.35,无信号,否
000426.SZ,兴业银锡,41.47,4.04%,阳线,观望,950.79,1018.52,999.19,1010.45,1159.7,999.19,838.69,布林带内,-2.23,7.76,-19.98,无信号,否
000429.SZ,粤高速Ａ,13.29,0.38%,阳线||布林带下轨,观望,38.85,39.47,39.33,39.14,42.17,39.33,36.5,下轨下方,-0.24,0.1,-0.69,死叉,否
000504.SZ,*ST生物,9.49,2.59%,阳线||布林带下轨,观望,25.64,26.1,26.59,27.31,28.73,26.59,24.44,下轨下方,-0.64,-0.41,-0.47,无信号,否
000505.SZ,京粮控股,6.23,1.14%,阳线||布林带下轨,观望,31.36,33.27,33.17,34.76,37.27,33.17,29.08,下轨下方,-0.92,-0.33,-1.18,无信号,否
000506.SZ,招金黄金,14.2,1.79%,阳线||布林带下轨,观望,41.76,45.97,49.05,55.1,60.54,49.05,37.55,下轨下方,-3.94,-2.37,-3.13,无信号,否
000507.SZ,珠海港,5.21,0.39%,阳线||布林带下轨,观望,29.49,30.53,30.97,32.65,35.64,30.97,26.3,下轨下方,-1.07,-0.47,-1.18,死叉,否
000509.SZ,华塑控股,3.92,3.16%,阳线||布林带下轨,观望,36.65,39.79,39.8,41.66,54.12,39.8,25.47,下轨下方,-2.08,-0.2,-3.76,死叉,否
000510.SZ,新金路,14.94,10.01%,阳线||布林带下轨,观望,179.37,199.15,199.9,219.47,245.18,199.9,154.62,下轨下方,-8.85,-3.4,-10.89,无信号,否
000514.SZ,渝 开 发,4.5,1.12%,价升||布林带下轨,观望,27.12,28.22,28.51,28.55,31.18,28.51,25.85,下轨下方,-0.46,-0.02,-0.88,无信号,否
000517.SZ,荣安地产,1.89,2.72%,阳线||布林带下轨,观望,31.03,32.71,33.06,33.74,38.46,33.06,27.66,下轨下方,-0.98,-0.15,-1.66,无信号,否
000518.SZ,四环生物,4.13,10.13%,阳线||多头排列||布林带上轨||MA5上穿MA10,多头排列,28.57,27.12,25.8,24.73,29.85,25.8,21.75,上轨上方,1.22,0.64,1.16,无信号,是
000519.SZ,中兵红箭,17.91,6.48%,阳线||布林带下轨,观望,128.7,135.49,137.54,141.44,157.98,137.54,117.1,下轨下方,-4.01,-0.74,-6.55,无信号,否
000523.SZ,红棉股份,3.25,0.93%,阳线||布林带下轨,观望,23.21,23.44,23.38,24.1,24.86,23.38,21.91,下轨下方,-0.16,-0.03,-0.26,无信号,否
000528.SZ,柳    工,9.16,0.77%,阳线||布林带下轨,观望,94.16,99.32,102.28,105.93,118.27,102.28,86.29,下轨下方,-3.79,-1.34,-4.91,无信号,否
000530.SZ,冰山冷热,5.74,1.23%,阳线||布林带下轨,观望,47.0,48.63,49.04,50.74,53.99,49.04,44.09,下轨下方,-1.13,-0.42,-1.42,无信号,否
000531.SZ,穗恒运Ａ,7.03,0.86%,阳线||布林带下轨,观望,82.32,84.89,85.66,85.32,96.56,85.66,74.75,下轨下方,-1.41,0.27,-3.35,无信号,否
000532.SZ,华金资本,13.64,10.00%,阳线||布林带下轨,观望,54.44,56.41,58.96,64.42,70.03,58.96,47.88,下轨下方,-3.28,-2.1,-2.38,死叉,否
000533.SZ,顺钠股份,12.32,1.73%,阳线,观望,25.79,26.84,27.12,29.44,30.68,27.12,23.56,布林带内,-1.04,-0.78,-0.52,无信号,否
000534.SZ,万泽股份,35.91,0.42%,价升||布林带下轨,观望,120.0,125.2,132.77,136.02,156.81,132.77,108.74,下轨下方,-6.18,-2.79,-6.78,无信号,否
000536.SZ,华映科技,4.38,2.10%,阳线||布林带下轨,观望,13.71,14.1,14.31,15.33,16.26,14.31,12.35,下轨下方,-0.49,-0.3,-0.4,死叉,否
000537.SZ,绿发电力,10.26,0.69%,阳线||布林带下轨,观望,58.09,61.47,62.27,61.66,75.84,62.27,48.71,下轨下方,-1.82,0.21,-4.07,无信号,否
000539.SZ,粤电力Ａ,6.53,1.40%,阳线,观望,86.6,89.18,88.83,81.02,94.93,88.83,82.73,布林带内,1.38,2.39,-2.03,无信号,否
000541.SZ,佛山照明,5.18,1.37%,阳线,观望,112.01,113.64,115.17,117.71,119.72,115.17,110.61,布林带内,-1.34,-1.04,-0.6,无信号,否
000543.SZ,皖能电力,8.73,3.19%,阳线||布林带下轨,观望,33.1,33.36,33.03,33.38,35.49,33.03,30.56,下轨下方,-0.12,0.12,-0.47,死叉,否
000544.SZ,中原环保,8.08,0.62%,阳线||布林带下轨,观望,31.07,32.52,33.33,34.36,38.76,33.33,27.9,下轨下方,-1.13,-0.32,-1.62,无信号,否
000545.SZ,金浦钛业,2.68,3.08%,阳线||布林带下轨,观望,13.07,14.16,14.68,16.28,17.56,14.68,11.8,下轨下方,-0.89,-0.45,-0.87,无信号,否
000546.SZ,金圆股份,6.13,2.00%,阳线||布林带下轨,观望,11.16,12.26,12.79,12.01,15.28,12.79,10.31,下轨下方,-0.35,0.12,-0.93,无信号,否
000547.SZ,航天发展,23.7,1.24%,阳线||布林带下轨,观望,335.15,368.62,373.06,410.68,455.68,373.06,290.43,下轨下方,-21.69,-10.28,-22.83,无信号,否
000548.SZ,湖南投资,5.26,2.33%,阳线||布林带下轨,观望,16.6,17.68,18.38,19.37,22.83,18.38,13.92,下轨下方,-0.99,-0.36,-1.25,无信号,否
000552.SZ,甘肃能化,2.65,0.38%,阳线||布林带下轨,观望,20.97,21.6,21.92,21.61,24.52,21.92,19.32,下轨下方,-0.41,0.02,-0.84,无信号,否
000553.SZ,安道麦A,6.5,1.25%,阳线||布林带下轨,观望,30.35,32.4,32.36,31.17,39.28,32.36,25.44,下轨下方,-0.51,0.55,-2.13,无信号,否
000554.SZ,泰山石油,7.33,0.27%,阳线||布林带下轨,观望,44.11,45.49,46.82,51.11,52.64,46.82,41.0,下轨下方,-1.88,-1.14,-1.48,无信号,否
000555.SZ,神州信息,13.9,7.01%,价升,观望,,,,,,,,,,,,,
000557.SZ,西部创业,4.4,0.92%,阳线||布林带下轨,观望,34.58,36.62,37.97,40.04,44.91,37.97,31.04,下轨下方,-1.81,-0.76,-2.08,无信号,否
000558.SZ,天府文旅,3.75,1.08%,价升||布林带下轨,观望,24.8,26.25,27.73,30.7,32.72,27.73,22.74,下轨下方,-1.87,-1.24,-1.26,无信号,否
000560.SZ,我爱我家,2.85,0.35%,阳线||布林带下轨,观望,14.47,15.53,15.51,15.91,17.94,15.51,13.08,下轨下方,-0.4,-0.03,-0.74,无信号,否
000561.SZ,烽火电子,8.95,1.82%,阳线||布林带下轨,观望,22.27,23.46,23.97,25.56,27.17,23.97,20.78,下轨下方,-0.95,-0.47,-0.95,无信号,否
000564.SZ,供销大集,1.64,5.13%,阳线||布林带下轨,观望,13.65,15.26,16.38,18.86,22.37,16.38,10.39,下轨下方,-1.69,-0.86,-1.66,无信号,否
000565.SZ,渝三峡Ａ,7.71,2.80%,阳线||布林带下轨,观望,69.73,74.3,74.34,74.27,88.84,74.34,59.83,下轨下方,-1.48,0.74,-4.44,无信号,否
000566.SZ,海南海药,4.28,0.23%,价升||布林带下轨,观望,41.45,43.62,45.72,50.15,51.86,45.72,39.58,下轨下方,-2.61,-1.92,-1.39,无信号,否
000570.SZ,苏常柴Ａ,6.13,1.66%,阳线,观望,,,,,,,,,,,,,
000571.SZ,新大洲A,5.85,2.63%,阳线||布林带下轨||MA5上穿MA10,观望,63.48,62.19,63.21,70.23,71.21,63.21,55.21,下轨下方,-1.61,-1.47,-0.28,死叉,否
000572.SZ,海马汽车,4.9,1.24%,阳线||布林带下轨,观望,22.04,23.48,24.72,27.4,29.0,24.72,20.44,下轨下方,-1.59,-1.02,-1.14,无信号,否
000573.SZ,粤宏远Ａ,4.59,3.15%,阳线||布林带下轨,观望,36.49,38.52,40.89,39.6,51.57,40.89,30.22,下轨下方,-1.84,-0.12,-3.44,无信号,否
000576.SZ,甘化科工,8.2,1.36%,阳线||布林带下轨,观望,50.01,55.23,59.45,65.87,78.36,59.45,40.53,下轨下方,-5.28,-2.62,-5.31,无信号,否
000589.SZ,贵州轮胎,4.74,0.64%,阳线||布林带下轨,观望,29.47,31.5,32.3,32.48,39.24,32.3,25.36,下轨下方,-1.1,-0.03,-2.15,无信号,否
000590.SZ,古汉医药,10.44,2.45%,阳线||布林带下轨,观望,48.55,50.92,52.78,56.66,60.81,52.78,44.74,下轨下方,-2.59,-1.51,-2.17,无信号,否
000592.SZ,平潭发展,10.02,0.20%,阳线||布林带下轨,观望,64.0,70.24,71.1,73.78,84.0,71.1,58.2,下轨下方,-3.05,-1.02,-4.07,无信号,否
000595.SZ,*ST宝实,7.93,5.03%,阳线||布林带下轨,观望,39.33,39.84,38.37,36.65,47.08,38.37,29.65,下轨下方,0.35,1.12,-1.55,死叉,否
000598.SZ,兴蓉环境,6.58,0.46%,价升||布林带下轨,观望,198.12,209.91,218.0,224.58,265.53,218.0,170.47,下轨下方,-9.87,-2.96,-13.83,无信号,否
000599.SZ,青岛双星,5.55,1.83%,阳线||布林带下轨,观望,26.92,28.1,28.26,30.29,32.87,28.26,23.66,下轨下方,-0.8,-0.25,-1.11,死叉,否
000601.SZ,韶能股份,7.33,0.96%,阳线||布林带下轨,观望,75.49,82.81,80.97,77.38,104.55,80.97,57.38,下轨下方,-1.6,1.79,-6.79,无信号,否
000603.SZ,盛达资源,33.05,2.01%,阳线||布林带下轨,观望,122.06,137.44,145.71,163.46,185.78,145.71,105.64,下轨下方,-12.25,-6.25,-11.99,无信号,否
000605.SZ,渤海股份,6.8,2.87%,阳线||布林带下轨,观望,23.12,24.43,24.82,25.18,29.3,24.82,20.33,下轨下方,-0.76,-0.05,-1.42,无信号,否
000607.SZ,华媒控股,3.8,1.33%,价升||布林带下轨,观望,13.53,14.35,14.74,15.42,17.57,14.74,11.9,下轨下方,-0.66,-0.23,-0.86,无信号,否
000610.SZ,*ST西旅,7.65,2.00%,阳线||布林带下轨,观望,21.68,22.26,22.76,25.51,25.87,22.76,19.65,下轨下方,-1.16,-0.93,-0.46,死叉,否
000612.SZ,焦作万方,12.47,5.23%,阳线||布林带下轨,观望,115.08,121.3,127.0,129.85,146.34,127.0,107.66,下轨下方,-4.74,-1.69,-6.09,无信号,否
000615.SZ,*ST美谷,3.56,2.59%,阳线||布林带下轨,观望,36.96,39.41,39.69,39.34,50.16,39.69,29.22,下轨下方,-1.36,0.1,-2.91,死叉,否
000619.SZ,海螺新材,5.96,3.47%,阳线||布林带下轨,观望,54.26,56.21,57.05,57.68,64.32,57.05,49.77,下轨下方,-1.26,-0.11,-2.3,无信号,否
000620.SZ,盈新发展,3.13,1.95%,阳线||布林带下轨,观望,10.28,10.55,10.24,10.23,12.3,10.24,8.17,下轨下方,-0.06,0.16,-0.43,死叉,否
000626.SZ,远大控股,8.01,1.26%,阳线||布林带下轨,观望,85.24,91.01,94.9,90.47,111.06,94.9,78.73,下轨下方,-2.68,0.34,-6.04,无信号,否
000628.SZ,高新发展,59.38,2.27%,价升||布林带下轨,观望,182.32,188.8,193.94,177.35,221.14,193.94,166.75,下轨下方,-1.11,4.17,-10.55,无信号,否
000629.SZ,钒钛股份,3.74,7.47%,阳线||MACD金叉||多头排列||布林带上轨||MA5上穿MA10,MACD金叉;多头排列,18.92,18.54,18.14,17.78,21.7,18.14,14.59,上轨上方,0.66,0.29,0.75,金叉,是
000630.SZ,铜陵有色,6.36,10.03%,阳线||MACD金叉||布林带上轨||MA5上穿MA10,MACD金叉,229.45,228.13,222.05,222.74,280.12,222.05,163.99,上轨上方,7.63,1.64,11.97,金叉,否
000631.SZ,顺发恒能,3.21,0.94%,阳线||布林带下轨,观望,58.45,62.23,63.09,68.33,77.25,63.09,48.93,下轨下方,-3.15,-1.32,-3.67,死叉,否
000633.SZ,合金投资,6.18,3.00%,阳线||布林带下轨,观望,48.32,50.28,51.97,55.17,58.08,51.97,45.87,下轨下方,-1.97,-1.11,-1.73,无信号,否
000635.SZ,英 力 特,7.52,2.59%,阳线||布林带下轨,观望,27.68,29.21,30.1,32.92,34.27,30.1,25.93,下轨下方,-1.42,-0.83,-1.18,无信号,否
000636.SZ,风华高科,37.62,10.00%,阳线||多头排列||MA5上穿MA10,多头排列,502.08,489.27,447.99,395.54,571.1,447.99,324.87,布林带内,30.26,32.26,-3.99,死叉,是
000637.SZ,茂化实华,4.56,2.93%,阳线||布林带下轨,观望,79.5,83.13,84.09,85.95,97.6,84.09,70.58,下轨下方,-2.18,-0.14,-4.09,无信号,否
000639.SZ,ST西王,1.58,1.94%,阳线||布林带下轨,观望,17.58,19.2,21.71,27.94,28.96,21.71,14.45,下轨下方,-3.0,-2.35,-1.3,无信号,否
000652.SZ,泰达股份,3.83,2.13%,阳线||布林带下轨,观望,112.96,122.37,126.7,125.92,150.96,126.7,102.44,下轨下方,-5.01,-0.62,-8.77,无信号,否
000655.SZ,金岭矿业,7.59,3.12%,阳线||布林带下轨,观望,47.74,49.69,51.59,57.43,57.11,51.59,46.06,下轨下方,-2.45,-1.87,-1.17,无信号,否
000656.SZ,*ST金科,1.47,1.38%,阳线||布林带下轨,观望,15.45,16.54,17.15,17.44,22.56,17.15,11.74,下轨下方,-0.92,-0.16,-1.52,死叉,否
000657.SZ,中钨高新,62.38,10.00%,阳线||布林带下轨,观望,303.31,333.7,342.93,337.36,438.03,342.93,247.83,下轨下方,-11.22,4.34,-31.11,无信号,否
000659.SZ,珠海中富,4.14,0.24%,价升||布林带下轨,观望,66.56,68.1,67.72,69.06,77.21,67.72,58.23,下轨下方,-1.22,-0.16,-2.13,死叉,否
000663.SZ,永安林业,6.47,2.54%,阳线||布林带下轨,观望,24.72,26.19,26.63,28.17,31.76,26.63,21.49,下轨下方,-1.04,-0.31,-1.46,无信号,否
000668.SZ,*ST荣控,17.9,2.87%,阳线||布林带下轨,观望,60.92,63.55,60.3,54.54,72.48,60.3,48.13,下轨下方,1.6,2.92,-2.63,无信号,否
000670.SZ,盈方微,8.9,10.01%,阳线||布林带下轨,观望,81.72,87.26,86.88,91.01,115.25,86.88,58.52,下轨下方,-3.96,-0.52,-6.88,死叉,否
000672.SZ,上峰水泥,18.64,3.04%,阳线||布林带下轨,观望,133.43,137.56,129.17,122.8,173.85,129.17,84.49,下轨下方,1.18,5.27,-8.19,死叉,否
000676.SZ,智度股份,6.81,0.15%,阳线||布林带下轨,观望,69.87,74.48,77.26,83.34,94.23,77.26,60.29,下轨下方,-4.6,-2.19,-4.8,无信号,否
000678.SZ,襄阳轴承,12.38,0.24%,阳线||布林带下轨,观望,66.86,70.42,68.89,70.3,82.39,68.89,55.38,下轨下方,-1.44,0.18,-3.24,死叉,否
000679.SZ,大连友谊,6.77,1.35%,阳线||布林带下轨,观望,33.38,34.12,34.51,34.53,37.06,34.51,31.97,下轨下方,-0.41,0.0,-0.83,无信号,否
000680.SZ,山推股份,11.63,0.61%,阳线||布林带下轨,观望,61.59,64.55,65.1,66.39,73.22,65.1,56.99,下轨下方,-1.37,-0.2,-2.36,无信号,否
000681.SZ,视觉中国,20.59,0.10%,价升||布林带下轨,观望,104.8,109.06,109.14,111.27,126.25,109.14,92.02,下轨下方,-2.22,0.04,-4.52,无信号,否
000682.SZ,东方电子,13.74,3.62%,阳线||布林带下轨,观望,219.42,222.4,223.58,222.79,248.48,223.58,198.67,下轨下方,-1.8,1.51,-6.62,死叉,否
000683.SZ,博源化工,7.5,0.40%,阳线||布林带下轨,观望,60.82,65.93,70.29,72.95,85.03,70.29,55.56,下轨下方,-3.95,-1.6,-4.69,无信号,否
000690.SZ,宝新能源,5.21,0.77%,价升,观望,,,,,,,,,,,,,
000691.SZ,*ST亚太,8.52,3.27%,阳线||布林带下轨,观望,30.3,32.0,31.33,32.55,38.8,31.33,23.85,下轨下方,-0.8,0.04,-1.68,死叉,否
000692.SZ,惠天热电,4.83,0.63%,阳线||布林带下轨,观望,57.34,60.41,58.62,52.73,70.27,58.62,46.97,下轨下方,0.91,2.54,-3.26,无信号,否
000695.SZ,滨海能源,16.12,4.88%,阳线||布林带下轨,观望,37.83,38.08,38.61,36.19,42.76,38.61,34.46,下轨下方,0.14,0.69,-1.11,无信号,否
000697.SZ,炼石航空,12.05,2.73%,阳线||布林带下轨,观望,43.58,45.93,43.44,39.7,53.01,43.44,33.86,下轨下方,1.14,2.08,-1.88,无信号,否
000698.SZ,ST沈化,3.61,0.84%,阳线||布林带下轨,观望,11.17,11.76,12.18,12.59,14.26,12.18,10.11,下轨下方,-0.51,-0.19,-0.63,无信号,否
000700.SZ,模塑科技,15.45,2.39%,阳线||多头排列||MA5上穿MA10,多头排列,191.26,190.73,180.01,174.45,211.5,180.01,148.52,布林带内,5.88,5.57,0.63,无信号,是
000701.SZ,厦门信达,5.9,4.98%,阳线||布林带下轨,观望,9.71,10.27,10.43,10.59,12.21,10.43,8.65,下轨下方,-0.33,-0.04,-0.57,无信号,否
000702.SZ,正虹科技,6.59,1.85%,阳线||布林带下轨,观望,16.31,16.91,17.21,17.18,19.29,17.21,15.13,下轨下方,-0.35,0.01,-0.71,无信号,否
000705.SZ,浙江震元,7.32,0.41%,价升||布林带下轨,观望,39.41,41.25,43.68,47.22,50.66,43.68,36.7,下轨下方,-2.55,-1.72,-1.66,无信号,否
000707.SZ,双环科技,5.28,0.96%,价升||布林带下轨,观望,16.53,17.58,18.47,19.64,21.73,18.47,15.21,下轨下方,-0.96,-0.49,-0.94,无信号,否
000708.SZ,中信特钢,14.24,1.35%,阳线,观望,,,,,,,,,,,,,
000711.SZ,ST京蓝,5.79,5.08%,阳线,观望,55.3,58.15,52.72,42.04,68.08,52.72,37.36,布林带内,3.64,4.97,-2.64,无信号,否
000715.SZ,中兴商业,5.42,3.63%,阳线||布林带下轨,观望,31.22,34.28,37.05,38.24,48.79,37.05,25.31,下轨下方,-2.65,-0.89,-3.51,无信号,否
000716.SZ,黑芝麻,5.76,4.35%,阳线,观望,20.45,20.62,20.25,21.18,22.11,20.25,18.39,布林带内,0.0,-0.07,0.15,无信号,否
000718.SZ,苏宁环球,1.97,0.51%,阳线||布林带下轨,观望,20.93,22.13,22.8,23.48,27.22,22.8,18.37,下轨下方,-0.95,-0.28,-1.34,无信号,否
000720.SZ,新能泰山,4.99,1.84%,阳线||布林带下轨,观望,36.72,40.21,38.07,35.71,47.32,38.07,28.83,下轨下方,-0.15,0.93,-2.16,无信号,否
000722.SZ,湖南发展,13.63,0.74%,阳线,观望,,,,,,,,,,,,,
000723.SZ,美锦能源,4.07,2.78%,阳线||布林带下轨,观望,28.35,28.94,30.26,33.57,33.62,30.26,26.89,下轨下方,-1.4,-1.12,-0.57,无信号,否
000725.SZ,京东方Ａ,5.16,10.02%,阳线||布林带下轨,观望,21.93,22.08,22.12,22.06,24.56,22.12,19.67,下轨下方,-0.1,0.12,-0.43,死叉,否
000726.SZ,鲁  泰Ａ,5.99,0.84%,阳线||布林带下轨,观望,50.69,52.49,53.75,56.29,59.48,53.75,48.02,下轨下方,-1.77,-0.96,-1.63,无信号,否
000727.SZ,冠捷科技,2.88,1.41%,阳线||布林带下轨,观望,15.31,15.58,15.41,15.18,17.31,15.41,13.52,下轨下方,-0.05,0.16,-0.44,死叉,否
000731.SZ,四川美丰,6.33,0.96%,阳线||布林带下轨,观望,69.8,74.52,78.93,83.88,96.77,78.93,61.09,下轨下方,-4.79,-2.21,-5.15,无信号,否
000733.SZ,振华科技,49.17,7.55%,阳线||布林带下轨,观望,106.82,109.64,110.21,116.2,124.35,110.21,96.08,下轨下方,-2.73,-1.36,-2.74,死叉,否
000735.SZ,罗 牛 山,5.95,1.02%,价升,观望,,,,,,,,,,,,,
000736.SZ,*ST中地,5.49,2.43%,阳线||布林带下轨,观望,19.24,20.92,21.47,21.14,27.36,21.47,15.58,下轨下方,-0.86,0.08,-1.88,无信号,否
000737.SZ,北方铜业,14.14,4.66%,阳线||布林带下轨,观望,51.65,56.12,56.22,57.72,66.46,56.22,45.98,下轨下方,-1.53,0.09,-3.24,无信号,否
000751.SZ,锌业股份,5.51,5.15%,阳线||布林带下轨,观望,17.53,19.54,20.73,20.44,25.96,20.73,15.49,下轨下方,-0.93,0.0,-1.86,无信号,否
000752.SZ,*ST西发,9.03,1.35%,阳线||布林带下轨,观望,42.18,43.17,45.27,47.44,51.68,45.27,38.87,下轨下方,-1.66,-1.05,-1.22,无信号,否
000755.SZ,山西高速,5.1,0.20%,阳线||布林带下轨,观望,13.15,13.58,13.62,14.09,15.42,13.62,11.82,下轨下方,-0.31,-0.08,-0.45,死叉,否
000757.SZ,浩物股份,4.42,1.61%,阳线||布林带下轨,观望,21.09,22.99,23.95,25.12,29.57,23.95,18.32,下轨下方,-1.33,-0.44,-1.79,无信号,否
000758.SZ,中色股份,7.1,5.65%,阳线||布林带下轨,观望,109.35,115.42,115.6,116.76,129.03,115.6,102.17,下轨下方,-1.49,0.69,-4.35,无信号,否
000759.SZ,中百集团,4.97,1.02%,阳线||布林带下轨,观望,35.67,37.01,37.98,41.54,42.31,37.98,33.64,下轨下方,-1.62,-1.07,-1.11,无信号,否
000761.SZ,本钢板材,2.59,2.37%,阳线||布林带下轨,观望,6.78,7.27,7.63,8.21,9.53,7.63,5.72,下轨下方,-0.49,-0.22,-0.54,无信号,否
000762.SZ,西藏矿业,31.88,2.02%,阳线||布林带下轨,观望,170.94,184.24,198.28,179.82,240.77,198.28,155.79,下轨下方,-6.39,1.58,-15.95,无信号,否
000767.SZ,晋控电力,4.72,6.55%,阳线||布林带下轨,观望,51.01,52.19,49.22,46.15,59.4,49.22,39.05,下轨下方,1.11,1.93,-1.64,死叉,否
000777.SZ,中核科技,18.56,1.14%,阳线||布林带下轨,观望,124.77,131.9,137.39,154.22,160.71,137.39,114.08,下轨下方,-8.63,-5.97,-5.33,无信号,否
000779.SZ,甘咨询,7.74,1.04%,阳线||布林带下轨,观望,18.71,20.47,21.57,23.25,26.59,21.57,16.54,下轨下方,-1.42,-0.65,-1.56,无信号,否
000782.SZ,恒申新材,7.8,1.30%,阳线||布林带下轨,观望,24.33,25.55,24.23,20.88,29.84,24.23,18.61,下轨下方,0.9,1.58,-1.36,无信号,否
000788.SZ,北大医药,5.54,1.47%,阳线,观望,,,,,,,,,,,,,
000789.SZ,万年青,4.58,0.22%,价升||布林带下轨,观望,37.15,40.49,42.43,45.23,55.75,42.43,29.12,下轨下方,-2.97,-1.07,-3.8,无信号,否
000790.SZ,华神科技,4.31,2.38%,阳线||布林带下轨,观望,50.13,52.27,51.86,50.77,61.23,51.86,42.49,下轨下方,-0.59,0.69,-2.57,无信号,否
000791.SZ,甘肃能源,8.78,0.34%,阳线,观望,,,,,,,,,,,,,
000792.SZ,盐湖股份,32.84,1.73%,阳线,观望,207.2,216.67,227.16,230.86,256.24,227.16,198.09,布林带内,-7.32,-3.76,-7.12,无信号,否
000793.SZ,*ST华闻,2.7,1.50%,阳线||布林带下轨,观望,33.74,35.25,35.93,36.64,41.34,35.93,30.52,下轨下方,-1.12,-0.34,-1.56,无信号,否
000795.SZ,英洛华,9.1,2.36%,阳线||布林带下轨,观望,39.94,42.12,42.65,43.78,48.91,42.65,36.4,下轨下方,-1.23,-0.23,-1.99,无信号,否
000797.SZ,中国武夷,2.6,0.39%,阳线||布林带下轨,观望,15.6,16.75,17.19,18.13,20.48,17.19,13.89,下轨下方,-0.8,-0.29,-1.02,无信号,否
000798.SZ,中水渔业,8.75,1.04%,阳线||布林带下轨,观望,18.66,19.5,20.1,22.31,22.98,20.1,17.23,下轨下方,-1.1,-0.76,-0.68,无信号,否
000801.SZ,四川九洲,13.74,1.78%,阳线||布林带下轨,观望,186.08,195.59,197.45,211.09,224.75,197.45,170.14,下轨下方,-6.7,-3.43,-6.54,无信号,否
000807.SZ,云铝股份,30.76,2.57%,阳线,观望,153.85,156.25,161.68,164.09,175.75,161.68,147.62,布林带内,-3.55,-2.74,-1.61,无信号,否
000812.SZ,陕西金叶,3.85,1.32%,阳线||布林带下轨,观望,27.66,28.45,29.08,30.13,32.57,29.08,25.58,下轨下方,-0.85,-0.36,-0.99,无信号,否
000815.SZ,美利云,19.19,2.90%,阳线||布林带下轨,观望,68.49,73.45,73.95,68.99,87.98,73.95,59.92,下轨下方,-1.53,1.0,-5.06,无信号,否
000816.SZ,智慧农业,2.73,1.87%,阳线||布林带下轨,观望,17.59,18.71,19.99,22.9,23.39,19.99,16.6,下轨下方,-1.38,-1.02,-0.71,无信号,否
000818.SZ,航锦科技,16.08,9.99%,阳线||布林带下轨,观望,30.33,32.77,32.23,37.96,39.19,32.23,25.28,下轨下方,-1.48,-0.97,-1.02,死叉,否
000819.SZ,岳阳兴长,15.51,1.04%,价升||布林带下轨,观望,117.91,124.73,129.2,126.44,155.22,129.2,103.18,下轨下方,-3.77,0.54,-8.62,无信号,否
000820.SZ,*ST节能,3.82,3.24%,阳线||布林带下轨,观望,6.66,7.02,7.02,6.74,8.3,7.02,5.75,下轨下方,-0.09,0.11,-0.4,无信号,否
000821.SZ,ST京机,9.86,1.86%,阳线||布林带下轨,观望,21.03,22.06,22.65,25.9,25.29,22.65,20.02,下轨下方,-1.22,-1.01,-0.42,无信号,否
000822.SZ,山东海化,5.17,1.97%,阳线||布林带下轨,观望,12.57,13.21,13.99,15.04,16.67,13.99,11.3,下轨下方,-0.8,-0.44,-0.72,无信号,否
000823.SZ,超声电子,16.39,7.62%,阳线,观望,,,,,,,,,,,,,
000825.SZ,太钢不锈,3.94,1.29%,阳线||布林带下轨,观望,30.54,32.5,33.85,35.84,40.55,33.85,27.15,下轨下方,-1.75,-0.77,-1.96,无信号,否
000826.SZ,*ST启环,2.26,5.12%,阳线||MA5上穿MA10,观望,13.97,13.82,12.43,13.36,15.7,12.43,9.16,布林带内,0.55,0.28,0.55,无信号,否
000830.SZ,鲁西化工,13.77,2.53%,阳线||布林带下轨,观望,97.39,105.4,112.77,120.57,140.24,112.77,85.31,下轨下方,-7.52,-3.42,-8.19,无信号,否
000831.SZ,中国稀土,51.51,0.68%,阳线||布林带下轨,观望,200.96,215.18,216.12,215.64,251.71,216.12,180.54,下轨下方,-4.37,1.41,-11.56,无信号,否
000833.SZ,粤桂股份,25.73,1.82%,阳线||布林带下轨,观望,44.54,47.31,48.4,46.4,58.87,48.4,37.93,下轨下方,-1.06,0.63,-3.39,无信号,否
000848.SZ,承德露露,8.71,0.23%,价升||布林带下轨,观望,187.73,191.45,191.27,185.16,204.46,191.27,178.07,下轨下方,0.19,2.39,-4.4,无信号,否
000850.SZ,华茂股份,4.2,1.20%,价升||布林带下轨,观望,36.87,38.94,40.7,44.63,48.5,40.7,32.89,下轨下方,-2.49,-1.46,-2.05,无信号,否
000852.SZ,石化机械,6.39,0.31%,价升||布林带下轨,观望,32.48,34.63,35.8,37.51,42.9,35.8,28.71,下轨下方,-1.59,-0.47,-2.24,无信号,否
000856.SZ,冀东装备,10.75,7.07%,阳线||布林带下轨,观望,17.52,18.47,19.12,20.63,23.02,19.12,15.22,下轨下方,-1.08,-0.58,-1.0,无信号,否
000859.SZ,国风新材,10.82,4.64%,阳线||布林带下轨||MA5上穿MA10,观望,38.32,37.95,37.61,40.4,42.99,37.61,32.22,下轨下方,-0.65,-0.53,-0.24,死叉,否
000863.SZ,三湘印象,5.57,3.72%,阳线||布林带下轨,观望,32.8,34.62,33.62,35.16,43.62,33.62,23.61,下轨下方,-0.99,0.11,-2.21,死叉,否
000868.SZ,安凯客车,4.12,0.49%,阳线||布林带下轨,观望,21.4,22.61,23.39,24.43,27.17,23.39,19.61,下轨下方,-1.0,-0.42,-1.15,无信号,否
000877.SZ,天山股份,4.48,3.70%,阳线||布林带下轨,观望,39.22,42.15,43.6,46.13,54.24,43.6,32.96,下轨下方,-2.46,-0.92,-3.08,无信号,否
000878.SZ,云南铜业,18.06,5.86%,阳线,观望,,,,,,,,,,,,,
000881.SZ,中广核技,7.77,2.24%,阳线||布林带下轨,观望,35.17,36.31,36.3,36.82,39.66,36.3,32.95,下轨下方,-0.49,0.02,-1.01,无信号,否
000885.SZ,城发环境,13.48,0.45%,阳线||布林带下轨,观望,28.91,30.04,30.7,30.67,34.49,30.7,26.91,下轨下方,-0.68,-0.05,-1.26,无信号,否
000886.SZ,海南高速,5.08,0.59%,价升||布林带下轨,观望,15.07,15.84,16.46,17.65,19.29,16.46,13.63,下轨下方,-0.85,-0.46,-0.77,无信号,否
000887.SZ,中鼎股份,20.47,6.84%,阳线||MA5上穿MA10,观望,133.95,132.58,131.73,135.96,138.68,131.73,124.78,布林带内,-0.34,-0.63,0.58,无信号,否
000889.SZ,中嘉博创,4.23,4.44%,阳线||布林带下轨,观望,20.05,23.09,23.33,19.62,30.15,23.33,16.52,下轨下方,-0.36,1.03,-2.78,无信号,否
000890.SZ,法尔胜,11.7,0.43%,阳线||布林带下轨,观望,39.28,41.99,47.92,43.35,62.1,47.92,33.74,下轨下方,-2.5,-0.67,-3.66,无信号,否
000892.SZ,欢瑞世纪,4.16,1.22%,价升,观望,10.65,10.96,11.91,14.48,14.34,11.91,9.47,布林带内,-1.16,-1.1,-0.11,无信号,否
000897.SZ,津滨发展,1.98,1.02%,阳线||布林带下轨,观望,11.85,12.55,12.92,13.31,15.1,12.92,10.74,下轨下方,-0.5,-0.16,-0.7,无信号,否
000898.SZ,鞍钢股份,2.03,0.50%,阳线||布林带下轨,观望,4.66,4.97,5.2,5.56,6.08,5.2,4.32,下轨下方,-0.27,-0.14,-0.26,无信号,否
000899.SZ,赣能股份,13.08,1.95%,阳线||布林带下轨,观望,40.99,42.18,42.13,43.0,47.02,42.13,37.23,下轨下方,-0.61,0.04,-1.31,无信号,否
000902.SZ,新洋丰,14.22,0.42%,阳线||布林带下轨,观望,47.24,49.93,51.74,55.46,59.41,51.74,44.06,下轨下方,-2.28,-1.2,-2.16,无信号,否
000903.SZ,ST云动,1.87,0.54%,阳线||布林带下轨,观望,20.74,21.98,23.66,26.38,28.56,23.66,18.76,下轨下方,-1.78,-1.26,-1.04,无信号,否
000905.SZ,厦门港务,10.0,0.50%,阳线,观望,,,,,,,,,,,,,
000906.SZ,浙商中拓,6.32,2.27%,阳线||布林带下轨,观望,33.52,35.78,36.06,35.06,43.46,36.06,28.66,下轨下方,-0.75,0.45,-2.39,无信号,否
000908.SZ,ST景峰,7.38,1.51%,阳线,观望,,,,,,,,,,,,,
000910.SZ,大亚圣象,6.77,0.30%,价升,观望,,,,,,,,,,,,,
000912.SZ,泸天化,4.01,1.78%,阳线||布林带下轨,观望,10.29,10.92,11.69,12.57,14.25,11.69,9.12,下轨下方,-0.76,-0.42,-0.67,无信号,否
000917.SZ,电广传媒,8.1,1.12%,阳线||布林带下轨,观望,62.48,65.02,69.21,75.51,82.35,69.21,56.07,下轨下方,-4.21,-2.89,-2.63,无信号,否
000919.SZ,金陵药业,6.56,0.92%,价升||布林带下轨,观望,23.47,24.74,25.73,26.6,30.08,25.73,21.39,下轨下方,-1.23,-0.56,-1.33,无信号,否
000920.SZ,沃顿科技,11.3,5.02%,阳线||布林带下轨,观望,33.54,35.34,36.48,38.79,41.94,36.48,31.03,下轨下方,-1.54,-0.73,-1.62,无信号,否
000922.SZ,佳电股份,13.91,5.78%,阳线,观望,,,,,,,,,,,,,
000923.SZ,河钢资源,15.76,2.94%,阳线||布林带下轨,观望,26.14,28.89,30.49,33.8,37.97,30.49,23.0,下轨下方,-2.3,-1.23,-2.14,无信号,否
000925.SZ,众合科技,8.34,1.96%,阳线||布林带下轨,观望,28.97,32.8,32.75,28.59,40.6,32.75,24.89,下轨下方,0.15,1.47,-2.63,无信号,否
000927.SZ,中国铁物,2.68,1.13%,阳线||布林带下轨,观望,4.35,4.56,4.73,4.98,5.51,4.73,3.95,下轨下方,-0.23,-0.12,-0.22,无信号,否
000929.SZ,*ST兰黄,11.52,4.82%,阳线||布林带下轨,观望,26.54,27.43,26.82,25.59,31.02,26.82,22.62,下轨下方,0.11,0.67,-1.12,死叉,否
000930.SZ,中粮科技,5.21,0.39%,价升||布林带下轨,观望,32.75,34.73,36.64,41.06,43.38,36.64,29.89,下轨下方,-2.55,-1.71,-1.68,无信号,否
000931.SZ,中 关 村,4.38,0.46%,阳线,观望,5.61,5.67,5.82,6.19,6.25,5.82,5.39,布林带内,-0.17,-0.17,-0.0,无信号,否
000933.SZ,神火股份,30.83,2.29%,阳线||布林带下轨,观望,317.89,328.88,339.42,351.39,372.35,339.42,306.49,下轨下方,-10.29,-5.96,-8.65,无信号,否
000935.SZ,四川双马,31.6,0.45%,价升||布林带下轨,观望,74.51,76.14,72.53,67.76,84.55,72.53,60.51,下轨下方,1.83,2.67,-1.68,死叉,否
000936.SZ,华西股份,7.0,0.29%,阳线||布林带下轨,观望,42.43,45.19,46.44,46.8,54.95,46.44,37.92,下轨下方,-1.64,-0.35,-2.58,无信号,否
000938.SZ,紫光股份,29.86,2.09%,阳线||布林带下轨,观望,185.13,200.83,208.64,187.36,274.84,208.64,142.45,下轨下方,-5.92,5.53,-22.89,无信号,否
000948.SZ,南天信息,14.1,0.50%,阳线||布林带下轨,观望,31.32,33.49,34.48,36.41,42.47,34.48,26.48,下轨下方,-1.82,-0.66,-2.32,无信号,否
000949.SZ,新乡化纤,7.3,0.41%,价升||布林带下轨,观望,32.2,34.13,34.79,33.06,39.68,34.79,29.9,下轨下方,-0.5,0.43,-1.86,无信号,否
000950.SZ,重药控股,6.18,0.98%,阳线||布林带下轨,观望,15.17,15.75,15.28,14.93,17.3,15.28,13.26,下轨下方,-0.02,0.2,-0.44,死叉,否
000951.SZ,中国重汽,20.89,0.43%,价升||布林带下轨,观望,86.32,93.73,97.88,99.39,121.13,97.88,74.63,下轨下方,-5.56,-1.9,-7.31,无信号,否
000952.SZ,广济药业,7.24,1.40%,阳线||布林带下轨,观望,16.56,17.99,18.33,18.76,23.71,18.33,12.96,下轨下方,-0.84,-0.06,-1.57,无信号,否
000953.SZ,河化股份,6.98,3.41%,阳线||布林带下轨,观望,17.22,17.73,17.73,18.15,19.66,17.73,15.8,下轨下方,-0.28,-0.02,-0.52,无信号,否
000955.SZ,欣龙控股,4.57,1.56%,阳线||布林带下轨,观望,10.9,11.47,12.03,12.49,13.98,12.03,10.08,下轨下方,-0.53,-0.23,-0.6,无信号,否
000957.SZ,中通客车,11.15,0.63%,价升||布林带下轨,观望,54.0,56.45,58.62,57.74,66.47,58.62,50.77,下轨下方,-1.63,-0.3,-2.65,无信号,否
000960.SZ,锡业股份,38.01,4.74%,阳线,观望,,,,,,,,,,,,,
000962.SZ,东方钽业,62.25,10.00%,阳线||多头排列||MA5上穿MA10,多头排列,187.64,180.84,172.01,169.58,201.26,172.01,142.76,布林带内,5.55,4.94,1.21,无信号,是
000965.SZ,天保基建,3.41,0.29%,阳线||布林带下轨,观望,10.09,10.35,10.47,10.91,11.2,10.47,9.75,下轨下方,-0.21,-0.12,-0.19,无信号,否
000966.SZ,长源电力,4.74,0.85%,阳线||布林带下轨,观望,17.62,18.3,18.14,18.32,20.77,18.14,15.5,下轨下方,-0.24,0.1,-0.7,死叉,否
000967.SZ,盈峰环境,12.98,7.72%,阳线||布林带下轨,观望,64.05,68.35,70.57,56.78,83.26,70.57,57.88,下轨下方,0.8,3.51,-5.41,无信号,否
000968.SZ,蓝焰控股,7.89,0.38%,阳线||布林带下轨,观望,15.38,15.95,16.71,18.24,19.55,16.71,13.87,下轨下方,-0.97,-0.62,-0.7,无信号,否
000969.SZ,安泰科技,22.72,2.48%,阳线||布林带下轨,观望,132.57,136.62,136.07,138.27,148.01,136.07,124.14,下轨下方,-1.23,0.23,-2.92,无信号,否
000970.SZ,中科三环,11.95,2.84%,阳线||布林带下轨,观望,198.98,210.41,213.11,222.76,245.33,213.11,180.89,下轨下方,-6.87,-2.02,-9.71,无信号,否
000975.SZ,山金国际,23.89,2.23%,阳线,观望,,,,,,,,,,,,,
000977.SZ,浪潮信息,68.25,2.93%,阳线,观望,,,,,,,,,,,,,
000980.SZ,众泰汽车,2.58,5.74%,阳线||布林带下轨,观望,5.23,5.56,5.33,5.41,6.46,5.33,4.21,下轨下方,-0.0,0.11,-0.22,死叉,否
000983.SZ,山西焦煤,6.41,0.16%,价升||布林带下轨,观望,66.24,71.16,73.69,76.08,93.93,73.69,53.45,下轨下方,-3.77,-0.79,-5.96,无信号,否
000985.SZ,大庆华科,18.26,1.44%,阳线||布林带下轨,观望,28.68,29.91,30.82,31.84,35.02,30.82,26.62,下轨下方,-1.0,-0.35,-1.3,无信号,否
000988.SZ,华工科技,156.31,1.53%,阳线||多头排列||MA5上穿MA10,多头排列,1508.16,1486.89,1378.89,1222.93,1722.26,1378.89,1035.52,布林带内,70.09,85.16,-30.14,死叉,是
000997.SZ,新 大 陆,24.81,10.02%,阳线||布林带下轨,观望,236.45,238.02,230.76,232.83,259.0,230.76,202.52,下轨下方,1.19,2.62,-2.87,死叉,否
000998.SZ,隆平高科,8.44,0.24%,阳线||布林带下轨,观望,89.74,93.86,97.32,103.85,109.63,97.32,85.0,下轨下方,-4.34,-2.74,-3.2,无信号,否
002001.SZ,新 和 成,31.59,3.10%,阳线||布林带下轨,观望,976.63,1044.84,1096.27,1150.21,1331.1,1096.27,861.44,下轨下方,-64.57,-29.58,-69.97,无信号,否
002005.SZ,ST德豪,2.98,3.83%,阳线||布林带下轨,观望,25.41,26.2,26.71,26.83,29.15,26.71,24.27,下轨下方,-0.43,-0.06,-0.72,无信号,否
002006.SZ,精工科技,18.39,1.04%,阳线||布林带下轨,观望,134.32,136.42,135.17,138.64,151.38,135.17,118.97,下轨下方,-1.56,0.19,-3.5,死叉,否
002008.SZ,大族激光,146.28,2.59%,阳线,观望,,,,,,,,,,,,,
002009.SZ,天奇股份,26.43,0.30%,阳线||布林带下轨,观望,134.7,138.09,131.91,134.75,154.74,131.91,109.09,下轨下方,0.11,1.49,-2.76,死叉,否
002010.SZ,传化智联,5.39,2.08%,阳线||布林带下轨,观望,47.26,50.03,52.34,55.17,62.92,52.34,41.75,下轨下方,-2.72,-1.17,-3.09,无信号,否
002011.SZ,盾安环境,12.91,4.37%,阳线||布林带下轨,观望,69.39,69.85,68.5,69.65,73.97,68.5,63.04,下轨下方,0.07,0.39,-0.65,死叉,否
002012.SZ,凯恩股份,7.82,4.13%,阳线||布林带下轨,观望,36.14,36.25,35.89,35.71,39.36,35.89,32.41,下轨下方,0.0,0.27,-0.53,死叉,否
002014.SZ,永新股份,11.14,0.27%,阳线||布林带下轨,观望,98.56,103.56,105.73,109.69,124.94,105.73,86.51,下轨下方,-4.23,-1.52,-5.43,无信号,否
002015.SZ,协鑫能科,21.55,7.00%,阳线||布林带下轨,观望,124.22,130.18,125.12,113.96,148.53,125.12,101.72,下轨下方,2.3,5.12,-5.63,无信号,否
002016.SZ,世荣兆业,4.82,1.47%,阳线||布林带下轨,观望,34.7,36.99,38.46,41.22,46.25,38.46,30.68,下轨下方,-2.25,-1.12,-2.25,无信号,否
002017.SZ,东信和平,18.03,1.75%,阳线||布林带下轨,观望,138.51,151.24,156.67,165.88,198.76,156.67,114.57,下轨下方,-9.31,-2.9,-12.82,无信号,否
002021.SZ,中捷资源,2.98,3.83%,阳线||布林带下轨,观望,30.62,33.16,33.84,35.27,41.46,33.84,26.23,下轨下方,-1.45,-0.25,-2.4,无信号,否
002022.SZ,科华生物,5.67,1.43%,阳线||布林带下轨,观望,81.55,86.16,88.05,89.39,106.01,88.05,70.09,下轨下方,-3.31,-0.6,-5.43,无信号,否
002023.SZ,海特高新,12.67,3.01%,阳线||布林带下轨,观望,119.4,124.99,124.14,114.54,140.82,124.14,107.46,下轨下方,0.43,3.51,-6.18,无信号,否
002025.SZ,航天电器,74.8,3.57%,阳线||布林带下轨,观望,427.4,436.19,443.94,405.76,488.09,443.94,399.79,下轨下方,-1.65,5.4,-14.1,无信号,否
002026.SZ,山东威达,12.92,2.30%,阳线||布林带下轨,观望,43.33,44.7,45.28,46.72,49.52,45.28,41.03,下轨下方,-1.05,-0.44,-1.21,无信号,否
002031.SZ,巨轮智能,7.4,1.93%,阳线,观望,102.04,102.73,92.63,92.55,118.64,92.63,66.62,布林带内,3.47,3.69,-0.45,死叉,否
002035.SZ,华帝股份,5.45,0.74%,阳线||布林带下轨,观望,91.21,96.14,99.88,105.05,118.02,99.88,81.74,下轨下方,-5.15,-2.54,-5.2,无信号,否
002036.SZ,联创电子,10.3,10.04%,阳线||布林带下轨,观望,55.55,57.99,58.18,64.9,72.13,58.18,44.24,下轨下方,-2.76,-1.59,-2.35,死叉,否
002037.SZ,保利联合,7.87,1.42%,阳线||布林带下轨,观望,30.19,31.7,32.29,32.95,36.57,32.29,28.01,下轨下方,-0.95,-0.26,-1.4,无信号,否
002038.SZ,双鹭药业,6.11,0.66%,价升||布林带下轨,观望,140.29,152.49,161.54,167.81,209.08,161.54,114.0,下轨下方,-12.28,-5.29,-13.97,无信号,否
002042.SZ,华孚时尚,4.95,5.10%,阳线||布林带下轨,观望,34.65,36.06,36.95,35.32,42.92,36.95,30.98,下轨下方,-0.66,0.37,-2.06,无信号,否
002044.SZ,美年健康,5.9,2.25%,阳线||布林带下轨,观望,50.12,52.21,50.48,51.57,60.33,50.48,40.62,下轨下方,-0.28,0.67,-1.89,死叉,否
002045.SZ,国光电器,10.96,1.76%,阳线||布林带下轨,观望,56.26,58.39,59.33,63.02,65.79,59.33,52.86,下轨下方,-1.97,-1.08,-1.78,无信号,否
002046.SZ,国机精工,54.99,10.00%,阳线||布林带下轨,观望,289.68,318.7,320.75,298.82,385.08,320.75,256.41,下轨下方,-4.3,7.73,-24.05,无信号,否
002048.SZ,宁波华翔,29.88,4.29%,阳线||布林带下轨,观望,188.61,196.46,196.23,195.98,226.2,196.23,166.27,下轨下方,-3.11,1.0,-8.22,无信号,否
002049.SZ,紫光国微,79.73,2.36%,阳线||布林带下轨,观望,421.38,442.4,439.34,425.17,531.86,439.34,346.81,下轨下方,-4.64,8.58,-26.44,无信号,否
002050.SZ,三花智控,54.05,2.31%,阳线||布林带下轨,观望,568.71,589.9,576.52,561.02,704.29,576.52,448.75,下轨下方,-2.33,12.63,-29.91,死叉,否
002052.SZ,同洲电子,10.81,0.46%,阳线,观望,75.69,77.66,73.82,75.7,84.95,73.82,62.69,布林带内,0.91,1.0,-0.18,死叉,否
002054.SZ,德美化工,8.2,4.33%,阳线,观望,,,,,,,,,,,,,
002055.SZ,ST得润,7.17,4.98%,价升||多头排列||布林带上轨||MA5上穿MA10,多头排列,40.26,38.38,37.6,37.02,41.44,37.6,33.77,上轨上方,1.07,0.47,1.21,无信号,是
002056.SZ,横店东磁,20.37,3.24%,阳线,观望,177.65,178.37,176.76,184.68,183.98,176.76,169.54,布林带内,-0.63,-0.81,0.36,无信号,否
002057.SZ,中钢天源,9.33,3.32%,阳线||布林带下轨,观望,51.73,55.33,56.64,59.12,67.44,56.64,45.83,下轨下方,-2.31,-0.62,-3.38,无信号,否
002058.SZ,*ST威尔,26.08,1.64%,阳线,观望,60.8,61.13,59.62,53.92,64.86,59.62,54.37,布林带内,2.07,2.27,-0.39,无信号,否
002060.SZ,广东建工,3.57,0.56%,价升,观望,,,,,,,,,,,,,
002061.SZ,浙江交科,3.68,0.27%,价升||布林带下轨,观望,12.26,12.98,13.39,13.87,16.01,13.39,10.76,下轨下方,-0.58,-0.19,-0.78,无信号,否
002063.SZ,远光软件,6.37,0.95%,阳线||布林带下轨,观望,99.24,105.84,108.32,113.07,136.31,108.32,80.32,下轨下方,-5.26,-1.35,-7.82,死叉,否
002064.SZ,华峰化学,10.4,1.36%,阳线||布林带下轨,观望,120.39,125.46,128.85,127.87,140.25,128.85,117.45,下轨下方,-2.14,-0.34,-3.59,无信号,否
002065.SZ,东华软件,8.05,0.37%,价升||布林带下轨,观望,255.51,260.16,260.92,264.38,274.61,260.92,247.23,下轨下方,-2.28,-0.47,-3.63,无信号,否
002068.SZ,黑猫股份,10.28,2.49%,阳线||多头排列||MA5上穿MA10,多头排列,58.56,56.53,54.23,52.46,61.31,54.23,47.15,布林带内,1.88,1.56,0.66,无信号,是
002069.SZ,獐子岛,3.59,1.41%,价升||布林带下轨,观望,30.23,31.23,32.02,32.37,36.0,32.02,28.05,下轨下方,-0.84,-0.21,-1.26,无信号,否
002072.SZ,凯瑞德,7.28,4.30%,阳线||MA5上穿MA10,观望,8.03,7.97,8.08,8.23,8.53,8.08,7.63,布林带内,-0.07,-0.08,0.02,无信号,否
002074.SZ,国轩高科,35.3,1.26%,阳线,观望,159.33,162.26,168.17,168.24,183.7,168.17,152.65,布林带内,-3.34,-1.85,-2.99,无信号,否
002075.SZ,沙钢股份,4.09,2.51%,阳线||布林带下轨,观望,12.75,13.4,13.78,15.07,15.27,13.78,12.28,下轨下方,-0.6,-0.41,-0.38,无信号,否
002076.SZ,*ST星光,2.6,4.84%,阳线||多头排列||MA5上穿MA10,多头排列,16.45,16.3,15.75,14.98,17.33,15.75,14.17,布林带内,0.41,0.42,-0.02,死叉,是
002077.SZ,大港股份,17.96,0.96%,阳线||多头排列||MA5上穿MA10,多头排列,25.57,25.26,24.25,23.63,26.86,24.25,21.64,布林带内,0.71,0.51,0.38,无信号,是
002078.SZ,太阳纸业,13.06,0.62%,阳线,观望,110.57,113.91,117.56,124.8,127.14,117.56,107.98,布林带内,-3.56,-2.67,-1.78,无信号,否
002079.SZ,苏州固锝,12.6,2.36%,阳线,观望,61.43,61.78,58.44,52.62,66.87,58.44,50.01,布林带内,2.86,2.94,-0.16,死叉,否
002080.SZ,中材科技,71.28,10.00%,阳线,观望,279.32,284.37,266.53,224.56,314.22,266.53,218.83,布林带内,16.01,18.87,-5.73,无信号,否
002081.SZ,金 螳 螂,5.94,4.03%,阳线,观望,200.33,221.28,204.16,156.68,265.19,204.16,143.14,布林带内,12.9,20.26,-14.72,无信号,否
002083.SZ,孚日股份,10.27,0.79%,价升,观望,24.58,24.99,25.64,26.61,27.28,25.64,24.0,布林带内,-0.74,-0.61,-0.25,无信号,否
002084.SZ,海鸥住工,3.6,2.86%,阳线||布林带下轨,观望,11.9,12.41,12.74,13.16,14.56,12.74,10.92,下轨下方,-0.44,-0.16,-0.56,无信号,否
002088.SZ,鲁阳节能,9.02,2.85%,阳线||布林带下轨,观望,57.12,61.79,65.11,68.66,81.51,65.11,48.72,下轨下方,-4.07,-1.62,-4.89,无信号,否
002090.SZ,金智科技,11.05,2.31%,阳线||布林带下轨,观望,57.82,60.96,61.35,63.63,73.38,61.35,49.32,下轨下方,-1.95,-0.25,-3.4,无信号,否
002091.SZ,江苏国泰,9.04,0.67%,阳线||布林带下轨,观望,64.84,66.29,67.81,67.64,73.73,67.81,61.89,下轨下方,-1.17,-0.35,-1.64,无信号,否
002092.SZ,中泰化学,5.05,0.20%,价升||布林带下轨,观望,19.23,20.18,21.85,24.3,26.08,21.85,17.62,下轨下方,-1.43,-1.01,-0.85,无信号,否
002093.SZ,国脉科技,7.94,0.76%,阳线,观望,100.56,102.67,107.2,119.32,121.36,107.2,93.04,布林带内,-5.23,-4.71,-1.05,无信号,否
002094.SZ,青岛金王,5.46,0.37%,阳线,观望,29.52,30.47,31.15,34.4,33.43,31.15,28.87,布林带内,-1.2,-1.03,-0.33,无信号,否
002096.SZ,易普力,10.39,0.39%,价升||布林带下轨,观望,53.77,54.93,56.35,61.88,60.68,56.35,52.02,下轨下方,-1.95,-1.71,-0.49,无信号,否
002098.SZ,浔兴股份,8.04,1.01%,阳线,观望,18.64,18.94,19.26,20.23,20.25,19.26,18.27,布林带内,-0.42,-0.36,-0.11,无信号,否
002101.SZ,广东鸿图,9.41,0.43%,阳线||布林带下轨,观望,38.32,39.29,40.19,44.26,42.95,40.19,37.43,下轨下方,-1.55,-1.34,-0.43,无信号,否
002102.SZ,ST能特,2.37,1.28%,阳线,观望,22.24,22.92,23.85,28.06,27.11,23.85,20.59,布林带内,-1.47,-1.46,-0.03,无信号,否
002103.SZ,广博股份,7.38,0.68%,阳线,观望,17.25,17.63,17.94,18.92,18.98,17.94,16.91,布林带内,-0.41,-0.34,-0.14,无信号,否
002105.SZ,信隆健康,6.46,2.38%,阳线||布林带下轨,观望,10.58,10.75,10.72,10.96,11.33,10.72,10.11,下轨下方,-0.06,0.0,-0.12,无信号,否
002106.SZ,莱宝高科,11.41,5.65%,阳线,观望,40.93,41.27,40.94,42.25,42.55,40.94,39.34,布林带内,-0.14,-0.1,-0.09,死叉,否
002107.SZ,沃华医药,6.79,1.80%,阳线,观望,,,,,,,,,,,,,
002108.SZ,沧州明珠,5.3,2.51%,阳线||布林带下轨,观望,89.6,94.3,95.08,87.86,103.93,95.08,86.22,下轨下方,0.06,1.83,-3.55,无信号,否
002109.SZ,ST兴化,2.99,2.75%,阳线||布林带下轨,观望,12.51,12.86,14.29,16.77,17.5,14.29,11.08,下轨下方,-1.27,-1.08,-0.38,无信号,否
002110.SZ,三钢闽光,3.15,1.29%,价升||布林带下轨,观望,10.01,10.92,11.47,12.43,15.16,11.47,7.78,下轨下方,-0.86,-0.35,-1.03,无信号,否
002111.SZ,威海广泰,11.05,1.66%,阳线||布林带下轨,观望,53.13,55.85,55.19,53.9,65.75,55.19,44.63,下轨下方,-0.5,0.97,-2.95,无信号,否
002112.SZ,三变科技,19.22,2.23%,阳线||布林带下轨,观望,62.93,67.25,67.63,73.57,77.92,67.63,57.34,下轨下方,-2.78,-1.36,-2.84,无信号,否
002114.SZ,罗平锌电,8.77,2.10%,阳线,观望,16.21,16.8,16.79,16.86,18.06,16.79,15.52,布林带内,-0.07,0.09,-0.32,无信号,否
002115.SZ,三维通信,13.53,4.32%,阳线||布林带下轨,观望,77.34,82.1,81.91,78.06,95.36,81.91,68.45,下轨下方,-0.27,1.84,-4.21,无信号,否
002116.SZ,中国海诚,9.12,0.77%,阳线||布林带下轨,观望,41.89,42.88,43.77,46.13,46.87,43.77,40.66,下轨下方,-1.23,-0.88,-0.71,无信号,否
002117.SZ,东港股份,9.7,0.94%,价升,观望,,,,,,,,,,,,,
002119.SZ,康强电子,23.53,3.52%,阳线,观望,,,,,,,,,,,,,
002121.SZ,科陆电子,7.62,9.96%,阳线||MA5上穿MA10,观望,113.97,110.63,110.69,124.8,119.54,110.69,101.84,布林带内,-1.84,-3.23,2.78,无信号,否
002122.SZ,ST汇洲,2.86,1.06%,阳线||布林带下轨,观望,26.16,26.46,26.89,27.24,28.37,26.89,25.42,下轨下方,-0.39,-0.18,-0.42,无信号,否
002124.SZ,天邦食品,2.78,2.21%,阳线||布林带下轨,观望,45.91,48.24,47.85,46.32,56.93,47.85,38.78,下轨下方,-0.72,0.56,-2.56,无信号,否
002125.SZ,湘潭电化,14.73,4.99%,阳线||布林带下轨,观望,55.82,59.44,61.1,60.22,72.97,61.1,49.22,下轨下方,-1.66,0.33,-3.99,无信号,否
002128.SZ,电投能源,29.61,1.72%,阳线,观望,,,,,,,,,,,,,
002129.SZ,TCL中环,9.36,2.63%,阳线||布林带下轨,观望,49.51,51.51,49.77,51.08,57.21,49.77,42.32,下轨下方,-0.2,0.43,-1.27,死叉,否
002130.SZ,沃尔核材,20.99,2.59%,阳线,观望,447.96,470.68,488.22,521.05,551.92,488.22,424.51,布林带内,-20.97,-14.52,-12.91,无信号,否
002131.SZ,利欧股份,6.65,0.30%,价升||MA5上穿MA10,观望,296.42,292.18,297.02,328.74,332.5,297.02,261.55,布林带内,-9.39,-10.6,2.42,无信号,否
002132.SZ,恒星科技,5.46,3.41%,阳线,观望,31.34,32.64,30.45,25.52,36.31,30.45,24.59,布林带内,1.76,2.12,-0.72,无信号,否
002133.SZ,广宇集团,3.04,2.36%,阳线||布林带下轨,观望,10.31,10.68,11.0,11.53,12.25,11.0,9.75,下轨下方,-0.37,-0.2,-0.36,无信号,否
002134.SZ,天津普林,29.64,2.45%,阳线||多头排列||MA5上穿MA10,多头排列,37.53,37.5,34.63,29.63,41.67,34.63,27.58,布林带内,2.42,2.46,-0.09,死叉,是
002135.SZ,东南网架,8.72,1.75%,阳线,观望,27.57,28.13,27.16,24.16,31.63,27.16,22.69,布林带内,0.96,1.21,-0.5,无信号,否
002136.SZ,安 纳 达,14.9,4.12%,阳线,观望,30.57,31.38,31.34,29.41,33.78,31.34,28.91,布林带内,0.49,0.81,-0.64,无信号,否
002138.SZ,顺络电子,43.3,8.52%,阳线,观望,,,,,,,,,,,,,
002139.SZ,拓邦股份,11.19,1.36%,阳线,观望,,,,,,,,,,,,,
002140.SZ,东华科技,10.4,0.97%,阳线||布林带下轨,观望,92.09,96.74,103.87,111.88,123.28,103.87,84.46,下轨下方,-6.3,-3.83,-4.94,无信号,否
002141.SZ,贤丰控股,3.58,1.99%,阳线,观望,28.54,28.9,29.2,30.31,30.65,29.2,27.75,布林带内,-0.39,-0.33,-0.11,无信号,否
002144.SZ,宏达高科,13.21,2.32%,阳线||布林带下轨,观望,15.32,15.62,16.06,17.01,17.32,16.06,14.81,下轨下方,-0.49,-0.37,-0.25,无信号,否
002145.SZ,钛能化学,4.3,0.23%,价升||布林带下轨,观望,18.76,20.03,20.62,22.04,24.39,20.62,16.86,下轨下方,-0.96,-0.4,-1.13,无信号,否
002148.SZ,北纬科技,7.4,0.54%,价升,观望,79.79,81.5,81.47,81.7,86.75,81.47,76.19,布林带内,-0.47,0.18,-1.3,无信号,否
002149.SZ,西部材料,72.12,2.81%,阳线,观望,216.9,219.48,207.61,169.42,245.31,207.61,169.91,布林带内,13.46,14.9,-2.87,无信号,否
002150.SZ,正泰电源,34.0,0.03%,阳线||MA5上穿MA10,观望,157.12,150.67,146.88,151.62,164.36,146.88,129.39,布林带内,1.1,-0.64,3.49,无信号,否
002151.SZ,北斗星通,38.87,1.54%,阳线,观望,232.21,240.64,240.11,239.85,263.46,240.11,216.77,布林带内,-0.78,1.9,-5.36,无信号,否
002152.SZ,广电运通,11.23,0.63%,价升||布林带下轨,观望,192.01,195.39,198.1,204.42,210.13,198.1,186.07,下轨下方,-3.43,-1.91,-3.04,无信号,否
002153.SZ,石基信息,8.82,0.68%,阳线,观望,,,,,,,,,,,,,
002154.SZ,报 喜 鸟,4.3,0.70%,阳线||布林带下轨,观望,60.71,63.18,61.49,58.46,70.58,61.49,52.39,下轨下方,0.55,1.7,-2.3,无信号,否
002155.SZ,湖南黄金,25.19,2.03%,阳线||布林带下轨,观望,83.19,90.06,95.59,104.93,113.93,95.59,77.25,下轨下方,-6.01,-3.47,-5.08,无信号,否
002156.SZ,通富微电,63.44,2.72%,阳线||多头排列||MA5上穿MA10,多头排列,166.46,163.79,152.79,134.49,181.69,152.79,123.9,布林带内,10.44,9.15,2.6,无信号,是
002158.SZ,汉钟精机,35.75,5.99%,阳线||多头排列||布林带上轨||MA5上穿MA10,多头排列,121.77,119.66,110.09,96.6,134.66,110.09,85.53,上轨上方,8.57,6.97,3.2,无信号,是
002160.SZ,常铝股份,4.74,3.72%,阳线,观望,10.03,10.16,10.36,11.03,10.93,10.36,9.79,布林带内,-0.24,-0.21,-0.06,无信号,否
002161.SZ,远 望 谷,6.54,1.08%,价升,观望,72.54,73.62,75.04,80.66,80.43,75.04,69.66,布林带内,-2.18,-1.89,-0.58,无信号,否
002162.SZ,悦心健康,4.08,2.00%,阳线,观望,9.1,9.33,9.56,10.5,10.22,9.56,8.91,布林带内,-0.34,-0.29,-0.09,无信号,否
002163.SZ,海南发展,11.0,1.29%,阳线,观望,51.47,53.73,54.96,59.45,59.95,54.96,49.97,布林带内,-2.03,-1.58,-0.9,无信号,否
002165.SZ,红 宝 丽,8.04,2.29%,阳线,观望,64.2,65.62,65.74,74.49,72.03,65.74,59.45,布林带内,-2.31,-2.03,-0.54,死叉,否
002166.SZ,莱茵生物,8.69,1.16%,价升,观望,,,,,,,,,,,,,
002167.SZ,东方锆业,12.78,6.86%,阳线,观望,95.95,99.31,101.06,103.44,109.48,101.06,92.64,布林带内,-1.33,-0.59,-1.49,无信号,否
002168.SZ,ST惠程,3.95,0.77%,阳线,观望,59.66,60.74,62.5,61.67,67.18,62.5,57.81,布林带内,-0.83,-0.33,-1.0,无信号,否
002169.SZ,智光电气,18.87,6.01%,阳线||布林带上轨||MA5上穿MA10,观望,129.57,117.87,109.15,111.86,136.09,109.15,82.21,上轨上方,6.23,1.74,8.98,无信号,否
002170.SZ,芭田股份,11.99,0.76%,阳线,观望,,,,,,,,,,,,,
002171.SZ,楚江新材,11.42,5.55%,阳线||布林带下轨,观望,59.21,61.08,61.16,61.98,64.9,61.16,57.41,下轨下方,-0.55,-0.01,-1.08,无信号,否
002172.SZ,澳洋健康,3.51,1.74%,阳线||布林带下轨,观望,10.83,11.09,11.28,12.06,11.93,11.28,10.63,下轨下方,-0.31,-0.25,-0.12,无信号,否
002174.SZ,游族网络,12.44,1.88%,阳线||多头排列||MA5上穿MA10,多头排列,37.35,36.21,33.7,32.25,39.86,33.7,27.55,布林带内,1.81,1.29,1.03,无信号,是
002175.SZ,*ST东智,2.56,4.92%,阳线,观望,17.13,17.73,17.35,19.47,19.48,17.35,15.21,布林带内,-0.44,-0.42,-0.04,死叉,否
002176.SZ,江特电机,12.87,1.10%,阳线,观望,165.66,174.3,180.22,147.22,211.44,180.22,149.0,布林带内,4.11,8.87,-9.53,无信号,否
002178.SZ,延华智能,5.79,1.05%,阳线||MA5上穿MA10,观望,38.1,37.54,38.28,40.35,40.76,38.28,35.79,布林带内,-0.6,-0.72,0.22,无信号,否
002179.SZ,中航光电,41.27,1.15%,阳线||布林带下轨,观望,514.38,549.85,538.62,520.01,688.94,538.62,388.3,下轨下方,-8.8,10.89,-39.39,死叉,否
002180.SZ,奔图科技,17.67,3.03%,阳线,观望,84.73,85.9,87.37,87.17,91.95,87.37,82.79,布林带内,-0.5,0.07,-1.14,无信号,否
002181.SZ,粤 传 媒,13.75,0.73%,阳线,观望,32.67,36.36,34.9,28.44,44.59,34.9,25.21,布林带内,1.0,2.33,-2.66,无信号,否
002182.SZ,宝武镁业,15.26,1.13%,阳线||布林带下轨,观望,64.34,67.74,69.35,74.96,79.75,69.35,58.95,下轨下方,-2.83,-1.37,-2.92,无信号,否
002183.SZ,怡 亚 通,6.94,3.89%,阳线,观望,104.43,105.63,97.21,87.18,116.75,97.21,77.68,布林带内,4.99,5.08,-0.18,死叉,否
002184.SZ,海得控制,12.29,1.57%,阳线||布林带下轨,观望,37.05,38.18,37.83,38.44,43.76,37.83,31.89,下轨下方,-0.56,0.16,-1.43,死叉,否
002185.SZ,华天科技,15.43,1.58%,价升||多头排列||MA5上穿MA10,多头排列,166.2,164.55,155.53,150.1,179.73,155.53,131.33,布林带内,5.36,5.42,-0.13,死叉,是
002187.SZ,广百股份,5.64,1.81%,阳线||布林带下轨,观望,15.89,16.52,16.95,17.78,19.09,16.95,14.81,下轨下方,-0.62,-0.31,-0.62,无信号,否
002188.SZ,中天服务,6.61,1.54%,阳线,观望,13.42,13.65,13.56,13.41,14.7,13.56,12.43,布林带内,0.04,0.14,-0.2,无信号,否
002189.SZ,中光学,22.92,3.71%,阳线,观望,23.31,23.83,22.99,21.93,25.54,22.99,20.43,布林带内,0.55,0.63,-0.16,无信号,否
002190.SZ,成飞集成,30.24,1.82%,阳线,观望,79.99,81.44,79.69,83.16,86.06,79.69,73.32,布林带内,-0.36,-0.34,-0.05,死叉,否
002191.SZ,劲嘉股份,3.77,0.53%,价升||布林带下轨,观望,32.02,33.37,33.48,33.81,38.76,33.48,28.2,下轨下方,-0.73,0.03,-1.52,无信号,否
002193.SZ,ST如意,5.07,4.97%,阳线,观望,10.95,11.34,12.48,13.21,15.05,12.48,9.9,布林带内,-0.75,-0.51,-0.46,无信号,否
002194.SZ,武汉凡谷,12.41,2.39%,阳线||布林带下轨,观望,44.95,45.81,44.58,43.18,50.26,44.58,38.89,下轨下方,0.56,1.08,-1.03,死叉,否
002195.SZ,岩山科技,8.15,0.87%,阳线||布林带下轨,观望,228.37,240.78,248.53,266.78,283.39,248.53,213.67,下轨下方,-10.83,-5.89,-9.87,无信号,否
002196.SZ,方正电机,16.74,1.70%,阳线||多头排列||布林带上轨||MA5上穿MA10,多头排列,44.2,41.64,39.8,39.18,45.64,39.8,33.97,上轨上方,1.59,0.77,1.63,无信号,是
002197.SZ,证通电子,7.45,2.62%,阳线,观望,31.39,32.37,32.49,33.17,35.33,32.49,29.66,布林带内,-0.4,-0.08,-0.64,无信号,否
002198.SZ,ST嘉应,4.01,1.01%,阳线,观望,21.16,21.97,27.57,35.2,41.07,27.57,14.07,布林带内,-4.51,-4.1,-0.83,无信号,否
002199.SZ,*ST东晶,13.57,5.03%,阳线,观望,34.59,35.02,31.09,24.82,39.96,31.09,22.21,布林带内,3.03,2.96,0.13,无信号,否
002200.SZ,*ST交投,7.63,1.06%,阳线||布林带下轨,观望,15.3,15.78,15.77,15.5,16.84,15.77,14.69,下轨下方,-0.1,0.09,-0.37,无信号,否
002201.SZ,九鼎新材,12.15,4.83%,阳线||布林带下轨,观望,79.99,90.45,97.62,91.1,126.18,97.62,69.06,下轨下方,-4.74,0.42,-10.32,无信号,否
002202.SZ,金风科技,25.2,1.90%,阳线||布林带下轨,观望,184.22,191.03,194.06,197.9,213.52,194.06,174.6,下轨下方,-2.96,-0.41,-5.1,无信号,否
002203.SZ,海亮股份,21.42,7.10%,阳线,观望,82.46,85.94,80.76,66.57,96.02,80.76,65.51,布林带内,4.37,5.65,-2.54,无信号,否
002204.SZ,大连重工,6.15,0.82%,阳线,观望,29.92,30.65,31.79,32.74,34.52,31.79,29.07,布林带内,-0.84,-0.54,-0.6,无信号,否
002205.SZ,国统股份,13.95,1.97%,阳线||布林带下轨,观望,26.88,27.99,27.69,27.96,32.64,27.69,22.73,下轨下方,-0.39,0.24,-1.27,死叉,否
002206.SZ,海 利 得,5.52,2.22%,阳线,观望,,,,,,,,,,,,,
002209.SZ,达 意 隆,13.25,0.23%,阳线,观望,20.85,21.25,22.86,23.56,27.02,22.86,18.69,布林带内,-0.97,-0.74,-0.47,无信号,否
002210.SZ,飞马国际,2.78,2.21%,价升,观望,30.12,31.5,31.29,30.39,36.39,31.29,26.19,布林带内,0.14,0.62,-0.98,无信号,否
002211.SZ,ST宏达,3.83,1.86%,阳线||多头排列||MA5上穿MA10,多头排列,6.04,6.03,5.83,5.71,6.33,5.83,5.33,布林带内,0.1,0.1,-0.0,死叉,是
002212.SZ,天融信,7.26,1.26%,价升,观望,24.19,24.37,24.83,25.55,26.24,24.83,23.42,布林带内,-0.34,-0.26,-0.17,无信号,否
002213.SZ,大为股份,38.98,1.70%,阳线,观望,81.45,83.99,79.83,67.34,92.31,79.83,67.36,布林带内,3.64,4.58,-1.89,无信号,否
002214.SZ,*ST大立,18.59,0.22%,价升||布林带下轨,观望,89.33,92.08,92.41,91.07,100.22,92.41,84.6,下轨下方,-0.95,0.31,-2.52,无信号,否
002217.SZ,合力泰,2.82,3.68%,阳线,观望,16.86,18.4,18.18,16.46,21.41,18.18,14.94,布林带内,0.16,0.65,-0.97,无信号,否
002218.SZ,拓日新能,5.11,1.59%,阳线,观望,30.05,31.62,31.62,34.08,34.95,31.62,28.29,布林带内,-0.97,-0.64,-0.66,无信号,否
002222.SZ,福晶科技,105.56,4.95%,阳线,观望,265.63,273.29,253.68,205.85,303.45,253.68,203.91,布林带内,16.26,18.11,-3.69,无信号,否
002224.SZ,三 力 士,3.89,2.10%,阳线||布林带下轨,观望,29.49,30.56,31.63,33.51,34.74,31.63,28.51,下轨下方,-1.17,-0.78,-0.79,无信号,否
002225.SZ,濮耐股份,3.98,4.74%,阳线||布林带下轨,观望,8.16,8.63,9.24,10.58,11.2,9.24,7.28,下轨下方,-0.71,-0.55,-0.31,无信号,否
002226.SZ,江南化工,5.91,1.55%,阳线||布林带下轨,观望,72.46,72.54,71.77,74.04,82.45,71.77,61.09,下轨下方,-0.73,0.02,-1.5,死叉,否
002227.SZ,*ST特迅,8.61,1.18%,阳线,观望,18.62,18.97,18.49,19.39,20.21,18.49,16.78,布林带内,-0.07,-0.03,-0.07,死叉,否
002228.SZ,合兴包装,3.56,1.14%,阳线||布林带下轨,观望,39.72,41.27,42.31,44.01,47.05,42.31,37.57,下轨下方,-1.37,-0.65,-1.44,无信号,否
002230.SZ,科大讯飞,47.35,0.32%,价升,观望,638.06,641.23,646.03,656.01,670.61,646.03,621.46,布林带内,-3.61,-2.09,-3.04,无信号,否
002232.SZ,启明信息,17.64,0.40%,价升,观望,56.62,56.77,56.82,56.74,59.04,56.82,54.59,布林带内,-0.14,0.03,-0.34,无信号,否
002234.SZ,民和股份,7.8,0.78%,价升||布林带下轨,观望,18.26,18.95,19.54,20.19,21.5,19.54,17.59,下轨下方,-0.57,-0.28,-0.6,无信号,否
002236.SZ,大华股份,17.86,1.65%,阳线||布林带下轨,观望,821.0,830.74,843.1,839.36,892.63,843.1,793.57,下轨下方,-9.16,-1.21,-15.89,无信号,否
002237.SZ,恒邦股份,14.35,3.24%,阳线,观望,120.73,128.67,135.35,135.74,155.55,135.35,115.14,布林带内,-4.08,-1.33,-5.51,无信号,否
002240.SZ,盛新锂能,49.11,0.27%,阳线,观望,81.48,85.35,86.9,73.91,101.25,86.9,72.56,布林带内,1.49,3.63,-4.29,无信号,否
002241.SZ,歌尔股份,25.56,2.49%,阳线,观望,582.85,585.3,578.34,567.03,600.55,578.34,556.12,布林带内,5.7,6.97,-2.54,无信号,否
002243.SZ,力合科创,8.81,2.44%,阳线,观望,15.63,15.63,15.62,16.4,16.4,15.62,14.83,布林带内,-0.14,-0.14,0.01,无信号,否
002245.SZ,蔚蓝锂芯,20.41,10.03%,阳线,观望,,,,,,,,,,,,,
002246.SZ,北化股份,23.2,2.47%,阳线||MA5上穿MA10,观望,36.78,36.19,37.23,37.53,40.8,37.23,33.66,布林带内,-0.47,-0.43,-0.09,无信号,否
002247.SZ,聚力文化,2.8,2.94%,阳线||布林带下轨,观望,19.78,20.09,20.13,20.43,21.41,20.13,18.85,下轨下方,-0.19,-0.02,-0.35,无信号,否
002248.SZ,华东数控,12.53,2.96%,阳线,观望,25.75,26.53,26.25,26.45,28.43,26.25,24.07,布林带内,-0.04,0.16,-0.4,无信号,否
002250.SZ,联化科技,15.17,5.42%,阳线,观望,89.68,92.63,95.85,97.01,104.97,95.85,86.73,布林带内,-2.24,-1.27,-1.95,无信号,否
002251.SZ,步步高,3.7,1.09%,阳线||布林带下轨,观望,23.47,24.58,25.5,26.88,29.48,25.5,21.51,下轨下方,-1.14,-0.57,-1.14,无信号,否
002253.SZ,*ST智胜,11.76,5.00%,阳线,观望,44.84,45.68,45.3,44.1,47.91,45.3,42.69,布林带内,0.12,0.35,-0.46,无信号,否
002254.SZ,泰和新材,15.93,10.01%,阳线,观望,,,,,,,,,,,,,
002255.SZ,海陆重工,10.4,0.97%,阳线,观望,,,,,,,,,,,,,
002256.SZ,兆新股份,4.58,2.00%,阳线,观望,71.14,73.91,71.66,64.28,80.75,71.66,62.57,布林带内,1.92,2.87,-1.91,无信号,否
002258.SZ,利尔化学,12.17,3.22%,阳线||布林带下轨,观望,66.43,69.96,73.78,84.08,89.37,73.78,58.19,下轨下方,-5.52,-3.79,-3.46,无信号,否
002259.SZ,升达林业,5.25,2.34%,阳线,观望,13.58,14.05,13.98,14.03,15.44,13.98,12.52,布林带内,-0.08,0.01,-0.19,无信号,否
002263.SZ,大东南,3.86,4.04%,阳线,观望,17.33,17.87,18.56,18.24,20.72,18.56,16.41,布林带内,-0.59,-0.34,-0.5,无信号,否
002264.SZ,新 华 都,7.08,1.43%,阳线,观望,34.75,36.99,38.13,40.34,42.86,38.13,33.39,布林带内,-1.45,-0.83,-1.24,无信号,否
002266.SZ,浙富控股,5.53,2.03%,阳线,观望,61.34,61.73,59.51,54.83,67.69,59.51,51.33,布林带内,2.28,2.51,-0.46,无信号,否
002268.SZ,电科网安,15.17,1.27%,价升,观望,131.34,132.91,134.47,146.87,141.89,134.47,127.05,布林带内,-3.74,-3.59,-0.31,无信号,否
002269.SZ,美邦服饰,1.56,0.65%,价升||布林带下轨,观望,9.9,10.36,10.56,11.02,12.28,10.56,8.84,下轨下方,-0.38,-0.14,-0.49,无信号,否
002270.SZ,华明装备,22.94,0.13%,价升,观望,,,,,,,,,,,,,
002272.SZ,川润股份,24.7,10.02%,阳线||多头排列||布林带上轨||MA5上穿MA10,多头排列,77.64,71.51,67.16,64.49,81.84,67.16,52.49,上轨上方,4.1,2.17,3.85,无信号,是
002273.SZ,水晶光电,40.34,10.01%,阳线,观望,496.22,507.06,480.38,404.86,553.4,480.38,407.37,布林带内,23.63,30.69,-14.13,无信号,否
002274.SZ,华昌化工,6.1,1.67%,阳线||布林带下轨,观望,21.58,22.65,23.58,24.14,28.84,23.58,18.32,下轨下方,-1.02,-0.25,-1.54,无信号,否
002276.SZ,万马股份,13.01,1.01%,阳线,观望,49.88,50.69,51.15,55.13,54.34,51.15,47.96,布林带内,-1.22,-1.14,-0.17,无信号,否
002277.SZ,友阿股份,6.81,2.41%,阳线||MA5上穿MA10,观望,41.01,40.39,38.97,39.68,42.87,38.97,35.07,布林带内,0.95,0.53,0.83,无信号,否
002278.SZ,神开股份,9.67,1.47%,阳线,观望,21.76,22.49,23.15,25.7,25.98,23.15,20.32,布林带内,-0.99,-0.82,-0.34,无信号,否
002282.SZ,博深股份,6.54,2.83%,阳线,观望,,,,,,,,,,,,,
002283.SZ,天润工业,12.07,5.14%,阳线,观望,,,,,,,,,,,,,
002285.SZ,世联行,2.84,1.07%,阳线||布林带下轨,观望,45.57,47.65,47.4,46.72,51.94,47.4,42.86,下轨下方,-0.5,0.26,-1.52,无信号,否
002286.SZ,保龄宝,8.95,3.23%,阳线||布林带下轨,观望,33.21,34.94,36.24,36.87,40.22,36.24,32.26,下轨下方,-1.1,-0.49,-1.22,无信号,否
002289.SZ,*ST宇顺,41.32,4.11%,阳线,观望,61.92,65.3,59.1,47.02,75.5,59.1,42.69,布林带内,4.94,5.63,-1.38,无信号,否
002290.SZ,禾盛新材,102.57,5.15%,阳线||MACD金叉,MACD金叉,243.16,244.01,226.99,185.2,275.26,226.99,178.73,布林带内,18.55,17.33,2.44,金叉,否
002295.SZ,精艺股份,11.13,4.12%,阳线,观望,17.61,18.05,17.79,17.62,19.01,17.79,16.57,布林带内,0.06,0.18,-0.24,无信号,否
002296.SZ,辉煌科技,11.02,1.66%,阳线||布林带下轨,观望,59.34,60.91,60.91,63.88,64.73,60.91,57.1,下轨下方,-0.9,-0.48,-0.84,无信号,否
002297.SZ,博云新材,26.58,7.57%,阳线,观望,74.71,75.26,72.21,49.12,82.7,72.21,61.71,布林带内,7.13,8.03,-1.81,无信号,否
002298.SZ,中电鑫龙,10.66,0.76%,阳线,观望,34.77,34.91,33.21,33.96,37.69,33.21,28.74,布林带内,0.47,0.45,0.05,无信号,否
002300.SZ,太阳电缆,9.27,0.43%,阳线||布林带下轨,观望,61.31,64.46,64.68,64.61,73.89,64.68,55.48,下轨下方,-1.18,0.21,-2.8,无信号,否
002303.SZ,美盈森,3.53,1.73%,阳线||布林带下轨,观望,39.86,41.43,41.44,42.96,47.27,41.44,35.6,下轨下方,-0.98,-0.22,-1.51,死叉,否
002305.SZ,*ST南置,2.38,1.28%,阳线||布林带下轨,观望,8.44,8.53,8.39,8.12,8.86,8.39,7.92,下轨下方,0.07,0.11,-0.1,死叉,否
002306.SZ,*ST云网,2.17,1.40%,阳线||布林带下轨,观望,9.65,9.92,10.13,10.21,10.88,10.13,9.38,下轨下方,-0.2,-0.09,-0.23,无信号,否
002307.SZ,北新路桥,4.14,0.73%,阳线,观望,17.59,17.87,18.26,19.72,19.37,18.26,17.15,布林带内,-0.53,-0.5,-0.08,无信号,否
002309.SZ,中利集团,3.83,1.59%,阳线||布林带下轨,观望,16.73,18.23,18.32,17.59,21.19,18.32,15.45,下轨下方,-0.41,0.09,-1.0,无信号,否
002310.SZ,东方新能,2.86,0.70%,阳线||布林带下轨,观望,143.91,150.72,151.51,148.61,167.37,151.51,135.65,下轨下方,-2.36,0.16,-5.03,无信号,否
002311.SZ,海大集团,45.68,1.22%,阳线,观望,309.86,312.86,318.15,340.55,335.54,318.15,300.76,布林带内,-6.96,-6.86,-0.2,无信号,否
002313.SZ,日海智能,9.91,2.80%,阳线,观望,27.45,27.65,27.13,25.62,29.72,27.13,24.54,布林带内,0.59,0.75,-0.32,无信号,否
002314.SZ,南山控股,2.26,1.80%,阳线||布林带下轨,观望,6.28,6.56,6.75,6.99,7.6,6.75,5.91,下轨下方,-0.25,-0.11,-0.27,无信号,否
002316.SZ,亚联发展,5.5,3.00%,阳线,观望,18.44,18.61,18.34,18.4,19.57,18.34,17.1,布林带内,0.08,0.12,-0.08,无信号,否
002319.SZ,乐通股份,12.36,6.19%,阳线||MA5上穿MA10,观望,24.44,24.17,23.8,24.82,25.41,23.8,22.18,布林带内,0.17,0.01,0.32,无信号,否
002321.SZ,华英农业,1.93,0.52%,价升||布林带下轨,观望,4.47,4.64,4.77,5.03,5.23,4.77,4.31,下轨下方,-0.17,-0.1,-0.13,无信号,否
002322.SZ,理工能科,11.7,1.92%,阳线,观望,,,,,,,,,,,,,
002324.SZ,普利特,13.6,1.42%,阳线||布林带下轨,观望,96.82,107.19,114.61,121.69,151.19,114.61,78.03,下轨下方,-8.95,-3.58,-10.75,无信号,否
002326.SZ,永太科技,24.26,6.97%,阳线,观望,126.17,126.91,132.75,130.86,147.34,132.75,118.17,布林带内,-2.25,-1.44,-1.61,无信号,否
002328.SZ,新朋股份,10.15,5.73%,阳线||布林带下轨,观望,26.5,28.4,29.81,25.9,36.65,29.81,22.96,下轨下方,-0.86,0.51,-2.74,无信号,否
002330.SZ,得利斯,4.32,0.70%,阳线||布林带下轨,观望,9.18,9.37,9.56,9.95,10.15,9.56,8.96,下轨下方,-0.22,-0.14,-0.14,无信号,否
002331.SZ,皖通科技,9.46,2.38%,价升,观望,51.43,52.02,51.08,47.66,54.63,51.08,47.53,布林带内,1.15,1.43,-0.57,无信号,否
002333.SZ,罗普斯金,5.32,2.90%,阳线||布林带下轨,观望,19.89,20.11,20.58,21.26,21.82,20.58,19.35,下轨下方,-0.46,-0.33,-0.27,无信号,否
002334.SZ,英威腾,9.06,3.42%,阳线||MA5上穿MA10,观望,107.86,107.66,101.42,104.43,114.77,101.42,88.07,布林带内,1.99,1.22,1.56,无信号,否
002335.SZ,科华数据,64.09,3.01%,阳线||布林带下轨,观望,303.46,321.83,322.32,309.74,386.71,322.32,257.93,下轨下方,-5.03,5.17,-20.4,无信号,否
002337.SZ,赛象科技,5.71,2.88%,阳线,观望,29.52,30.29,30.85,32.05,32.8,30.85,28.89,布林带内,-0.6,-0.39,-0.41,无信号,否
002338.SZ,奥普光电,65.2,4.14%,阳线||MACD金叉||多头排列||布林带上轨||MA5上穿MA10,MACD金叉;多头排列,200.29,197.68,193.46,170.78,206.57,193.46,180.35,上轨上方,8.35,8.2,0.3,金叉,是
002339.SZ,积成电子,9.23,2.90%,阳线||布林带下轨,观望,49.39,52.11,53.68,58.83,61.7,53.68,45.66,下轨下方,-2.68,-1.57,-2.22,无信号,否
002340.SZ,格林美,8.27,2.48%,阳线,观望,198.17,203.85,209.1,205.58,229.0,209.1,189.2,布林带内,-1.72,0.86,-5.16,无信号,否
002342.SZ,巨力索具,13.17,2.97%,阳线,观望,36.06,42.99,45.65,39.22,58.85,45.65,32.46,布林带内,-1.55,1.03,-5.16,无信号,否
002343.SZ,慈文传媒,5.53,1.10%,阳线||布林带下轨,观望,19.03,19.64,20.23,21.22,21.99,20.23,18.47,下轨下方,-0.67,-0.43,-0.47,无信号,否
002344.SZ,海宁皮城,4.2,3.19%,阳线||布林带下轨,观望,20.76,21.51,21.91,22.54,23.87,21.91,19.96,下轨下方,-0.56,-0.26,-0.62,无信号,否
002345.SZ,潮宏基,9.23,0.22%,价升,观望,,,,,,,,,,,,,
002347.SZ,泰尔股份,8.18,1.49%,阳线,观望,31.27,31.53,31.11,32.29,32.86,31.11,29.36,布林带内,-0.11,-0.1,-0.04,死叉,否
002350.SZ,北京科锐,16.02,1.46%,阳线,观望,78.48,80.57,75.9,69.97,89.32,75.9,62.47,布林带内,2.39,3.27,-1.75,无信号,否
002351.SZ,漫步者,11.02,0.46%,价升,观望,,,,,,,,,,,,,
002353.SZ,杰瑞股份,133.25,0.20%,阳线,观望,1090.0,1114.96,1096.77,948.81,1227.08,1096.77,966.47,布林带内,40.08,55.37,-30.58,无信号,否
002355.SZ,兴民智通,6.21,0.16%,价升,观望,13.26,13.52,13.23,13.93,14.4,13.23,12.05,布林带内,-0.06,-0.05,-0.02,死叉,否
002357.SZ,富临运业,11.01,0.73%,价升,观望,47.5,49.85,49.31,55.29,53.89,49.31,44.74,布林带内,-1.23,-1.1,-0.27,无信号,否
002358.SZ,森源电气,6.71,1.51%,阳线||布林带下轨,观望,61.66,64.34,65.12,68.76,71.2,65.12,59.04,下轨下方,-1.69,-0.79,-1.8,无信号,否
002360.SZ,ST同德,6.15,1.32%,阳线||布林带下轨,观望,43.41,43.68,44.01,44.1,47.03,44.01,40.99,下轨下方,-0.54,-0.27,-0.55,无信号,否
002361.SZ,神剑股份,17.36,0.35%,阳线,观望,150.83,159.69,169.51,139.33,199.03,169.51,139.99,布林带内,-0.23,4.91,-10.29,无信号,否
002362.SZ,汉王科技,17.85,0.85%,价升,观望,36.73,37.14,37.21,38.63,38.97,37.21,35.44,布林带内,-0.43,-0.3,-0.26,无信号,否
002363.SZ,隆基机械,7.84,1.82%,阳线||布林带下轨,观望,20.62,21.37,21.7,22.05,23.48,21.7,19.92,下轨下方,-0.44,-0.14,-0.61,无信号,否
002364.SZ,中恒电气,52.09,5.94%,阳线||多头排列||MA5上穿MA10,多头排列,314.0,300.16,281.11,231.2,332.03,281.11,230.18,布林带内,22.98,20.57,4.81,无信号,是
002365.SZ,永安药业,12.29,0.41%,阳线||布林带下轨,观望,41.47,43.19,43.82,45.49,47.43,43.82,40.22,下轨下方,-1.1,-0.62,-0.95,无信号,否
002366.SZ,融发核电,7.11,0.28%,价升,观望,16.66,16.98,16.84,17.19,17.77,16.84,15.91,布林带内,-0.05,0.02,-0.14,无信号,否
002367.SZ,康力电梯,6.09,0.50%,阳线||布林带下轨,观望,53.54,55.26,56.2,60.75,63.04,56.2,49.35,下轨下方,-2.0,-1.23,-1.55,死叉,否
002369.SZ,卓翼科技,7.0,3.24%,阳线,观望,30.67,31.21,31.4,32.05,32.89,31.4,29.9,布林带内,-0.31,-0.12,-0.39,无信号,否
002370.SZ,亚太药业,6.12,1.16%,阳线||布林带下轨,观望,22.41,23.06,23.72,24.49,25.73,23.72,21.72,下轨下方,-0.81,-0.57,-0.48,无信号,否
002371.SZ,北方华创,669.0,0.91%,阳线||多头排列||MA5上穿MA10,多头排列,3851.01,3759.7,3512.19,3121.38,4214.47,3512.19,2809.9,布林带内,201.37,202.1,-1.45,死叉,是
002373.SZ,千方科技,8.52,0.59%,价升,观望,,,,,,,,,,,,,
002376.SZ,新北洋,6.95,1.91%,阳线||布林带下轨,观望,36.3,37.48,38.18,38.64,42.06,38.18,34.3,下轨下方,-0.82,-0.19,-1.26,无信号,否
002377.SZ,国创高新,3.18,3.25%,阳线||布林带下轨,观望,14.42,15.05,15.33,15.51,17.04,15.33,13.62,下轨下方,-0.3,-0.05,-0.5,无信号,否
002378.SZ,章源钨业,29.05,3.38%,阳线||布林带下轨,观望,73.27,79.52,82.91,90.21,98.26,82.91,67.57,下轨下方,-4.08,-1.88,-4.4,无信号,否
002379.SZ,宏桥控股,20.94,1.36%,阳线,观望,,,,,,,,,,,,,
002380.SZ,科远智慧,50.66,6.99%,阳线,观望,,,,,,,,,,,,,
002381.SZ,双箭股份,6.27,2.12%,阳线||布林带下轨,观望,39.92,41.43,42.3,43.18,47.6,42.3,37.0,下轨下方,-1.13,-0.3,-1.66,无信号,否
002382.SZ,蓝帆医疗,6.89,4.55%,阳线||布林带下轨,观望,49.16,50.76,52.92,53.99,59.06,52.92,46.77,下轨下方,-1.89,-1.17,-1.44,无信号,否
002383.SZ,合众思壮,8.62,1.41%,阳线,观望,42.2,43.6,44.45,48.18,48.12,44.45,40.79,布林带内,-1.34,-1.02,-0.63,无信号,否
002384.SZ,东山精密,220.55,6.56%,阳线||多头排列||MA5上穿MA10,多头排列,1569.61,1563.42,1475.11,1040.63,1695.07,1475.11,1255.15,布林带内,136.4,150.08,-27.34,无信号,是
002386.SZ,天原股份,6.2,2.14%,阳线||布林带下轨,观望,14.44,15.04,15.71,15.15,18.3,15.71,13.12,下轨下方,-0.4,0.05,-0.9,无信号,否
002388.SZ,新亚制程,5.32,4.11%,阳线,观望,20.47,20.76,20.63,20.15,22.08,20.63,19.18,布林带内,0.11,0.26,-0.29,无信号,否
002391.SZ,长青股份,5.97,1.02%,阳线||布林带下轨,观望,36.77,39.31,41.03,41.52,50.46,41.03,31.6,下轨下方,-1.87,-0.38,-2.97,无信号,否
002392.SZ,北京利尔,9.14,2.01%,阳线,观望,80.35,84.09,80.24,68.57,92.52,80.24,67.96,布林带内,3.53,4.96,-2.86,无信号,否
002393.SZ,力生制药,15.18,0.86%,阳线,观望,,,,,,,,,,,,,
002394.SZ,联发股份,11.9,2.15%,阳线||布林带下轨,观望,52.69,53.98,55.61,59.12,61.06,55.61,50.16,下轨下方,-1.78,-1.21,-1.14,无信号,否
002395.SZ,双象股份,16.18,0.12%,阳线||布林带下轨,观望,50.72,56.89,58.78,58.5,72.51,58.78,45.05,下轨下方,-2.58,-0.12,-4.92,无信号,否
002396.SZ,星网锐捷,31.68,3.19%,阳线||多头排列||MA5上穿MA10,多头排列,101.79,101.44,94.61,92.52,109.28,94.61,79.95,布林带内,3.36,2.63,1.47,无信号,是
002397.SZ,梦洁股份,5.28,1.15%,阳线,观望,67.53,69.13,65.66,58.46,75.35,65.66,55.97,布林带内,2.74,3.35,-1.21,无信号,否
002398.SZ,垒知集团,4.75,0.85%,价升||布林带下轨,观望,31.83,32.65,33.29,34.86,35.81,33.29,30.77,下轨下方,-0.88,-0.54,-0.67,无信号,否
002401.SZ,中远海科,14.12,0.86%,价升||布林带下轨,观望,100.97,104.99,105.29,110.08,117.32,105.29,93.26,下轨下方,-2.82,-1.2,-3.24,无信号,否
002402.SZ,和而泰,30.92,2.05%,阳线,观望,364.18,369.73,370.32,368.53,389.58,370.32,351.07,布林带内,-0.47,1.1,-3.15,无信号,否
002403.SZ,爱仕达,11.39,0.09%,阳线||多头排列||MA5上穿MA10,多头排列,16.48,16.46,16.09,15.89,17.26,16.09,14.92,布林带内,0.23,0.23,0.01,无信号,是
002404.SZ,嘉欣丝绸,6.5,0.15%,价升,观望,,,,,,,,,,,,,
002406.SZ,远东传动,8.14,1.12%,阳线,观望,30.96,30.97,30.88,29.87,32.32,30.88,29.44,布林带内,0.3,0.45,-0.29,无信号,否
002407.SZ,多氟多,42.7,4.63%,阳线,观望,,,,,,,,,,,,,
002408.SZ,齐翔腾达,5.57,1.27%,阳线||布林带下轨,观望,48.64,51.31,54.53,56.04,65.85,54.53,43.2,下轨下方,-3.05,-1.35,-3.39,无信号,否
002409.SZ,雅克科技,116.5,2.28%,阳线||多头排列||MA5上穿MA10,多头排列,357.83,334.58,303.34,279.77,379.44,303.34,227.23,布林带内,24.72,17.22,14.99,无信号,是
002412.SZ,汉森制药,6.93,1.32%,阳线||布林带下轨,观望,49.51,52.63,52.82,52.89,64.41,52.82,41.23,下轨下方,-1.47,0.24,-3.41,无信号,否
002413.SZ,雷科防务,11.48,0.79%,阳线,观望,58.01,60.46,62.42,65.36,70.01,62.42,54.83,布林带内,-1.94,-1.15,-1.59,无信号,否
002414.SZ,高德红外,13.95,2.05%,阳线||布林带下轨,观望,156.27,176.21,185.9,187.74,260.57,185.9,111.23,下轨下方,-12.84,-1.25,-23.19,无信号,否
002415.SZ,海康威视,31.83,0.63%,阳线,观望,,,,,,,,,,,,,
002416.SZ,爱施德,11.99,1.10%,阳线||布林带下轨,观望,35.85,37.69,39.18,39.48,44.14,39.18,34.21,下轨下方,-1.25,-0.42,-1.65,无信号,否
002418.SZ,康盛股份,5.6,3.70%,阳线,观望,28.85,29.76,30.04,26.67,33.22,30.04,26.86,布林带内,0.28,0.82,-1.09,无信号,否
002419.SZ,天虹股份,4.94,0.61%,阳线,观望,,,,,,,,,,,,,
002420.SZ,毅昌科技,6.72,2.60%,阳线,观望,6.91,7.04,7.33,7.74,8.03,7.33,6.62,布林带内,-0.24,-0.19,-0.1,无信号,否
002421.SZ,达实智能,4.36,10.10%,阳线||多头排列||布林带上轨||MA5上穿MA10,多头排列,73.11,64.97,59.5,54.68,76.76,59.5,42.25,上轨上方,5.56,3.25,4.62,无信号,是
002422.SZ,科伦药业,34.72,7.19%,阳线,观望,,,,,,,,,,,,,
002425.SZ,凯撒文化,3.34,2.14%,阳线||布林带下轨,观望,15.59,15.95,15.97,15.93,17.33,15.97,14.61,下轨下方,-0.09,0.07,-0.32,无信号,否
002426.SZ,胜利精密,3.66,3.39%,阳线,观望,19.34,19.77,19.99,20.26,21.31,19.99,18.68,布林带内,-0.16,-0.02,-0.28,无信号,否
002427.SZ,尤夫股份,4.98,2.68%,阳线||布林带下轨,观望,10.38,11.04,11.81,13.36,13.91,11.81,9.7,下轨下方,-0.84,-0.63,-0.41,无信号,否
002428.SZ,云南锗业,87.1,3.94%,阳线,观望,464.36,483.88,438.75,315.97,546.64,438.75,330.86,布林带内,41.12,47.42,-12.61,无信号,否
002429.SZ,兆驰股份,12.39,1.47%,阳线,观望,111.2,113.44,108.64,96.0,122.13,108.64,95.14,布林带内,4.53,5.07,-1.07,无信号,否
002430.SZ,杭氧股份,27.37,0.18%,价升||布林带下轨,观望,64.28,66.71,68.96,68.42,76.36,68.96,61.56,下轨下方,-1.28,-0.15,-2.26,无信号,否
002431.SZ,ST棕榈,1.68,5.00%,阳线,观望,17.87,18.23,20.76,25.58,27.12,20.76,14.41,布林带内,-2.43,-2.27,-0.31,无信号,否
002432.SZ,九安医疗,79.87,10.00%,阳线,观望,232.31,235.42,240.87,218.3,267.7,240.87,214.04,布林带内,-0.04,1.72,-3.54,无信号,否
002436.SZ,兴森科技,35.42,6.40%,价升||MACD金叉||多头排列||布林带上轨||MA5上穿MA10,MACD金叉;多头排列,418.22,411.64,385.38,321.92,451.02,385.38,319.74,上轨上方,29.76,27.55,4.42,金叉,是
002437.SZ,誉衡药业,3.11,1.63%,阳线,观望,51.36,52.41,55.41,56.3,62.74,55.41,48.09,布林带内,-2.06,-1.39,-1.34,无信号,否
002439.SZ,启明星辰,15.3,1.53%,价升,观望,131.8,134.31,133.01,123.4,142.47,133.01,123.55,布林带内,2.03,3.56,-3.06,无信号,否
002440.SZ,闰土股份,9.59,2.35%,阳线||布林带下轨,观望,51.01,53.11,56.32,61.58,65.01,56.32,47.64,下轨下方,-3.07,-2.22,-1.69,无信号,否
002441.SZ,众业达,10.19,1.39%,价升||布林带下轨,观望,52.13,52.87,52.45,53.66,56.97,52.45,47.94,下轨下方,-0.39,0.06,-0.91,死叉,否
002442.SZ,龙星科技,8.11,10.04%,阳线||多头排列||布林带上轨||MA5上穿MA10,多头排列,17.91,17.12,16.79,16.6,19.18,16.79,14.39,上轨上方,0.6,0.23,0.74,无信号,是
002445.SZ,中南文化,3.68,4.25%,阳线,观望,27.17,27.95,27.36,26.16,30.16,27.36,24.56,布林带内,0.29,0.54,-0.49,无信号,否
002446.SZ,盛路通信,10.42,3.27%,阳线,观望,51.91,52.81,51.81,51.18,55.94,51.81,47.67,布林带内,0.33,0.53,-0.4,无信号,否
002448.SZ,中原内配,14.13,1.65%,阳线,观望,78.3,81.52,83.8,83.72,92.73,83.8,74.87,布林带内,-1.46,-0.36,-2.19,无信号,否
002449.SZ,国星光电,8.92,5.81%,阳线||MA5上穿MA10,观望,26.33,26.27,26.05,26.34,26.9,26.05,25.2,布林带内,0.08,0.05,0.05,无信号,否
002451.SZ,摩恩电气,9.0,2.04%,阳线||布林带下轨,观望,28.8,29.79,29.77,30.87,31.96,29.77,27.58,下轨下方,-0.45,-0.17,-0.57,无信号,否
002452.SZ,长高电新,11.54,2.30%,阳线||多头排列||MA5上穿MA10,多头排列,63.99,62.98,62.28,61.61,65.26,62.28,59.3,布林带内,0.83,0.7,0.26,无信号,是
002453.SZ,华软科技,6.26,10.02%,阳线,观望,24.97,25.76,24.17,23.66,29.18,24.17,19.15,布林带内,0.81,0.84,-0.04,无信号,否
002454.SZ,松芝股份,6.73,0.90%,阳线,观望,,,,,,,,,,,,,
002455.SZ,百川股份,9.71,1.04%,阳线,观望,58.02,59.2,61.68,72.17,67.6,61.68,55.76,布林带内,-3.67,-3.73,0.11,无信号,否
002456.SZ,欧菲光,8.89,2.89%,阳线,观望,180.46,181.84,182.82,187.53,190.82,182.82,174.82,布林带内,-1.94,-1.7,-0.48,无信号,否
002457.SZ,青龙管业,13.4,0.98%,阳线||MA5上穿MA10,观望,34.44,33.27,32.17,32.4,35.35,32.17,28.99,布林带内,0.86,0.54,0.63,无信号,否
002459.SZ,晶澳科技,9.83,1.65%,阳线||布林带下轨,观望,25.25,27.9,29.1,31.45,36.93,29.1,21.27,下轨下方,-2.0,-0.81,-2.37,无信号,否
002460.SZ,赣锋锂业,75.9,0.76%,阳线||布林带下轨,观望,950.94,1012.07,1063.66,1007.47,1261.29,1063.66,866.03,下轨下方,-36.06,-0.01,-72.1,无信号,否
002462.SZ,嘉事堂,13.69,2.32%,阳线||布林带下轨,观望,24.46,24.94,25.27,26.39,26.92,25.27,23.62,下轨下方,-0.58,-0.38,-0.4,无信号,否
002463.SZ,沪电股份,114.07,10.00%,阳线,观望,,,,,,,,,,,,,
002465.SZ,海格通信,16.41,1.48%,价升,观望,,,,,,,,,,,,,
002466.SZ,天齐锂业,66.52,1.12%,阳线||布林带下轨,观望,555.26,595.31,623.1,534.51,741.37,623.1,504.84,下轨下方,-4.87,19.4,-48.55,无信号,否
002469.SZ,三维化学,6.71,1.51%,价升,观望,,,,,,,,,,,,,
002470.SZ,金正大,2.48,0.81%,阳线||布林带下轨,观望,11.69,12.44,12.84,13.23,14.48,12.84,11.21,下轨下方,-0.45,-0.2,-0.51,无信号,否
002474.SZ,榕基软件,7.96,0.25%,价升||MA5上穿MA10,观望,50.86,50.7,48.53,49.28,54.1,48.53,42.96,布林带内,0.79,0.58,0.43,无信号,否
002475.SZ,立讯精密,72.4,6.67%,阳线||布林带下轨,观望,2172.54,2358.3,2322.97,1926.31,2808.45,2322.97,1837.49,下轨下方,30.61,125.37,-189.51,无信号,否
002476.SZ,宝莫股份,5.62,1.26%,阳线,观望,30.04,30.59,30.82,31.86,32.27,30.82,29.37,布林带内,-0.41,-0.27,-0.29,无信号,否
002478.SZ,常宝股份,7.8,1.83%,阳线,观望,19.96,20.64,22.18,25.61,26.4,22.18,17.96,布林带内,-1.57,-1.35,-0.43,无信号,否
002479.SZ,富春环保,5.27,2.53%,阳线,观望,,,,,,,,,,,,,
002480.SZ,新筑股份,6.23,1.63%,阳线,观望,25.73,26.15,26.53,26.17,28.07,26.53,24.98,布林带内,-0.1,0.09,-0.37,无信号,否
002481.SZ,双塔食品,4.13,0.98%,阳线||布林带下轨,观望,80.31,82.69,84.97,88.19,91.71,84.97,78.24,下轨下方,-2.2,-1.31,-1.77,无信号,否
002482.SZ,广田集团,1.56,0.65%,阳线||布林带下轨,观望,15.37,15.89,16.29,16.71,17.94,16.29,14.64,下轨下方,-0.44,-0.18,-0.52,无信号,否
002483.SZ,润邦股份,6.04,2.03%,阳线||布林带下轨,观望,19.98,20.61,21.37,23.14,23.53,21.37,19.21,下轨下方,-0.85,-0.65,-0.4,无信号,否
002484.SZ,江海股份,60.5,8.99%,阳线||多头排列||布林带上轨||MA5上穿MA10,多头排列,256.51,232.01,202.1,160.74,277.47,202.1,126.74,上轨上方,28.73,21.83,13.8,无信号,是
002486.SZ,嘉麟杰,2.64,1.15%,阳线||布林带下轨,观望,11.37,11.62,11.85,12.27,12.63,11.85,11.07,下轨下方,-0.25,-0.15,-0.19,无信号,否
002490.SZ,山东墨龙,8.36,0.97%,阳线,观望,17.87,18.66,19.46,20.37,22.06,19.46,16.86,布林带内,-0.58,-0.28,-0.61,无信号,否
002491.SZ,通鼎互联,22.8,4.88%,阳线,观望,93.07,94.88,81.77,60.23,110.89,81.77,52.64,布林带内,9.54,9.63,-0.17,死叉,否
002492.SZ,恒基达鑫,7.06,1.29%,价升||布林带下轨,观望,23.64,24.54,25.44,25.98,27.97,25.44,22.91,下轨下方,-0.66,-0.29,-0.74,无信号,否
002494.SZ,华斯股份,5.9,2.61%,阳线,观望,16.18,16.43,16.19,15.27,17.61,16.19,14.77,布林带内,0.3,0.43,-0.26,无信号,否
002495.SZ,佳隆股份,2.55,3.24%,阳线,观望,24.96,25.28,25.39,25.57,26.83,25.39,23.95,布林带内,-0.13,0.01,-0.28,无信号,否
002496.SZ,*ST辉丰,2.63,5.20%,阳线||多头排列||布林带上轨||MA5上穿MA10,多头排列,31.29,30.19,28.15,24.88,33.85,28.15,22.46,上轨上方,2.2,1.55,1.29,无信号,是
002497.SZ,雅化集团,24.21,2.11%,阳线,观望,155.48,165.21,174.61,161.58,202.61,174.61,146.61,布林带内,-2.74,1.37,-8.2,无信号,否
002498.SZ,汉缆股份,8.91,1.71%,阳线,观望,69.66,71.78,69.01,66.02,77.91,69.01,60.11,布林带内,1.49,1.99,-1.0,无信号,否
002501.SZ,*ST利源,1.46,5.04%,阳线,观望,12.39,12.68,13.28,15.52,15.71,13.28,10.85,布林带内,-0.92,-0.87,-0.1,死叉,否
002506.SZ,协鑫集成,3.83,1.86%,阳线||布林带下轨,观望,20.88,22.14,22.43,24.77,25.15,22.43,19.71,下轨下方,-0.87,-0.58,-0.57,无信号,否
002511.SZ,中顺洁柔,7.45,0.81%,阳线,观望,,,,,,,,,,,,,
002513.SZ,蓝丰生化,6.42,4.22%,阳线,观望,19.52,19.82,19.61,20.04,20.74,19.61,18.49,布林带内,0.01,0.07,-0.14,无信号,否
002515.SZ,金字火腿,6.93,1.17%,阳线||多头排列||MA5上穿MA10,多头排列,79.79,79.37,76.52,69.09,87.1,76.52,65.94,布林带内,2.79,3.32,-1.05,无信号,是
002516.SZ,旷达科技,6.05,1.17%,阳线,观望,,,,,,,,,,,,,
002518.SZ,科士达,62.4,2.73%,阳线||多头排列||MA5上穿MA10,多头排列,325.49,300.74,273.91,263.85,343.38,273.91,204.44,布林带内,20.21,12.57,15.29,无信号,是
002520.SZ,日发精机,6.53,1.40%,阳线,观望,57.1,57.6,54.18,53.47,62.9,54.18,45.46,布林带内,1.72,1.58,0.27,无信号,否
002522.SZ,浙江众成,6.81,4.13%,阳线,观望,58.82,61.58,59.09,55.41,67.17,59.09,51.01,布林带内,1.16,1.84,-1.37,无信号,否
002523.SZ,天桥起重,3.66,2.81%,阳线,观望,26.95,27.49,28.04,29.87,29.82,28.04,26.26,布林带内,-0.76,-0.63,-0.26,无信号,否
002524.SZ,光正眼科,4.12,1.73%,阳线,观望,19.16,19.6,19.66,20.17,21.0,19.66,18.31,布林带内,-0.19,-0.07,-0.23,无信号,否
002529.SZ,*ST海源,8.68,2.12%,阳线,观望,11.15,11.23,10.59,9.67,12.01,10.59,9.17,布林带内,0.48,0.46,0.04,无信号,否
002530.SZ,金财互联,8.45,1.44%,阳线,观望,,,,,,,,,,,,,
002531.SZ,天顺风能,11.63,3.56%,阳线||MA5上穿MA10,观望,90.71,90.44,91.47,88.11,98.07,91.47,84.86,布林带内,0.22,0.57,-0.7,无信号,否
002532.SZ,天山铝业,15.82,2.73%,阳线,观望,,,,,,,,,,,,,
002533.SZ,金杯电工,13.28,0.61%,阳线,观望,,,,,,,,,,,,,
002534.SZ,西子洁能,18.53,1.20%,价升||MA5上穿MA10,观望,37.37,36.9,37.08,37.28,38.85,37.08,35.31,布林带内,0.11,0.02,0.19,无信号,否
002535.SZ,林州重机,3.14,2.95%,阳线||布林带下轨,观望,11.44,11.88,12.28,12.91,13.44,12.28,11.12,下轨下方,-0.4,-0.26,-0.28,无信号,否
002536.SZ,飞龙股份,46.68,4.71%,阳线,观望,204.42,209.06,195.0,171.13,238.14,195.0,151.85,布林带内,8.64,12.02,-6.75,死叉,否
002538.SZ,ST司特,6.49,0.31%,价升||布林带下轨,观望,32.57,33.58,35.06,36.08,39.22,35.06,30.9,下轨下方,-1.05,-0.47,-1.14,无信号,否
002539.SZ,云图控股,12.9,0.23%,价升||布林带下轨,观望,76.86,80.07,83.16,84.62,92.09,83.16,74.23,下轨下方,-2.22,-0.95,-2.55,无信号,否
002540.SZ,亚太科技,5.6,0.90%,阳线||布林带下轨,观望,49.98,51.77,53.6,58.23,60.7,53.6,46.49,下轨下方,-2.6,-1.71,-1.79,无信号,否
002541.SZ,鸿路钢构,17.85,0.62%,阳线||布林带下轨,观望,73.96,78.36,81.9,89.39,96.25,81.9,67.55,下轨下方,-4.66,-2.75,-3.81,无信号,否
002543.SZ,万和电气,7.86,0.51%,价升||布林带下轨,观望,41.85,44.11,45.62,48.07,54.56,45.62,36.68,下轨下方,-2.2,-0.95,-2.51,无信号,否
002544.SZ,普天科技,23.98,2.04%,阳线,观望,153.94,159.99,161.14,167.36,175.53,161.14,146.76,布林带内,-3.33,-1.75,-3.17,无信号,否
002545.SZ,东方铁塔,23.16,1.22%,阳线||MACD金叉||多头排列||布林带上轨||MA5上穿MA10,MACD金叉;多头排列,167.6,145.17,131.59,123.61,243.9,131.59,19.29,上轨上方,20.66,5.24,30.82,金叉,是
002546.SZ,新联电子,7.91,1.41%,阳线,观望,,,,,,,,,,,,,
002547.SZ,*ST春兴,3.35,3.72%,阳线||MA5上穿MA10,观望,20.52,20.25,19.72,20.82,22.08,19.72,17.37,布林带内,0.07,-0.14,0.41,无信号,否
002548.SZ,金新农,4.37,0.69%,价升||布林带下轨,观望,21.46,22.96,24.0,27.03,28.36,24.0,19.63,下轨下方,-1.49,-0.92,-1.13,无信号,否
002549.SZ,凯美特气,18.03,0.17%,阳线,观望,149.43,152.27,155.7,156.27,167.83,155.7,143.58,布林带内,-1.91,-0.5,-2.82,无信号,否
002550.SZ,千红制药,6.59,1.85%,阳线||布林带下轨,观望,63.4,65.66,67.52,70.85,73.8,67.52,61.25,下轨下方,-2.49,-1.68,-1.61,无信号,否
002551.SZ,尚荣医疗,3.31,1.22%,阳线||布林带下轨,观望,29.44,30.18,30.45,31.29,32.55,30.45,28.34,下轨下方,-0.52,-0.22,-0.59,无信号,否
002552.SZ,宝鼎科技,39.82,10.00%,阳线||多头排列||MA5上穿MA10,多头排列,115.12,107.88,89.06,68.06,130.68,89.06,47.45,布林带内,14.67,11.75,5.85,无信号,是
002554.SZ,惠博普,3.25,0.93%,价升||布林带下轨,观望,24.43,24.91,25.04,27.35,26.37,25.04,23.71,下轨下方,-0.63,-0.52,-0.22,无信号,否
002556.SZ,辉隆股份,5.43,0.56%,阳线||布林带下轨,观望,34.3,35.59,37.5,39.08,43.05,37.5,31.95,下轨下方,-1.56,-0.84,-1.44,无信号,否
002558.SZ,巨人网络,27.47,0.18%,价升,观望,116.57,124.53,130.18,138.4,147.71,130.18,112.65,布林带内,-5.9,-3.87,-4.07,无信号,否
002559.SZ,亚威股份,11.0,2.61%,阳线,观望,,,,,,,,,,,,,
002560.SZ,通达股份,9.49,3.38%,阳线,观望,,,,,,,,,,,,,
002561.SZ,徐家汇,7.37,0.55%,价升||布林带下轨,观望,11.18,11.56,11.89,12.24,13.21,11.89,10.57,下轨下方,-0.36,-0.17,-0.4,无信号,否
002562.SZ,兄弟科技,5.53,2.03%,阳线||布林带下轨,观望,38.55,39.46,39.83,42.71,42.27,39.83,37.39,下轨下方,-0.92,-0.67,-0.5,无信号,否
002564.SZ,天沃科技,5.78,2.48%,阳线,观望,19.02,19.49,19.97,20.98,21.41,19.97,18.53,布林带内,-0.46,-0.33,-0.26,无信号,否
002565.SZ,顺灏股份,16.6,1.65%,阳线||布林带下轨,观望,125.54,140.24,146.77,133.07,180.61,146.77,112.93,下轨下方,-4.82,1.57,-12.77,无信号,否
002566.SZ,益盛药业,7.82,2.49%,阳线||布林带下轨,观望,25.43,25.93,26.05,26.17,27.87,26.05,24.24,下轨下方,-0.21,0.02,-0.47,无信号,否
002569.SZ,*ST步森,16.14,3.07%,阳线,观望,24.88,25.34,23.36,22.2,27.9,23.36,18.81,布林带内,0.99,0.92,0.13,无信号,否
002570.SZ,贝因美,4.82,0.63%,价升||布林带下轨,观望,13.65,14.11,14.12,15.02,15.08,14.12,13.17,下轨下方,-0.3,-0.19,-0.23,无信号,否
002571.SZ,德力股份,11.85,1.20%,阳线||MA5上穿MA10,观望,47.73,47.66,46.97,48.06,49.53,46.97,44.42,布林带内,0.03,-0.07,0.21,无信号,否
002573.SZ,清新环境,3.41,1.49%,阳线||布林带下轨,观望,32.03,33.27,34.09,35.66,38.26,34.09,29.92,下轨下方,-1.1,-0.5,-1.21,无信号,否
002574.SZ,明牌珠宝,5.33,1.33%,阳线||布林带下轨,观望,13.16,13.51,13.57,13.98,14.54,13.57,12.61,下轨下方,-0.21,-0.08,-0.25,无信号,否
002575.SZ,群兴玩具,6.35,2.75%,阳线,观望,29.67,31.08,30.52,33.47,34.51,30.52,26.52,布林带内,-0.77,-0.57,-0.4,无信号,否
002576.SZ,通达动力,19.65,3.91%,阳线||多头排列||MA5上穿MA10,多头排列,25.95,25.79,25.53,25.37,26.42,25.53,24.64,布林带内,0.21,0.16,0.1,无信号,是
002577.SZ,雷柏科技,18.94,0.48%,阳线||多头排列||MA5上穿MA10,多头排列,43.82,42.85,40.52,38.38,46.41,40.52,34.62,布林带内,1.86,1.52,0.68,无信号,是
002578.SZ,闽发铝业,4.03,3.87%,阳线,观望,20.73,21.0,21.14,21.57,22.59,21.14,19.69,布林带内,-0.16,-0.07,-0.17,无信号,否
002579.SZ,中京电子,13.46,5.40%,阳线||布林带下轨,观望,57.46,59.08,58.46,56.7,63.97,58.46,52.95,下轨下方,-0.1,0.65,-1.51,无信号,否
002582.SZ,好想你,10.93,0.18%,价升||布林带下轨,观望,57.41,60.25,62.48,60.74,71.6,62.48,53.36,下轨下方,-1.72,-0.05,-3.34,无信号,否
002583.SZ,海能达,8.95,0.67%,价升,观望,51.32,53.35,55.46,58.21,61.33,55.46,49.59,布林带内,-2.03,-1.39,-1.29,无信号,否
002584.SZ,西陇科学,8.3,2.60%,阳线||MA5上穿MA10,观望,21.76,21.55,21.22,21.33,22.24,21.22,20.19,布林带内,0.26,0.16,0.2,无信号,否
002585.SZ,双星新材,8.98,10.05%,阳线,观望,33.31,33.53,32.4,30.42,35.22,32.4,29.57,布林带内,0.86,1.01,-0.3,无信号,否
002587.SZ,奥拓电子,7.0,3.40%,阳线,观望,50.73,51.63,50.65,50.18,54.82,50.65,46.49,布林带内,0.38,0.59,-0.41,无信号,否
002588.SZ,史丹利,9.47,0.42%,价升||布林带下轨,观望,94.2,97.58,103.38,104.35,117.48,103.38,89.27,下轨下方,-3.29,-1.69,-3.2,无信号,否
002589.SZ,瑞康医药,2.93,0.34%,价升||MACD金叉||多头排列||布林带上轨||MA5上穿MA10,MACD金叉;多头排列,35.08,33.16,32.68,32.47,43.31,32.68,22.04,上轨上方,1.24,-0.14,2.75,金叉,是
002591.SZ,恒大高新,8.64,2.01%,阳线,观望,30.27,30.51,28.46,25.96,33.89,28.46,23.02,布林带内,1.46,1.5,-0.08,死叉,否
002592.SZ,ST八菱,7.43,1.50%,阳线,观望,,,,,,,,,,,,,
002593.SZ,日上集团,5.0,1.21%,阳线,观望,,,,,,,,,,,,,
002594.SZ,比亚迪,93.75,0.26%,阳线||布林带下轨,观望,253.04,279.25,296.53,305.8,393.16,296.53,199.89,下轨下方,-21.53,-6.69,-29.68,无信号,否
002595.SZ,豪迈科技,56.4,0.57%,阳线,观望,,,,,,,,,,,,,
002596.SZ,海南瑞泽,3.84,2.13%,阳线,观望,19.15,19.3,18.64,19.08,20.52,18.64,16.77,布林带内,0.2,0.16,0.09,无信号,否
002598.SZ,ST章鼓,7.77,0.91%,阳线||布林带下轨,观望,19.19,19.68,19.84,21.46,21.11,19.84,18.57,下轨下方,-0.54,-0.41,-0.25,死叉,否
002600.SZ,领益智造,16.31,5.09%,阳线,观望,,,,,,,,,,,,,
002602.SZ,世纪华通,14.41,0.07%,价升||布林带下轨,观望,123.2,130.84,141.77,152.33,178.64,141.77,104.9,下轨下方,-10.54,-5.68,-9.72,无信号,否
002606.SZ,大连电瓷,16.45,10.03%,阳线,观望,64.89,66.21,63.02,55.14,72.59,63.02,53.45,布林带内,3.39,3.67,-0.56,无信号,否
002609.SZ,捷顺科技,8.39,1.57%,阳线,观望,46.38,46.93,46.79,47.8,48.91,46.79,44.67,布林带内,-0.26,-0.11,-0.3,无信号,否
002611.SZ,东方精工,19.17,2.57%,阳线,观望,,,,,,,,,,,,,
002613.SZ,北玻股份,4.17,2.96%,阳线,观望,15.17,15.35,15.2,14.88,16.34,15.2,14.05,布林带内,0.14,0.19,-0.11,无信号,否
002614.SZ,奥佳华,5.36,0.94%,阳线||布林带下轨,观望,32.36,33.6,34.88,37.33,39.87,34.88,29.88,下轨下方,-1.62,-0.99,-1.26,无信号,否
002615.SZ,哈尔斯,8.37,3.59%,阳线,观望,44.18,45.44,44.38,44.53,47.96,44.38,40.81,布林带内,0.1,0.39,-0.58,无信号,否
002616.SZ,长青集团,5.57,1.09%,价升,观望,,,,,,,,,,,,,
002617.SZ,露笑科技,9.15,2.92%,价升||多头排列||MA5上穿MA10,多头排列,71.41,70.07,65.37,63.59,76.45,65.37,54.29,布林带内,3.05,2.33,1.45,无信号,是
002622.SZ,皓宸医疗,2.66,2.70%,阳线,观望,16.33,16.62,16.48,16.61,17.86,16.48,15.09,布林带内,-0.01,0.11,-0.24,无信号,否
002623.SZ,亚玛顿,21.39,4.34%,阳线,观望,22.97,24.21,23.76,24.9,26.11,23.76,21.41,布林带内,-0.37,-0.17,-0.39,无信号,否
002624.SZ,完美世界,14.52,1.68%,阳线||布林带下轨,观望,48.94,53.82,57.06,64.21,72.25,57.06,41.87,下轨下方,-5.04,-3.08,-3.93,无信号,否
002625.SZ,光启技术,38.23,0.39%,阳线,观望,257.7,265.36,264.37,271.78,280.86,264.37,247.88,布林带内,-2.19,-0.58,-3.21,无信号,否
002628.SZ,成都路桥,5.64,5.22%,阳线,观望,21.44,22.2,21.85,20.62,23.57,21.85,20.13,布林带内,0.28,0.5,-0.43,无信号,否
002631.SZ,德尔未来,7.62,0.26%,阳线,观望,32.98,34.33,33.61,30.66,37.83,33.61,29.39,布林带内,0.6,1.09,-0.99,无信号,否
002632.SZ,道明光学,10.59,2.72%,阳线,观望,,,,,,,,,,,,,
002633.SZ,申科股份,19.22,0.68%,价升,观望,29.88,30.01,29.77,28.48,31.22,29.77,28.33,布林带内,0.39,0.56,-0.33,无信号,否
002634.SZ,*ST棒杰,4.49,4.91%,阳线,观望,31.5,33.4,34.86,45.74,39.96,34.86,29.76,布林带内,-4.13,-4.11,-0.05,无信号,否
002635.SZ,安洁科技,18.9,8.50%,阳线,观望,,,,,,,,,,,,,
002636.SZ,金安国纪,46.27,8.41%,阳线,观望,116.38,118.55,119.06,95.1,129.76,119.06,108.37,布林带内,4.76,6.6,-3.67,无信号,否
002638.SZ,勤上股份,4.34,2.12%,阳线,观望,22.14,22.82,22.98,21.21,24.7,22.98,21.26,布林带内,0.03,0.35,-0.64,无信号,否
002639.SZ,雪人集团,15.77,2.01%,阳线,观望,49.06,51.57,53.23,57.6,58.97,53.23,47.49,布林带内,-2.3,-1.67,-1.26,无信号,否
002640.SZ,跨境通,3.86,0.78%,阳线,观望,50.4,53.0,49.26,47.21,60.04,49.26,38.48,布林带内,1.35,1.85,-1.0,无信号,否
002641.SZ,公元股份,4.16,0.73%,阳线||布林带下轨,观望,27.23,27.72,27.83,28.04,29.48,27.83,26.17,下轨下方,-0.25,0.0,-0.51,无信号,否
002643.SZ,万润股份,17.31,2.85%,阳线||多头排列||MA5上穿MA10,多头排列,99.0,98.76,96.93,94.52,102.42,96.93,91.43,布林带内,1.25,1.44,-0.39,死叉,是
002644.SZ,佛慈制药,7.63,1.19%,阳线||布林带下轨,观望,44.13,45.27,46.32,48.75,49.56,46.32,43.07,下轨下方,-1.37,-1.0,-0.74,无信号,否
002645.SZ,华宏科技,29.06,2.22%,阳线,观望,143.78,148.29,138.03,110.22,168.86,138.03,107.19,布林带内,8.35,10.92,-5.14,无信号,否
002647.SZ,仁东控股,11.94,2.67%,阳线||布林带下轨,观望,44.49,46.53,47.19,40.16,52.86,47.19,41.52,下轨下方,0.94,2.13,-2.38,无信号,否
002650.SZ,ST加加,7.83,1.42%,阳线,观望,59.92,61.49,59.93,55.3,65.26,59.93,54.6,布林带内,1.3,1.57,-0.54,无信号,否
002652.SZ,扬子新材,6.38,7.23%,阳线,观望,31.28,31.29,29.76,25.9,35.41,29.76,24.11,布林带内,1.69,1.82,-0.25,无信号,否
002655.SZ,共达电声,35.1,2.06%,价升,观望,103.33,106.65,98.34,70.14,126.15,98.34,70.53,布林带内,9.69,11.09,-2.8,无信号,否
002656.SZ,*ST摩登,3.48,4.50%,阳线||多头排列||MA5上穿MA10,多头排列,18.57,18.5,17.9,16.92,19.31,17.9,16.49,布林带内,0.47,0.45,0.04,无信号,是
002657.SZ,中科金财,19.52,0.57%,价升,观望,72.79,74.85,75.99,82.84,81.62,75.99,70.37,布林带内,-2.43,-2.07,-0.73,无信号,否
002660.SZ,茂硕电源,8.67,2.97%,阳线||布林带下轨,观望,23.79,24.1,24.09,24.3,25.12,24.09,23.07,下轨下方,-0.1,0.04,-0.27,无信号,否
002661.SZ,克明食品,8.18,0.25%,价升||布林带下轨,观望,32.67,33.73,34.66,35.84,38.5,34.66,30.83,下轨下方,-1.07,-0.51,-1.13,无信号,否
002662.SZ,峰璟股份,3.73,1.91%,阳线||布林带下轨,观望,19.21,19.41,20.12,20.43,22.07,20.12,18.17,下轨下方,-0.5,-0.31,-0.39,无信号,否
002663.SZ,普邦股份,2.14,5.42%,阳线,观望,18.24,19.05,18.85,19.03,21.03,18.85,16.66,布林带内,-0.2,0.03,-0.47,无信号,否
002664.SZ,信质集团,22.73,0.18%,价升,观望,,,,,,,,,,,,,
002666.SZ,德联集团,4.89,2.73%,阳线||布林带下轨,观望,23.2,23.74,24.14,25.62,25.88,24.14,22.4,下轨下方,-0.69,-0.48,-0.42,无信号,否
002667.SZ,*ST威领,19.29,5.01%,阳线,观望,67.82,76.78,91.71,90.78,126.48,91.71,56.94,布林带内,-7.88,-3.79,-8.18,无信号,否
002669.SZ,康达新材,14.69,4.93%,阳线,观望,29.82,30.04,29.83,29.22,31.05,29.83,28.61,布林带内,0.3,0.3,-0.01,无信号,否
002671.SZ,龙泉股份,4.62,2.90%,阳线||布林带下轨,观望,19.44,19.83,20.07,21.72,21.12,20.07,19.01,下轨下方,-0.48,-0.41,-0.15,无信号,否
002672.SZ,东江环保,3.86,1.31%,阳线||布林带下轨,观望,27.46,28.7,29.74,31.76,33.58,29.74,25.9,下轨下方,-1.23,-0.69,-1.08,无信号,否
002676.SZ,顺威股份,5.85,0.86%,阳线,观望,27.53,29.48,31.26,32.03,37.28,31.26,25.23,布林带内,-1.29,-0.62,-1.34,无信号,否
002677.SZ,浙江美大,7.52,0.27%,价升||布林带下轨,观望,38.77,40.8,41.23,42.56,48.04,41.23,34.42,下轨下方,-1.27,-0.27,-2.01,无信号,否
002678.SZ,珠江钢琴,6.18,1.98%,阳线,观望,17.2,17.22,16.99,16.29,17.98,16.99,16.0,布林带内,0.24,0.3,-0.11,无信号,否
002681.SZ,奋达科技,5.84,7.55%,阳线||布林带上轨||MA5上穿MA10,观望,58.19,57.66,56.18,57.88,60.56,56.18,51.8,上轨上方,0.73,0.21,1.04,无信号,否
002682.SZ,龙洲股份,5.58,3.14%,阳线,观望,13.63,13.96,13.95,14.52,14.93,13.95,12.96,布林带内,-0.16,-0.11,-0.11,无信号,否
002683.SZ,广东宏大,36.26,0.72%,阳线,观望,,,,,,,,,,,,,
002685.SZ,华东重机,9.09,1.11%,价升,观望,25.43,25.63,25.19,22.59,28.0,25.19,22.37,布林带内,0.75,0.89,-0.3,无信号,否
002686.SZ,亿利达,7.15,3.92%,阳线||布林带下轨,观望,34.84,36.25,36.4,34.95,39.22,36.4,33.58,下轨下方,-0.25,0.3,-1.09,无信号,否
002687.SZ,乔治白,4.74,3.95%,阳线||布林带下轨,观望,29.5,31.07,32.09,32.95,38.29,32.09,25.9,下轨下方,-1.33,-0.37,-1.91,无信号,否
002689.SZ,ST远智,3.3,1.54%,阳线,观望,12.55,12.8,13.24,13.85,14.33,13.24,12.15,布林带内,-0.4,-0.31,-0.17,无信号,否
002690.SZ,美亚光电,16.02,1.20%,阳线,观望,,,,,,,,,,,,,
002692.SZ,远程股份,5.2,2.97%,阳线,观望,22.04,22.66,23.86,24.48,27.56,23.86,20.16,布林带内,-0.95,-0.66,-0.58,无信号,否
002694.SZ,*ST顾地,2.56,2.40%,阳线||布林带下轨,观望,11.32,11.73,12.23,12.94,13.71,12.23,10.74,下轨下方,-0.48,-0.32,-0.32,无信号,否
002695.SZ,煌上煌,12.06,1.94%,阳线,观望,52.5,54.15,53.45,49.02,58.53,53.45,48.37,布林带内,0.82,1.57,-1.5,无信号,否
002696.SZ,百洋股份,6.43,3.04%,阳线||布林带下轨,观望,23.92,24.25,24.73,25.89,26.11,24.73,23.36,下轨下方,-0.52,-0.38,-0.28,无信号,否
002698.SZ,博实股份,14.23,0.92%,阳线||布林带下轨,观望,37.4,39.5,39.53,40.63,47.23,39.53,31.84,下轨下方,-1.1,-0.08,-2.04,无信号,否
002700.SZ,万憬能源,7.01,2.19%,阳线,观望,43.08,43.5,42.93,42.87,45.22,42.93,40.63,布林带内,0.19,0.36,-0.35,无信号,否
002702.SZ,海欣食品,5.61,1.45%,阳线||布林带下轨,观望,41.12,42.29,42.35,42.4,45.48,42.35,39.22,下轨下方,-0.27,0.18,-0.9,无信号,否
002703.SZ,浙江世宝,21.29,6.88%,阳线||MA5上穿MA10,观望,49.28,48.6,48.31,52.27,54.69,48.31,41.92,布林带内,-0.14,-0.88,1.48,无信号,否
002706.SZ,良信股份,12.86,1.82%,阳线,观望,,,,,,,,,,,,,
002708.SZ,光洋股份,15.98,4.58%,阳线||多头排列||MA5上穿MA10,多头排列,48.76,48.6,45.32,41.71,52.36,45.32,38.28,布林带内,2.19,1.95,0.48,无信号,是
002709.SZ,天赐材料,58.08,0.64%,阳线,观望,,,,,,,,,,,,,
002712.SZ,思美传媒,5.33,0.57%,阳线,观望,29.12,29.52,29.46,28.92,31.55,29.46,27.37,布林带内,0.05,0.29,-0.46,无信号,否
002713.SZ,*ST东易,13.99,3.25%,阳线||布林带下轨,观望,59.62,61.58,62.78,59.87,78.5,62.78,47.06,下轨下方,-1.87,0.21,-4.14,死叉,否
002715.SZ,登云股份,17.19,3.55%,阳线||布林带下轨,观望,24.23,25.34,25.28,24.22,29.84,25.28,20.73,下轨下方,-0.15,0.54,-1.38,无信号,否
002716.SZ,湖南白银,10.17,2.94%,阳线,观望,39.26,42.41,43.77,47.83,50.39,43.77,37.14,布林带内,-1.92,-1.19,-1.46,无信号,否
002718.SZ,友邦吊顶,80.33,2.18%,阳线||布林带下轨,观望,183.48,187.86,181.86,170.71,212.04,181.86,151.67,下轨下方,1.29,4.42,-6.26,死叉,否
002719.SZ,ST麦趣,7.5,0.67%,阳线,观望,12.8,13.0,13.11,14.36,14.11,13.11,12.1,布林带内,-0.39,-0.37,-0.04,死叉,否
002721.SZ,金一文化,2.87,2.14%,阳线,观望,9.18,9.33,9.38,9.58,10.03,9.38,8.73,布林带内,-0.1,-0.03,-0.15,无信号,否
002722.SZ,物产金轮,14.89,1.64%,阳线||布林带下轨,观望,16.44,16.79,16.96,16.74,18.0,16.96,15.91,下轨下方,-0.11,0.08,-0.38,无信号,否
002723.SZ,小崧股份,9.15,3.62%,阳线||布林带下轨,观望,24.87,25.88,27.76,27.72,33.31,27.76,22.21,下轨下方,-1.19,-0.4,-1.58,无信号,否
002724.SZ,海洋王,5.71,2.70%,阳线||布林带下轨,观望,11.73,12.07,12.93,14.23,15.15,12.93,10.71,下轨下方,-0.76,-0.6,-0.33,无信号,否
002725.SZ,跃岭股份,16.54,9.97%,阳线,观望,43.73,44.75,44.66,43.43,47.61,44.66,41.7,布林带内,0.1,0.51,-0.83,无信号,否
002728.SZ,特一药业,9.02,0.56%,阳线||布林带下轨,观望,40.71,44.64,47.07,51.37,60.78,47.07,33.35,下轨下方,-3.76,-1.79,-3.94,无信号,否
002729.SZ,好利科技,20.85,3.17%,阳线||布林带下轨,观望,51.23,53.75,53.18,54.13,69.72,53.18,36.65,下轨下方,-1.96,0.03,-3.99,死叉,否
002732.SZ,燕塘乳业,15.24,0.59%,阳线||布林带下轨,观望,17.66,18.04,18.41,19.06,19.75,18.41,17.07,下轨下方,-0.42,-0.23,-0.37,无信号,否
002733.SZ,雄韬股份,27.75,9.99%,阳线,观望,61.53,63.6,66.79,63.76,75.1,66.79,58.48,布林带内,-1.35,-0.4,-1.92,无信号,否
002735.SZ,王子新材,13.34,1.91%,阳线||布林带下轨,观望,40.43,45.6,48.02,52.19,64.72,48.02,31.33,下轨下方,-3.98,-1.45,-5.06,无信号,否
002737.SZ,葵花药业,12.9,0.55%,阳线||布林带下轨,观望,74.82,78.47,78.99,78.9,91.56,78.99,66.41,下轨下方,-1.6,0.31,-3.83,无信号,否
002738.SZ,中矿资源,68.02,4.02%,阳线,观望,,,,,,,,,,,,,
002741.SZ,光华科技,25.36,10.02%,阳线,观望,,,,,,,,,,,,,
002742.SZ,三圣股份,4.45,0.68%,阳线||布林带下轨,观望,22.72,23.7,24.02,23.25,26.23,24.02,21.81,下轨下方,-0.28,0.15,-0.85,无信号,否
002743.SZ,富煌钢构,5.17,3.40%,阳线||布林带下轨,观望,11.28,11.45,11.49,11.92,12.18,11.49,10.79,下轨下方,-0.18,-0.09,-0.16,无信号,否
002745.SZ,木林森,9.84,1.65%,阳线||布林带下轨,观望,22.64,22.93,22.61,21.5,24.53,22.61,20.69,下轨下方,0.3,0.52,-0.43,死叉,否
002747.SZ,埃斯顿,29.07,1.29%,阳线||多头排列||布林带上轨||MA5上穿MA10,多头排列,167.01,158.18,145.58,135.51,177.61,145.58,113.55,上轨上方,10.5,7.08,6.85,无信号,是
002748.SZ,世龙实业,11.98,2.92%,阳线,观望,25.42,25.96,26.44,26.16,28.14,26.44,24.75,布林带内,-0.2,0.05,-0.52,无信号,否
002749.SZ,国光股份,9.9,1.85%,阳线,观望,,,,,,,,,,,,,
002752.SZ,昇兴股份,7.13,1.57%,阳线,观望,,,,,,,,,,,,,
002753.SZ,永东股份,6.97,1.46%,阳线||布林带下轨,观望,26.31,26.91,27.68,28.84,29.92,27.68,25.45,下轨下方,-0.75,-0.46,-0.56,无信号,否
002756.SZ,永兴材料,67.9,0.07%,阳线||布林带下轨,观望,179.3,191.26,202.09,193.15,245.22,202.09,158.96,下轨下方,-7.26,0.19,-14.9,无信号,否
002757.SZ,南兴股份,28.73,7.93%,阳线||布林带下轨,观望,63.13,70.71,65.99,58.23,90.16,65.99,41.81,下轨下方,0.84,4.08,-6.48,无信号,否
002758.SZ,浙农股份,8.55,0.83%,阳线||布林带下轨,观望,37.86,38.88,40.21,43.29,44.76,40.21,35.67,下轨下方,-1.63,-1.15,-0.95,无信号,否
002759.SZ,天际股份,36.34,0.06%,价升,观望,92.13,93.55,92.83,91.76,103.62,92.83,82.03,布林带内,0.31,0.71,-0.79,无信号,否
002760.SZ,凤形股份,22.98,2.77%,阳线,观望,24.52,24.61,23.92,23.34,26.14,23.92,21.7,布林带内,0.38,0.5,-0.24,无信号,否
002762.SZ,*ST金比,9.25,4.99%,阳线,观望,49.06,50.11,48.67,43.14,52.85,48.67,44.5,布林带内,1.6,1.95,-0.7,无信号,否
002766.SZ,索菱股份,5.36,4.28%,阳线||布林带下轨,观望,17.93,18.73,18.97,20.24,22.91,18.97,15.02,下轨下方,-0.75,-0.3,-0.89,死叉,否
002767.SZ,先锋电子,19.5,2.25%,阳线,观望,29.79,30.54,31.12,32.64,33.24,31.12,29.0,布林带内,-0.78,-0.59,-0.38,无信号,否
002768.SZ,国恩股份,64.14,0.79%,阳线||多头排列||MA5上穿MA10,多头排列,196.53,192.99,180.06,165.18,208.59,180.06,151.53,布林带内,10.21,8.89,2.65,无信号,是
002771.SZ,真视通,13.91,2.13%,阳线||布林带下轨,观望,36.4,38.16,39.76,42.4,46.41,39.76,33.11,下轨下方,-2.27,-1.38,-1.77,无信号,否
002774.SZ,快意电梯,12.78,6.06%,阳线,观望,,,,,,,,,,,,,
002775.SZ,文科股份,4.14,1.22%,阳线||布林带下轨||MA5上穿MA10,观望,16.71,16.67,16.53,17.23,17.99,16.53,15.06,下轨下方,-0.08,-0.04,-0.09,死叉,否
002778.SZ,中晟高科,19.26,1.85%,阳线||布林带下轨,观望,26.02,27.27,28.13,29.32,32.44,28.13,23.83,下轨下方,-1.12,-0.48,-1.28,无信号,否
002779.SZ,中坚科技,76.4,3.55%,阳线||布林带下轨,观望,148.07,153.95,165.44,183.96,204.44,165.44,126.44,下轨下方,-12.37,-9.52,-5.7,无信号,否
002780.SZ,三夫户外,15.09,0.20%,价升||布林带下轨,观望,29.27,31.06,31.11,30.23,35.9,31.11,26.33,下轨下方,-0.43,0.38,-1.63,无信号,否
002782.SZ,可立克,28.87,2.38%,阳线,观望,,,,,,,,,,,,,
002783.SZ,凯龙股份,8.24,0.86%,阳线||布林带下轨,观望,37.33,38.58,40.04,42.25,44.42,40.04,35.66,下轨下方,-1.51,-1.01,-1.0,无信号,否
002787.SZ,华源控股,26.48,1.77%,价升||多头排列||MA5上穿MA10,多头排列,54.92,54.38,48.41,35.19,62.15,48.41,34.68,布林带内,5.83,5.73,0.2,无信号,是
002788.SZ,鹭燕医药,12.36,1.15%,价升||布林带下轨,观望,37.06,41.52,43.49,47.17,55.82,43.49,31.16,下轨下方,-3.63,-1.74,-3.78,无信号,否
002789.SZ,*ST建艺,13.23,1.93%,阳线,观望,23.21,23.94,23.29,21.12,25.45,23.29,21.14,布林带内,0.45,0.68,-0.45,无信号,否
002790.SZ,瑞尔特,6.88,1.47%,阳线||布林带下轨,观望,20.44,21.9,23.0,24.39,28.6,23.0,17.41,下轨下方,-1.44,-0.63,-1.61,无信号,否
002792.SZ,通宇通讯,47.31,1.55%,阳线||布林带下轨,观望,130.01,140.76,140.42,134.99,177.97,140.42,102.88,下轨下方,-3.95,1.71,-11.32,无信号,否
002798.SZ,帝欧水华,8.3,1.34%,阳线,观望,26.39,26.77,25.93,22.91,28.87,25.93,22.99,布林带内,0.94,1.22,-0.57,无信号,否
002799.SZ,环球印务,8.36,0.72%,价升||布林带下轨,观望,20.36,21.51,21.76,22.23,26.24,21.76,17.29,下轨下方,-0.69,-0.04,-1.3,无信号,否
002800.SZ,天顺股份,18.11,1.46%,阳线||布林带下轨,观望,32.93,34.26,34.73,39.17,42.67,34.73,26.78,下轨下方,-1.74,-0.92,-1.65,死叉,否
002801.SZ,微光股份,34.75,2.90%,阳线,观望,,,,,,,,,,,,,
002802.SZ,洪汇新材,14.04,4.85%,阳线||布林带下轨,观望,25.84,27.74,28.59,28.02,35.47,28.59,21.72,下轨下方,-1.12,0.02,-2.28,无信号,否
002803.SZ,吉宏股份,22.02,3.28%,阳线||布林带下轨,观望,63.01,66.92,64.96,58.81,80.28,64.96,49.65,下轨下方,0.65,2.89,-4.47,无信号,否
002805.SZ,丰元股份,23.36,2.10%,阳线||布林带下轨,观望,44.69,48.96,46.63,40.07,62.92,46.63,30.35,下轨下方,0.83,3.03,-4.39,无信号,否
002806.SZ,华锋股份,16.79,10.03%,阳线||多头排列||布林带上轨||MA5上穿MA10,多头排列,26.74,26.39,25.6,25.39,27.81,25.6,23.4,上轨上方,0.6,0.36,0.49,无信号,是
002809.SZ,红墙股份,9.89,5.89%,阳线||布林带下轨,观望,26.58,28.64,29.2,32.16,36.24,29.2,22.15,下轨下方,-1.63,-0.64,-1.98,无信号,否
002810.SZ,山东赫达,26.01,0.35%,阳线||布林带下轨,观望,77.02,83.96,89.18,78.56,117.59,89.18,60.76,下轨下方,-3.23,1.7,-9.86,无信号,否
002811.SZ,郑中设计,13.35,6.80%,阳线||布林带下轨,观望,21.12,22.37,23.11,24.35,27.7,23.11,18.52,下轨下方,-1.07,-0.37,-1.4,无信号,否
002815.SZ,崇达技术,16.32,8.73%,阳线,观望,35.19,36.09,35.43,34.81,38.34,35.43,32.52,布林带内,0.14,0.39,-0.49,无信号,否
002816.SZ,*ST和科,26.57,5.02%,阳线||多头排列||MA5上穿MA10,多头排列,25.69,25.48,24.9,24.01,26.77,24.9,23.04,布林带内,0.52,0.39,0.25,无信号,是
002817.SZ,黄山胶囊,7.64,1.87%,阳线||布林带下轨,观望,24.32,26.78,27.97,29.02,37.63,27.97,18.32,下轨下方,-1.87,-0.41,-2.92,无信号,否
002818.SZ,富森美,11.34,1.80%,阳线,观望,,,,,,,,,,,,,
002819.SZ,东方中科,26.58,1.45%,阳线||布林带下轨,观望,34.24,35.7,35.61,35.3,40.26,35.61,30.95,下轨下方,-0.45,0.29,-1.48,无信号,否
002820.SZ,桂发祥,10.77,0.65%,阳线||布林带下轨,观望,19.73,20.27,20.13,20.15,22.04,20.13,18.22,下轨下方,-0.08,0.15,-0.48,无信号,否
002821.SZ,凯莱英,126.85,0.55%,阳线||布林带下轨,观望,335.86,352.53,356.17,328.27,412.47,356.17,299.87,下轨下方,-3.09,6.06,-18.32,无信号,否
002822.SZ,ST中装,3.08,0.98%,阳线||布林带下轨,观望,6.98,7.0,7.19,7.46,7.78,7.19,6.6,下轨下方,-0.17,-0.12,-0.11,无信号,否
002823.SZ,凯中精密,17.69,10.01%,阳线,观望,,,,,,,,,,,,,
002824.SZ,和胜股份,25.2,2.82%,阳线||布林带下轨,观望,52.98,55.95,57.12,50.81,67.14,57.12,47.09,下轨下方,-0.7,1.27,-3.94,无信号,否
002825.SZ,纳尔股份,11.33,4.62%,阳线||布林带下轨,观望,29.89,30.81,30.72,31.84,38.07,30.72,23.37,下轨下方,-1.01,-0.17,-1.68,死叉,否
002826.SZ,易明医药,19.59,9.99%,阳线,观望,19.13,19.36,19.89,20.76,21.39,19.89,18.39,布林带内,-0.48,-0.42,-0.12,无信号,否
002827.SZ,高争民爆,30.5,1.73%,阳线||布林带下轨,观望,45.38,48.29,49.03,51.97,57.67,49.03,40.39,下轨下方,-2.08,-0.86,-2.44,无信号,否
002828.SZ,贝肯能源,10.55,1.05%,阳线||布林带下轨,观望,19.38,19.8,20.28,22.51,21.88,20.28,18.68,下轨下方,-0.79,-0.66,-0.26,无信号,否
002830.SZ,名雕股份,23.39,0.56%,阳线,观望,49.22,49.39,48.3,47.41,52.04,48.3,44.55,布林带内,0.69,0.78,-0.2,死叉,否
002832.SZ,比音勒芬,20.17,0.90%,阳线||布林带下轨,观望,98.78,108.1,108.3,101.7,144.4,108.3,72.21,下轨下方,-2.96,2.59,-11.1,无信号,否
002833.SZ,弘亚数控,20.12,0.10%,阳线||布林带下轨,观望,66.04,73.36,73.92,70.73,100.22,73.92,47.62,下轨下方,-2.67,1.44,-8.24,无信号,否
002835.SZ,同为股份,14.54,1.11%,阳线||布林带下轨,观望,31.29,31.93,32.43,33.73,34.43,32.43,30.43,下轨下方,-0.71,-0.45,-0.52,无信号,否
002836.SZ,新宏泽,12.28,2.25%,阳线||布林带下轨,观望,37.65,39.61,41.0,43.27,48.84,41.0,33.17,下轨下方,-1.92,-0.79,-2.27,无信号,否
002837.SZ,英维克,104.94,4.39%,阳线||布林带下轨,观望,929.36,1007.09,1023.89,1052.01,1393.48,1023.89,654.31,下轨下方,-57.15,-6.47,-101.37,死叉,否
002841.SZ,视源股份,38.41,0.50%,阳线,观望,,,,,,,,,,,,,
002842.SZ,翔鹭钨业,33.66,5.19%,阳线||布林带下轨,观望,85.03,94.22,95.26,96.46,119.03,95.26,71.48,下轨下方,-3.07,0.62,-7.38,无信号,否
002843.SZ,泰嘉股份,26.14,3.65%,阳线||布林带下轨,观望,38.94,41.64,42.17,39.66,50.22,42.17,34.12,下轨下方,-0.56,0.91,-2.94,无信号,否
002845.SZ,同兴达,15.61,0.84%,阳线||布林带下轨,观望,42.28,42.59,42.16,41.97,48.37,42.16,35.95,下轨下方,-0.09,0.45,-1.07,死叉,否
002847.SZ,盐津铺子,56.89,0.16%,阳线||布林带下轨,观望,117.62,123.13,126.33,133.04,159.45,126.33,93.2,下轨下方,-5.98,-1.74,-8.48,死叉,否
002848.SZ,*ST高斯,16.98,0.59%,阳线,观望,16.94,16.97,16.13,14.2,17.94,16.13,14.32,布林带内,0.74,0.74,-0.01,死叉,否
002849.SZ,威星智能,17.69,1.32%,价升||布林带下轨,观望,36.08,37.6,37.35,37.62,42.79,37.35,31.91,下轨下方,-0.64,0.11,-1.5,死叉,否
002851.SZ,麦格米特,120.33,3.12%,阳线||布林带下轨,观望,258.78,276.6,266.99,256.69,325.24,266.99,208.74,下轨下方,1.1,8.76,-15.33,无信号,否
002852.SZ,道道全,8.44,1.08%,阳线,观望,,,,,,,,,,,,,
002855.SZ,捷荣技术,12.17,2.53%,阳线,观望,12.4,12.56,12.49,12.73,13.27,12.49,11.71,布林带内,-0.02,0.02,-0.07,无信号,否
002857.SZ,三晖电气,21.73,2.40%,阳线,观望,35.67,36.06,35.37,36.46,38.06,35.37,32.69,布林带内,0.01,0.04,-0.07,死叉,否
002858.SZ,力盛体育,14.17,0.78%,价升,观望,29.49,31.64,32.36,31.59,36.29,32.36,28.43,布林带内,-0.62,0.05,-1.34,无信号,否
002859.SZ,洁美科技,60.05,10.00%,阳线||布林带下轨,观望,211.1,212.59,206.24,183.61,241.64,206.24,170.84,下轨下方,5.29,9.17,-7.75,死叉,否
002860.SZ,星帅尔,13.61,3.18%,阳线,观望,,,,,,,,,,,,,
002861.SZ,瀛通通讯,18.79,1.79%,阳线||布林带下轨,观望,24.58,24.82,23.77,23.85,27.55,23.77,20.0,下轨下方,0.33,0.54,-0.41,死叉,否
002862.SZ,实丰文化,17.48,0.23%,价升||布林带下轨,观望,34.42,37.23,38.07,36.52,48.08,38.07,28.07,下轨下方,-1.22,0.45,-3.35,无信号,否
002863.SZ,今飞凯达,5.37,2.68%,阳线||布林带下轨,观望,9.34,9.55,9.64,9.82,10.1,9.64,9.17,下轨下方,-0.12,-0.05,-0.13,无信号,否
002864.SZ,盘龙药业,29.32,0.31%,阳线||布林带下轨,观望,31.15,31.89,31.88,34.05,33.54,31.88,30.22,下轨下方,-0.75,-0.62,-0.27,无信号,否
002865.SZ,钧达股份,99.39,1.77%,阳线,观望,131.18,137.85,126.04,117.81,159.89,126.04,92.19,布林带内,4.66,6.65,-3.98,死叉,否
002866.SZ,传艺科技,22.0,3.38%,阳线,观望,,,,,,,,,,,,,
002869.SZ,金溢科技,19.71,0.77%,阳线||布林带下轨,观望,31.69,33.4,35.02,37.93,42.35,35.02,27.69,下轨下方,-2.22,-1.27,-1.9,无信号,否
002870.SZ,香山股份,42.2,3.51%,阳线,观望,,,,,,,,,,,,,
002871.SZ,伟隆股份,20.95,0.38%,价升||布林带下轨,观望,66.18,69.21,67.92,66.31,85.2,67.92,50.63,下轨下方,-0.44,1.71,-4.29,死叉,否
002872.SZ,ST天圣,5.42,3.44%,阳线,观望,8.32,8.38,8.25,8.09,8.81,8.25,7.69,布林带内,0.09,0.12,-0.05,无信号,否
002873.SZ,新天药业,9.41,1.62%,阳线||布林带下轨,观望,30.28,32.54,33.42,35.04,41.76,33.42,25.09,下轨下方,-1.8,-0.57,-2.46,无信号,否
002875.SZ,安奈儿,22.85,3.16%,阳线||布林带下轨,观望,37.29,39.79,40.18,35.45,46.3,40.18,34.05,下轨下方,0.16,1.44,-2.57,无信号,否
002876.SZ,三利谱,29.85,2.54%,阳线,观望,,,,,,,,,,,,,
002877.SZ,智能自控,9.06,1.57%,阳线||布林带下轨,观望,23.65,24.61,24.96,25.73,29.52,24.96,20.4,下轨下方,-0.74,-0.1,-1.28,死叉,否
002878.SZ,元隆雅图,15.14,0.60%,阳线||布林带下轨,观望,47.24,54.48,57.1,55.86,73.59,57.1,40.61,下轨下方,-3.3,-0.26,-6.09,无信号,否
002879.SZ,长缆科技,17.06,2.28%,阳线,观望,,,,,,,,,,,,,
002881.SZ,美格智能,47.48,3.56%,阳线||MA5上穿MA10,观望,96.84,94.31,91.34,92.9,102.62,91.34,80.06,布林带内,1.33,1.21,0.25,无信号,否
002882.SZ,金龙羽,24.74,1.10%,阳线||布林带下轨,观望,26.32,27.23,28.21,29.96,30.87,28.21,25.55,下轨下方,-1.02,-0.72,-0.59,无信号,否
002883.SZ,*ST中设,10.03,2.77%,阳线||布林带下轨,观望,27.95,28.71,29.01,29.87,35.33,29.01,22.69,下轨下方,-0.88,-0.12,-1.52,死叉,否
002885.SZ,京泉华,53.71,9.99%,阳线||多头排列||MA5上穿MA10,多头排列,135.95,134.02,118.14,97.62,163.75,118.14,72.53,布林带内,10.84,12.32,-2.94,死叉,是
002886.SZ,沃特股份,27.98,4.52%,阳线,观望,,,,,,,,,,,,,
002890.SZ,弘宇股份,16.74,2.64%,阳线||布林带下轨,观望,38.61,41.92,42.51,41.98,55.06,42.51,29.97,下轨下方,-1.7,0.23,-3.86,无信号,否
002891.SZ,中宠股份,30.02,0.07%,价升||布林带下轨,观望,70.12,76.95,86.16,100.93,118.33,86.16,53.99,下轨下方,-10.18,-6.6,-7.15,无信号,否
002893.SZ,京能热力,11.7,2.36%,阳线||布林带下轨,观望,18.92,19.21,19.14,19.96,22.96,19.14,15.32,下轨下方,-0.45,-0.08,-0.73,死叉,否
002895.SZ,川恒股份,32.86,1.70%,阳线,观望,,,,,,,,,,,,,
002896.SZ,中大力德,80.36,0.54%,阳线||布林带下轨,观望,156.99,165.74,162.13,166.91,204.85,162.13,119.41,下轨下方,-4.27,0.55,-9.64,死叉,否
002897.SZ,意华股份,72.12,10.01%,阳线,观望,113.5,114.13,108.87,106.54,124.3,108.87,93.43,布林带内,2.54,2.08,0.92,无信号,否
002900.SZ,哈三联,10.9,1.49%,阳线||布林带下轨,观望,19.21,19.85,19.94,20.57,21.8,19.94,18.08,下轨下方,-0.44,-0.18,-0.52,无信号,否
002902.SZ,铭普光磁,35.95,0.50%,价升,观望,52.83,55.65,50.85,42.21,66.0,50.85,35.71,布林带内,2.31,3.76,-2.9,死叉,否
002903.SZ,宇环数控,44.64,0.20%,阳线,观望,70.15,71.62,64.22,50.67,83.67,64.22,44.76,布林带内,5.83,6.35,-1.04,无信号,否
002905.SZ,金逸影视,8.58,1.30%,阳线||布林带下轨,观望,19.5,20.43,21.54,23.12,25.55,21.54,17.52,下轨下方,-1.28,-0.77,-1.01,无信号,否
002906.SZ,华阳集团,32.06,1.78%,阳线,观望,,,,,,,,,,,,,
002907.SZ,华森制药,12.61,0.48%,价升||布林带下轨,观望,13.14,13.49,13.91,14.37,15.02,13.91,12.8,下轨下方,-0.4,-0.27,-0.26,无信号,否
002908.SZ,德生科技,8.04,1.26%,价升||布林带下轨,观望,22.0,24.04,25.41,27.74,33.72,25.41,17.11,下轨下方,-2.07,-0.91,-2.32,无信号,否
002909.SZ,集泰股份,6.64,3.91%,阳线||布林带下轨,观望,17.77,18.8,19.37,20.22,24.13,19.37,14.61,下轨下方,-0.88,-0.22,-1.32,死叉,否
002910.SZ,庄园牧场,10.61,2.51%,阳线,观望,11.07,11.3,11.33,11.49,12.04,11.33,10.62,布林带内,-0.09,-0.0,-0.18,无信号,否
002912.SZ,中新赛克,23.81,0.98%,价升||布林带下轨,观望,61.26,64.34,67.66,74.65,82.92,67.66,52.4,下轨下方,-4.36,-2.61,-3.5,无信号,否
002913.SZ,奥士康,56.06,6.72%,阳线||布林带下轨,观望,101.57,110.54,111.3,107.04,139.63,111.3,82.96,下轨下方,-2.93,1.6,-9.06,无信号,否
002915.SZ,中欣氟材,22.13,0.50%,阳线||布林带下轨,观望,44.91,45.72,44.43,45.61,57.14,44.43,31.72,下轨下方,-0.82,0.32,-2.28,死叉,否
002916.SZ,深南电路,378.27,10.00%,阳线||布林带下轨,观望,673.34,706.39,700.8,613.1,862.23,700.8,539.36,下轨下方,7.79,33.63,-51.67,无信号,否
002917.SZ,金奥博,14.66,4.27%,阳线||布林带下轨,观望,30.65,32.47,32.73,33.78,41.39,32.73,24.06,下轨下方,-1.36,-0.24,-2.25,死叉,否
002918.SZ,蒙娜丽莎,14.63,4.43%,阳线||布林带下轨,观望,40.41,42.56,38.05,37.53,52.99,38.05,23.12,下轨下方,0.9,1.78,-1.76,死叉,否
002919.SZ,名臣健康,25.67,0.82%,阳线||布林带下轨,观望,73.14,79.39,78.25,74.92,105.33,78.25,51.17,下轨下方,-1.1,2.51,-7.22,死叉,否
002920.SZ,德赛西威,110.5,4.13%,阳线,观望,,,,,,,,,,,,,
002923.SZ,润都股份,11.73,0.69%,价升||布林带下轨,观望,38.87,42.98,45.48,51.61,60.55,45.48,30.4,下轨下方,-4.11,-2.08,-4.08,无信号,否
002925.SZ,盈趣科技,20.59,3.52%,阳线,观望,,,,,,,,,,,,,
002927.SZ,泰永长征,21.66,0.46%,价升||布林带下轨||MA5上穿MA10,观望,49.12,48.69,46.72,46.75,58.39,46.72,35.05,下轨下方,0.38,1.15,-1.55,死叉,否
002929.SZ,润建股份,84.33,4.32%,阳线||多头排列||MA5上穿MA10,多头排列,90.5,88.43,75.32,60.34,105.9,75.32,44.74,布林带内,8.74,8.37,0.75,无信号,是
002930.SZ,宏川智慧,14.07,1.01%,价升||布林带下轨,观望,26.7,29.5,28.52,28.25,37.02,28.52,20.02,下轨下方,-0.64,0.5,-2.28,无信号,否
002931.SZ,锋龙股份,66.04,9.99%,阳线||布林带下轨,观望,117.73,126.13,133.96,158.14,171.55,133.96,96.38,下轨下方,-12.14,-8.68,-6.91,死叉,否
002932.SZ,*ST明德,16.36,0.18%,价升||布林带下轨,观望,63.49,70.13,73.58,77.05,100.55,73.58,46.61,下轨下方,-5.28,-1.39,-7.78,无信号,否
002933.SZ,新兴装备,30.15,1.52%,阳线||布林带下轨,观望,31.27,31.67,32.18,34.05,33.81,32.18,30.54,下轨下方,-0.77,-0.66,-0.22,无信号,否
002935.SZ,天奥电子,21.25,3.81%,阳线||布林带下轨,观望,72.46,79.75,84.68,80.47,115.27,84.68,54.09,下轨下方,-4.17,0.8,-9.93,无信号,否
002937.SZ,兴瑞科技,33.82,0.80%,阳线||布林带下轨,观望,54.43,55.61,55.84,49.55,67.03,55.84,44.64,下轨下方,0.21,2.04,-3.68,无信号,否
002938.SZ,鹏鼎控股,103.93,10.00%,阳线||多头排列||布林带上轨||MA5上穿MA10,多头排列,97.75,92.65,85.74,68.02,102.69,85.74,68.79,上轨上方,8.57,7.29,2.55,无信号,是
002942.SZ,新农股份,18.83,4.61%,阳线||布林带下轨,观望,25.29,26.55,27.41,28.34,31.68,27.41,23.14,下轨下方,-1.02,-0.35,-1.34,无信号,否
002943.SZ,宇晶股份,85.9,4.69%,阳线,观望,131.6,135.68,122.43,102.26,161.76,122.43,83.09,布林带内,8.08,10.81,-5.45,死叉,否
002947.SZ,恒铭达,89.4,0.03%,价升,观望,,,,,,,,,,,,,
002949.SZ,华阳国际,13.75,2.46%,阳线||布林带下轨,观望,15.98,16.55,16.76,16.86,18.33,16.76,15.2,下轨下方,-0.29,-0.02,-0.54,无信号,否
002950.SZ,奥美医疗,10.84,1.50%,阳线||布林带下轨,观望,17.5,19.09,21.44,20.77,27.85,21.44,15.04,下轨下方,-1.5,-0.49,-2.03,无信号,否
002951.SZ,金时科技,16.03,2.95%,阳线,观望,17.97,18.33,17.91,17.4,19.79,17.91,16.03,布林带内,0.1,0.27,-0.34,无信号,否
002952.SZ,亚世光电,30.69,4.14%,阳线||布林带下轨,观望,60.32,64.03,65.16,61.69,81.88,65.16,48.44,下轨下方,-1.45,1.1,-5.11,无信号,否
002953.SZ,日丰股份,11.09,2.02%,阳线||布林带下轨,观望,24.4,26.59,28.0,29.46,36.11,28.0,19.88,下轨下方,-1.84,-0.6,-2.48,无信号,否
002957.SZ,科瑞技术,43.65,3.73%,阳线||MA5上穿MA10,观望,46.1,45.85,46.25,36.98,49.89,46.25,42.6,布林带内,1.54,2.35,-1.61,无信号,否
002959.SZ,小熊电器,39.89,0.45%,价升||布林带下轨,观望,54.62,56.88,59.32,62.71,69.11,59.32,49.54,下轨下方,-2.87,-1.63,-2.47,无信号,否
002960.SZ,青鸟智控,9.53,0.95%,价升,观望,,,,,,,,,,,,,
002961.SZ,瑞达期货,23.19,0.04%,价升,观望,,,,,,,,,,,,,
002967.SZ,广电计量,22.05,2.70%,阳线||布林带下轨,观望,33.91,35.52,36.08,36.16,42.8,36.08,29.36,下轨下方,-0.98,0.05,-2.04,无信号,否
002968.SZ,新大正,10.56,0.38%,阳线||布林带下轨,观望,34.46,38.42,40.77,42.85,55.28,40.77,26.27,下轨下方,-3.16,-0.92,-4.48,无信号,否
002970.SZ,锐明技术,72.45,1.74%,阳线,观望,,,,,,,,,,,,,
002972.SZ,科安达,12.75,2.00%,阳线,观望,,,,,,,,,,,,,
002973.SZ,侨银股份,13.87,3.82%,阳线||MA5上穿MA10,观望,14.2,14.01,13.65,13.97,14.72,13.65,12.59,布林带内,0.13,0.06,0.14,无信号,否
002975.SZ,博杰股份,121.55,10.00%,阳线,观望,,,,,,,,,,,,,
002977.SZ,*ST天箭,28.39,2.01%,阳线||布林带下轨,观望,46.16,49.29,49.01,49.87,59.9,49.01,38.13,下轨下方,-1.47,-0.02,-2.9,无信号,否
002978.SZ,安宁股份,28.66,2.39%,阳线||布林带下轨,观望,33.17,34.94,36.33,39.6,41.15,36.33,31.51,下轨下方,-1.76,-1.15,-1.21,无信号,否
002980.SZ,华盛昌,116.38,10.00%,阳线||多头排列||MA5上穿MA10,多头排列,146.52,137.93,128.1,87.1,158.29,128.1,97.9,布林带内,13.72,14.73,-2.02,死叉,是
002981.SZ,朝阳科技,26.21,2.86%,阳线||布林带下轨,观望,34.23,35.51,35.68,36.57,40.41,35.68,30.95,下轨下方,-0.68,-0.06,-1.25,死叉,否
002982.SZ,湘佳股份,13.46,0.22%,价升||布林带下轨,观望,25.02,26.98,28.05,28.68,35.05,28.05,21.06,下轨下方,-1.41,-0.31,-2.2,无信号,否
002983.SZ,芯瑞达,25.77,3.33%,阳线||布林带下轨,观望,38.5,39.06,38.92,39.28,45.72,38.92,32.13,下轨下方,-0.56,0.15,-1.43,死叉,否
002984.SZ,森麒麟,15.63,0.19%,阳线||布林带下轨,观望,22.09,23.2,24.6,26.66,29.35,24.6,19.86,下轨下方,-1.48,-0.88,-1.21,无信号,否
002985.SZ,北摩高科,32.48,0.46%,价升,观望,,,,,,,,,,,,,
002986.SZ,宇新股份,12.76,3.91%,阳线||布林带下轨,观望,33.43,37.19,39.97,43.28,53.37,39.97,26.57,下轨下方,-3.49,-1.52,-3.94,无信号,否
002988.SZ,豪美新材,33.18,1.75%,阳线||MA5上穿MA10,观望,33.69,33.5,34.28,33.74,36.61,34.28,31.95,布林带内,-0.2,-0.05,-0.31,无信号,否
002989.SZ,中天精装,32.51,5.18%,阳线,观望,40.2,40.52,38.01,36.27,46.55,38.01,29.46,布林带内,1.23,1.66,-0.87,死叉,否
002990.SZ,盛视科技,63.53,3.64%,阳线,观望,,,,,,,,,,,,,
002992.SZ,宝明科技,47.19,0.40%,价升||布林带下轨,观望,59.71,61.97,65.76,67.65,76.72,65.76,54.81,下轨下方,-2.81,-1.35,-2.91,无信号,否
002993.SZ,奥海科技,68.22,10.00%,阳线||多头排列||MA5上穿MA10,多头排列,80.08,79.17,73.55,69.9,87.96,73.55,59.14,布林带内,2.88,2.76,0.23,无信号,是
002996.SZ,顺博合金,7.3,4.73%,阳线||布林带下轨,观望,9.2,9.58,9.85,10.1,11.13,9.85,8.56,下轨下方,-0.29,-0.09,-0.4,无信号,否
002997.SZ,瑞鹄模具,33.17,1.59%,阳线,观望,34.75,35.61,33.74,33.52,38.37,33.74,29.11,布林带内,0.53,0.62,-0.18,死叉,否
002998.SZ,优彩资源,9.12,1.79%,阳线,观望,,,,,,,,,,,,,
002999.SZ,天禾股份,6.76,1.81%,阳线||布林带下轨,观望,9.69,10.17,10.54,10.83,12.43,10.54,8.65,下轨下方,-0.4,-0.12,-0.56,无信号,否
300001.SZ,特锐德,40.0,5.04%,阳线||多头排列||MA5上穿MA10,多头排列,264.78,247.47,226.79,207.75,279.72,226.79,173.86,布林带内,18.17,12.67,11.0,无信号,是
300004.SZ,南风股份,16.15,5.14%,阳线||多头排列||MA5上穿MA10,多头排列,65.75,64.64,59.8,57.01,71.28,59.8,48.32,布林带内,2.83,2.24,1.19,无信号,是
300005.SZ,探路者,16.5,3.45%,阳线||多头排列||MA5上穿MA10,多头排列,190.8,188.39,185.57,173.15,203.65,185.57,167.49,布林带内,5.1,4.51,1.17,无信号,是
300007.SZ,汉威科技,50.81,0.26%,阳线||MA5上穿MA10,观望,203.51,195.06,186.39,186.68,211.08,186.39,161.71,布林带内,6.19,3.15,6.08,无信号,否
300008.SZ,天海防务,7.03,0.57%,阳线,观望,81.59,84.44,87.21,90.57,95.2,87.21,79.22,布林带内,-2.08,-1.14,-1.87,无信号,否
300010.SZ,ST豆神,2.95,2.43%,阳线,观望,16.39,16.93,22.15,31.23,35.36,22.15,8.94,布林带内,-4.47,-4.28,-0.38,无信号,否
300011.SZ,鼎汉技术,6.9,1.47%,阳线,观望,59.25,59.95,61.03,66.75,64.17,61.03,57.9,布林带内,-1.66,-1.56,-0.2,无信号,否
300012.SZ,华测检测,15.07,0.47%,价升,观望,,,,,,,,,,,,,
300014.SZ,亿纬锂能,64.38,0.67%,价升,观望,,,,,,,,,,,,,
300016.SZ,北陆药业,8.66,1.29%,阳线||布林带下轨,观望,64.49,66.18,67.8,71.92,72.91,67.8,62.69,下轨下方,-2.21,-1.68,-1.06,无信号,否
300017.SZ,网宿科技,17.23,2.38%,阳线,观望,421.07,428.37,419.17,425.74,466.75,419.17,371.59,布林带内,-1.2,0.1,-2.6,死叉,否
300018.SZ,中元股份,14.97,3.17%,阳线||多头排列||MA5上穿MA10,多头排列,96.88,94.49,92.13,85.89,100.87,92.13,83.39,布林带内,3.1,2.72,0.75,无信号,是
300019.SZ,硅宝科技,18.19,1.96%,阳线,观望,,,,,,,,,,,,,
300020.SZ,ST银江,3.34,1.83%,阳线||布林带下轨,观望,24.39,24.78,25.25,28.71,27.1,25.25,23.4,下轨下方,-0.96,-0.92,-0.08,死叉,否
300022.SZ,吉峰科技,8.51,1.31%,阳线,观望,35.11,35.55,37.44,36.78,41.62,37.44,33.26,布林带内,-0.97,-0.53,-0.87,无信号,否
300027.SZ,ST华谊,1.87,2.19%,阳线||布林带下轨,观望,31.14,32.08,31.94,30.14,34.74,31.94,29.15,下轨下方,0.16,0.62,-0.91,无信号,否
300030.SZ,阳普医疗,7.77,1.17%,价升||布林带下轨,观望,32.69,33.52,33.72,33.16,35.62,33.72,31.82,下轨下方,-0.09,0.22,-0.62,无信号,否
300032.SZ,金龙机电,4.91,0.82%,价升,观望,21.69,22.12,22.9,24.35,25.09,22.9,20.7,布林带内,-0.87,-0.7,-0.33,无信号,否
300034.SZ,钢研高纳,20.02,2.77%,阳线||布林带下轨,观望,107.79,114.62,115.86,116.72,136.79,115.86,94.93,下轨下方,-2.88,0.47,-6.69,无信号,否
300035.SZ,中科电气,19.41,0.36%,阳线,观望,157.36,159.43,171.77,174.68,204.25,171.77,139.29,布林带内,-6.42,-5.23,-2.38,无信号,否
300036.SZ,超图软件,14.29,0.28%,价升,观望,78.02,79.47,81.09,85.37,87.3,81.09,74.89,布林带内,-1.97,-1.51,-0.91,无信号,否
300037.SZ,新宙邦,72.92,9.60%,阳线,观望,,,,,,,,,,,,,
300039.SZ,上海凯宝,5.59,0.54%,阳线||布林带下轨,观望,67.65,68.82,69.76,72.52,73.98,69.76,65.55,下轨下方,-1.44,-0.91,-1.05,无信号,否
300040.SZ,九洲集团,7.29,3.26%,阳线||布林带下轨,观望,42.74,44.7,44.89,45.79,51.92,44.89,37.86,下轨下方,-0.99,0.03,-2.04,无信号,否
300041.SZ,回天新材,12.58,2.44%,阳线||布林带下轨,观望,89.24,90.35,88.93,87.31,98.03,88.93,79.82,下轨下方,0.54,1.46,-1.84,死叉,否
300042.SZ,朗科科技,68.04,0.40%,价升,观望,202.31,203.05,183.9,150.72,243.19,183.9,124.61,布林带内,12.49,16.01,-7.04,死叉,否
300043.SZ,星辉娱乐,5.04,0.20%,价升||布林带下轨,观望,110.02,113.62,118.78,119.76,132.19,118.78,105.37,下轨下方,-3.24,-1.46,-3.57,无信号,否
300044.SZ,*ST赛为,6.33,1.28%,阳线,观望,48.32,50.3,49.88,55.01,54.2,49.88,45.56,布林带内,-1.52,-1.53,0.02,无信号,否
300045.SZ,华力创通,22.45,1.17%,阳线,观望,189.11,192.13,187.13,188.88,204.47,187.13,169.79,布林带内,1.14,1.83,-1.38,无信号,否
300046.SZ,台基股份,33.67,2.97%,阳线||多头排列||布林带上轨||MA5上穿MA10,多头排列,134.91,132.96,128.73,126.73,140.45,128.73,117.02,上轨上方,3.23,2.14,2.19,无信号,是
300048.SZ,合康新能,5.9,1.55%,阳线,观望,49.63,50.64,52.04,56.92,56.24,52.04,47.83,布林带内,-1.76,-1.5,-0.51,无信号,否
300050.SZ,世纪鼎利,7.35,3.81%,阳线,观望,64.77,65.29,63.17,58.76,69.16,63.17,57.18,布林带内,1.19,1.66,-0.94,无信号,否
300052.SZ,中青宝,15.29,2.07%,阳线||多头排列||MA5上穿MA10,多头排列,40.63,40.1,37.13,36.01,44.66,37.13,29.6,布林带内,1.6,1.27,0.67,无信号,是
300053.SZ,航宇微,17.75,1.60%,阳线,观望,93.4,96.47,94.51,92.36,105.28,94.51,83.73,布林带内,0.47,1.4,-1.86,无信号,否
300054.SZ,鼎龙股份,73.0,0.03%,价升||多头排列||MA5上穿MA10,多头排列,919.99,883.03,810.62,660.17,991.42,810.62,629.81,布林带内,72.91,65.65,14.51,无信号,是
300055.SZ,万邦达,10.1,4.12%,阳线,观望,79.98,84.28,88.54,87.59,100.24,88.54,76.84,布林带内,-2.98,-1.52,-2.92,无信号,否
300056.SZ,中创环保,10.88,2.54%,阳线,观望,64.69,66.54,64.56,58.4,74.39,64.56,54.74,布林带内,2.18,2.87,-1.39,无信号,否
300057.SZ,万顺新材,9.0,5.88%,阳线,观望,21.81,22.4,22.72,19.05,26.78,22.72,18.67,布林带内,0.54,1.1,-1.13,无信号,否
300065.SZ,海兰信,24.71,5.37%,阳线||布林带下轨,观望,197.69,205.49,213.79,218.54,250.44,213.79,177.15,下轨下方,-8.41,-2.69,-11.44,无信号,否
300067.SZ,安诺其,6.71,4.03%,阳线||布林带下轨,观望,51.15,53.81,54.86,44.89,64.29,54.86,45.43,下轨下方,1.66,3.46,-3.61,无信号,否
300069.SZ,金利华电,52.87,20.00%,价升||多头排列||布林带上轨||MA5上穿MA10,多头排列,76.46,63.27,54.18,44.0,86.94,54.18,21.43,上轨上方,10.69,5.36,10.65,无信号,是
300072.SZ,海新能科,4.13,1.47%,阳线||布林带下轨,观望,90.3,92.46,95.05,104.83,103.04,95.05,87.05,下轨下方,-3.89,-3.18,-1.42,无信号,否
300073.SZ,当升科技,60.03,2.63%,阳线,观望,244.99,248.72,253.94,237.17,272.99,253.94,234.9,布林带内,1.18,3.75,-5.14,无信号,否
300074.SZ,华平股份,4.54,2.71%,阳线||MA5上穿MA10,观望,61.93,61.58,59.61,60.11,65.47,59.61,53.75,布林带内,0.97,0.79,0.37,无信号,否
300076.SZ,*ST宁视,5.19,2.37%,阳线||MA5上穿MA10,观望,42.3,41.74,40.96,51.2,43.73,40.96,38.19,布林带内,-1.59,-2.46,1.74,无信号,否
300077.SZ,国民技术,26.31,0.96%,阳线||多头排列||MA5上穿MA10,多头排列,138.63,133.45,126.27,114.82,145.1,126.27,107.45,布林带内,6.66,5.87,1.58,无信号,是
300078.SZ,思创智联,3.69,0.82%,价升||布林带下轨,观望,49.79,50.99,51.34,54.12,54.72,51.34,47.97,下轨下方,-1.13,-0.76,-0.74,无信号,否
300079.SZ,数码视讯,5.74,1.41%,阳线,观望,72.02,72.62,71.39,70.72,74.87,71.39,67.91,布林带内,0.67,0.73,-0.12,无信号,否
300080.SZ,易成新能,4.26,2.40%,阳线||布林带下轨,观望,12.06,12.33,12.29,13.71,13.31,12.29,11.27,下轨下方,-0.34,-0.3,-0.08,死叉,否
300082.SZ,奥克股份,10.73,3.77%,阳线,观望,78.62,81.9,86.29,81.09,98.13,86.29,74.44,布林带内,-1.54,0.2,-3.48,无信号,否
300083.SZ,创世纪,10.94,0.74%,阳线||多头排列||MA5上穿MA10,多头排列,91.51,88.82,81.16,70.58,101.45,81.16,60.87,布林带内,6.49,5.99,1.0,无信号,是
300084.SZ,海默科技,12.97,2.94%,阳线,观望,57.28,57.81,54.78,51.52,61.55,54.78,48.01,布林带内,2.15,2.07,0.16,无信号,否
300086.SZ,康芝药业,7.01,1.01%,阳线,观望,35.16,36.15,35.87,39.48,38.46,35.87,33.28,布林带内,-0.99,-0.88,-0.22,死叉,否
300087.SZ,荃银高科,7.55,1.34%,阳线||布林带下轨,观望,118.87,131.0,136.25,142.51,172.8,136.25,99.69,下轨下方,-7.94,-2.1,-11.68,无信号,否
300088.SZ,长信科技,7.19,1.41%,价升,观望,123.76,125.71,124.4,118.39,132.64,124.4,116.15,布林带内,1.32,2.27,-1.89,无信号,否
300091.SZ,*ST金灵,2.94,0.34%,价升||布林带下轨,观望,40.27,41.28,43.0,41.93,47.92,43.0,38.09,下轨下方,-0.89,-0.17,-1.42,无信号,否
300092.SZ,科新机电,15.52,2.24%,阳线,观望,,,,,,,,,,,,,
300093.SZ,*ST金刚,21.1,0.86%,阳线||布林带下轨,观望,42.37,43.76,44.88,40.35,49.02,44.88,40.75,下轨下方,0.09,0.95,-1.73,无信号,否
300094.SZ,国联水产,2.99,0.34%,价升,观望,7.58,7.7,7.71,8.2,8.16,7.71,7.27,布林带内,-0.13,-0.11,-0.05,无信号,否
300095.SZ,华伍股份,10.18,2.00%,阳线,观望,42.82,44.19,42.45,42.06,47.55,42.45,37.36,布林带内,0.53,0.79,-0.52,无信号,否
300096.SZ,ST易联众,9.24,1.09%,价升,观望,47.53,48.01,48.26,44.73,51.33,48.26,45.2,布林带内,0.45,0.87,-0.84,无信号,否
300097.SZ,智云股份,10.48,5.12%,阳线,观望,38.25,39.01,39.41,33.67,42.86,39.41,35.96,布林带内,0.99,1.64,-1.3,无信号,否
300098.SZ,高新兴,5.82,1.57%,阳线,观望,89.8,90.85,87.08,85.61,97.25,87.08,76.92,布林带内,1.81,1.83,-0.03,死叉,否
300099.SZ,尤洛卡,8.38,1.82%,阳线,观望,,,,,,,,,,,,,
300101.SZ,振芯科技,19.26,0.31%,阳线,观望,161.77,165.55,170.02,178.72,188.66,170.02,151.38,布林带内,-4.27,-3.1,-2.32,无信号,否
300102.SZ,乾照光电,27.16,1.31%,阳线,观望,,,,,,,,,,,,,
300105.SZ,龙源技术,6.74,3.69%,阳线||布林带下轨,观望,43.84,44.65,45.0,47.13,47.91,45.0,42.09,下轨下方,-0.73,-0.38,-0.69,无信号,否
300106.SZ,西部牧业,13.88,2.44%,阳线||多头排列||MA5上穿MA10,多头排列,21.83,21.63,19.48,16.82,24.89,19.48,14.07,布林带内,1.64,1.58,0.13,无信号,是
300107.SZ,建新股份,7.0,0.29%,阳线||布林带下轨,观望,68.55,69.66,70.17,72.52,76.63,70.17,63.71,下轨下方,-1.01,-0.25,-1.52,死叉,否
300109.SZ,新开源,18.16,3.65%,阳线||布林带下轨,观望,116.63,126.06,129.24,127.82,154.76,129.24,103.72,下轨下方,-4.39,0.12,-9.02,无信号,否
300110.SZ,华仁药业,2.9,0.69%,价升||MACD金叉,MACD金叉,14.36,14.47,14.67,15.24,15.54,14.67,13.8,布林带内,-0.23,-0.25,0.05,金叉,否
300111.SZ,向日葵,3.62,0.56%,价升||布林带下轨,观望,8.6,8.94,8.96,9.4,9.63,8.96,8.28,下轨下方,-0.19,-0.1,-0.17,无信号,否
300112.SZ,万讯自控,8.12,0.12%,阳线||布林带下轨,观望,32.18,32.74,32.63,32.66,34.99,32.63,30.27,下轨下方,-0.13,0.19,-0.65,无信号,否
300113.SZ,顺网科技,25.66,1.99%,阳线,观望,302.44,313.48,313.06,315.42,345.35,313.06,280.77,布林带内,-4.55,-1.53,-6.05,无信号,否
300115.SZ,长盈精密,37.85,0.56%,阳线,观望,433.4,433.43,414.54,406.94,468.55,414.54,360.53,布林带内,8.03,9.27,-2.49,死叉,否
300118.SZ,东方日升,16.88,0.96%,价升,观望,59.78,62.42,60.57,61.43,68.44,60.57,52.7,布林带内,0.07,0.65,-1.16,无信号,否
300120.SZ,经纬辉开,7.13,1.57%,阳线||布林带下轨,观望,24.08,24.6,24.78,26.16,26.18,24.78,23.38,下轨下方,-0.44,-0.31,-0.25,无信号,否
300121.SZ,阳谷华泰,12.54,3.12%,阳线,观望,,,,,,,,,,,,,
300123.SZ,ST亚光,4.63,0.87%,阳线||布林带下轨,观望,26.26,28.38,26.78,36.36,34.29,26.78,19.28,下轨下方,-2.49,-2.17,-0.65,死叉,否
300124.SZ,汇川技术,78.99,1.57%,阳线||布林带下轨,观望,1639.22,1673.69,1604.41,1570.0,1885.63,1604.41,1323.18,下轨下方,17.98,38.32,-40.68,死叉,否
300125.SZ,*ST聆达,10.64,4.01%,阳线||布林带下轨,观望,53.94,57.26,56.37,52.48,68.76,56.37,43.99,下轨下方,-0.25,1.59,-3.69,无信号,否
300126.SZ,锐奇股份,7.71,2.12%,阳线,观望,30.14,30.51,30.37,30.98,32.02,30.37,28.71,布林带内,-0.1,0.02,-0.23,无信号,否
300127.SZ,银河磁体,31.43,2.95%,阳线,观望,71.76,72.72,71.76,73.01,75.91,71.76,67.62,布林带内,0.24,0.33,-0.19,无信号,否
300128.SZ,锦富技术,8.08,3.06%,阳线||多头排列||MA5上穿MA10,多头排列,78.71,75.47,69.11,65.55,83.89,69.11,54.34,布林带内,4.53,3.33,2.39,无信号,是
300129.SZ,泰胜风能,11.09,1.19%,价升,观望,65.65,68.0,67.35,73.18,74.5,67.35,60.21,布林带内,-1.67,-1.37,-0.6,无信号,否
300130.SZ,新国都,24.34,3.09%,阳线||MA5上穿MA10,观望,164.97,164.13,164.12,170.63,171.24,164.12,156.99,布林带内,-0.8,-1.62,1.64,无信号,否
300133.SZ,华策影视,9.43,7.40%,阳线,观望,237.43,243.96,235.79,210.35,266.12,235.79,205.47,布林带内,8.6,10.73,-4.25,无信号,否
300134.SZ,大富科技,11.17,2.10%,阳线||布林带下轨,观望,51.22,52.09,51.6,50.47,54.72,51.6,48.48,下轨下方,0.18,0.59,-0.82,无信号,否
300135.SZ,宝利国际,3.75,3.02%,阳线,观望,46.27,47.34,47.75,49.64,50.94,47.75,44.57,布林带内,-0.56,-0.28,-0.58,无信号,否
300136.SZ,信维通信,118.98,8.66%,阳线,观望,,,,,,,,,,,,,
300137.SZ,先河环保,20.0,0.65%,价升||多头排列||MA5上穿MA10,多头排列,88.56,86.49,81.98,66.13,94.2,81.98,69.75,布林带内,6.02,6.07,-0.11,死叉,是
300139.SZ,晓程科技,47.22,1.83%,阳线,观望,245.01,260.05,269.48,299.1,309.62,269.48,229.33,布林带内,-12.17,-8.48,-7.38,无信号,否
300140.SZ,节能环境,6.37,1.27%,阳线||布林带下轨,观望,28.47,28.74,28.78,30.22,30.26,28.78,27.3,下轨下方,-0.3,-0.18,-0.24,死叉,否
300141.SZ,和顺电气,12.49,3.22%,阳线,观望,59.17,60.09,60.23,63.64,63.43,60.23,57.03,布林带内,-0.96,-0.79,-0.35,无信号,否
300142.SZ,沃森生物,13.78,0.29%,价升,观望,199.9,207.92,194.87,181.98,227.44,194.87,162.29,布林带内,5.78,6.74,-1.93,无信号,否
300143.SZ,盈康生命,10.76,0.28%,价升,观望,46.18,47.37,47.73,50.03,49.99,47.73,45.46,布林带内,-1.13,-0.95,-0.37,无信号,否
300145.SZ,南方泵业,5.07,2.63%,阳线||多头排列||MA5上穿MA10,多头排列,99.28,99.16,97.5,94.94,102.42,97.5,92.59,布林带内,1.36,1.5,-0.29,无信号,是
300147.SZ,*ST香雪,10.09,0.80%,阳线||MACD金叉||布林带上轨,MACD金叉,45.72,46.54,45.37,42.86,50.91,45.37,39.84,上轨上方,1.04,0.87,0.34,金叉,否
300148.SZ,天舟文化,3.81,1.87%,阳线||布林带下轨,观望,23.27,24.08,24.6,26.02,26.61,24.6,22.6,下轨下方,-0.77,-0.55,-0.44,无信号,否
300150.SZ,世纪瑞尔,4.85,2.75%,阳线||布林带下轨,观望,23.75,24.13,24.59,25.91,26.37,24.59,22.81,下轨下方,-0.64,-0.47,-0.35,无信号,否
300151.SZ,昌红科技,21.65,6.39%,阳线,观望,,,,,,,,,,,,,
300153.SZ,科泰电源,29.69,3.67%,阳线,观望,126.96,128.24,124.52,125.69,138.19,124.52,110.84,布林带内,2.16,2.37,-0.42,无信号,否
300154.SZ,瑞凌股份,11.07,1.65%,阳线||多头排列||MA5上穿MA10,多头排列,53.64,53.25,48.99,45.12,59.19,48.99,38.79,布林带内,2.8,2.63,0.34,无信号,是
300155.SZ,安居宝,5.05,2.85%,阳线,观望,42.26,42.87,41.87,41.56,45.29,41.87,38.44,布林带内,0.41,0.58,-0.34,无信号,否
300157.SZ,新锦动力,5.05,1.61%,阳线,观望,32.61,33.39,34.91,40.84,38.88,34.91,30.93,布林带内,-1.99,-1.77,-0.43,无信号,否
300158.SZ,振东制药,5.48,1.11%,阳线||布林带下轨,观望,33.85,35.55,36.51,37.67,42.62,36.51,30.4,下轨下方,-1.49,-0.58,-1.82,无信号,否
300159.SZ,*ST新研,4.16,1.71%,阳线,观望,87.8,88.91,82.49,73.5,97.76,82.49,67.22,布林带内,4.04,4.65,-1.22,死叉,否
300161.SZ,华中数控,37.83,2.19%,阳线,观望,57.24,57.91,53.42,48.01,66.52,53.42,40.32,布林带内,3.32,3.3,0.05,无信号,否
300163.SZ,先锋新材,5.64,0.71%,价升||MA5上穿MA10,观望,34.49,31.77,30.34,30.49,35.88,30.34,24.81,布林带内,1.26,0.42,1.67,无信号,否
300164.SZ,通源石油,11.77,0.60%,阳线||MA5上穿MA10,观望,75.26,75.22,77.16,93.7,83.72,77.16,70.59,布林带内,-3.86,-3.96,0.19,无信号,否
300165.SZ,天瑞仪器,6.74,2.90%,阳线,观望,45.84,47.98,47.66,40.73,56.31,47.66,39.0,布林带内,1.46,2.51,-2.1,无信号,否
300166.SZ,东方国信,19.17,2.95%,阳线||多头排列||MA5上穿MA10,多头排列,364.89,358.63,334.48,288.94,401.02,334.48,267.94,布林带内,19.32,19.14,0.37,无信号,是
300167.SZ,ST迪威迅,5.55,4.32%,阳线,观望,39.51,41.03,41.81,42.35,46.9,41.81,36.72,布林带内,-0.83,-0.37,-0.92,无信号,否
300168.SZ,万达信息,5.64,0.89%,价升,观望,47.8,48.41,47.7,48.63,51.24,47.7,44.17,布林带内,-0.0,0.14,-0.29,无信号,否
300169.SZ,天晟新材,6.2,2.99%,阳线,观望,19.59,19.92,19.78,19.88,21.27,19.78,18.28,布林带内,0.02,0.13,-0.22,无信号,否
300170.SZ,汉得信息,20.3,1.05%,阳线,观望,,,,,,,,,,,,,
300172.SZ,中电环保,5.05,2.43%,阳线,观望,,,,,,,,,,,,,
300173.SZ,ST福能,3.91,0.51%,阳线,观望,21.39,21.63,22.23,23.36,23.69,22.23,20.77,布林带内,-0.56,-0.44,-0.23,无信号,否
300174.SZ,元力股份,22.92,20.00%,阳线||多头排列||布林带上轨||MA5上穿MA10,多头排列,74.81,71.98,70.38,66.59,79.12,70.38,61.64,上轨上方,2.76,1.55,2.41,无信号,是
300175.SZ,ST朗源,6.71,2.29%,阳线,观望,29.57,29.58,28.96,28.62,30.64,28.96,27.28,布林带内,0.37,0.3,0.15,无信号,否
300176.SZ,鸿特科技,6.39,1.91%,阳线||布林带下轨,观望,30.34,30.98,31.98,33.63,34.59,31.98,29.36,下轨下方,-0.97,-0.7,-0.53,无信号,否
300179.SZ,四方达,32.42,19.99%,阳线||MACD金叉||多头排列||布林带上轨||MA5上穿MA10,MACD金叉;多头排列,186.2,181.33,179.62,159.09,195.24,179.62,163.99,上轨上方,8.01,7.83,0.35,金叉,是
300180.SZ,华峰超纤,4.84,1.04%,阳线||布林带下轨,观望,32.19,34.41,35.9,41.33,42.68,35.9,29.11,下轨下方,-2.66,-1.8,-1.72,无信号,否
300183.SZ,东软载波,12.94,1.89%,阳线||布林带下轨,观望,68.76,70.41,71.34,76.22,78.69,71.34,63.99,下轨下方,-2.16,-1.64,-1.06,无信号,否
300184.SZ,力源信息,14.68,3.82%,阳线||布林带下轨,观望,111.28,115.75,114.28,99.45,138.25,114.28,90.31,下轨下方,1.57,5.38,-7.62,无信号,否
300185.SZ,通裕重工,2.95,0.34%,价升||布林带下轨,观望,25.9,26.88,27.09,28.39,29.09,27.09,25.09,下轨下方,-0.64,-0.37,-0.54,无信号,否
300187.SZ,永清环保,5.98,2.93%,阳线,观望,58.55,58.87,57.36,55.52,63.71,57.36,51.01,布林带内,1.09,1.38,-0.59,死叉,否
300189.SZ,神农种业,5.41,3.05%,阳线,观望,35.69,37.32,38.71,45.09,43.26,38.71,34.15,布林带内,-2.24,-1.98,-0.51,无信号,否
300190.SZ,维尔利,4.54,2.95%,阳线||MA5上穿MA10,观望,53.26,52.89,51.4,51.86,55.87,51.4,46.93,布林带内,0.59,0.54,0.1,无信号,否
300191.SZ,潜能恒信,38.29,2.96%,阳线||MA5上穿MA10,观望,156.81,153.37,160.35,162.92,182.93,160.35,137.77,布林带内,-1.47,-1.06,-0.83,无信号,否
300192.SZ,科德教育,18.31,2.58%,阳线||布林带下轨,观望,65.69,67.49,68.34,67.92,73.08,68.34,63.6,下轨下方,-0.88,-0.08,-1.6,无信号,否
300193.SZ,佳士科技,8.35,1.83%,阳线||布林带下轨,观望,24.15,25.02,25.46,26.07,28.19,25.46,22.72,下轨下方,-0.6,-0.17,-0.87,无信号,否
300194.SZ,福安药业,3.92,0.77%,阳线||布林带下轨,观望,26.47,27.03,27.47,28.13,29.13,27.47,25.82,下轨下方,-0.54,-0.3,-0.49,无信号,否
300195.SZ,长荣股份,6.6,2.33%,阳线||布林带下轨,观望,24.7,25.19,25.95,28.34,28.54,25.95,23.37,下轨下方,-1.0,-0.78,-0.44,无信号,否
300196.SZ,长海股份,19.93,7.21%,阳线,观望,,,,,,,,,,,,,
300197.SZ,节能铁汉,1.59,2.58%,阳线||布林带下轨,观望,53.78,55.34,55.77,59.18,59.65,55.77,51.9,下轨下方,-1.33,-0.91,-0.85,无信号,否
300198.SZ,*ST纳川,2.37,2.16%,阳线,观望,24.65,24.94,25.39,26.83,26.65,25.39,24.13,布林带内,-0.59,-0.51,-0.16,无信号,否
300199.SZ,翰宇药业,24.55,7.91%,阳线||多头排列||布林带上轨||MA5上穿MA10,多头排列,195.03,186.96,181.29,163.88,203.72,181.29,158.86,上轨上方,7.58,5.9,3.35,无信号,是
300200.SZ,高盟新材,10.53,1.64%,阳线||布林带下轨,观望,37.63,39.27,39.18,39.76,46.84,39.18,31.52,下轨下方,-0.69,0.29,-1.96,死叉,否
300201.SZ,海伦哲,18.34,12.10%,阳线||多头排列||布林带上轨||MA5上穿MA10,多头排列,178.34,164.18,145.86,124.49,190.66,145.86,101.05,上轨上方,15.96,11.4,9.11,无信号,是
300206.SZ,理邦仪器,13.78,1.03%,阳线,观望,,,,,,,,,,,,,
300207.SZ,欣旺达,24.49,0.57%,价升,观望,168.17,172.42,179.82,180.18,199.28,179.82,160.35,布林带内,-4.77,-2.75,-4.04,无信号,否
300209.SZ,行云科技,30.9,11.47%,阳线||多头排列||MA5上穿MA10,多头排列,105.65,102.7,84.59,55.18,128.61,84.59,40.56,布林带内,14.58,14.34,0.5,无信号,是
300210.SZ,森远股份,12.08,1.60%,价升||多头排列||MA5上穿MA10,多头排列,71.06,68.5,63.13,57.07,76.97,63.13,49.28,布林带内,4.37,3.5,1.73,无信号,是
300211.SZ,*ST亿通,9.15,5.54%,阳线,观望,57.25,58.17,57.25,55.07,60.66,57.25,53.83,布林带内,0.89,1.1,-0.42,无信号,否
300213.SZ,佳讯飞鸿,8.11,2.14%,阳线,观望,52.59,53.53,53.01,53.12,56.85,53.01,49.17,布林带内,0.06,0.42,-0.72,无信号,否
300214.SZ,日科化学,8.41,3.70%,阳线,观望,28.04,29.1,28.26,26.03,31.72,28.26,24.8,布林带内,0.64,1.0,-0.71,无信号,否
300215.SZ,电科院,9.07,1.80%,阳线,观望,159.99,162.32,158.72,161.08,170.7,158.72,146.73,布林带内,1.38,1.68,-0.61,死叉,否
300217.SZ,东方电热,5.53,2.98%,阳线,观望,70.77,71.09,69.59,70.41,73.35,69.59,65.83,布林带内,0.42,0.28,0.29,无信号,否
300218.SZ,安利股份,14.39,1.41%,阳线||布林带下轨,观望,31.84,32.38,32.66,34.35,34.58,32.66,30.74,下轨下方,-0.6,-0.42,-0.36,无信号,否
300219.SZ,鸿利智汇,8.43,2.31%,阳线||多头排列||MA5上穿MA10,多头排列,44.13,43.91,42.87,42.4,45.69,42.87,40.05,布林带内,0.68,0.6,0.16,无信号,是
300220.SZ,金运激光,14.16,3.36%,阳线||布林带下轨,观望,59.78,61.51,61.96,62.56,67.73,61.96,56.19,下轨下方,-0.92,-0.01,-1.82,无信号,否
300221.SZ,银禧科技,13.38,14.65%,阳线||多头排列||布林带上轨||MA5上穿MA10,多头排列,51.35,50.39,48.57,45.14,54.0,48.57,43.15,上轨上方,2.03,1.64,0.79,无信号,是
300222.SZ,科大智能,14.14,0.43%,价升,观望,,,,,,,,,,,,,
300223.SZ,北京君正,138.4,5.88%,阳线,观望,,,,,,,,,,,,,
300224.SZ,正海磁材,13.13,3.06%,阳线,观望,,,,,,,,,,,,,
300225.SZ,*ST金泰,8.53,4.28%,阳线||多头排列||布林带上轨||MA5上穿MA10,多头排列,60.27,56.81,53.4,45.5,63.35,53.4,43.45,上轨上方,4.44,3.3,2.28,无信号,是
300226.SZ,上海钢联,24.15,1.51%,阳线||布林带下轨,观望,176.82,189.94,192.88,204.88,240.33,192.88,145.43,下轨下方,-9.42,-2.7,-13.44,无信号,否
300227.SZ,光韵达,10.91,1.30%,价升||布林带下轨,观望,56.09,60.26,61.48,64.72,75.41,61.48,47.54,下轨下方,-3.03,-1.0,-4.06,无信号,否
300228.SZ,富瑞特装,9.24,2.10%,阳线,观望,,,,,,,,,,,,,
300229.SZ,拓尔思,18.37,0.66%,阳线||布林带下轨,观望,92.12,95.88,96.23,100.09,112.55,96.23,79.91,下轨下方,-2.67,-0.55,-4.25,死叉,否
300230.SZ,永利股份,5.12,4.28%,阳线||布林带下轨,观望,35.45,36.05,35.89,36.04,38.42,35.89,33.37,下轨下方,-0.13,0.2,-0.66,无信号,否
300231.SZ,银信科技,10.96,2.05%,阳线||布林带下轨,观望,117.49,118.84,118.96,121.0,128.13,118.96,109.79,下轨下方,-1.35,-0.42,-1.86,死叉,否
300232.SZ,洲明科技,6.29,1.62%,价升||布林带下轨,观望,60.85,62.69,63.7,71.12,70.35,63.7,57.05,下轨下方,-2.78,-2.09,-1.37,死叉,否
300234.SZ,开尔新材,7.59,6.01%,阳线||布林带下轨,观望,41.39,44.29,42.38,39.05,52.56,42.38,32.19,下轨下方,0.35,1.71,-2.72,无信号,否
300237.SZ,ST美晨,2.42,0.41%,阳线||MA5上穿MA10,观望,42.11,41.52,40.75,41.29,42.93,40.75,38.56,布林带内,0.33,0.17,0.32,无信号,否
300238.SZ,冠昊生物,12.89,1.58%,阳线,观望,53.21,55.16,57.1,61.12,62.57,57.1,51.64,布林带内,-2.28,-1.79,-0.98,无信号,否
300239.SZ,东宝生物,5.25,1.94%,阳线||布林带下轨,观望,28.99,29.53,29.84,30.64,31.31,29.84,28.37,下轨下方,-0.39,-0.22,-0.36,无信号,否
300240.SZ,飞力达,6.45,1.57%,价升,观望,23.47,23.85,24.18,25.59,25.55,24.18,22.82,布林带内,-0.52,-0.41,-0.23,无信号,否
300241.SZ,瑞丰光电,7.0,1.74%,阳线,观望,28.58,28.89,28.51,28.06,30.06,28.51,26.95,布林带内,0.22,0.3,-0.17,无信号,否
300243.SZ,瑞丰高材,20.87,20.01%,阳线,观望,81.24,82.47,81.0,68.02,88.53,81.0,73.47,布林带内,3.25,4.25,-2.0,无信号,否
300244.SZ,迪安诊断,18.32,0.88%,阳线||布林带下轨,观望,186.4,193.92,196.73,199.59,215.9,196.73,177.56,下轨下方,-3.62,-1.03,-5.17,无信号,否
300245.SZ,ST天玑,6.82,0.74%,阳线,观望,28.96,30.3,36.58,47.23,54.61,36.58,18.55,布林带内,-6.01,-5.63,-0.77,无信号,否
300247.SZ,融捷健康,4.79,3.01%,阳线||MA5上穿MA10,观望,29.98,29.66,28.49,29.1,31.52,28.49,25.45,布林带内,0.41,0.19,0.45,无信号,否
300248.SZ,新开普,9.83,1.24%,阳线||MA5上穿MA10,观望,102.3,101.91,101.78,110.32,107.3,101.78,96.26,布林带内,-1.84,-2.05,0.4,无信号,否
300249.SZ,依米康,18.01,3.45%,阳线,观望,92.52,93.62,91.9,89.55,97.72,91.9,86.09,布林带内,1.09,1.46,-0.73,无信号,否
300250.SZ,初灵信息,18.6,1.14%,阳线,观望,80.16,81.73,84.45,89.42,93.32,84.45,75.58,布林带内,-2.65,-2.07,-1.16,无信号,否
300251.SZ,光线传媒,13.17,0.84%,价升,观望,346.5,357.73,370.79,406.71,406.09,370.79,335.5,布林带内,-18.34,-16.24,-4.19,无信号,否
300252.SZ,金信诺,15.94,5.70%,阳线,观望,79.12,80.73,77.78,72.61,85.66,77.78,69.9,布林带内,2.08,2.52,-0.87,无信号,否
300254.SZ,仟源医药,13.09,2.35%,阳线,观望,19.95,20.62,19.94,18.4,22.75,19.94,17.13,布林带内,0.49,0.73,-0.48,无信号,否
300255.SZ,常山药业,40.68,0.35%,阳线,观望,315.56,327.06,325.23,322.37,361.97,325.23,288.49,布林带内,-1.37,1.66,-6.07,无信号,否
300257.SZ,开山股份,31.55,0.96%,阳线,观望,203.1,212.41,202.89,189.4,234.86,202.89,170.91,布林带内,4.68,6.95,-4.55,无信号,否
300259.SZ,新天科技,7.47,13.87%,阳线,观望,,,,,,,,,,,,,
300260.SZ,新莱应材,66.8,5.36%,阳线||布林带下轨,观望,324.81,325.62,302.48,283.95,385.15,302.48,219.8,下轨下方,10.48,14.89,-8.83,死叉,否
300261.SZ,雅本化学,5.32,1.14%,阳线||布林带下轨,观望,49.78,51.52,53.26,58.3,58.19,53.26,48.32,下轨下方,-2.22,-1.74,-0.95,无信号,否
300263.SZ,隆华科技,12.93,2.13%,阳线||多头排列||MA5上穿MA10,多头排列,108.28,102.97,96.03,90.22,114.9,96.03,77.16,布林带内,5.82,4.43,2.77,无信号,是
300264.SZ,佳创视讯,9.62,1.58%,阳线||MA5上穿MA10,观望,40.3,40.24,38.03,39.35,43.23,38.03,32.84,布林带内,0.76,0.49,0.54,无信号,否
300265.SZ,通光线缆,21.58,2.03%,阳线,观望,57.02,58.02,53.12,49.47,65.26,53.12,40.98,布林带内,2.44,2.37,0.13,无信号,否
300267.SZ,尔康制药,4.4,3.77%,阳线,观望,46.2,47.42,45.89,43.27,50.8,45.89,40.98,布林带内,0.93,1.31,-0.76,无信号,否
300268.SZ,佳沃食品,13.38,1.13%,阳线,观望,27.76,28.47,28.21,28.11,29.7,28.21,26.72,布林带内,-0.05,0.13,-0.37,无信号,否
300270.SZ,中威电子,13.36,0.98%,阳线,观望,91.3,94.02,91.25,79.25,102.26,91.25,80.24,布林带内,3.56,4.75,-2.36,无信号,否
300271.SZ,华宇软件,6.0,0.17%,价升||布林带下轨,观望,53.83,55.14,55.7,59.15,59.35,55.7,52.05,下轨下方,-1.38,-1.01,-0.73,无信号,否
300272.SZ,开能健康,6.86,2.08%,阳线||布林带下轨,观望,40.23,42.16,44.62,46.32,52.7,44.62,36.53,下轨下方,-2.35,-1.3,-2.11,无信号,否
300275.SZ,梅安森,9.75,0.52%,价升||布林带下轨,观望,43.98,47.47,49.9,52.17,61.02,49.9,38.78,下轨下方,-2.84,-1.04,-3.59,无信号,否
300277.SZ,汽轮科技,15.84,1.02%,价升,观望,84.69,88.35,92.95,102.21,105.39,92.95,80.52,布林带内,-4.32,-3.27,-2.11,无信号,否
300278.SZ,华昌达,5.15,0.59%,阳线||MA5上穿MA10,观望,22.29,22.04,21.51,21.67,23.22,21.51,19.79,布林带内,0.31,0.27,0.08,无信号,否
300279.SZ,和晶科技,7.69,2.95%,阳线,观望,44.78,44.92,45.83,52.01,49.4,45.83,42.25,布林带内,-1.64,-1.77,0.26,无信号,否
300283.SZ,温州宏丰,18.52,5.41%,阳线||多头排列||MA5上穿MA10,多头排列,109.5,103.88,89.14,63.35,125.28,89.14,53.0,布林带内,13.71,12.35,2.72,无信号,是
300285.SZ,国瓷材料,48.4,16.54%,阳线||布林带下轨,观望,487.51,492.45,472.07,439.07,543.36,472.07,400.79,下轨下方,14.09,19.33,-10.48,死叉,否
300286.SZ,安科瑞,29.51,13.28%,阳线,观望,,,,,,,,,,,,,
300287.SZ,飞利信,4.32,1.65%,阳线,观望,55.64,57.37,55.95,56.52,60.91,55.95,50.98,布林带内,0.08,0.42,-0.69,无信号,否
300289.SZ,利德曼,6.23,1.80%,阳线||布林带下轨,观望,16.64,17.05,17.35,17.59,18.51,17.35,16.18,下轨下方,-0.31,-0.16,-0.32,无信号,否
300290.SZ,荣科科技,14.49,1.19%,阳线||布林带下轨,观望,85.89,91.1,93.45,93.05,110.58,93.45,76.32,下轨下方,-2.8,0.13,-5.87,无信号,否
300291.SZ,百纳千成,5.8,1.05%,价升||布林带下轨,观望,50.18,51.67,52.83,57.39,57.64,52.83,48.02,下轨下方,-1.93,-1.53,-0.81,无信号,否
300292.SZ,吴通控股,5.97,3.83%,阳线,观望,56.93,59.39,54.46,48.26,65.95,54.46,42.97,布林带内,2.8,3.15,-0.71,无信号,否
300295.SZ,*ST三六五,11.76,3.07%,阳线,观望,47.19,48.85,48.09,43.51,53.42,48.09,42.77,布林带内,1.13,1.82,-1.39,无信号,否
300296.SZ,利亚德,6.63,1.22%,阳线,观望,,,,,,,,,,,,,
300299.SZ,富春股份,5.94,1.19%,阳线,观望,49.14,49.61,49.29,50.26,52.14,49.29,46.44,布林带内,-0.15,0.0,-0.3,无信号,否
300303.SZ,聚飞光电,9.92,1.74%,阳线,观望,154.69,159.7,155.1,150.26,172.36,155.1,137.85,布林带内,1.83,3.13,-2.59,无信号,否
300304.SZ,云意电气,13.92,3.03%,阳线,观望,,,,,,,,,,,,,
300305.SZ,裕兴股份,6.99,10.43%,阳线||布林带下轨,观望,27.82,28.21,28.07,27.76,29.58,28.07,26.56,下轨下方,0.06,0.26,-0.39,无信号,否
300306.SZ,远方信息,12.24,3.03%,阳线,观望,,,,,,,,,,,,,
300307.SZ,慈星股份,7.32,0.41%,阳线,观望,,,,,,,,,,,,,
300308.SZ,中际旭创,1037.98,4.49%,阳线,观望,,,,,,,,,,,,,
300311.SZ,ST任子行,5.58,2.57%,阳线||多头排列||MA5上穿MA10,多头排列,41.18,41.09,40.56,39.71,42.19,40.56,38.94,布林带内,0.46,0.5,-0.07,无信号,是
300313.SZ,*ST天山,9.96,5.62%,阳线||多头排列||布林带上轨||MA5上穿MA10,多头排列,19.15,18.88,18.19,16.41,19.92,18.19,16.45,上轨上方,0.77,0.68,0.18,无信号,是
300314.SZ,戴维医疗,10.91,1.77%,阳线,观望,,,,,,,,,,,,,
300316.SZ,晶盛机电,55.09,5.11%,阳线,观望,,,,,,,,,,,,,
300317.SZ,珈伟新能,5.28,4.55%,阳线||MACD金叉||多头排列||布林带上轨||MA5上穿MA10,MACD金叉;多头排列,16.23,15.99,15.14,14.95,18.76,15.14,11.52,上轨上方,0.71,0.33,0.76,金叉,是
300318.SZ,博晖创新,5.14,1.38%,阳线,观望,33.81,34.82,35.37,37.62,37.9,35.37,32.85,布林带内,-1.02,-0.79,-0.47,无信号,否
300319.SZ,麦捷科技,14.13,5.84%,阳线||多头排列||MA5上穿MA10,多头排列,106.86,105.35,101.64,99.62,111.01,101.64,92.28,布林带内,2.96,2.29,1.33,无信号,是
300320.SZ,海达股份,9.22,3.25%,阳线,观望,77.16,79.03,79.44,84.63,84.01,79.44,74.87,布林带内,-1.52,-1.21,-0.64,无信号,否
300321.SZ,同大股份,41.8,3.70%,阳线,观望,,,,,,,,,,,,,
300322.SZ,硕贝德,30.71,5.68%,阳线,观望,137.61,140.84,138.34,124.26,150.14,138.34,126.53,布林带内,3.23,5.09,-3.72,无信号,否
300324.SZ,旋极信息,4.94,3.13%,阳线,观望,124.52,125.73,123.2,125.57,133.06,123.2,113.34,布林带内,0.56,0.76,-0.4,无信号,否
300326.SZ,ST凯利,7.07,4.28%,阳线,观望,78.38,79.72,79.7,75.33,83.06,79.7,76.33,布林带内,0.56,1.15,-1.19,无信号,否
300327.SZ,中颖电子,27.85,3.15%,阳线||布林带下轨,观望,75.56,78.42,78.85,76.81,90.36,78.85,67.33,下轨下方,-0.87,0.91,-3.57,无信号,否
300328.SZ,宜安科技,20.57,4.42%,阳线||多头排列||布林带下轨||MA5上穿MA10,多头排列,100.09,99.31,97.26,97.11,112.08,97.26,82.44,下轨下方,0.81,1.71,-1.79,死叉,是
300329.SZ,海伦钢琴,13.31,1.45%,阳线,观望,49.93,50.44,51.32,52.48,54.56,51.32,48.09,布林带内,-0.94,-0.64,-0.59,无信号,否
300331.SZ,苏大维格,54.38,0.07%,价升||多头排列||MA5上穿MA10,多头排列,169.38,168.26,164.72,144.65,177.73,164.72,151.72,布林带内,6.93,7.69,-1.52,无信号,是
300332.SZ,天壕能源,5.3,1.53%,阳线||布林带下轨,观望,11.59,11.71,11.98,12.85,12.76,11.98,11.19,下轨下方,-0.35,-0.28,-0.13,无信号,否
300333.SZ,兆日科技,11.22,0.90%,阳线||多头排列||MA5上穿MA10,多头排列,36.23,35.67,32.82,31.91,39.03,32.82,26.61,布林带内,1.66,1.17,0.98,无信号,是
300334.SZ,津膜科技,8.17,2.51%,阳线,观望,18.84,19.19,18.57,17.85,20.48,18.57,16.66,布林带内,0.4,0.49,-0.18,无信号,否
300335.SZ,迪森股份,6.15,2.16%,阳线,观望,,,,,,,,,,,,,
300337.SZ,银邦股份,13.38,3.00%,阳线,观望,59.64,61.64,62.52,60.28,68.18,62.52,56.86,布林带内,-0.22,0.57,-1.58,无信号,否
300338.SZ,*ST开元,3.21,1.26%,阳线||布林带下轨,观望,15.38,15.91,16.32,17.1,17.77,16.32,14.87,下轨下方,-0.51,-0.3,-0.42,无信号,否
300339.SZ,润和软件,42.85,0.35%,价升,观望,269.55,274.83,274.98,266.1,295.3,274.98,254.65,布林带内,2.48,4.48,-4.0,无信号,否
300340.SZ,科恒股份,10.52,3.14%,阳线,观望,39.3,40.38,40.88,41.9,43.5,40.88,38.26,布林带内,-0.67,-0.32,-0.7,无信号,否
300341.SZ,麦克奥迪,15.7,1.82%,阳线,观望,65.46,65.62,64.61,64.2,67.9,64.61,61.33,布林带内,0.66,0.67,-0.02,死叉,否
300342.SZ,天银机电,58.48,3.78%,阳线,观望,,,,,,,,,,,,,
300343.SZ,ST联创,6.9,3.76%,阳线||布林带下轨,观望,86.59,92.69,91.91,90.5,111.64,91.91,72.19,下轨下方,-1.97,1.02,-5.99,无信号,否
300345.SZ,华民股份,6.42,1.90%,阳线,观望,28.34,29.44,28.76,30.84,31.75,28.76,25.76,布林带内,-0.43,-0.31,-0.23,无信号,否
300346.SZ,南大光电,56.63,1.56%,阳线,观望,,,,,,,,,,,,,
300348.SZ,长亮科技,11.03,0.09%,价升||布林带下轨,观望,116.62,126.62,135.06,149.35,174.87,135.06,95.25,下轨下方,-11.74,-6.44,-10.59,无信号,否
300349.SZ,金卡智能,14.93,4.70%,价升,观望,,,,,,,,,,,,,
300350.SZ,华鹏飞,5.02,1.41%,价升,观望,18.79,19.16,19.28,20.73,20.31,19.28,18.25,布林带内,-0.37,-0.3,-0.15,无信号,否
300351.SZ,永贵电器,25.6,7.02%,阳线,观望,,,,,,,,,,,,,
300352.SZ,ST信源,3.46,2.37%,阳线,观望,65.52,67.7,96.24,120.6,164.21,96.24,28.26,布林带内,-18.23,-15.99,-4.48,无信号,否
300353.SZ,东土科技,20.45,4.23%,阳线||MA5上穿MA10,观望,129.35,127.44,125.2,133.43,134.06,125.2,116.34,布林带内,0.18,-1.02,2.41,无信号,否
300355.SZ,蒙草生态,3.36,1.20%,阳线||布林带下轨,观望,35.83,36.79,37.47,39.84,40.06,37.47,34.88,下轨下方,-1.04,-0.7,-0.69,无信号,否
300358.SZ,楚天科技,9.06,1.80%,阳线||布林带下轨,观望,49.86,51.48,52.91,54.81,57.97,52.91,47.85,下轨下方,-1.57,-0.98,-1.18,无信号,否
300359.SZ,全通教育,4.42,2.55%,阳线,观望,37.89,39.09,40.28,42.44,43.84,40.28,36.72,布林带内,-1.26,-0.85,-0.82,无信号,否
300360.SZ,炬华科技,14.35,0.42%,阳线||布林带下轨,观望,93.15,97.23,100.61,110.06,117.66,100.61,83.57,下轨下方,-5.26,-3.3,-3.94,死叉,否
300364.SZ,中文在线,26.08,0.31%,价升,观望,135.09,141.29,145.5,141.58,162.75,145.5,128.25,布林带内,-2.65,-0.14,-5.04,无信号,否
300365.SZ,恒华科技,5.98,2.22%,阳线||布林带下轨,观望,64.61,66.87,66.6,70.94,78.44,66.6,54.77,下轨下方,-2.04,-0.69,-2.7,死叉,否
300366.SZ,ST创意,5.82,1.39%,阳线||MA5上穿MA10,观望,36.06,35.85,34.81,35.96,37.91,34.81,31.71,布林带内,0.27,0.13,0.28,无信号,否
300369.SZ,绿盟科技,7.01,1.15%,阳线||布林带下轨,观望,61.06,62.66,64.6,71.44,71.12,64.6,58.07,下轨下方,-2.85,-2.48,-0.73,无信号,否
300370.SZ,安控科技,2.49,2.05%,阳线,观望,42.07,42.66,42.69,44.5,44.66,42.69,40.71,布林带内,-0.44,-0.28,-0.34,无信号,否
300371.SZ,汇中股份,12.87,2.88%,阳线||布林带下轨,观望,55.3,58.84,59.97,60.53,73.04,59.97,46.9,下轨下方,-2.04,-0.0,-4.09,无信号,否
300373.SZ,扬杰科技,86.38,11.30%,阳线,观望,,,,,,,,,,,,,
300374.SZ,中铁装配,12.53,0.24%,阳线,观望,27.55,28.59,29.27,31.12,31.68,29.27,26.87,布林带内,-0.91,-0.65,-0.53,无信号,否
300375.SZ,鹏翎股份,4.87,2.10%,阳线||布林带下轨,观望,30.6,32.12,32.6,34.19,39.23,32.6,25.97,下轨下方,-1.24,-0.33,-1.81,死叉,否
300378.SZ,鼎捷数智,40.53,0.90%,阳线||MA5上穿MA10,观望,93.66,93.6,93.14,93.8,100.09,93.14,86.19,布林带内,0.07,0.23,-0.33,无信号,否
300381.SZ,溢多利,7.05,0.86%,价升,观望,47.47,48.44,46.58,45.47,52.63,46.58,40.52,布林带内,0.78,1.11,-0.68,死叉,否
300382.SZ,斯莱克,16.51,5.03%,阳线||多头排列||MA5上穿MA10,多头排列,177.26,175.47,172.81,147.69,186.17,172.81,159.45,布林带内,8.23,9.03,-1.6,无信号,是
300383.SZ,光环新网,15.66,2.55%,阳线,观望,333.1,341.1,342.76,341.01,374.08,342.76,311.43,布林带内,-5.28,-1.84,-6.88,无信号,否
300384.SZ,三联虹普,13.67,1.26%,阳线||布林带下轨,观望,84.63,87.18,89.37,97.53,98.1,89.37,80.64,下轨下方,-3.37,-2.51,-1.72,无信号,否
300385.SZ,ST雪浪,14.67,3.67%,阳线||布林带下轨,观望,50.27,56.0,58.21,56.74,75.88,58.21,40.54,下轨下方,-3.42,-0.47,-5.89,无信号,否
300386.SZ,飞天诚信,11.87,1.02%,阳线,观望,,,,,,,,,,,,,
300387.SZ,富邦科技,8.45,2.55%,阳线||布林带下轨,观望,37.21,38.47,39.31,40.28,42.7,39.31,35.93,下轨下方,-0.76,-0.23,-1.07,无信号,否
300388.SZ,节能国祯,7.93,0.25%,价升||布林带下轨,观望,49.38,50.75,50.7,51.01,54.7,50.7,46.7,下轨下方,-0.43,0.18,-1.22,无信号,否
300390.SZ,天华新能,89.14,0.48%,阳线||布林带下轨,观望,656.66,730.91,767.62,579.59,1017.53,767.62,517.71,下轨下方,-2.16,46.79,-97.92,无信号,否
300393.SZ,中来股份,10.27,0.59%,价升||布林带下轨,观望,56.08,64.66,64.2,63.16,89.2,64.2,39.19,下轨下方,-2.8,1.14,-7.88,无信号,否
300394.SZ,天孚通信,372.5,10.47%,阳线||布林带下轨,观望,2761.45,3020.28,2965.14,2955.85,4034.33,2965.14,1895.95,下轨下方,-109.31,30.91,-280.45,死叉,否
300395.SZ,菲利华,140.15,9.15%,阳线,观望,855.22,906.69,845.4,768.27,1048.54,845.4,642.26,布林带内,27.45,47.17,-39.44,无信号,否
300397.SZ,天和防务,14.52,3.71%,价升||布林带下轨,观望,46.55,48.34,47.26,46.65,57.4,47.26,37.11,下轨下方,-0.08,1.08,-2.32,死叉,否
300398.SZ,飞凯材料,37.98,3.32%,阳线,观望,204.18,210.94,194.74,168.63,236.2,194.74,153.28,布林带内,10.61,13.17,-5.13,死叉,否
300399.SZ,天利科技,21.9,1.01%,阳线,观望,55.27,56.32,55.38,56.75,59.24,55.38,51.51,布林带内,0.13,0.29,-0.31,无信号,否
300400.SZ,劲拓股份,31.85,6.52%,阳线,观望,99.59,99.77,93.02,83.85,109.28,93.02,76.76,布林带内,4.0,4.15,-0.3,死叉,否
300401.SZ,花园生物,13.05,1.24%,阳线||布林带下轨,观望,70.02,72.0,71.3,76.37,76.2,71.3,66.4,下轨下方,-1.39,-1.05,-0.66,无信号,否
300402.SZ,宝色股份,17.29,2.37%,阳线||布林带下轨,观望,18.51,19.28,19.49,20.85,21.04,19.49,17.94,下轨下方,-0.54,-0.34,-0.41,无信号,否
300404.SZ,博济医药,10.65,1.72%,阳线||布林带下轨,观望,44.89,48.22,49.32,48.41,62.68,49.32,35.96,下轨下方,-1.88,0.19,-4.14,无信号,否
300405.SZ,科隆股份,7.16,4.22%,阳线||布林带下轨,观望,24.81,26.3,25.71,25.64,32.38,25.71,19.04,下轨下方,-0.31,0.53,-1.68,死叉,否
300406.SZ,九强生物,12.86,0.70%,价升||布林带下轨,观望,59.59,61.07,60.26,59.19,65.38,60.26,55.13,下轨下方,0.12,0.74,-1.23,无信号,否
300407.SZ,凯发电气,13.3,6.74%,阳线,观望,54.49,55.48,55.28,55.36,57.95,55.28,52.62,布林带内,-0.15,0.2,-0.68,无信号,否
300408.SZ,三环集团,115.0,16.79%,阳线,观望,,,,,,,,,,,,,
300409.SZ,道氏技术,25.36,3.30%,阳线,观望,141.73,144.3,149.3,151.52,162.87,149.3,135.73,布林带内,-2.84,-1.42,-2.84,无信号,否
300410.SZ,正业科技,10.94,12.90%,阳线||布林带下轨,观望,45.18,47.95,48.5,45.09,58.65,48.5,38.35,下轨下方,-0.63,1.17,-3.59,无信号,否
300411.SZ,金盾股份,9.9,0.20%,阳线,观望,36.3,36.77,37.25,38.91,38.89,37.25,35.61,布林带内,-0.64,-0.53,-0.21,无信号,否
300412.SZ,迦南科技,5.02,3.08%,阳线||布林带下轨,观望,38.62,41.08,42.72,44.65,52.24,42.72,33.19,下轨下方,-2.16,-0.74,-2.84,无信号,否
300414.SZ,中光防雷,12.85,2.07%,阳线||布林带下轨,观望,46.12,50.21,53.1,55.41,66.76,53.1,39.44,下轨下方,-3.22,-1.05,-4.32,无信号,否
300415.SZ,伊之密,25.78,1.30%,阳线,观望,101.77,103.5,99.89,100.84,108.79,99.89,91.0,布林带内,0.84,1.03,-0.39,死叉,否
300416.SZ,苏试试验,17.94,5.41%,阳线||布林带下轨,观望,100.34,108.64,113.64,117.94,150.61,113.64,76.66,下轨下方,-7.48,-2.28,-10.41,无信号,否
300417.SZ,南华仪器,14.91,3.61%,阳线||布林带下轨,观望,50.57,53.65,52.7,50.92,64.93,52.7,40.47,下轨下方,-0.42,1.3,-3.43,无信号,否
300419.SZ,ST浩丰,6.84,1.94%,阳线,观望,54.07,55.02,55.57,56.06,60.53,55.57,50.61,布林带内,-0.77,-0.48,-0.57,无信号,否
300420.SZ,五洋自控,4.55,2.94%,阳线,观望,40.12,40.69,37.66,36.52,45.36,37.66,29.96,布林带内,1.22,1.39,-0.34,死叉,否
300421.SZ,力星股份,27.96,1.78%,阳线||布林带下轨,观望,58.51,60.91,59.88,59.9,75.63,59.88,44.12,下轨下方,-1.15,0.67,-3.62,死叉,否
300422.SZ,博世科,5.69,1.79%,阳线,观望,30.15,30.56,29.78,27.45,33.54,29.78,26.01,布林带内,0.88,1.13,-0.51,无信号,否
300423.SZ,昇辉科技,7.11,2.89%,阳线||布林带下轨,观望,23.42,25.4,26.34,29.73,32.57,26.34,20.1,下轨下方,-1.78,-0.89,-1.79,无信号,否
300424.SZ,航新科技,20.79,0.92%,价升||多头排列||MA5上穿MA10,多头排列,36.99,36.62,35.04,33.41,38.82,35.04,31.26,布林带内,1.26,1.0,0.52,无信号,是
300425.SZ,中建环能,4.57,0.22%,价升||布林带下轨,观望,40.5,41.35,42.33,43.29,45.52,42.33,39.13,下轨下方,-0.88,-0.4,-0.94,无信号,否
300426.SZ,华智数媒,7.08,8.42%,阳线,观望,35.74,36.48,37.15,39.35,39.56,37.15,34.74,布林带内,-0.93,-0.75,-0.35,无信号,否
300427.SZ,红相股份,9.81,2.94%,阳线||布林带下轨,观望,34.13,36.11,37.08,41.76,41.58,37.08,32.59,下轨下方,-1.93,-1.46,-0.94,无信号,否
300428.SZ,立中集团,22.23,3.06%,阳线,观望,84.12,84.84,82.86,84.55,88.46,82.86,77.27,布林带内,0.57,0.51,0.11,无信号,否
300429.SZ,强力新材,15.41,2.46%,阳线||布林带下轨,观望,85.16,87.92,87.51,85.03,107.21,87.51,67.81,下轨下方,-1.06,1.51,-5.14,死叉,否
300433.SZ,蓝思科技,38.4,5.18%,阳线||多头排列||MA5上穿MA10,多头排列,213.11,198.95,177.13,175.66,227.69,177.13,126.58,布林带内,12.6,7.46,10.28,无信号,是
300434.SZ,金石亚药,10.8,0.84%,阳线,观望,41.02,42.06,42.08,39.5,45.35,42.08,38.8,布林带内,0.33,0.84,-1.02,无信号,否
300435.SZ,中泰股份,20.55,0.93%,价升,观望,,,,,,,,,,,,,
300437.SZ,清水源,13.93,2.50%,阳线||布林带下轨,观望,42.08,44.37,45.69,48.81,50.9,45.69,40.48,下轨下方,-1.53,-0.77,-1.52,无信号,否
300441.SZ,鲍斯股份,6.63,1.07%,价升||布林带下轨,观望,49.4,50.81,51.94,54.28,56.45,51.94,47.42,下轨下方,-1.45,-0.83,-1.23,无信号,否
300442.SZ,润泽科技,93.35,1.93%,阳线||布林带下轨,观望,160.4,170.83,171.17,166.37,210.63,171.17,131.72,下轨下方,-3.29,2.94,-12.46,无信号,否
300443.SZ,金雷股份,27.78,5.99%,阳线,观望,,,,,,,,,,,,,
300444.SZ,双杰电气,14.91,2.54%,阳线,观望,,,,,,,,,,,,,
300445.SZ,康斯特,25.01,3.35%,阳线,观望,,,,,,,,,,,,,
300446.SZ,航天智造,17.9,1.53%,阳线||布林带下轨,观望,58.6,62.88,65.89,71.5,80.54,65.89,51.23,下轨下方,-4.17,-2.11,-4.12,无信号,否
300447.SZ,全信股份,17.63,2.14%,阳线,观望,,,,,,,,,,,,,
300448.SZ,浩云科技,7.82,2.22%,阳线||布林带下轨,观望,57.36,60.11,60.65,63.65,73.14,60.65,48.16,下轨下方,-1.42,0.22,-3.27,死叉,否
300449.SZ,汉邦高科,8.65,1.65%,价升||布林带下轨,观望,30.45,34.95,30.88,29.2,44.11,30.88,17.64,下轨下方,0.6,1.81,-2.42,无信号,否
300450.SZ,先导智能,51.25,2.30%,阳线||布林带下轨,观望,944.55,1009.74,1066.07,1035.05,1294.35,1066.07,837.8,下轨下方,-43.63,-4.85,-77.56,无信号,否
300451.SZ,创业慧康,4.09,1.49%,阳线||布林带下轨,观望,65.96,72.66,76.19,83.94,100.77,76.19,51.62,下轨下方,-6.2,-2.7,-6.99,无信号,否
300452.SZ,山河药辅,12.87,0.55%,阳线||布林带下轨,观望,68.25,73.44,76.56,81.84,94.57,76.56,58.55,下轨下方,-4.81,-2.17,-5.29,无信号,否
300453.SZ,三鑫医疗,9.91,1.75%,阳线||布林带下轨,观望,58.4,64.48,67.32,67.15,89.72,67.32,44.92,下轨下方,-3.81,-0.32,-6.98,无信号,否
300454.SZ,深信服,115.79,2.92%,阳线,观望,118.69,122.55,120.09,115.84,132.86,120.09,107.31,布林带内,1.27,2.38,-2.23,无信号,否
300455.SZ,航天智装,24.85,1.14%,阳线,观望,93.68,97.17,97.6,93.8,106.92,97.6,88.29,布林带内,-0.03,1.28,-2.63,无信号,否
300456.SZ,赛微电子,46.92,1.54%,价升,观望,,,,,,,,,,,,,
300457.SZ,赢合科技,29.5,6.77%,阳线||布林带下轨,观望,152.96,158.89,162.27,155.57,187.0,162.27,137.54,下轨下方,-3.1,1.01,-8.23,无信号,否
300458.SZ,全志科技,36.66,2.37%,阳线,观望,,,,,,,,,,,,,
300460.SZ,ST惠伦,10.33,4.55%,阳线||布林带下轨,观望,13.74,14.35,14.06,13.32,16.17,14.06,11.95,下轨下方,0.08,0.38,-0.61,无信号,否
300462.SZ,ST华铭,13.43,3.87%,阳线,观望,27.45,28.06,28.07,27.34,29.49,28.07,26.66,布林带内,0.0,0.21,-0.42,无信号,否
300465.SZ,高伟达,14.09,0.14%,价升,观望,46.48,47.43,46.96,50.37,49.92,46.96,44.01,布林带内,-0.71,-0.64,-0.14,死叉,否
300466.SZ,赛摩智能,9.14,2.24%,阳线,观望,50.01,50.11,49.61,49.61,51.87,49.61,47.34,布林带内,0.36,0.42,-0.11,无信号,否
300467.SZ,迅游科技,38.14,0.50%,价升,观望,157.87,159.27,153.67,132.23,178.82,153.67,128.52,布林带内,7.33,8.85,-3.03,无信号,否
300469.SZ,信息发展,55.27,0.66%,价升||布林带下轨,观望,165.35,176.68,172.83,185.17,216.16,172.83,129.51,下轨下方,-5.39,-0.36,-10.05,死叉,否
300471.SZ,厚普股份,11.02,2.80%,阳线,观望,58.1,59.6,61.39,68.73,66.79,61.39,55.99,布林带内,-2.59,-2.27,-0.63,无信号,否
300472.SZ,*ST新元,9.13,0.66%,阳线||布林带下轨,观望,20.7,21.54,20.97,20.0,24.99,20.97,16.96,下轨下方,-0.01,0.49,-0.99,死叉,否
300473.SZ,德尔股份,37.55,6.13%,阳线||多头排列||MA5上穿MA10,多头排列,38.14,36.8,36.72,36.17,39.36,36.72,34.08,布林带内,0.58,0.3,0.55,无信号,是
300474.SZ,景嘉微,63.31,1.62%,阳线||布林带下轨,观望,182.03,192.7,193.52,193.12,227.87,193.52,159.18,下轨下方,-3.81,1.53,-10.67,无信号,否
300475.SZ,香农芯创,187.69,5.59%,阳线||布林带下轨,观望,379.93,410.27,403.65,360.25,518.76,403.65,288.55,下轨下方,-0.05,18.5,-37.09,无信号,否
300476.SZ,胜宏科技,375.5,13.31%,阳线,观望,,,,,,,,,,,,,
300477.SZ,ST合纵,2.83,1.07%,阳线,观望,18.03,19.6,18.17,18.25,23.36,18.17,12.98,布林带内,0.1,0.52,-0.83,死叉,否
300478.SZ,杭州高新,40.23,6.80%,阳线||多头排列||MA5上穿MA10,多头排列,78.24,76.08,67.23,54.57,86.69,67.23,47.76,布林带内,6.98,6.44,1.07,无信号,是
300479.SZ,神思电子,16.3,1.24%,价升,观望,33.82,34.06,34.96,38.35,38.18,34.96,31.74,布林带内,-1.22,-1.16,-0.12,无信号,否
300480.SZ,光力科技,37.96,2.46%,阳线||布林带下轨,观望,124.48,128.35,125.44,110.34,153.3,125.44,97.58,下轨下方,1.87,5.88,-8.02,无信号,否
300481.SZ,濮阳惠成,15.54,3.39%,阳线,观望,,,,,,,,,,,,,
300482.SZ,万孚生物,17.95,0.17%,阳线||布林带下轨,观望,90.89,96.9,97.9,99.75,114.27,97.9,81.54,下轨下方,-2.89,-0.4,-4.98,无信号,否
300483.SZ,首华燃气,22.12,1.28%,阳线||布林带下轨,观望,36.9,37.15,38.14,37.99,46.29,38.14,29.99,下轨下方,-0.84,0.11,-1.9,死叉,否
300484.SZ,蓝海华腾,18.24,2.36%,阳线||MA5上穿MA10,观望,77.97,75.96,74.18,75.35,80.04,74.18,68.32,布林带内,0.81,0.39,0.83,无信号,否
300486.SZ,东杰智能,23.1,0.57%,阳线||布林带下轨,观望,45.52,48.5,50.84,53.61,64.14,50.84,37.54,下轨下方,-3.14,-1.35,-3.58,无信号,否
300487.SZ,蓝晓科技,60.95,1.13%,阳线||布林带下轨,观望,314.68,339.39,358.88,391.31,457.87,358.88,259.89,下轨下方,-26.59,-12.82,-27.55,无信号,否
300488.SZ,恒锋工具,36.6,1.64%,阳线||布林带下轨,观望,92.46,97.74,91.92,86.43,117.97,91.92,65.86,下轨下方,1.87,4.47,-5.18,死叉,否
300489.SZ,光智科技,135.0,4.72%,阳线,观望,367.71,370.32,335.82,213.17,431.88,335.82,239.76,布林带内,38.47,46.89,-16.84,死叉,否
300490.SZ,华自科技,17.42,2.65%,阳线||布林带下轨,观望,37.28,38.95,39.5,36.84,43.53,39.5,35.47,下轨下方,-0.19,0.62,-1.63,无信号,否
300491.SZ,通合科技,27.55,3.26%,阳线,观望,,,,,,,,,,,,,
300492.SZ,华图山鼎,47.1,4.43%,阳线||布林带下轨,观望,99.97,110.19,117.36,138.99,151.99,117.36,82.73,下轨下方,-11.41,-7.12,-8.57,无信号,否
300493.SZ,润欣科技,16.99,2.97%,阳线||布林带下轨,观望,60.75,62.64,62.52,63.93,72.27,62.52,52.77,下轨下方,-1.14,0.08,-2.43,死叉,否
300494.SZ,盛天网络,10.07,0.10%,价升||布林带下轨,观望,35.04,37.83,39.86,42.77,49.54,39.86,30.17,下轨下方,-2.69,-1.27,-2.83,无信号,否
300496.SZ,中科创达,71.65,3.78%,阳线,观望,,,,,,,,,,,,,
300497.SZ,富祥股份,15.98,0.63%,价升||布林带下轨,观望,87.69,94.76,103.75,102.4,133.36,103.75,74.14,下轨下方,-6.98,-2.31,-9.35,无信号,否
300499.SZ,高澜股份,45.31,5.03%,阳线||布林带下轨,观望,163.7,172.1,170.46,161.02,216.66,170.46,124.26,下轨下方,-2.09,4.29,-12.76,死叉,否
300500.SZ,启迪设计,11.93,2.76%,阳线||布林带下轨,观望,32.0,33.22,32.67,32.65,37.68,32.67,27.67,下轨下方,-0.18,0.46,-1.26,死叉,否
300501.SZ,海顺新材,14.66,0.48%,价升,观望,,,,,,,,,,,,,
300502.SZ,新易盛,606.77,7.20%,阳线||布林带下轨,观望,5737.63,6345.98,6371.16,5567.64,8645.07,6371.16,4097.25,下轨下方,-146.19,217.12,-726.62,无信号,否
300503.SZ,昊志机电,89.34,2.73%,阳线||多头排列||布林带上轨||MA5上穿MA10,多头排列,201.6,188.93,175.4,145.9,214.57,175.4,136.22,上轨上方,16.59,12.19,8.78,无信号,是
300504.SZ,天邑股份,18.51,6.50%,阳线,观望,19.53,19.93,19.23,17.9,21.23,19.23,17.23,布林带内,0.5,0.66,-0.32,无信号,否
300505.SZ,川金诺,22.81,1.56%,阳线||布林带下轨,观望,42.63,46.73,49.21,58.57,62.13,49.21,36.29,下轨下方,-4.36,-2.66,-3.4,无信号,否
300506.SZ,ST名家汇,5.14,0.78%,阳线||布林带下轨,观望,28.78,30.88,31.43,32.01,40.24,31.43,22.62,下轨下方,-1.28,-0.07,-2.44,死叉,否
300507.SZ,苏奥传感,8.88,3.86%,阳线||布林带下轨,观望,79.27,88.97,88.52,91.98,124.13,88.52,52.9,下轨下方,-5.12,-0.16,-9.91,死叉,否
300508.SZ,维宏股份,47.52,0.81%,价升,观望,,,,,,,,,,,,,
300509.SZ,新美星,10.73,1.71%,阳线||布林带下轨,观望,40.47,44.16,45.79,49.61,57.83,45.79,33.75,下轨下方,-2.97,-1.23,-3.47,无信号,否
300510.SZ,金冠股份,3.98,2.05%,阳线||布林带下轨,观望,23.54,25.07,25.5,27.46,30.91,25.5,20.1,下轨下方,-1.22,-0.45,-1.54,无信号,否
300512.SZ,中亚股份,8.93,2.06%,阳线||布林带下轨,观望,28.88,30.44,30.99,32.14,36.61,30.99,25.38,下轨下方,-1.1,-0.27,-1.68,无信号,否
300513.SZ,恒实科技,9.02,2.04%,阳线||布林带下轨,观望,25.0,26.3,26.46,27.1,32.36,26.46,20.57,下轨下方,-0.82,0.01,-1.66,死叉,否
300514.SZ,友讯达,12.17,2.87%,阳线||布林带下轨,观望,26.09,26.51,26.66,28.41,28.41,26.66,24.91,下轨下方,-0.59,-0.45,-0.29,无信号,否
300515.SZ,三德科技,17.49,3.92%,阳线||布林带下轨,观望,36.61,36.85,36.86,39.05,38.04,36.86,35.69,下轨下方,-0.58,-0.57,-0.03,死叉,否
300516.SZ,久之洋,37.6,1.73%,价升,观望,,,,,,,,,,,,,
300517.SZ,海波重科,12.92,1.57%,价升||布林带下轨,观望,21.48,21.85,22.27,21.94,26.88,22.27,17.66,下轨下方,-0.43,0.14,-1.15,死叉,否
300518.SZ,新迅达,32.48,1.79%,价升||布林带下轨,观望,56.25,57.65,54.12,44.6,69.57,54.12,38.67,下轨下方,2.65,4.15,-3.01,死叉,否
300519.SZ,新光药业,15.37,2.40%,阳线||布林带下轨,观望,36.99,38.32,38.96,38.73,42.91,38.96,35.01,下轨下方,-0.68,0.01,-1.38,无信号,否
300520.SZ,科大国创,36.99,8.76%,价升,观望,80.32,82.04,80.54,84.3,87.81,80.54,73.27,布林带内,-0.51,-0.47,-0.08,无信号,否
300522.SZ,世名科技,13.52,5.62%,阳线,观望,,,,,,,,,,,,,
300525.SZ,博思软件,9.41,1.40%,阳线||布林带下轨,观望,75.96,84.94,90.06,98.31,124.84,90.06,55.29,下轨下方,-8.0,-3.0,-10.0,无信号,否
300527.SZ,ST应急,7.89,0.90%,阳线||布林带下轨,观望,15.83,15.94,16.2,16.46,16.98,16.2,15.42,下轨下方,-0.21,-0.12,-0.19,无信号,否
300528.SZ,幸福蓝海,17.28,3.72%,阳线||布林带上轨||MA5上穿MA10,观望,20.31,19.58,19.44,20.16,20.95,19.44,17.94,上轨上方,0.01,-0.26,0.54,无信号,否
300529.SZ,健帆生物,18.79,0.54%,阳线||布林带下轨,观望,39.34,42.61,43.49,43.36,55.14,43.49,31.84,下轨下方,-1.69,0.1,-3.59,无信号,否
300530.SZ,领湃科技,22.66,2.03%,阳线||布林带下轨,观望,49.09,53.81,56.23,61.19,72.03,56.23,40.42,下轨下方,-4.01,-1.73,-4.56,无信号,否
300532.SZ,今天国际,7.72,0.92%,阳线,观望,,,,,,,,,,,,,
300534.SZ,陇神戎发,8.54,1.43%,价升,观望,,,,,,,,,,,,,
300535.SZ,达威股份,18.12,2.95%,阳线,观望,31.38,31.75,32.77,34.54,35.31,32.77,30.23,布林带内,-0.85,-0.66,-0.38,无信号,否
300536.SZ,农尚环境,13.46,0.98%,价升,观望,40.02,41.05,35.73,29.75,49.95,35.73,21.52,布林带内,2.84,3.54,-1.4,死叉,否
300537.SZ,广信材料,30.28,6.85%,阳线||多头排列||MA5上穿MA10,多头排列,48.64,45.48,41.62,38.83,51.0,41.62,32.25,布林带内,2.96,2.11,1.71,无信号,是
300538.SZ,同益股份,17.33,2.85%,阳线||布林带下轨,观望,43.86,45.29,45.25,43.77,54.72,45.25,35.77,下轨下方,-0.52,0.78,-2.59,死叉,否
300540.SZ,蜀道装备,28.89,5.25%,阳线,观望,,,,,,,,,,,,,
300541.SZ,先进数通,12.19,1.25%,阳线||布林带下轨,观望,37.86,40.67,42.37,47.5,54.51,42.37,30.23,下轨下方,-3.26,-1.76,-3.0,死叉,否
300543.SZ,朗科智能,9.39,2.29%,阳线||布林带下轨,观望,40.39,43.4,44.76,47.75,57.0,44.76,32.52,下轨下方,-2.61,-0.88,-3.46,无信号,否
300545.SZ,联得装备,35.91,3.07%,阳线||多头排列||MA5上穿MA10,多头排列,73.5,72.56,70.7,68.66,76.1,70.7,65.3,布林带内,1.62,1.51,0.23,无信号,是
300546.SZ,雄帝科技,19.76,0.41%,价升||布林带下轨,观望,64.81,68.88,67.78,73.16,78.08,67.78,57.47,下轨下方,-2.29,-1.08,-2.42,无信号,否
300547.SZ,川环科技,42.0,2.92%,阳线||布林带下轨,观望,147.45,152.7,150.73,140.67,185.01,150.73,116.45,下轨下方,-0.7,4.04,-9.47,死叉,否
300548.SZ,长芯博创,240.3,3.81%,阳线||布林带下轨,观望,571.32,648.33,678.62,543.04,897.04,678.62,460.2,下轨下方,-15.9,28.83,-89.46,无信号,否
300549.SZ,优德精密,17.95,3.16%,阳线||布林带下轨,观望,38.23,38.71,38.57,38.11,40.6,38.57,36.54,下轨下方,0.05,0.32,-0.54,无信号,否
300550.SZ,和仁科技,13.52,1.05%,阳线||布林带下轨,观望,33.19,35.56,35.31,35.1,47.01,35.31,23.61,下轨下方,-0.93,0.58,-3.02,死叉,否
300552.SZ,万集科技,29.99,0.20%,阳线||布林带下轨,观望,51.34,53.35,52.67,53.71,64.11,52.67,41.22,下轨下方,-0.9,0.39,-2.59,死叉,否
300553.SZ,集智股份,67.26,10.53%,阳线,观望,99.27,100.3,89.13,75.27,120.61,89.13,57.65,布林带内,6.51,7.92,-2.82,死叉,否
300554.SZ,三超新材,27.62,7.01%,阳线,观望,48.51,49.1,46.78,44.48,53.32,46.78,40.24,布林带内,1.63,1.65,-0.04,无信号,否
300555.SZ,ST路通,14.36,4.66%,阳线,观望,35.54,35.9,34.97,33.94,37.19,34.97,32.74,布林带内,0.52,0.53,-0.02,无信号,否
300556.SZ,丝路视觉,21.04,0.81%,阳线||多头排列||MA5上穿MA10,多头排列,22.14,21.66,20.84,19.7,23.36,20.84,18.32,布林带内,0.72,0.69,0.06,无信号,是
300557.SZ,理工光科,38.88,2.88%,阳线||布林带下轨,观望,61.92,64.27,63.47,63.34,76.16,63.47,50.78,下轨下方,-0.63,1.0,-3.26,死叉,否
300559.SZ,佳发教育,12.82,2.89%,阳线||布林带下轨,观望,67.0,71.41,75.13,75.38,99.6,75.13,50.66,下轨下方,-4.85,-1.17,-7.37,无信号,否
300560.SZ,中富通,17.14,5.09%,阳线,观望,45.59,46.31,44.75,43.99,50.93,44.75,38.57,布林带内,0.31,0.73,-0.84,死叉,否
300561.SZ,*ST汇科,19.41,7.89%,阳线||布林带下轨,观望,100.19,106.24,105.57,89.73,128.96,105.57,82.19,下轨下方,0.38,4.64,-8.52,无信号,否
300562.SZ,乐心医疗,13.29,0.99%,价升,观望,,,,,,,,,,,,,
300563.SZ,神宇股份,30.9,3.52%,阳线||布林带下轨,观望,55.41,59.88,62.23,63.66,77.35,62.23,47.11,下轨下方,-3.13,-0.7,-4.85,无信号,否
300564.SZ,筑博设计,16.53,2.54%,阳线||布林带下轨,观望,28.45,30.3,29.77,29.02,36.78,29.77,22.75,下轨下方,-0.42,0.58,-2.02,无信号,否
300565.SZ,科信技术,14.75,4.09%,阳线||MA5上穿MA10,观望,19.83,19.3,18.17,18.42,21.12,18.17,15.22,布林带内,0.42,0.23,0.39,无信号,否
300566.SZ,激智科技,23.09,5.39%,阳线||布林带下轨,观望,59.85,60.84,59.59,58.59,68.36,59.59,50.81,下轨下方,0.33,1.05,-1.44,死叉,否
300567.SZ,精测电子,195.3,2.34%,阳线||多头排列||MA5上穿MA10,多头排列,537.02,518.81,471.78,427.31,601.33,471.78,342.23,布林带内,31.18,30.76,0.84,无信号,是
300568.SZ,星源材质,18.23,2.70%,阳线,观望,,,,,,,,,,,,,
300569.SZ,天能重工,5.72,1.42%,阳线||布林带下轨,观望,43.85,49.14,52.29,57.28,72.29,52.29,32.28,下轨下方,-4.91,-2.01,-5.8,无信号,否
300570.SZ,太辰光,161.42,8.69%,阳线,观望,289.68,304.65,284.93,251.1,338.01,284.93,231.86,布林带内,12.52,15.1,-5.16,无信号,否
300571.SZ,平治信息,64.71,8.92%,阳线||多头排列||MA5上穿MA10,多头排列,196.3,191.61,162.98,121.67,234.2,162.98,91.76,布林带内,22.17,21.21,1.91,无信号,是
300572.SZ,安车检测,33.19,5.80%,阳线||布林带下轨,观望,89.75,95.75,92.0,84.65,112.91,92.0,71.08,下轨下方,0.6,3.45,-5.7,无信号,否
300575.SZ,中旗股份,6.63,2.95%,阳线||布林带下轨,观望,38.69,42.99,44.4,44.78,62.34,44.4,26.45,下轨下方,-2.63,0.03,-5.33,无信号,否
300576.SZ,容大感光,45.78,7.82%,阳线||布林带下轨,观望,160.71,163.95,159.99,153.6,208.48,159.99,111.5,下轨下方,-0.54,4.78,-10.64,死叉,否
300578.SZ,会畅科技,20.41,3.24%,阳线,观望,38.5,38.89,39.45,39.7,41.98,39.45,36.92,布林带内,-0.41,-0.11,-0.6,无信号,否
300579.SZ,数字认证,25.29,0.88%,价升||布林带下轨,观望,79.46,85.84,89.21,95.18,113.59,89.21,64.82,下轨下方,-5.54,-2.05,-6.99,无信号,否
300580.SZ,贝斯特,28.67,5.21%,阳线||布林带下轨,观望,55.0,59.94,63.15,56.95,79.93,63.15,46.37,下轨下方,-2.11,0.95,-6.12,无信号,否
300581.SZ,晨曦航空,12.06,2.29%,阳线||布林带下轨,观望,123.93,138.04,142.63,156.23,189.42,142.63,95.85,下轨下方,-10.49,-3.7,-13.58,无信号,否
300582.SZ,英飞特,16.65,0.91%,阳线||布林带下轨,观望,37.23,37.35,35.75,34.59,43.91,35.75,27.6,下轨下方,0.7,1.3,-1.19,死叉,否
300583.SZ,赛托生物,14.35,2.06%,阳线||布林带下轨,观望,22.5,24.16,24.3,24.21,29.42,24.3,19.18,下轨下方,-0.7,0.11,-1.61,无信号,否
300584.SZ,海辰药业,37.05,1.23%,价升,观望,58.11,60.16,62.93,65.61,70.03,62.93,55.84,布林带内,-2.43,-1.66,-1.52,无信号,否
300586.SZ,美联新材,12.37,9.66%,阳线||布林带下轨,观望,65.18,70.33,70.59,65.08,90.65,70.59,50.54,下轨下方,-1.04,2.18,-6.45,无信号,否
300587.SZ,天铁科技,5.68,0.35%,价升||布林带下轨,观望,40.95,47.33,49.93,50.75,71.23,49.93,28.64,下轨下方,-3.6,-0.21,-6.79,无信号,否
300588.SZ,熙菱信息,20.41,0.34%,价升,观望,33.46,34.28,36.95,38.96,43.07,36.95,30.83,布林带内,-1.79,-1.36,-0.86,无信号,否
300589.SZ,江龙船艇,14.62,2.24%,阳线||布林带下轨,观望,55.17,60.31,62.99,67.33,77.58,62.99,48.4,下轨下方,-3.8,-1.49,-4.61,无信号,否
300590.SZ,移为通信,15.25,0.93%,阳线||布林带下轨,观望,75.96,81.68,82.93,73.81,108.56,82.93,57.3,下轨下方,-0.87,3.2,-8.15,无信号,否
300591.SZ,万里马,8.06,1.90%,阳线,观望,10.71,10.85,10.43,9.96,11.84,10.43,9.03,布林带内,0.28,0.32,-0.08,无信号,否
300592.SZ,华凯易佰,13.08,2.67%,阳线||布林带下轨,观望,17.99,19.6,19.65,19.01,23.22,19.65,16.07,下轨下方,-0.38,0.23,-1.22,无信号,否
300593.SZ,新雷能,33.32,11.77%,阳线||布林带下轨,观望,109.56,115.2,118.33,113.77,159.12,118.33,77.53,下轨下方,-3.64,2.11,-11.52,死叉,否
300594.SZ,ST朗进,18.33,2.23%,阳线,观望,19.11,19.71,21.51,27.25,27.74,21.51,15.27,布林带内,-2.43,-2.39,-0.08,无信号,否
300596.SZ,利安隆,43.95,2.04%,阳线,观望,69.74,70.24,68.63,70.59,74.59,68.63,62.67,布林带内,0.15,0.28,-0.27,死叉,否
300597.SZ,吉大通信,9.89,2.81%,阳线||多头排列||MA5上穿MA10,多头排列,10.14,10.12,9.96,9.75,10.54,9.96,9.37,布林带内,0.12,0.14,-0.04,无信号,是
300598.SZ,诚迈科技,37.1,0.46%,阳线||布林带下轨,观望,85.91,92.55,94.38,98.14,121.74,94.38,67.02,下轨下方,-4.69,-0.84,-7.7,死叉,否
300599.SZ,雄塑科技,12.82,4.74%,阳线,观望,12.92,13.27,13.09,11.8,14.48,13.09,11.69,布林带内,0.32,0.45,-0.25,无信号,否
300600.SZ,国瑞科技,11.7,1.74%,阳线||布林带下轨,观望,32.5,35.12,37.06,38.61,46.06,37.06,28.05,下轨下方,-2.16,-0.76,-2.8,无信号,否
300602.SZ,飞荣达,39.83,3.59%,阳线||布林带下轨,观望,166.42,172.14,171.74,165.06,217.96,171.74,125.52,下轨下方,-1.9,4.13,-12.06,死叉,否
300603.SZ,立昂技术,11.12,1.83%,阳线||布林带下轨,观望,26.06,26.7,27.29,28.56,35.33,27.29,19.26,下轨下方,-1.45,-0.52,-1.86,死叉,否
300604.SZ,长川科技,236.02,0.53%,价升||布林带下轨,观望,1340.45,1411.28,1294.78,1032.1,1839.89,1294.78,749.67,下轨下方,65.08,121.21,-112.25,死叉,否
300605.SZ,恒锋信息,12.26,1.83%,阳线||布林带下轨,观望,23.23,24.4,25.56,28.06,30.58,25.56,20.55,下轨下方,-1.6,-0.96,-1.29,无信号,否
300606.SZ,金太阳,38.24,2.96%,阳线||布林带下轨,观望,56.76,58.16,57.95,56.87,68.71,57.95,47.2,下轨下方,-0.77,0.63,-2.8,死叉,否
300607.SZ,拓斯达,33.8,0.18%,阳线||布林带下轨,观望,154.22,162.78,159.35,148.28,210.09,159.35,108.61,下轨下方,-0.67,5.8,-12.93,死叉,否
300608.SZ,思特奇,15.89,3.11%,阳线||多头排列||布林带下轨||MA5上穿MA10,多头排列,54.82,54.07,52.13,48.06,68.74,52.13,35.51,下轨下方,0.75,2.19,-2.88,死叉,是
300609.SZ,汇纳科技,38.67,3.45%,阳线,观望,40.83,42.09,41.92,39.01,45.87,41.92,37.98,布林带内,0.47,1.09,-1.24,无信号,否
300610.SZ,晨化股份,12.05,3.88%,阳线||布林带下轨,观望,26.64,28.02,28.61,28.63,33.59,28.61,23.63,下轨下方,-0.79,0.02,-1.62,无信号,否
300611.SZ,美力科技,28.96,4.02%,阳线||布林带上轨||MA5上穿MA10,观望,55.97,53.79,53.22,55.12,58.04,53.22,48.4,上轨上方,0.34,-0.53,1.73,无信号,否
300613.SZ,富瀚微,63.77,5.02%,阳线||布林带下轨,观望,275.35,298.78,298.81,248.14,421.11,298.81,176.51,下轨下方,0.31,18.86,-37.1,无信号,否
300614.SZ,百川畅银,13.14,4.45%,阳线,观望,13.27,13.48,13.61,14.04,14.33,13.61,12.89,布林带内,-0.14,-0.06,-0.15,无信号,否
300615.SZ,欣天科技,14.15,2.02%,阳线,观望,,,,,,,,,,,,,
300616.SZ,尚品宅配,17.06,0.77%,价升||多头排列||MA5上穿MA10,多头排列,36.54,36.35,34.6,31.48,39.94,34.6,29.25,布林带内,1.39,1.54,-0.29,死叉,是
300617.SZ,安靠智电,63.06,6.63%,阳线||布林带下轨,观望,120.91,126.64,126.71,122.89,144.4,126.71,109.01,下轨下方,-0.85,2.25,-6.2,无信号,否
300618.SZ,寒锐钴业,42.84,2.96%,阳线||布林带下轨,观望,92.8,98.22,104.59,106.29,125.07,104.59,84.12,下轨下方,-4.64,-1.46,-6.35,无信号,否
300619.SZ,金银河,45.56,2.73%,阳线||布林带下轨,观望,73.3,76.99,75.02,73.05,91.64,75.02,58.41,下轨下方,-0.69,1.44,-4.26,死叉,否
300620.SZ,光库科技,266.18,6.51%,阳线,观望,,,,,,,,,,,,,
300621.SZ,维业股份,8.52,3.40%,阳线,观望,13.3,13.58,13.62,13.4,14.46,13.62,12.78,布林带内,-0.01,0.12,-0.26,无信号,否
300623.SZ,捷捷微电,33.65,3.38%,阳线||布林带下轨,观望,196.34,208.45,205.96,207.11,276.67,205.96,135.26,下轨下方,-6.0,2.52,-17.04,死叉,否
300625.SZ,三雄极光,12.1,1.68%,阳线||布林带下轨,观望,15.82,16.19,16.3,16.54,18.03,16.3,14.57,下轨下方,-0.26,-0.02,-0.48,死叉,否
300626.SZ,华瑞股份,32.52,11.45%,阳线,观望,56.6,57.89,53.39,44.2,63.85,53.39,42.93,布林带内,3.28,3.51,-0.46,无信号,否
300628.SZ,亿联网络,38.01,1.69%,阳线||布林带下轨,观望,636.16,701.11,719.32,702.65,986.89,719.32,451.75,下轨下方,-35.17,4.85,-80.04,无信号,否
300629.SZ,新劲刚,26.59,4.07%,阳线||布林带下轨,观望,62.28,64.92,65.41,63.88,77.97,65.41,52.84,下轨下方,-1.07,0.8,-3.75,无信号,否
300631.SZ,久吾高科,27.25,2.37%,阳线,观望,46.09,48.04,47.84,46.81,53.18,47.84,42.49,布林带内,-0.08,0.6,-1.35,无信号,否
300632.SZ,光莆股份,36.68,2.86%,价升||多头排列||MA5上穿MA10,多头排列,72.73,67.91,55.53,40.25,87.94,55.53,23.12,布林带内,8.88,8.72,0.31,无信号,是
300634.SZ,彩讯股份,27.67,2.03%,阳线||MA5上穿MA10,观望,28.06,26.44,26.25,26.55,30.22,26.25,22.27,布林带内,0.33,-0.07,0.79,无信号,否
300635.SZ,中达安,14.78,2.85%,阳线,观望,24.12,24.46,23.87,22.85,26.02,23.87,21.72,布林带内,0.35,0.48,-0.26,无信号,否
300636.SZ,同和药业,7.24,2.70%,阳线||布林带下轨,观望,24.46,27.32,29.25,31.07,39.8,29.25,18.69,下轨下方,-2.54,-0.96,-3.15,无信号,否
300637.SZ,扬帆新材,11.39,5.37%,阳线||布林带下轨,观望,20.73,21.47,22.12,23.09,27.27,22.12,16.97,下轨下方,-1.0,-0.33,-1.34,死叉,否
300638.SZ,广和通,23.46,0.43%,价升||布林带下轨,观望,175.7,192.17,198.13,218.44,277.14,198.13,119.13,下轨下方,-16.08,-6.12,-19.93,死叉,否
300641.SZ,正丹股份,15.7,2.21%,阳线,观望,28.8,29.97,31.81,35.0,36.72,31.81,26.91,布林带内,-1.79,-1.44,-0.7,无信号,否
300642.SZ,透景生命,15.24,0.93%,阳线||布林带下轨,观望,41.79,45.05,47.03,49.44,58.65,47.03,35.41,下轨下方,-2.83,-1.08,-3.5,无信号,否
300643.SZ,万通智控,18.4,1.49%,阳线,观望,19.21,19.41,19.05,19.57,20.15,19.05,17.95,布林带内,0.08,0.12,-0.07,死叉,否
300644.SZ,南京聚隆,27.83,2.77%,阳线||布林带下轨,观望,45.69,48.66,50.13,52.98,60.96,50.13,39.31,下轨下方,-2.55,-1.0,-3.1,无信号,否
300645.SZ,正元智慧,15.34,1.86%,阳线||布林带下轨,观望,27.66,29.65,31.26,33.61,39.04,31.26,23.49,下轨下方,-2.05,-0.93,-2.25,无信号,否
300647.SZ,超频三,6.9,3.45%,阳线||布林带下轨,观望,17.62,18.39,18.68,18.11,21.68,18.68,15.67,下轨下方,-0.28,0.23,-1.01,无信号,否
300648.SZ,星云股份,55.42,6.58%,阳线||布林带上轨||MA5上穿MA10,观望,105.96,102.92,101.55,108.37,108.45,101.55,94.65,上轨上方,0.32,-1.06,2.77,无信号,否
300649.SZ,杭州园林,21.86,4.64%,阳线,观望,44.23,44.37,41.64,34.42,48.0,41.64,35.28,布林带内,2.87,3.03,-0.31,无信号,否
300650.SZ,太龙股份,16.05,3.68%,阳线||布林带下轨,观望,43.93,46.74,47.08,48.11,56.89,47.08,37.27,下轨下方,-1.5,-0.03,-2.94,无信号,否
300651.SZ,金陵体育,25.38,1.32%,阳线,观望,,,,,,,,,,,,,
300652.SZ,雷迪克,49.28,3.81%,阳线||布林带下轨,观望,62.14,62.55,60.18,60.14,70.28,60.18,50.07,下轨下方,0.51,1.05,-1.09,死叉,否
300653.SZ,正海生物,16.82,1.57%,阳线||布林带下轨,观望,40.19,44.05,46.69,50.39,60.99,46.69,32.39,下轨下方,-3.71,-1.64,-4.14,无信号,否
300654.SZ,世纪天鸿,10.57,2.62%,阳线||布林带下轨,观望,33.35,36.61,37.32,37.82,47.77,37.32,26.87,下轨下方,-1.74,-0.06,-3.36,无信号,否
300655.SZ,晶瑞电材,16.79,0.18%,阳线||布林带下轨,观望,124.3,132.97,134.43,136.72,185.74,134.43,83.12,下轨下方,-6.02,0.35,-12.76,死叉,否
300656.SZ,民德电子,32.26,1.45%,阳线||布林带下轨,观望,77.9,80.27,74.67,66.03,96.42,74.67,52.91,下轨下方,3.06,4.87,-3.62,死叉,否
300657.SZ,弘信电子,50.25,2.59%,阳线||多头排列||布林带下轨||MA5上穿MA10,多头排列,142.95,135.77,130.43,114.47,181.95,130.43,78.91,下轨下方,4.49,7.9,-6.81,死叉,是
300658.SZ,延江股份,12.97,3.93%,价升||布林带下轨,观望,38.29,48.19,54.54,64.25,77.58,54.54,31.5,下轨下方,-7.72,-4.11,-7.23,无信号,否
300659.SZ,中孚信息,12.26,1.57%,阳线||布林带下轨,观望,31.02,33.01,33.89,36.32,40.75,33.89,27.03,下轨下方,-1.69,-0.71,-1.95,无信号,否
300660.SZ,江苏雷利,48.06,1.01%,阳线||布林带下轨,观望,185.78,192.63,192.36,198.11,244.39,192.36,140.33,下轨下方,-5.88,0.1,-11.95,死叉,否
300661.SZ,圣邦股份,111.01,1.27%,阳线,观望,,,,,,,,,,,,,
300663.SZ,科蓝软件,8.39,1.70%,价升||布林带下轨,观望,26.53,29.2,34.97,44.18,50.7,34.97,19.24,下轨下方,-5.56,-4.14,-2.84,无信号,否
300664.SZ,鹏鹞环保,5.3,3.72%,阳线||布林带下轨,观望,8.16,8.68,9.03,9.53,10.88,9.03,7.18,下轨下方,-0.51,-0.23,-0.55,无信号,否
300665.SZ,飞鹿股份,9.75,4.50%,阳线||布林带下轨,观望,20.87,21.26,20.02,18.57,24.27,20.02,15.76,下轨下方,0.62,0.94,-0.64,死叉,否
300666.SZ,江丰电子,196.6,3.13%,阳线,观望,,,,,,,,,,,,,
300667.SZ,必创科技,19.09,2.63%,阳线||布林带下轨,观望,42.07,44.63,43.98,41.67,52.28,43.98,35.67,下轨下方,-0.25,1.03,-2.56,无信号,否
300668.SZ,杰恩股份,61.45,3.64%,阳线,观望,157.24,161.61,158.15,116.74,175.04,158.15,141.27,布林带内,7.97,11.13,-6.32,无信号,否
300669.SZ,沪宁股份,34.39,0.91%,阳线||布林带下轨,观望,59.55,62.85,64.34,65.61,78.77,64.34,49.91,下轨下方,-2.26,-0.38,-3.77,死叉,否
300670.SZ,大烨智能,7.03,6.35%,价升||布林带下轨,观望,17.89,18.88,18.92,18.66,22.5,18.92,15.35,下轨下方,-0.27,0.28,-1.08,无信号,否
300671.SZ,富满微,50.12,0.85%,阳线||布林带下轨,观望,89.67,92.99,89.85,81.22,104.46,89.85,75.23,下轨下方,1.78,3.61,-3.67,无信号,否
300672.SZ,国科微,296.73,14.16%,阳线||多头排列||MA5上穿MA10,多头排列,384.15,383.57,335.26,285.41,452.54,335.26,217.99,布林带内,28.93,29.65,-1.45,死叉,是
300673.SZ,佩蒂股份,14.99,1.97%,阳线||布林带下轨,观望,39.04,42.26,43.8,44.93,54.07,43.8,33.52,下轨下方,-2.17,-0.51,-3.31,无信号,否
300675.SZ,建科院,15.57,1.63%,阳线||布林带下轨,观望,16.36,16.67,16.68,16.23,17.62,16.68,15.74,下轨下方,0.03,0.19,-0.31,无信号,否
300679.SZ,电连技术,53.8,5.59%,阳线||布林带下轨,观望,178.0,186.63,177.24,153.88,226.74,177.24,127.73,下轨下方,4.19,10.64,-12.9,死叉,否
300680.SZ,隆盛科技,43.7,1.23%,阳线||布林带下轨,观望,96.82,103.19,103.1,106.35,132.55,103.1,73.66,下轨下方,-3.81,-0.02,-7.57,死叉,否
300681.SZ,英搏尔,33.57,0.96%,阳线||布林带下轨,观望,84.3,90.46,89.94,75.85,117.56,89.94,62.32,下轨下方,0.3,4.83,-9.06,无信号,否
300682.SZ,朗新科技,14.27,1.28%,阳线||布林带下轨,观望,21.82,22.73,23.05,25.79,27.7,23.05,18.4,下轨下方,-1.2,-0.74,-0.93,死叉,否
300684.SZ,中石科技,64.25,5.69%,阳线||布林带下轨,观望,171.2,180.85,179.82,168.14,213.88,179.82,145.76,下轨下方,-1.0,4.08,-10.16,无信号,否
300686.SZ,智动力,17.53,0.29%,价升||MA5上穿MA10,观望,29.37,28.97,29.66,26.95,32.35,29.66,26.96,布林带内,0.25,0.52,-0.53,无信号,否
300687.SZ,赛意信息,32.85,4.62%,阳线||布林带下轨,观望,127.02,130.61,121.18,100.32,164.7,121.18,77.67,下轨下方,5.92,10.29,-8.75,死叉,否
300688.SZ,创业黑马,25.93,4.39%,阳线||布林带下轨,观望,49.61,53.56,53.96,56.03,68.26,53.96,39.65,下轨下方,-2.17,-0.13,-4.08,无信号,否
300689.SZ,澄天伟业,57.57,3.17%,阳线||布林带下轨,观望,92.88,96.15,93.5,86.02,113.56,93.5,73.44,下轨下方,0.78,3.49,-5.42,死叉,否
300690.SZ,双一科技,26.9,1.66%,阳线||布林带下轨,观望,66.89,71.54,74.23,81.09,89.17,74.23,59.3,下轨下方,-4.53,-2.4,-4.26,无信号,否
300691.SZ,联合光电,18.3,2.23%,阳线||布林带下轨,观望,45.53,46.42,45.87,45.54,54.47,45.87,37.27,下轨下方,-0.43,0.55,-1.96,死叉,否
300692.SZ,中赋科技,8.8,2.92%,阳线||布林带下轨,观望,23.0,24.11,25.37,24.77,31.43,25.37,19.31,下轨下方,-1.0,-0.12,-1.76,无信号,否
300693.SZ,盛弘股份,58.46,1.86%,阳线,观望,,,,,,,,,,,,,
300694.SZ,蠡湖股份,11.73,1.65%,阳线||布林带下轨,观望,12.19,12.5,12.79,12.73,13.64,12.79,11.94,下轨下方,-0.18,-0.03,-0.29,无信号,否
300695.SZ,兆丰股份,70.94,0.72%,价升||布林带下轨,观望,106.17,108.18,103.64,108.11,125.88,103.64,81.4,下轨下方,-1.21,0.31,-3.04,死叉,否
300697.SZ,电工合金,17.32,5.93%,阳线||布林带下轨,观望,43.25,46.1,46.43,46.35,57.96,46.43,34.89,下轨下方,-1.35,0.38,-3.46,无信号,否
300699.SZ,光威复材,34.07,2.37%,阳线||布林带下轨,观望,72.07,78.87,80.79,84.97,103.52,80.79,58.07,下轨下方,-4.57,-1.27,-6.6,无信号,否
300700.SZ,岱勒新材,20.52,7.60%,阳线||布林带下轨,观望,54.72,59.55,58.19,50.77,77.47,58.19,38.91,下轨下方,0.04,2.99,-5.9,无信号,否
300701.SZ,森霸传感,12.44,2.89%,阳线||布林带下轨,观望,37.89,40.81,41.9,42.65,55.79,41.9,28.0,下轨下方,-2.12,-0.14,-3.95,死叉,否
300702.SZ,天宇股份,19.56,2.14%,阳线||布林带下轨,观望,49.29,52.88,56.19,61.28,69.77,56.19,42.61,下轨下方,-4.21,-2.39,-3.63,无信号,否
300706.SZ,阿石创,51.21,2.46%,阳线||多头排列||MA5上穿MA10,多头排列,93.22,91.47,84.27,72.86,102.87,84.27,65.67,布林带内,6.46,6.13,0.67,无信号,是
300707.SZ,威唐工业,14.38,2.35%,阳线||布林带下轨,观望,29.76,30.49,31.04,33.06,33.19,31.04,28.9,下轨下方,-0.91,-0.73,-0.37,无信号,否
300708.SZ,聚灿光电,9.53,1.49%,阳线,观望,,,,,,,,,,,,,
300709.SZ,精研科技,48.98,2.83%,阳线||布林带下轨,观望,84.82,86.26,82.37,80.26,103.01,82.37,61.74,下轨下方,0.5,2.35,-3.72,死叉,否
300710.SZ,万隆光电,37.55,2.18%,阳线||多头排列||布林带下轨||MA5上穿MA10,多头排列,49.43,49.11,47.45,44.93,55.65,47.45,39.24,下轨下方,1.13,1.58,-0.91,死叉,是
300711.SZ,广哈通信,20.1,1.06%,阳线||布林带下轨,观望,33.12,35.38,37.74,42.94,47.55,37.74,27.93,下轨下方,-3.19,-2.12,-2.15,无信号,否
300712.SZ,永福股份,23.89,1.10%,阳线||布林带下轨,观望,31.14,33.08,34.94,38.0,41.26,34.94,28.62,下轨下方,-2.13,-1.31,-1.65,无信号,否
300713.SZ,英可瑞,17.91,2.87%,阳线||布林带下轨,观望,49.88,52.29,51.87,51.9,61.97,51.87,41.77,下轨下方,-0.79,0.64,-2.86,无信号,否
300716.SZ,*ST泉为,15.2,2.56%,阳线,观望,24.02,24.64,22.73,22.11,27.14,22.73,18.32,布林带内,0.69,0.72,-0.07,死叉,否
300717.SZ,华信新材,21.02,4.01%,阳线,观望,,,,,,,,,,,,,
300718.SZ,长盛轴承,79.89,1.69%,阳线||布林带下轨,观望,225.34,232.95,225.62,224.13,266.85,225.62,184.38,下轨下方,-0.64,3.57,-8.44,死叉,否
300720.SZ,海川智能,69.86,3.40%,阳线||布林带下轨,观望,168.22,181.87,183.36,158.64,240.28,183.36,126.43,下轨下方,-2.71,6.33,-18.08,无信号,否
300721.SZ,怡达股份,32.35,2.89%,价升||多头排列||MA5上穿MA10,多头排列,56.48,51.14,45.1,34.53,66.16,45.1,24.05,布林带内,5.67,5.67,0.02,无信号,是
300722.SZ,新余国科,25.75,1.10%,阳线||布林带下轨,观望,80.23,90.34,96.77,106.02,131.43,96.77,62.11,下轨下方,-9.03,-3.92,-10.23,无信号,否
300723.SZ,一品红,41.06,3.17%,阳线||布林带下轨,观望,92.48,102.15,104.39,95.64,136.57,104.39,72.21,下轨下方,-3.04,2.3,-10.68,无信号,否
300724.SZ,捷佳伟创,87.93,1.36%,阳线||布林带下轨,观望,91.14,93.46,94.16,110.76,99.54,94.16,88.78,下轨下方,-4.91,-5.0,0.19,无信号,否
300725.SZ,药石科技,37.64,0.03%,价升||布林带下轨,观望,89.62,96.12,99.43,98.29,120.43,99.43,78.43,下轨下方,-3.8,-0.4,-6.8,无信号,否
300726.SZ,宏达电子,63.23,11.12%,阳线||多头排列||MA5上穿MA10,多头排列,61.46,60.4,56.3,51.41,65.38,56.3,47.22,布林带内,3.42,2.93,0.99,无信号,是
300727.SZ,润禾材料,35.89,3.97%,阳线||布林带下轨,观望,57.81,59.19,59.35,58.51,65.68,59.35,53.03,下轨下方,-0.4,0.51,-1.82,死叉,否
300729.SZ,乐歌股份,12.25,1.83%,阳线||布林带下轨,观望,32.32,35.43,36.8,38.38,48.44,36.8,25.17,下轨下方,-2.31,-0.6,-3.43,无信号,否
300730.SZ,科创信息,16.74,6.83%,阳线||布林带下轨,观望,38.61,39.46,37.18,35.89,44.71,37.18,29.64,下轨下方,0.42,0.88,-0.91,死叉,否
300731.SZ,科创新源,96.0,12.02%,阳线||多头排列||MA5上穿MA10,多头排列,119.87,118.07,110.1,102.88,132.57,110.1,87.64,布林带内,4.69,5.02,-0.66,死叉,是
300732.SZ,设研院,7.38,2.50%,阳线||布林带下轨,观望,33.25,36.24,36.89,36.83,48.25,36.89,25.53,下轨下方,-1.54,0.2,-3.48,无信号,否
300733.SZ,西菱动力,19.85,0.61%,阳线||布林带下轨,观望,30.36,31.46,31.01,29.69,37.36,31.01,24.67,下轨下方,-0.16,0.66,-1.64,死叉,否
300735.SZ,光弘科技,20.65,1.77%,阳线||布林带下轨,观望,36.81,39.11,40.98,43.29,51.01,40.98,30.94,下轨下方,-2.38,-1.01,-2.74,无信号,否
300736.SZ,百邦科技,38.56,2.04%,阳线,观望,86.73,94.47,81.57,61.77,115.46,81.57,47.67,布林带内,7.07,9.49,-4.85,死叉,否
300738.SZ,奥飞数据,25.4,3.80%,阳线||布林带下轨,观望,261.06,291.41,295.92,284.39,428.49,295.92,163.35,下轨下方,-14.65,5.61,-40.53,无信号,否
300739.SZ,明阳电路,33.28,8.12%,阳线||布林带下轨,观望,67.34,69.17,68.87,67.41,78.86,68.87,58.88,下轨下方,-0.35,0.95,-2.61,死叉,否
300740.SZ,水羊股份,25.53,0.20%,价升||布林带下轨,观望,62.56,65.64,65.35,59.14,76.89,65.35,53.81,下轨下方,0.4,2.34,-3.87,无信号,否
300741.SZ,华宝股份,15.0,0.60%,阳线,观望,,,,,,,,,,,,,
300743.SZ,天地数码,19.09,2.63%,阳线||布林带下轨,观望,39.29,42.13,43.42,42.93,54.93,43.42,31.92,下轨下方,-1.69,0.13,-3.64,无信号,否
300745.SZ,欣锐科技,49.6,2.86%,价升||多头排列||MA5上穿MA10,多头排列,49.48,48.56,40.98,31.22,58.7,40.98,23.26,布林带内,5.8,5.32,0.96,无信号,是
300747.SZ,锐科激光,39.1,3.41%,阳线,观望,,,,,,,,,,,,,
300748.SZ,金力永磁,34.34,3.87%,阳线,观望,,,,,,,,,,,,,
300749.SZ,顶固集创,23.91,2.22%,阳线||布林带下轨,观望,40.99,43.27,44.08,52.55,54.14,44.08,34.03,下轨下方,-3.08,-2.02,-2.12,死叉,否
300751.SZ,迈为股份,285.19,3.01%,阳线||布林带下轨,观望,1064.42,1172.79,1147.44,1169.51,1596.19,1147.44,698.69,下轨下方,-39.63,14.74,-108.74,死叉,否
300752.SZ,隆利科技,19.72,4.01%,阳线||布林带下轨,观望,45.37,49.14,49.96,48.48,64.51,49.96,35.42,下轨下方,-1.73,0.6,-4.66,无信号,否
300753.SZ,爱朋医疗,25.17,2.23%,阳线||布林带下轨,观望,38.92,42.24,43.27,47.0,52.41,43.27,34.12,下轨下方,-2.4,-1.01,-2.76,无信号,否
300756.SZ,金马游乐,49.8,6.14%,阳线||布林带下轨,观望,146.31,165.52,179.53,165.24,243.73,179.53,115.33,下轨下方,-10.35,0.88,-22.47,无信号,否
300757.SZ,罗博特科,549.5,4.87%,阳线||布林带下轨,观望,922.86,960.82,943.08,820.26,1166.17,943.08,719.99,下轨下方,7.77,40.22,-64.91,无信号,否
300758.SZ,七彩化学,14.75,1.72%,价升||布林带下轨,观望,39.96,43.16,44.89,46.66,59.45,44.89,30.33,下轨下方,-2.54,-0.61,-3.86,死叉,否
300762.SZ,上海瀚讯,40.18,1.46%,价升||布林带下轨,观望,144.08,165.12,168.73,159.53,233.64,168.73,103.83,下轨下方,-7.78,3.11,-21.79,无信号,否
300763.SZ,锦浪科技,113.6,4.97%,阳线||布林带下轨,观望,404.05,422.62,420.24,423.57,576.09,420.24,264.38,下轨下方,-14.12,3.47,-35.18,死叉,否
300765.SZ,新诺威,28.84,0.42%,价升||布林带下轨,观望,147.18,169.02,177.53,186.27,248.72,177.53,106.35,下轨下方,-15.59,-4.64,-21.89,无信号,否
300766.SZ,每日互动,27.21,1.57%,阳线,观望,28.39,29.58,31.42,36.09,38.54,31.42,24.3,布林带内,-2.27,-2.02,-0.5,无信号,否
300768.SZ,迪普科技,17.15,1.48%,阳线||布林带下轨,观望,24.97,26.13,26.46,26.17,30.97,26.46,21.95,下轨下方,-0.57,0.14,-1.42,无信号,否
300771.SZ,智莱科技,13.2,1.85%,阳线,观望,,,,,,,,,,,,,
300772.SZ,运达股份,16.15,1.44%,阳线||布林带下轨,观望,27.67,29.21,29.79,33.45,36.4,29.79,23.18,下轨下方,-1.69,-0.91,-1.57,死叉,否
300773.SZ,拉卡拉,26.33,1.00%,阳线||布林带下轨,观望,52.39,57.05,58.87,58.52,74.43,58.87,43.31,下轨下方,-2.43,0.08,-5.04,无信号,否
300774.SZ,倍杰特,15.45,13.77%,阳线,观望,15.01,16.19,16.77,19.41,19.25,16.77,14.28,布林带内,-0.92,-0.73,-0.38,无信号,否
300776.SZ,帝尔激光,156.58,6.30%,阳线||布林带下轨,观望,511.22,527.69,493.8,395.54,697.26,493.8,290.34,下轨下方,23.41,44.63,-42.44,死叉,否
300777.SZ,中简科技,39.64,4.32%,阳线,观望,39.08,40.15,39.11,39.03,43.02,39.11,35.2,布林带内,0.46,0.55,-0.17,无信号,否
300778.SZ,新城市,13.4,2.52%,阳线||布林带下轨,观望,27.86,29.75,29.77,30.01,37.86,29.77,21.68,下轨下方,-0.93,0.22,-2.3,死叉,否
300779.SZ,惠城环保,68.7,3.92%,阳线||布林带下轨,观望,90.28,94.54,99.73,121.47,121.18,99.73,78.28,下轨下方,-9.25,-7.9,-2.7,死叉,否
300780.SZ,德恩精工,33.15,2.98%,阳线||多头排列||MA5上穿MA10,多头排列,33.62,33.04,29.41,25.17,37.53,29.41,21.3,布林带内,2.6,2.36,0.47,无信号,是
300781.SZ,因赛集团,33.59,0.15%,价升||布林带下轨,观望,62.56,66.75,67.95,71.73,84.85,67.95,51.05,下轨下方,-3.41,-1.05,-4.72,无信号,否
300782.SZ,卓胜微,125.51,3.70%,阳线||布林带下轨,观望,562.05,606.09,579.14,501.85,830.8,579.14,327.48,下轨下方,0.45,32.6,-64.29,死叉,否
300784.SZ,利安科技,52.42,1.73%,阳线,观望,53.63,53.68,52.22,51.63,55.91,52.22,48.52,布林带内,0.73,0.75,-0.05,死叉,否
300787.SZ,海能实业,10.85,3.33%,阳线||布林带下轨,观望,39.4,43.46,45.63,50.09,62.34,45.63,28.91,下轨下方,-3.94,-1.66,-4.56,无信号,否
300788.SZ,中信出版,29.46,1.38%,阳线,观望,31.97,33.98,36.31,37.04,43.18,36.31,29.45,布林带内,-1.44,-0.62,-1.64,无信号,否
300789.SZ,唐源电气,23.17,2.93%,阳线||布林带下轨,观望,64.11,69.5,69.73,69.39,92.73,69.73,46.74,下轨下方,-2.6,0.72,-6.65,无信号,否
300790.SZ,宇瞳光学,36.85,7.28%,阳线||布林带下轨,观望,83.71,89.26,85.94,77.62,112.93,85.94,58.95,下轨下方,0.17,3.7,-7.07,死叉,否
300791.SZ,仙乐健康,18.6,0.05%,价升||布林带下轨,观望,64.61,70.39,75.8,82.38,103.39,75.8,48.22,下轨下方,-6.78,-3.12,-7.33,无信号,否
300793.SZ,佳禾智能,14.71,1.80%,阳线||布林带下轨,观望,22.7,23.63,23.75,24.68,28.13,23.75,19.37,下轨下方,-0.68,-0.12,-1.12,死叉,否
300795.SZ,米奥会展,10.28,2.70%,阳线,观望,,,,,,,,,,,,,
300796.SZ,贝斯美,7.91,1.93%,阳线||布林带下轨,观望,18.34,20.29,21.36,23.23,27.88,21.36,14.85,下轨下方,-1.67,-0.68,-1.98,无信号,否
300797.SZ,钢研纳克,15.16,0.86%,价升||布林带下轨,观望,21.94,23.1,23.7,24.11,27.81,23.7,19.58,下轨下方,-0.77,-0.12,-1.3,无信号,否
300798.SZ,锦鸡股份,8.97,3.10%,阳线||布林带下轨,观望,9.48,10.15,10.61,10.25,12.24,10.61,8.98,下轨下方,-0.34,-0.07,-0.54,无信号,否
300800.SZ,力合科技,12.32,2.67%,阳线||布林带下轨,观望,34.46,37.62,38.95,39.08,51.58,38.95,26.32,下轨下方,-2.0,-0.06,-3.89,无信号,否
300801.SZ,泰和科技,29.77,4.20%,阳线,观望,,,,,,,,,,,,,
300802.SZ,矩子科技,23.18,5.12%,阳线||布林带下轨,观望,52.68,55.44,54.6,53.15,70.78,54.6,38.41,下轨下方,-0.78,1.31,-4.17,死叉,否
300805.SZ,电声股份,9.34,0.65%,价升||布林带下轨,观望,9.88,10.22,10.52,11.13,11.49,10.52,9.55,下轨下方,-0.33,-0.22,-0.23,无信号,否
300806.SZ,斯迪克,89.59,7.95%,阳线||布林带下轨,观望,257.73,283.39,275.32,214.9,376.31,275.32,174.34,下轨下方,6.54,22.92,-32.77,无信号,否
300807.SZ,天迈科技,49.0,3.16%,阳线,观望,50.42,52.98,54.48,53.3,63.21,54.48,45.75,布林带内,-0.8,0.21,-2.03,无信号,否
300810.SZ,中科海讯,31.11,1.57%,阳线||布林带下轨,观望,44.76,47.19,48.84,51.99,57.72,48.84,39.95,下轨下方,-2.2,-0.96,-2.48,无信号,否
300811.SZ,铂科新材,118.88,13.86%,阳线||布林带下轨,观望,398.28,431.6,426.27,391.57,583.26,426.27,269.28,下轨下方,-5.51,16.91,-44.84,死叉,否
300812.SZ,易天股份,41.63,5.53%,阳线||布林带下轨,观望,66.62,70.82,69.38,70.76,84.72,69.38,54.05,下轨下方,-1.56,0.35,-3.82,死叉,否
300813.SZ,泰林生物,23.77,1.67%,阳线,观望,,,,,,,,,,,,,
300814.SZ,中富电路,131.16,3.08%,阳线||多头排列||MA5上穿MA10,多头排列,131.06,126.87,116.05,101.6,142.87,116.05,89.22,布林带内,9.26,8.27,1.98,无信号,是
300818.SZ,耐普矿机,25.2,0.88%,价升,观望,,,,,,,,,,,,,
300819.SZ,聚杰微纤,82.31,7.41%,阳线,观望,113.43,121.19,106.99,85.74,146.18,106.99,67.8,布林带内,8.41,11.32,-5.81,死叉,否
300820.SZ,英杰电气,67.86,0.49%,价升||多头排列||布林带下轨||MA5上穿MA10,多头排列,204.99,202.13,183.27,175.76,265.96,183.27,100.58,下轨下方,5.95,10.32,-8.74,死叉,是
300821.SZ,东岳硅材,15.21,6.22%,阳线,观望,,,,,,,,,,,,,
300822.SZ,贝仕达克,14.97,0.74%,价升,观望,,,,,,,,,,,,,
300823.SZ,建科智能,19.1,3.13%,阳线||布林带下轨,观望,27.47,28.64,28.28,26.92,33.64,28.28,22.93,下轨下方,-0.01,0.74,-1.5,无信号,否
300824.SZ,北鼎股份,9.12,1.11%,阳线,观望,,,,,,,,,,,,,
300826.SZ,测绘股份,16.48,1.42%,阳线||布林带下轨,观望,28.79,30.69,31.61,31.93,38.8,31.61,24.42,下轨下方,-1.3,-0.19,-2.23,无信号,否
300827.SZ,上能电气,37.79,0.96%,价升||布林带下轨,观望,209.71,232.82,239.1,248.17,334.99,239.1,143.21,下轨下方,-16.11,-2.48,-27.25,死叉,否
300828.SZ,锐新科技,21.29,6.72%,阳线||布林带下轨,观望,31.84,36.92,36.66,35.6,46.1,36.66,27.22,下轨下方,-1.12,0.47,-3.19,无信号,否
300829.SZ,金丹科技,19.44,3.29%,阳线||布林带下轨,观望,28.83,29.87,29.53,31.31,34.8,29.53,24.27,下轨下方,-0.77,-0.26,-1.03,死叉,否
300830.SZ,金现代,10.77,2.09%,阳线,观望,11.11,11.17,11.02,11.73,11.79,11.02,10.26,布林带内,-0.08,-0.09,0.02,无信号,否
300831.SZ,派瑞股份,23.62,1.99%,阳线||多头排列||MA5上穿MA10,多头排列,22.98,22.44,20.87,18.68,25.1,20.87,16.63,布林带内,1.42,1.24,0.35,无信号,是
300834.SZ,星辉环材,45.01,2.23%,阳线,观望,48.25,48.97,45.44,37.67,53.9,45.44,36.98,布林带内,2.32,2.75,-0.85,无信号,否
300835.SZ,龙磁科技,141.83,17.07%,阳线,观望,,,,,,,,,,,,,
300836.SZ,佰奥智能,79.25,4.28%,阳线||多头排列||布林带下轨||MA5上穿MA10,多头排列,134.66,133.49,123.72,115.27,159.38,123.72,88.06,下轨下方,3.9,5.91,-4.04,死叉,是
300837.SZ,浙矿股份,31.65,2.39%,阳线||布林带下轨,观望,33.42,34.33,35.41,38.51,38.81,35.41,32.01,下轨下方,-1.34,-1.06,-0.56,无信号,否
300839.SZ,博汇股份,18.4,0.33%,阳线||布林带下轨,观望,40.56,42.29,39.21,35.7,53.05,39.21,25.37,下轨下方,0.79,2.15,-2.72,死叉,否
300840.SZ,酷特智能,24.64,3.23%,阳线||多头排列||MA5上穿MA10,多头排列,25.19,25.17,23.03,20.2,28.06,23.03,18.01,布林带内,1.54,1.53,0.02,无信号,是
300842.SZ,帝科股份,95.2,5.59%,阳线||布林带下轨,观望,125.67,129.66,128.08,131.12,147.6,128.08,108.57,下轨下方,-1.21,1.02,-4.46,死叉,否
300843.SZ,胜蓝股份,98.8,5.67%,阳线||多头排列||MA5上穿MA10,多头排列,100.53,97.58,87.2,68.41,111.6,87.2,62.8,布林带内,9.11,8.65,0.92,无信号,是
300844.SZ,山水比德,31.12,1.37%,阳线||布林带下轨,观望,63.86,69.71,74.04,79.35,95.24,74.04,52.85,下轨下方,-5.25,-2.1,-6.29,无信号,否
300845.SZ,捷安高科,15.31,5.73%,阳线||布林带下轨,观望,30.59,33.41,32.74,29.99,41.86,32.74,23.62,下轨下方,-0.29,1.15,-2.87,无信号,否
300846.SZ,首都在线,29.66,2.24%,阳线,观望,30.47,31.3,29.93,30.89,33.88,29.93,25.98,布林带内,0.16,0.2,-0.08,死叉,否
300847.SZ,中船汉光,15.43,1.45%,阳线||布林带下轨,观望,22.4,23.72,24.26,25.22,28.52,24.26,19.99,下轨下方,-0.9,-0.25,-1.3,无信号,否
300848.SZ,美瑞新材,16.15,2.34%,阳线,观望,,,,,,,,,,,,,
300849.SZ,锦盛新材,24.62,0.65%,价升||布林带下轨,观望,35.35,36.85,35.73,32.49,42.69,35.73,28.76,下轨下方,0.56,1.47,-1.82,死叉,否
300850.SZ,新强联,35.43,2.37%,阳线,观望,,,,,,,,,,,,,
300852.SZ,四会富仕,52.01,8.56%,阳线,观望,,,,,,,,,,,,,
300854.SZ,中兰环保,38.56,1.21%,阳线||多头排列||MA5上穿MA10,多头排列,38.78,37.13,34.94,29.67,41.07,34.94,28.82,布林带内,2.44,2.19,0.5,无信号,是
300855.SZ,图南股份,37.49,3.56%,阳线||布林带下轨,观望,68.0,73.16,76.16,79.63,94.91,76.16,57.41,下轨下方,-4.38,-1.42,-5.91,无信号,否
300857.SZ,协创数据,272.0,5.43%,阳线,观望,,,,,,,,,,,,,
300859.SZ,西域旅游,28.09,0.21%,阳线,观望,,,,,,,,,,,,,
300861.SZ,美畅股份,21.6,6.46%,阳线||布林带下轨,观望,34.39,36.27,35.26,32.85,43.38,35.26,27.15,下轨下方,0.24,1.32,-2.17,无信号,否
300862.SZ,蓝盾光电,25.95,3.88%,阳线||布林带下轨,观望,34.63,36.54,35.21,33.4,41.39,35.21,29.04,下轨下方,0.27,1.07,-1.6,无信号,否
300863.SZ,卡倍亿,81.8,5.89%,阳线||布林带下轨,观望,199.72,202.54,188.73,170.57,256.51,188.73,120.96,下轨下方,4.51,10.37,-11.72,死叉,否
300864.SZ,南大环境,24.28,4.12%,阳线||布林带下轨,观望,74.39,81.0,81.26,79.53,109.15,81.26,53.38,下轨下方,-2.76,1.28,-8.08,死叉,否
300865.SZ,大宏立,30.75,3.43%,阳线,观望,31.12,31.74,31.41,29.1,33.8,31.41,29.01,布林带内,0.63,0.91,-0.56,无信号,否
300868.SZ,杰美特,98.1,9.63%,阳线,观望,93.71,93.95,84.65,61.41,106.53,84.65,62.78,布林带内,8.38,8.63,-0.49,无信号,否
300869.SZ,康泰医学,12.07,1.68%,阳线||布林带下轨,观望,13.12,13.59,13.85,14.66,14.96,13.85,12.74,下轨下方,-0.43,-0.28,-0.29,无信号,否
300870.SZ,欧陆通,411.2,5.17%,阳线,观望,411.7,412.01,397.71,320.6,442.7,397.71,352.73,布林带内,22.91,26.94,-8.06,无信号,否
300872.SZ,天阳科技,20.5,0.59%,价升||布林带下轨,观望,34.42,35.84,33.49,31.94,43.28,33.49,23.7,下轨下方,0.58,1.4,-1.64,死叉,否
300873.SZ,海晨股份,22.69,1.34%,价升||布林带下轨,观望,34.4,35.01,35.75,38.76,42.32,35.75,29.18,下轨下方,-1.39,-0.8,-1.18,死叉,否
300875.SZ,捷强装备,38.63,1.44%,阳线||布林带下轨,观望,48.87,50.39,50.96,57.01,57.11,50.96,44.8,下轨下方,-2.16,-1.55,-1.22,死叉,否
300876.SZ,蒙泰高新,29.64,3.02%,阳线,观望,30.69,31.02,30.65,28.99,33.15,30.65,28.15,布林带内,0.56,0.8,-0.49,无信号,否
300877.SZ,金春股份,33.26,9.77%,阳线,观望,33.06,33.2,31.84,30.61,35.18,31.84,28.5,布林带内,0.95,0.94,0.02,无信号,否
300878.SZ,维康药业,33.79,0.87%,阳线||布林带下轨,观望,57.63,58.47,55.41,53.7,70.86,55.41,39.95,下轨下方,0.79,1.95,-2.32,死叉,否
300880.SZ,迦南智能,21.58,2.27%,阳线||布林带下轨,观望,32.35,34.87,35.12,35.06,42.13,35.12,28.1,下轨下方,-1.02,0.16,-2.35,无信号,否
300881.SZ,盛德鑫泰,54.98,8.33%,阳线,观望,58.98,59.34,57.62,55.04,63.19,57.62,52.05,布林带内,1.32,1.68,-0.71,死叉,否
300882.SZ,万胜智能,18.29,1.89%,阳线||布林带下轨,观望,31.98,33.83,35.82,40.72,45.43,35.82,26.21,下轨下方,-2.96,-1.93,-2.06,无信号,否
300883.SZ,龙利得,6.98,0.72%,阳线,观望,7.15,7.31,7.11,6.88,7.7,7.11,6.53,布林带内,0.1,0.14,-0.08,无信号,否
300884.SZ,狄耐克,12.5,2.04%,阳线||布林带下轨,观望,25.27,27.22,28.21,30.27,35.72,28.21,20.7,下轨下方,-1.74,-0.67,-2.15,无信号,否
300886.SZ,华业香料,27.64,1.21%,阳线||布林带下轨,观望,35.72,37.35,38.07,37.94,43.32,38.07,32.83,下轨下方,-0.94,-0.03,-1.81,无信号,否
300887.SZ,谱尼测试,9.07,1.00%,价升||布林带下轨,观望,51.53,58.25,60.83,66.94,85.54,60.83,36.12,下轨下方,-5.43,-1.89,-7.09,无信号,否
300889.SZ,爱克股份,23.72,3.13%,阳线||布林带下轨||MA5上穿MA10,观望,32.5,32.29,33.31,35.9,38.59,33.31,28.03,下轨下方,-1.34,-0.85,-0.99,死叉,否
300890.SZ,翔丰华,37.53,1.93%,阳线,观望,37.89,39.04,40.53,34.52,44.6,40.53,36.46,布林带内,0.71,1.48,-1.54,无信号,否
300891.SZ,惠云钛业,7.95,1.79%,阳线||布林带下轨,观望,8.29,8.5,8.67,9.27,9.23,8.67,8.1,下轨下方,-0.2,-0.13,-0.13,无信号,否
300892.SZ,品渥食品,24.99,1.46%,阳线||布林带下轨,观望,25.99,26.78,27.64,28.59,30.04,27.64,25.25,下轨下方,-0.77,-0.46,-0.63,无信号,否
300895.SZ,铜牛信息,70.92,3.71%,阳线||布林带下轨,观望,100.77,104.01,99.68,93.81,121.02,99.68,78.34,下轨下方,1.1,3.31,-4.42,死叉,否
300897.SZ,山科智能,27.8,2.06%,阳线||布林带下轨,观望,54.34,56.82,57.16,56.6,71.36,57.16,42.97,下轨下方,-1.37,0.57,-3.89,死叉,否
300898.SZ,熊猫乳品,22.69,0.84%,阳线||布林带下轨,观望,24.45,25.15,25.5,25.9,27.21,25.5,23.79,下轨下方,-0.41,-0.13,-0.56,无信号,否
300899.SZ,上海凯鑫,37.1,0.27%,阳线,观望,38.81,39.37,39.11,39.73,41.36,39.11,36.85,布林带内,-0.22,-0.07,-0.3,无信号,否
300900.SZ,广联航空,40.04,4.00%,阳线||布林带下轨,观望,54.02,59.9,61.37,57.15,74.27,61.37,48.47,下轨下方,-1.64,0.86,-5.0,无信号,否
300901.SZ,中胤时尚,15.73,0.13%,价升,观望,16.96,18.13,17.5,16.75,20.28,17.5,14.73,布林带内,0.14,0.44,-0.6,无信号,否
300903.SZ,科翔股份,79.39,11.50%,阳线,观望,121.7,125.04,106.16,77.36,155.09,106.16,57.23,布林带内,12.71,14.99,-4.56,死叉,否
300905.SZ,宝丽迪,70.88,1.88%,阳线||布林带下轨,观望,134.63,146.26,137.39,95.52,182.93,137.39,91.85,下轨下方,8.58,15.77,-14.37,无信号,否
300906.SZ,日月明,33.97,3.32%,阳线||布林带下轨,观望,35.72,36.49,37.04,35.72,39.36,37.04,34.73,下轨下方,-0.12,0.32,-0.89,无信号,否
300907.SZ,康平科技,41.11,19.99%,阳线||多头排列||布林带上轨||MA5上穿MA10,多头排列,38.04,35.95,33.98,31.79,39.53,33.98,28.42,上轨上方,1.89,1.29,1.21,无信号,是
300908.SZ,仲景食品,26.17,0.69%,价升,观望,,,,,,,,,,,,,
300909.SZ,汇创达,47.43,2.71%,阳线||布林带下轨,观望,67.51,70.17,69.71,65.44,81.25,69.71,58.17,下轨下方,0.3,2.12,-3.65,无信号,否
300910.SZ,瑞丰新材,45.78,2.30%,阳线||布林带下轨,观望,84.33,91.12,94.94,102.51,118.75,94.94,71.13,下轨下方,-5.99,-2.61,-6.76,无信号,否
300911.SZ,亿田智能,31.71,1.34%,阳线||布林带下轨,观望,54.46,60.26,59.47,61.89,74.92,59.47,44.02,下轨下方,-1.82,0.47,-4.59,无信号,否
300913.SZ,兆龙互连,52.63,3.22%,阳线||布林带下轨,观望,121.21,133.84,136.54,133.06,177.79,136.54,95.29,下轨下方,-5.75,1.07,-13.64,无信号,否
300915.SZ,海融科技,24.83,1.97%,阳线||布林带下轨,观望,49.25,52.54,53.19,53.44,66.92,53.19,39.45,下轨下方,-1.7,0.32,-4.05,无信号,否
300918.SZ,南山智尚,14.83,1.23%,阳线,观望,15.43,15.65,15.47,15.59,16.46,15.47,14.48,布林带内,-0.01,0.06,-0.14,无信号,否
300919.SZ,中伟新材,54.99,0.88%,价升||布林带下轨,观望,75.67,80.96,85.14,79.01,101.93,85.14,68.35,下轨下方,-2.09,1.0,-6.18,无信号,否
300920.SZ,润阳科技,44.31,1.93%,阳线,观望,46.95,47.0,43.94,42.69,50.87,43.94,37.02,布林带内,1.45,1.38,0.14,无信号,否
300921.SZ,南凌科技,28.8,1.41%,价升||布林带下轨,观望,65.71,69.41,69.34,68.44,89.59,69.34,49.09,下轨下方,-1.83,0.88,-5.42,死叉,否
300922.SZ,天秦装备,21.3,0.76%,阳线||布林带下轨,观望,27.26,27.5,27.58,29.4,31.1,27.58,24.06,下轨下方,-0.62,-0.44,-0.36,死叉,否
300923.SZ,研奥股份,26.72,2.10%,阳线||布林带下轨,观望,28.5,29.29,29.66,29.59,31.71,29.66,27.62,下轨下方,-0.35,-0.0,-0.7,无信号,否
300925.SZ,法本信息,17.67,0.34%,价升||布林带下轨,观望,46.25,50.37,53.24,54.84,70.3,53.24,36.18,下轨下方,-3.37,-0.81,-5.12,无信号,否
300926.SZ,博俊科技,21.62,1.26%,阳线,观望,,,,,,,,,,,,,
300927.SZ,江天化学,26.95,3.42%,阳线||布林带下轨,观望,45.62,49.02,52.87,55.94,66.41,52.87,39.34,下轨下方,-3.48,-1.46,-4.03,无信号,否
300928.SZ,华安鑫创,35.5,3.05%,阳线,观望,35.6,36.01,34.39,32.57,39.23,34.39,29.55,布林带内,1.14,1.19,-0.1,死叉,否
300929.SZ,华骐环保,13.62,3.81%,阳线||布林带下轨,观望,20.53,21.76,21.89,20.89,26.27,21.89,17.52,下轨下方,-0.35,0.37,-1.45,无信号,否
300930.SZ,屹通新材,34.0,5.33%,阳线||多头排列||MA5上穿MA10,多头排列,33.88,33.67,32.72,31.74,35.4,32.72,30.05,布林带内,0.78,0.76,0.05,无信号,是
300931.SZ,通用电梯,16.68,4.25%,阳线,观望,16.81,16.88,15.85,14.01,18.45,15.85,13.25,布林带内,0.85,0.89,-0.08,无信号,否
300932.SZ,三友联众,10.33,3.92%,阳线,观望,,,,,,,,,,,,,
300933.SZ,中辰股份,8.58,2.26%,阳线,观望,8.84,8.84,8.53,8.5,9.37,8.53,7.69,布林带内,0.15,0.15,0.0,无信号,否
300935.SZ,盈建科,42.58,3.00%,阳线||多头排列||MA5上穿MA10,多头排列,54.34,51.56,49.45,47.24,58.59,49.45,40.31,布林带内,1.81,1.66,0.32,无信号,是
300936.SZ,中英科技,94.27,8.23%,阳线||多头排列||MA5上穿MA10,多头排列,89.99,89.3,83.31,68.42,96.82,83.31,69.81,布林带内,5.87,5.66,0.42,无信号,是
300937.SZ,药易购,24.92,0.65%,阳线||布林带下轨,观望,26.05,26.81,27.71,30.3,30.17,27.71,25.26,下轨下方,-1.23,-1.01,-0.44,无信号,否
300938.SZ,信测标准,61.59,6.70%,阳线||布林带下轨,观望,172.27,190.75,192.34,156.66,257.55,192.34,127.12,下轨下方,-0.34,11.44,-23.54,无信号,否
300939.SZ,秋田微,56.96,7.07%,阳线,观望,,,,,,,,,,,,,
300940.SZ,南极光,20.74,1.37%,阳线||布林带下轨,观望,29.91,31.29,33.02,36.3,40.16,33.02,25.89,下轨下方,-2.07,-1.36,-1.41,无信号,否
300941.SZ,创识科技,16.83,1.32%,阳线||布林带下轨,观望,24.98,26.38,27.49,31.02,32.93,27.49,22.05,下轨下方,-1.9,-1.25,-1.3,无信号,否
300942.SZ,易瑞生物,7.23,1.83%,阳线||布林带下轨,观望,7.61,7.81,8.06,8.86,8.78,8.06,7.33,下轨下方,-0.34,-0.28,-0.11,无信号,否
300943.SZ,春晖智控,40.11,11.79%,阳线,观望,53.71,55.27,50.34,48.63,63.51,50.34,37.16,布林带内,1.81,2.37,-1.12,死叉,否
300945.SZ,曼卡龙,13.66,3.25%,阳线||布林带下轨,观望,14.23,14.92,15.58,16.99,17.42,15.58,13.75,下轨下方,-0.68,-0.47,-0.41,无信号,否
300946.SZ,恒而达,54.8,1.11%,阳线||布林带下轨,观望,113.66,119.35,117.06,113.78,149.79,117.06,84.34,下轨下方,-1.35,2.72,-8.13,死叉,否
300947.SZ,德必集团,16.71,1.70%,阳线||布林带下轨,观望,43.39,47.97,49.34,50.53,64.88,49.34,33.79,下轨下方,-2.71,-0.31,-4.8,无信号,否
300948.SZ,冠中生态,26.88,2.99%,阳线||多头排列||MA5上穿MA10,多头排列,34.31,34.01,32.61,31.61,38.58,32.61,26.65,布林带内,0.85,0.98,-0.26,死叉,是
300949.SZ,奥雅股份,38.88,1.22%,阳线,观望,39.91,40.49,40.09,39.98,42.57,40.09,37.62,布林带内,0.1,0.31,-0.42,无信号,否
300950.SZ,德固特,21.24,1.14%,阳线||布林带下轨,观望,31.05,32.71,33.15,33.88,38.92,33.15,27.38,下轨下方,-1.03,-0.15,-1.75,无信号,否
300951.SZ,博硕科技,38.35,4.58%,阳线||布林带下轨,观望,75.68,79.02,78.6,83.04,99.28,78.6,57.92,下轨下方,-3.12,-0.94,-4.36,死叉,否
300952.SZ,恒辉安防,39.25,7.01%,阳线||MA5上穿MA10,观望,37.62,37.53,36.56,38.27,40.0,36.56,33.11,布林带内,0.07,-0.25,0.64,无信号,否
300953.SZ,震裕科技,256.03,2.51%,阳线||布林带下轨,观望,323.79,324.02,317.51,267.29,360.26,317.51,274.75,下轨下方,10.98,16.44,-10.93,死叉,否
300955.SZ,嘉亨家化,50.7,2.99%,阳线||多头排列||MA5上穿MA10,多头排列,48.45,46.22,43.09,39.42,51.44,43.09,34.74,布林带内,2.69,1.88,1.62,无信号,是
300956.SZ,英力股份,14.95,3.03%,阳线,观望,,,,,,,,,,,,,
300958.SZ,建工修复,14.08,3.91%,阳线,观望,14.61,14.8,14.69,14.44,15.55,14.69,13.84,布林带内,0.08,0.17,-0.2,无信号,否
300959.SZ,线上线下,185.3,3.58%,阳线||多头排列||MA5上穿MA10,多头排列,182.13,157.23,127.26,97.51,203.66,127.26,50.85,布林带内,25.53,18.19,14.68,无信号,是
300960.SZ,通业科技,20.6,2.44%,阳线||布林带下轨,观望,29.3,30.82,31.76,35.21,37.53,31.76,25.99,下轨下方,-1.87,-1.2,-1.35,无信号,否
300961.SZ,深水海纳,13.61,0.44%,阳线,观望,14.13,14.34,13.95,14.0,15.02,13.95,12.88,布林带内,0.1,0.13,-0.06,死叉,否
300962.SZ,中金辐照,13.72,2.39%,阳线||布林带下轨,观望,14.69,15.24,16.18,17.58,18.44,16.18,13.92,下轨下方,-0.84,-0.62,-0.43,无信号,否
300963.SZ,中洲特材,16.1,1.90%,阳线||布林带下轨,观望,54.84,61.25,63.25,68.93,85.77,63.25,40.74,下轨下方,-4.64,-1.34,-6.6,无信号,否
300964.SZ,本川智能,96.68,9.02%,阳线||多头排列||布林带上轨||MA5上穿MA10,多头排列,89.55,86.13,79.26,71.96,95.9,79.26,62.62,上轨上方,5.21,3.75,2.93,无信号,是
300965.SZ,恒宇信通,70.3,1.66%,阳线,观望,73.04,74.79,65.67,60.54,88.3,65.67,43.04,布林带内,4.87,4.48,0.79,无信号,否
300966.SZ,共同药业,27.64,3.87%,阳线,观望,26.98,27.33,26.21,22.84,30.56,26.21,21.85,布林带内,1.25,1.4,-0.3,无信号,否
300967.SZ,晓鸣股份,16.52,0.85%,阳线,观望,17.11,17.55,17.37,18.94,18.42,17.37,16.33,布林带内,-0.39,-0.36,-0.06,死叉,否
300968.SZ,格林精密,12.12,2.19%,阳线,观望,12.77,13.06,12.71,12.81,13.74,12.71,11.69,布林带内,0.04,0.1,-0.13,无信号,否
300969.SZ,恒帅股份,168.67,5.86%,阳线||多头排列||MA5上穿MA10,多头排列,212.16,209.74,194.5,187.93,236.83,194.5,152.16,布林带内,7.34,7.49,-0.31,死叉,是
300971.SZ,博亚精工,24.28,3.41%,阳线||布林带下轨,观望,33.46,35.14,35.44,35.0,40.98,35.44,29.89,下轨下方,-0.67,0.25,-1.82,无信号,否
300975.SZ,商络电子,22.8,5.46%,阳线||布林带下轨,观望,32.5,33.69,32.79,28.87,39.42,32.79,26.15,下轨下方,0.44,1.4,-1.93,无信号,否
300976.SZ,达瑞电子,80.08,1.64%,阳线||布林带下轨,观望,184.11,186.5,176.74,159.77,235.37,176.74,118.12,下轨下方,4.05,9.59,-11.09,死叉,否
300977.SZ,深圳瑞捷,22.14,4.88%,阳线,观望,,,,,,,,,,,,,
300978.SZ,东箭科技,10.91,1.77%,阳线||布林带下轨,观望,12.16,12.31,12.36,12.74,13.14,12.36,11.58,下轨下方,-0.15,-0.06,-0.19,死叉,否
300980.SZ,祥源新材,30.86,4.08%,阳线||布林带下轨,观望,44.53,48.06,49.8,53.2,59.48,49.8,40.12,下轨下方,-3.05,-1.54,-3.03,无信号,否
300981.SZ,中红医疗,14.47,1.26%,阳线||布林带下轨,观望,39.15,42.77,44.09,43.4,58.12,44.09,30.06,下轨下方,-2.11,0.05,-4.33,无信号,否
300982.SZ,苏文电能,21.57,2.76%,阳线||布林带下轨,观望,27.82,29.18,29.17,30.49,33.66,29.17,24.69,下轨下方,-0.75,-0.17,-1.17,无信号,否
300983.SZ,尤安设计,37.87,2.68%,阳线||布林带下轨,观望,78.59,92.7,83.41,71.63,120.74,83.41,46.08,下轨下方,2.01,6.55,-9.08,无信号,否
300985.SZ,致远新能,23.7,3.58%,阳线||布林带下轨,观望,31.82,32.78,32.7,32.81,37.26,32.7,28.15,下轨下方,-0.31,0.34,-1.29,死叉,否
300986.SZ,志特新材,21.05,1.15%,价升||布林带下轨,观望,55.98,62.46,66.09,73.42,88.11,66.09,44.08,下轨下方,-5.83,-2.61,-6.43,无信号,否
300987.SZ,川网传媒,15.7,1.29%,阳线||布林带下轨,观望,20.67,21.81,22.52,23.49,26.03,22.52,19.01,下轨下方,-0.96,-0.42,-1.09,无信号,否
300988.SZ,津荣天宇,29.45,2.61%,阳线||布林带下轨,观望,49.63,52.79,51.89,50.91,63.72,51.89,40.06,下轨下方,-0.87,0.77,-3.29,死叉,否
300989.SZ,蕾奥规划,14.93,1.15%,阳线||布林带下轨,观望,45.42,50.37,51.97,52.72,69.62,51.97,34.32,下轨下方,-2.97,-0.25,-5.43,无信号,否
300990.SZ,同飞股份,99.7,6.06%,阳线,观望,,,,,,,,,,,,,
300991.SZ,创益通,42.96,0.33%,价升||布林带下轨,观望,67.01,70.39,74.92,83.53,91.47,74.92,58.37,下轨下方,-5.24,-3.02,-4.42,无信号,否
300993.SZ,玉马科技,11.54,1.14%,阳线||布林带下轨,观望,25.58,28.04,29.06,30.57,37.41,29.06,20.7,下轨下方,-1.81,-0.54,-2.53,无信号,否
300994.SZ,久祺股份,13.31,1.22%,阳线||布林带下轨,观望,17.66,18.56,19.34,20.55,22.53,19.34,16.15,下轨下方,-0.97,-0.53,-0.87,无信号,否
300995.SZ,奇德新材,38.17,2.06%,阳线,观望,,,,,,,,,,,,,
300996.SZ,普联软件,13.1,2.75%,阳线,观望,,,,,,,,,,,,,
300997.SZ,欢乐家,17.36,0.52%,价升,观望,,,,,,,,,,,,,
300998.SZ,宁波方正,28.12,8.07%,阳线,观望,28.23,28.67,28.04,25.44,30.11,28.04,25.97,布林带内,0.74,0.98,-0.48,无信号,否
301001.SZ,凯淳股份,28.87,0.98%,价升,观望,30.4,30.86,30.68,30.62,32.68,30.68,28.67,布林带内,0.0,0.23,-0.46,无信号,否
301003.SZ,江苏博云,53.68,2.13%,阳线||布林带下轨,观望,91.86,96.64,102.04,95.61,130.54,102.04,73.55,下轨下方,-3.38,0.3,-7.35,无信号,否
301005.SZ,超捷股份,162.65,1.54%,阳线||布林带下轨,观望,346.33,390.22,402.35,380.43,526.1,402.35,278.61,下轨下方,-16.58,5.41,-43.98,无信号,否
301006.SZ,迈拓股份,17.26,3.79%,阳线||布林带下轨,观望,18.67,18.93,19.15,19.23,20.31,19.15,17.98,下轨下方,-0.21,-0.02,-0.36,无信号,否
301007.SZ,德迈仕,41.5,0.80%,阳线||多头排列||MA5上穿MA10,多头排列,42.68,42.35,39.56,36.94,45.84,39.56,33.27,布林带内,1.8,1.63,0.35,无信号,是
301008.SZ,宏昌科技,29.72,1.16%,阳线||布林带下轨,观望,49.03,51.85,53.4,57.31,64.99,53.4,41.81,下轨下方,-3.46,-1.84,-3.23,无信号,否
301009.SZ,可靠股份,10.32,1.98%,阳线,观望,10.61,10.88,11.24,11.9,12.2,11.24,10.28,布林带内,-0.37,-0.28,-0.18,无信号,否
301010.SZ,晶雪节能,22.76,1.93%,阳线||多头排列||MA5上穿MA10,多头排列,23.54,23.45,22.94,22.68,24.66,22.94,21.21,布林带内,0.3,0.3,-0.01,死叉,是
301012.SZ,扬电科技,41.26,2.87%,价升||布林带下轨,观望,70.18,71.84,71.22,64.17,87.11,71.22,55.34,下轨下方,0.64,2.66,-4.03,死叉,否
301013.SZ,利和兴,42.84,20.00%,阳线||多头排列||MA5上穿MA10,多头排列,47.92,45.24,42.02,37.71,51.79,42.02,32.26,布林带内,3.07,2.44,1.27,无信号,是
301015.SZ,百洋医药,22.82,3.26%,阳线||布林带下轨,观望,24.81,25.62,26.78,26.53,29.76,26.78,23.79,下轨下方,-0.8,-0.36,-0.88,无信号,否
301016.SZ,雷尔伟,19.3,0.52%,阳线,观望,,,,,,,,,,,,,
301018.SZ,申菱环境,168.18,8.85%,阳线||多头排列||布林带上轨||MA5上穿MA10,多头排列,154.54,145.48,135.55,114.26,163.99,135.55,107.1,上轨上方,11.68,9.05,5.26,无信号,是
301019.SZ,宁波色母,23.24,3.43%,阳线||布林带下轨,观望,45.77,48.91,49.71,48.7,62.38,49.71,37.04,下轨下方,-1.47,0.48,-3.9,无信号,否
301021.SZ,英诺激光,89.98,5.51%,阳线||多头排列||MA5上穿MA10,多头排列,85.74,77.08,70.09,61.1,90.02,70.09,50.16,布林带内,7.19,4.8,4.77,无信号,是
301023.SZ,奕帆传动,51.08,4.78%,阳线||布林带下轨,观望,94.44,96.68,95.38,94.79,118.5,95.38,72.26,下轨下方,-1.05,1.39,-4.88,死叉,否
301024.SZ,霍普股份,49.0,2.77%,阳线||布林带下轨,观望,68.89,70.63,66.44,60.14,80.81,66.44,52.06,下轨下方,2.3,3.53,-2.46,死叉,否
301025.SZ,读客文化,10.43,1.66%,阳线||布林带下轨,观望,10.96,11.28,11.38,11.4,12.18,11.38,10.57,下轨下方,-0.13,-0.0,-0.25,无信号,否
301026.SZ,浩通科技,35.71,5.49%,阳线||布林带下轨,观望,45.07,45.39,45.2,44.25,50.61,45.2,39.8,下轨下方,0.16,0.7,-1.08,死叉,否
301027.SZ,华蓝集团,23.31,3.05%,阳线,观望,23.68,24.24,24.69,23.02,26.38,24.69,23.0,布林带内,0.1,0.42,-0.64,无信号,否
301029.SZ,怡合达,31.18,4.42%,阳线||布林带下轨,观望,42.72,43.54,42.99,40.83,49.6,42.99,36.39,下轨下方,0.23,1.11,-1.75,死叉,否
301030.SZ,*ST仕净,11.35,2.16%,阳线||布林带下轨,观望,15.39,15.81,15.74,16.49,18.46,15.74,13.02,下轨下方,-0.36,-0.15,-0.42,死叉,否
301031.SZ,中熔电气,178.33,8.26%,阳线||布林带下轨,观望,237.69,242.42,238.67,222.36,276.01,238.67,201.34,下轨下方,2.53,7.08,-9.11,死叉,否
301032.SZ,新柴股份,12.97,1.41%,阳线,观望,13.31,13.41,13.4,13.35,13.88,13.4,12.92,布林带内,0.0,0.05,-0.1,无信号,否
301033.SZ,迈普医学,53.82,4.08%,阳线,观望,55.51,57.27,57.32,62.54,61.09,57.32,53.55,布林带内,-1.59,-1.39,-0.4,无信号,否
301036.SZ,双乐股份,27.53,3.38%,阳线||布林带下轨,观望,29.24,29.79,29.87,30.84,31.59,29.87,28.16,下轨下方,-0.42,-0.21,-0.42,无信号,否
301037.SZ,保立佳,17.16,2.82%,阳线||布林带下轨,观望,24.66,25.65,25.14,24.16,29.73,25.14,20.55,下轨下方,0.03,0.65,-1.23,死叉,否
301040.SZ,中环海陆,32.25,2.06%,阳线||MA5上穿MA10,观望,33.9,33.59,32.93,34.41,35.74,32.93,30.12,布林带内,0.11,0.13,-0.04,死叉,否
301041.SZ,金百泽,34.21,5.55%,阳线||多头排列||MA5上穿MA10,多头排列,33.73,33.58,31.88,29.56,35.88,31.88,27.87,布林带内,1.36,1.26,0.2,无信号,是
301045.SZ,天禄科技,58.97,9.85%,阳线||多头排列||MA5上穿MA10,多头排列,56.42,54.89,50.55,45.44,61.88,50.55,39.22,布林带内,3.72,3.2,1.04,无信号,是
301046.SZ,能辉科技,28.84,3.18%,阳线||多头排列||MA5上穿MA10,多头排列,29.53,29.39,27.65,27.22,31.37,27.65,23.94,布林带内,0.8,0.63,0.33,无信号,是
301048.SZ,金鹰重工,10.53,1.35%,阳线,观望,10.91,11.12,11.1,11.26,11.69,11.1,10.52,布林带内,-0.1,-0.03,-0.13,无信号,否
301049.SZ,超越科技,24.19,2.33%,阳线,观望,24.87,25.24,25.08,24.11,27.0,25.08,23.16,布林带内,0.29,0.49,-0.41,无信号,否
301050.SZ,雷电微力,37.86,2.02%,阳线||布林带下轨,观望,88.02,97.24,102.76,118.25,136.83,102.76,68.69,下轨下方,-10.03,-5.72,-8.61,无信号,否
301051.SZ,信濠光电,26.22,0.81%,价升||布林带下轨,观望,56.64,61.44,60.98,57.91,78.52,60.98,43.43,下轨下方,-1.13,1.39,-5.04,死叉,否
301052.SZ,果麦文化,29.56,1.69%,阳线,观望,,,,,,,,,,,,,
301055.SZ,张小泉,39.5,2.62%,阳线||多头排列||MA5上穿MA10,多头排列,39.91,39.03,35.76,27.72,43.51,35.76,28.02,布林带内,3.15,3.08,0.16,无信号,是
301056.SZ,森赫股份,14.62,4.50%,阳线,观望,15.45,16.0,15.74,16.06,17.09,15.74,14.38,布林带内,-0.15,-0.04,-0.23,无信号,否
301057.SZ,汇隆新材,33.62,6.73%,阳线||MACD金叉,MACD金叉,32.43,32.67,33.2,35.72,35.43,33.2,30.98,布林带内,-0.52,-0.62,0.19,金叉,否
301058.SZ,中粮科工,9.13,1.00%,阳线||布林带下轨,观望,9.84,10.23,10.37,10.81,11.17,10.37,9.57,下轨下方,-0.25,-0.14,-0.23,无信号,否
301059.SZ,金三江,15.15,3.06%,阳线||布林带下轨,观望,27.1,29.04,28.71,28.33,35.6,28.71,21.82,下轨下方,-0.6,0.41,-2.01,无信号,否
301060.SZ,兰卫医学,10.55,1.74%,阳线,观望,11.3,11.49,11.17,11.06,12.33,11.17,10.01,布林带内,0.1,0.16,-0.12,死叉,否
301063.SZ,海锅股份,22.39,1.87%,阳线||布林带下轨,观望,23.36,23.69,24.33,25.75,26.11,24.33,22.55,下轨下方,-0.61,-0.44,-0.33,无信号,否
301065.SZ,本立科技,22.94,3.01%,阳线||布林带下轨,观望,33.18,35.01,35.97,36.18,42.32,35.97,29.61,下轨下方,-1.18,-0.13,-2.1,无信号,否
301066.SZ,万事利,15.62,2.29%,阳线||布林带下轨,观望,21.03,22.38,21.78,21.31,25.65,21.78,17.91,下轨下方,-0.09,0.41,-1.02,无信号,否
301067.SZ,显盈科技,30.3,4.09%,阳线||布林带下轨,观望,51.21,54.57,58.17,59.42,72.32,58.17,44.02,下轨下方,-3.34,-1.11,-4.46,无信号,否
301068.SZ,大地海洋,32.42,0.78%,价升||布林带下轨,观望,52.11,55.51,58.64,55.66,71.85,58.64,45.43,下轨下方,-2.15,0.15,-4.6,无信号,否
301069.SZ,凯盛新材,23.81,4.06%,阳线,观望,,,,,,,,,,,,,
301070.SZ,开勒股份,96.09,5.27%,阳线||布林带下轨,观望,126.94,137.87,138.32,114.49,164.55,138.32,112.08,下轨下方,0.47,5.95,-10.97,无信号,否
301071.SZ,力量钻石,64.96,8.83%,阳线||布林带下轨,观望,189.18,199.63,197.86,176.96,264.78,197.86,130.93,下轨下方,0.2,9.63,-18.86,死叉,否
301072.SZ,中捷精工,25.23,3.61%,阳线,观望,25.21,25.34,24.78,23.67,26.67,24.78,22.89,布林带内,0.55,0.62,-0.14,无信号,否
301075.SZ,多瑞医药,88.2,3.68%,阳线||多头排列||MA5上穿MA10,多头排列,87.26,85.78,83.53,77.84,90.69,83.53,76.37,布林带内,3.3,3.16,0.28,无信号,是
301076.SZ,新瀚新材,32.77,4.76%,阳线,观望,,,,,,,,,,,,,
301077.SZ,星华新材,29.39,3.20%,阳线,观望,,,,,,,,,,,,,
301079.SZ,邵阳液压,40.19,1.70%,阳线||布林带下轨,观望,52.04,55.82,56.72,55.81,65.96,56.72,47.47,下轨下方,-1.81,-0.08,-3.48,无信号,否
301081.SZ,严牌股份,21.15,15.01%,阳线||多头排列||MA5上穿MA10,多头排列,23.56,23.14,21.89,19.71,25.4,21.89,18.39,布林带内,0.97,0.99,-0.04,死叉,是
301082.SZ,久盛电气,11.5,2.40%,阳线,观望,,,,,,,,,,,,,
301083.SZ,百胜智能,16.87,2.99%,阳线,观望,17.38,17.62,17.61,18.36,18.57,17.61,16.65,布林带内,-0.2,-0.13,-0.14,无信号,否
301085.SZ,亚康股份,81.57,7.36%,阳线||多头排列||MA5上穿MA10,多头排列,82.04,80.61,77.67,68.75,86.6,77.67,68.74,布林带内,3.6,3.69,-0.18,无信号,是
301086.SZ,鸿富瀚,247.97,4.81%,阳线||布林带下轨,观望,338.75,341.38,320.19,243.65,388.09,320.19,252.3,下轨下方,22.91,29.67,-13.51,死叉,否
301093.SZ,华兰股份,130.6,18.50%,阳线||多头排列||MA5上穿MA10,多头排列,145.13,141.3,126.78,115.05,160.44,126.78,93.12,布林带内,9.24,8.21,2.05,无信号,是
301095.SZ,广立微,102.98,0.80%,价升||多头排列||MA5上穿MA10,多头排列,108.56,107.98,97.66,83.9,120.98,97.66,74.35,布林带内,7.45,7.25,0.39,无信号,是
301096.SZ,百诚医药,64.6,0.28%,价升,观望,64.74,65.07,62.48,56.21,68.32,62.48,56.65,布林带内,2.29,2.38,-0.18,死叉,否
301097.SZ,天益医疗,61.57,2.82%,阳线||多头排列||MA5上穿MA10,多头排列,61.84,61.47,60.81,58.64,62.94,60.81,58.68,布林带内,0.91,0.93,-0.04,死叉,是
301098.SZ,金埔园林,10.57,3.63%,阳线||布林带下轨,观望,14.93,15.52,14.9,14.09,17.76,14.9,12.04,下轨下方,0.2,0.52,-0.64,死叉,否
301099.SZ,雅创电子,64.25,4.47%,阳线||布林带下轨,观望,98.21,103.08,101.01,87.71,122.44,101.01,79.58,下轨下方,1.38,4.77,-6.79,无信号,否
301100.SZ,风光股份,17.97,3.99%,阳线||布林带下轨,观望,19.08,19.3,19.61,20.6,20.71,19.61,18.5,下轨下方,-0.35,-0.22,-0.25,无信号,否
301101.SZ,明月镜片,34.97,0.63%,价升||布林带下轨,观望,51.72,54.54,55.31,55.59,65.12,55.31,45.49,下轨下方,-1.44,0.1,-3.08,无信号,否
301102.SZ,兆讯传媒,10.82,1.12%,价升||布林带下轨,观望,20.34,21.72,22.17,22.97,27.57,22.17,16.77,下轨下方,-1.0,-0.22,-1.55,无信号,否
301103.SZ,何氏眼科,18.3,0.99%,价升||布林带下轨,观望,25.31,26.65,27.55,28.55,32.13,27.55,22.97,下轨下方,-1.1,-0.41,-1.39,无信号,否
301105.SZ,鸿铭股份,55.62,0.47%,价升||布林带下轨,观望,57.98,59.09,59.07,58.55,62.32,59.07,55.82,下轨下方,-0.42,0.06,-0.97,无信号,否
301106.SZ,骏成科技,34.6,2.49%,阳线||布林带下轨,观望,47.38,49.95,49.98,46.49,57.92,49.98,42.04,下轨下方,0.07,1.47,-2.79,无信号,否
301107.SZ,瑜欣电子,29.0,3.53%,阳线||布林带下轨,观望,38.39,39.39,39.92,41.3,45.16,39.92,34.67,下轨下方,-0.99,-0.33,-1.32,死叉,否
301108.SZ,洁雅股份,24.48,1.24%,阳线,观望,,,,,,,,,,,,,
301109.SZ,军信股份,15.06,0.94%,阳线,观望,,,,,,,,,,,,,
301111.SZ,粤万年青,30.13,16.33%,阳线||多头排列||布林带上轨||MA5上穿MA10,多头排列,26.46,25.28,22.73,21.19,28.82,22.73,16.64,上轨上方,1.88,1.2,1.35,无信号,是
301112.SZ,信邦智能,37.08,1.51%,阳线,观望,37.3,37.47,36.71,35.54,39.24,36.71,34.19,布林带内,0.66,0.7,-0.08,死叉,否
301113.SZ,雅艺科技,26.18,2.67%,阳线||布林带下轨,观望,34.52,36.05,36.07,35.98,41.35,36.07,30.79,下轨下方,-0.58,0.23,-1.62,无信号,否
301115.SZ,联检科技,26.85,6.97%,阳线,观望,26.89,26.96,24.98,23.25,29.8,24.98,20.16,布林带内,1.25,1.15,0.19,无信号,否
301117.SZ,佳缘科技,41.22,1.78%,阳线||布林带下轨,观望,57.06,60.21,61.65,65.34,72.51,61.65,50.78,下轨下方,-2.49,-0.87,-3.24,无信号,否
301118.SZ,恒光股份,33.87,3.26%,阳线||多头排列||MA5上穿MA10,多头排列,34.85,34.34,31.52,28.53,38.36,31.52,24.68,布林带内,2.15,1.98,0.34,无信号,是
301120.SZ,新特电气,23.6,2.43%,阳线||布林带下轨||MA5上穿MA10,观望,32.98,32.32,32.02,34.73,38.31,32.02,25.72,下轨下方,-0.59,-0.46,-0.25,死叉,否
301121.SZ,紫建电子,41.21,4.73%,阳线||布林带下轨,观望,53.52,54.35,54.23,53.85,61.01,54.23,47.45,下轨下方,-0.27,0.56,-1.67,死叉,否
301122.SZ,采纳股份,28.9,2.92%,阳线||布林带下轨,观望,37.17,41.1,42.22,42.15,50.15,42.22,34.29,下轨下方,-1.44,-0.05,-2.78,无信号,否
301123.SZ,奕东电子,82.7,12.36%,阳线||多头排列||MA5上穿MA10,多头排列,78.38,76.67,72.29,63.57,82.87,72.29,61.72,布林带内,4.17,3.77,0.8,无信号,是
301125.SZ,腾亚精工,24.96,2.72%,阳线||布林带下轨,观望,44.95,47.72,48.55,46.22,60.26,48.55,36.84,下轨下方,-0.95,0.89,-3.67,无信号,否
301126.SZ,达嘉维康,11.37,1.79%,阳线,观望,11.73,11.95,11.89,11.92,12.59,11.89,11.19,布林带内,-0.02,0.05,-0.15,无信号,否
301127.SZ,武汉天源,14.33,7.18%,阳线||布林带下轨,观望,18.0,18.8,19.74,22.29,22.95,19.74,16.53,下轨下方,-1.32,-1.02,-0.61,无信号,否
301128.SZ,强瑞技术,137.49,3.88%,阳线,观望,,,,,,,,,,,,,
301129.SZ,瑞纳智能,28.88,6.96%,阳线||布林带下轨,观望,48.1,50.39,50.75,50.14,61.42,50.75,40.08,下轨下方,-1.1,0.47,-3.15,无信号,否
301130.SZ,西点药业,31.23,2.23%,阳线,观望,32.19,32.8,32.43,32.17,34.71,32.43,30.16,布林带内,0.0,0.2,-0.39,无信号,否
301131.SZ,聚赛龙,42.13,2.91%,阳线||布林带下轨,观望,43.63,44.25,44.46,44.72,46.24,44.46,42.68,下轨下方,-0.27,-0.01,-0.54,无信号,否
301132.SZ,满坤科技,36.66,5.98%,阳线,观望,37.0,38.15,39.45,40.51,43.76,39.45,35.14,布林带内,-1.19,-0.78,-0.83,无信号,否
301133.SZ,金钟股份,47.53,3.85%,阳线,观望,46.71,47.67,47.44,42.78,50.04,47.44,44.83,布林带内,0.93,1.32,-0.79,无信号,否
301135.SZ,瑞德智能,26.95,3.06%,阳线,观望,27.91,28.22,28.42,29.42,29.98,28.42,26.87,布林带内,-0.41,-0.3,-0.22,无信号,否
301136.SZ,招标股份,14.56,1.96%,阳线,观望,15.1,15.66,15.87,16.21,17.2,15.87,14.53,布林带内,-0.3,-0.12,-0.37,无信号,否
301138.SZ,华研精机,31.97,1.52%,阳线||布林带下轨,观望,34.49,35.18,36.31,38.9,40.39,36.31,32.22,下轨下方,-1.41,-1.13,-0.56,无信号,否
301141.SZ,中科磁业,53.8,3.12%,阳线||布林带下轨,观望,71.8,76.45,76.31,76.44,89.12,76.31,63.5,下轨下方,-1.47,0.52,-3.97,无信号,否
301148.SZ,嘉戎技术,70.5,0.92%,价升,观望,,,,,,,,,,,,,
301149.SZ,隆华新材,13.12,1.78%,阳线,观望,13.86,14.26,14.12,13.3,15.16,14.12,13.07,布林带内,0.13,0.31,-0.34,无信号,否
301150.SZ,中一科技,70.68,6.48%,阳线||布林带下轨,观望,212.44,240.27,236.33,203.21,325.12,236.33,147.53,下轨下方,-3.23,11.58,-29.61,无信号,否
301151.SZ,冠龙节能,17.13,0.41%,阳线||布林带下轨,观望,18.45,18.7,18.98,20.03,20.27,18.98,17.7,下轨下方,-0.45,-0.35,-0.2,无信号,否
301152.SZ,天力锂能,31.09,2.88%,阳线,观望,31.57,32.45,32.62,30.27,35.81,32.62,29.43,布林带内,0.3,0.75,-0.9,无信号,否
301153.SZ,中科江南,19.97,0.05%,价升,观望,,,,,,,,,,,,,
301155.SZ,海力风电,70.5,8.28%,阳线||MA5上穿MA10,观望,69.87,68.28,65.95,72.78,72.91,65.95,59.0,布林带内,0.05,-0.88,1.86,无信号,否
301156.SZ,美农生物,20.12,2.50%,阳线||布林带下轨,观望,35.4,37.62,37.94,37.43,46.69,37.94,29.2,下轨下方,-0.96,0.38,-2.69,无信号,否
301157.SZ,华塑科技,76.21,2.43%,阳线,观望,78.59,80.4,77.81,68.19,86.07,77.81,69.56,布林带内,2.33,3.2,-1.75,无信号,否
301158.SZ,德石股份,24.51,0.04%,价升,观望,26.46,27.24,26.87,27.12,29.45,26.87,24.28,布林带内,0.04,0.31,-0.54,无信号,否
301159.SZ,三维天地,38.58,0.60%,价升,观望,40.09,40.41,40.23,42.86,42.74,40.23,37.72,布林带内,-0.6,-0.56,-0.08,死叉,否
301160.SZ,翔楼新材,62.07,2.24%,阳线||布林带下轨,观望,84.46,87.57,87.44,88.57,100.68,87.44,74.2,下轨下方,-1.31,0.43,-3.49,死叉,否
301161.SZ,唯万密封,34.28,0.94%,阳线||多头排列||MA5上穿MA10,多头排列,34.64,34.51,33.33,32.58,35.99,33.33,30.68,布林带内,0.84,0.75,0.18,无信号,是
301162.SZ,国能日新,51.45,3.94%,阳线,观望,,,,,,,,,,,,,
301163.SZ,宏德股份,29.74,3.88%,阳线,观望,30.51,31.36,31.46,31.04,33.8,31.46,29.12,布林带内,-0.15,0.17,-0.64,无信号,否
301165.SZ,锐捷网络,98.49,6.35%,阳线||布林带下轨,观望,129.31,135.93,136.52,128.56,157.3,136.52,115.73,下轨下方,-1.18,2.44,-7.26,无信号,否
301166.SZ,优宁维,30.23,1.44%,阳线||布林带下轨,观望,32.23,33.01,33.03,33.47,34.91,33.03,31.15,下轨下方,-0.32,-0.05,-0.54,无信号,否
301167.SZ,建研设计,16.98,3.16%,阳线||布林带下轨,观望,23.27,24.42,24.75,24.76,28.65,24.75,20.85,下轨下方,-0.57,0.06,-1.27,无信号,否
301168.SZ,通灵股份,48.36,6.38%,阳线||多头排列||布林带上轨||MA5上穿MA10,多头排列,46.78,45.68,44.52,43.34,48.18,44.52,40.86,上轨上方,0.98,0.62,0.71,无信号,是
301170.SZ,锡南科技,28.5,2.19%,阳线,观望,29.21,29.84,29.85,29.88,31.43,29.85,28.27,布林带内,-0.15,0.07,-0.43,无信号,否
301172.SZ,君逸数码,38.5,0.79%,价升||布林带下轨,观望,49.43,50.1,47.44,41.9,55.83,47.44,39.05,下轨下方,1.89,2.44,-1.09,死叉,否
301173.SZ,毓恬冠佳,39.45,1.47%,阳线,观望,,,,,,,,,,,,,
301175.SZ,中科环保,5.79,0.17%,价升,观望,,,,,,,,,,,,,
301176.SZ,逸豪新材,46.47,13.65%,阳线||多头排列||MA5上穿MA10,多头排列,42.56,40.98,38.41,31.37,48.29,38.41,28.52,布林带内,3.37,3.06,0.63,无信号,是
301177.SZ,迪阿股份,28.6,0.03%,价升||布林带下轨,观望,32.78,34.07,33.73,33.54,36.88,33.73,30.57,下轨下方,-0.21,0.28,-0.97,无信号,否
301178.SZ,天亿马,57.52,5.16%,阳线||布林带下轨,观望,75.97,79.99,79.37,73.85,91.98,79.37,66.77,下轨下方,-0.08,2.06,-4.29,无信号,否
301179.SZ,泽宇智能,25.24,2.85%,阳线||布林带下轨,观望,69.93,75.41,76.49,75.16,101.77,76.49,51.21,下轨下方,-3.7,-0.06,-7.28,无信号,否
301180.SZ,万祥科技,16.45,3.01%,阳线,观望,16.82,17.73,18.08,19.47,19.97,18.08,16.19,布林带内,-0.76,-0.55,-0.43,无信号,否
301182.SZ,凯旺科技,92.87,9.76%,阳线||多头排列||布林带上轨||MA5上穿MA10,多头排列,84.3,79.47,73.96,62.97,88.95,73.96,58.96,上轨上方,6.14,4.6,3.09,无信号,是
301183.SZ,东田微,248.78,2.60%,阳线,观望,248.39,252.15,223.4,184.91,290.05,223.4,156.74,布林带内,18.97,18.52,0.9,无信号,否
301185.SZ,鸥玛软件,17.24,2.93%,阳线||布林带下轨,观望,18.15,18.51,18.86,19.81,20.1,18.86,17.61,下轨下方,-0.47,-0.34,-0.27,无信号,否
301188.SZ,力诺药包,49.15,13.48%,阳线||多头排列||布林带上轨||MA5上穿MA10,多头排列,42.92,39.09,33.3,24.42,47.01,33.3,19.6,上轨上方,5.4,4.01,2.79,无信号,是
301189.SZ,奥尼电子,93.9,4.00%,阳线||多头排列||MA5上穿MA10,多头排列,94.91,94.46,89.64,64.04,103.88,89.64,75.41,布林带内,7.42,8.63,-2.42,无信号,是
301190.SZ,善水科技,23.86,5.58%,阳线,观望,23.87,24.82,24.69,24.15,26.61,24.69,22.77,布林带内,0.07,0.3,-0.45,无信号,否
301191.SZ,菲菱科思,164.9,9.87%,阳线||布林带下轨,观望,201.35,205.88,203.79,182.85,228.39,203.79,179.2,下轨下方,2.26,6.09,-7.67,无信号,否
301192.SZ,泰祥股份,26.01,2.12%,阳线||布林带下轨,观望,26.93,27.48,27.66,28.36,29.28,27.66,26.04,下轨下方,-0.32,-0.14,-0.37,无信号,否
301195.SZ,北路智控,31.39,1.85%,阳线||布林带下轨,观望,46.44,48.55,49.75,51.38,58.61,49.75,40.9,下轨下方,-1.78,-0.51,-2.54,无信号,否
301196.SZ,唯科科技,146.95,4.46%,阳线,观望,152.84,155.23,138.86,114.61,176.68,138.86,101.03,布林带内,10.72,11.02,-0.6,死叉,否
301197.SZ,工大科雅,33.53,1.58%,价升,观望,35.1,36.59,33.49,27.05,41.21,33.49,25.77,布林带内,2.35,2.82,-0.94,无信号,否
301198.SZ,喜悦智行,18.34,2.80%,阳线||布林带下轨,观望,28.61,29.77,30.06,27.27,35.95,30.06,24.16,下轨下方,0.12,1.08,-1.91,无信号,否
301199.SZ,迈赫股份,23.21,1.13%,阳线||布林带下轨,观望,31.12,31.95,31.73,32.52,36.16,31.73,27.3,下轨下方,-0.54,-0.04,-1.01,死叉,否
301200.SZ,大族数控,274.0,9.84%,阳线,观望,,,,,,,,,,,,,
301202.SZ,朗威股份,42.72,2.94%,阳线,观望,44.1,44.63,43.87,42.37,47.05,43.87,40.69,布林带内,0.53,0.77,-0.47,无信号,否
301203.SZ,国泰环保,46.01,2.72%,阳线,观望,,,,,,,,,,,,,
301205.SZ,联特科技,256.8,4.68%,阳线||布林带下轨,观望,436.72,477.56,475.79,431.0,598.13,475.79,353.45,下轨下方,-8.18,13.12,-42.61,无信号,否
301206.SZ,三元生物,26.15,0.81%,阳线||布林带下轨,观望,41.27,43.71,44.46,45.06,53.22,44.46,35.69,下轨下方,-1.49,-0.14,-2.71,无信号,否
301207.SZ,华兰疫苗,19.02,0.26%,阳线||布林带下轨,观望,29.79,32.12,31.98,32.01,38.94,31.98,25.03,下轨下方,-0.99,0.04,-2.07,无信号,否
301208.SZ,中亦科技,32.78,1.83%,阳线||布林带下轨,观望,56.14,59.8,61.66,64.44,75.56,61.66,47.75,下轨下方,-2.99,-0.92,-4.13,无信号,否
301209.SZ,联合化学,90.05,2.96%,阳线||布林带下轨,观望,118.42,122.13,125.22,127.34,143.09,125.22,107.35,下轨下方,-3.68,-1.28,-4.81,无信号,否
301210.SZ,金杨精密,44.53,4.56%,阳线||布林带下轨,观望,57.82,58.69,56.25,55.56,66.46,56.25,46.04,下轨下方,0.51,1.23,-1.45,死叉,否
301212.SZ,联盛化学,34.73,5.76%,阳线,观望,34.81,34.9,32.2,30.45,37.93,32.2,26.47,布林带内,1.59,1.42,0.35,无信号,否
301213.SZ,观想科技,73.37,4.58%,阳线,观望,73.3,74.02,73.52,73.6,78.12,73.52,68.91,布林带内,0.36,0.64,-0.56,无信号,否
301215.SZ,中汽股份,6.17,1.48%,阳线||布林带下轨,观望,6.35,6.47,6.52,6.62,6.8,6.52,6.25,下轨下方,-0.06,-0.02,-0.08,无信号,否
301217.SZ,铜冠铜箔,90.93,9.65%,阳线,观望,87.56,88.92,78.15,54.55,111.57,78.15,44.72,布林带内,10.23,10.89,-1.31,无信号,否
301218.SZ,华是科技,37.6,4.47%,阳线||布林带下轨,观望,50.1,50.75,51.77,52.66,59.13,51.77,44.4,下轨下方,-1.18,-0.37,-1.62,死叉,否
301219.SZ,腾远钴业,83.44,4.56%,阳线||布林带下轨,观望,181.74,201.41,208.28,184.88,269.12,208.28,147.44,下轨下方,-5.02,6.54,-23.12,无信号,否
301220.SZ,亚香股份,40.58,2.35%,阳线||布林带下轨,观望,54.44,56.33,55.44,56.77,63.58,55.44,47.29,下轨下方,-0.98,-0.06,-1.86,死叉,否
301221.SZ,光庭信息,53.2,1.51%,阳线||MA5上穿MA10,观望,52.98,52.7,51.83,53.32,55.55,51.83,48.11,布林带内,0.21,-0.09,0.59,无信号,否
301222.SZ,浙江恒威,47.1,3.74%,阳线,观望,45.85,48.55,48.46,40.06,55.11,48.46,41.8,布林带内,1.61,2.53,-1.84,无信号,否
301223.SZ,中荣股份,17.97,0.62%,阳线||布林带下轨,观望,18.92,19.58,20.11,20.41,21.8,20.11,18.43,下轨下方,-0.47,-0.22,-0.51,无信号,否
301226.SZ,祥明智能,38.39,0.68%,阳线||布林带下轨,观望,60.34,64.42,64.45,65.62,77.57,64.45,51.33,下轨下方,-2.24,-0.23,-4.01,无信号,否
301227.SZ,森鹰窗业,35.21,5.04%,阳线,观望,34.94,35.5,34.54,36.51,37.59,34.54,31.49,布林带内,-0.15,-0.3,0.3,无信号,否
301228.SZ,实朴检测,67.98,3.03%,阳线||多头排列||MA5上穿MA10,多头排列,66.8,64.52,60.58,50.28,70.61,60.58,50.55,布林带内,4.5,4.11,0.77,无信号,是
301229.SZ,纽泰格,16.62,0.36%,价升||布林带下轨,观望,30.38,32.49,33.51,35.93,41.71,33.51,25.3,下轨下方,-1.97,-0.82,-2.3,无信号,否
301231.SZ,荣信文化,28.97,3.39%,阳线,观望,29.78,30.37,30.64,32.62,32.66,30.64,28.62,布林带内,-0.69,-0.54,-0.28,无信号,否
301232.SZ,飞沃科技,146.18,4.27%,阳线,观望,,,,,,,,,,,,,
301233.SZ,盛帮股份,60.66,2.64%,阳线,观望,62.12,62.41,60.4,56.51,65.4,60.4,55.41,布林带内,1.66,1.86,-0.41,无信号,否
301234.SZ,五洲医疗,39.85,3.72%,阳线,观望,40.55,41.35,41.78,40.72,43.82,41.78,39.73,布林带内,-0.09,0.27,-0.72,无信号,否
301235.SZ,华康洁净,73.08,4.21%,阳线||多头排列||MA5上穿MA10,多头排列,73.87,69.65,61.85,54.01,80.03,61.85,43.67,布林带内,5.94,4.76,2.36,无信号,是
301236.SZ,软通动力,38.55,1.13%,阳线||布林带下轨,观望,80.51,87.1,90.8,94.42,116.28,90.8,65.32,下轨下方,-4.9,-1.15,-7.51,无信号,否
301237.SZ,和顺科技,73.86,7.20%,阳线,观望,72.97,74.0,72.65,64.78,77.55,72.65,67.75,布林带内,2.36,2.9,-1.08,无信号,否
301238.SZ,瑞泰新材,22.86,5.69%,阳线,观望,22.01,22.1,22.22,21.19,23.43,22.22,21.02,布林带内,0.24,0.29,-0.11,无信号,否
301239.SZ,普瑞眼科,42.62,4.74%,阳线,观望,41.82,43.13,43.53,38.36,47.91,43.53,39.15,布林带内,0.77,1.39,-1.23,无信号,否
301251.SZ,威尔高,72.8,6.82%,阳线||多头排列||MA5上穿MA10,多头排列,70.43,69.67,67.44,65.14,73.24,67.44,61.64,布林带内,1.73,1.42,0.61,无信号,是
301252.SZ,同星科技,40.99,2.14%,阳线||布林带下轨,观望,79.07,84.92,83.63,81.64,107.33,83.63,59.92,下轨下方,-1.71,1.52,-6.47,无信号,否
301255.SZ,通力科技,34.2,5.62%,阳线||布林带下轨,观望,64.74,67.64,67.67,64.39,84.17,67.67,51.18,下轨下方,-1.08,1.16,-4.5,死叉,否
301256.SZ,华融化学,13.22,0.99%,阳线||布林带下轨,观望,14.16,14.55,14.56,14.64,15.48,14.56,13.64,下轨下方,-0.09,0.06,-0.29,无信号,否
301258.SZ,富士莱,29.32,1.49%,价升||布林带下轨,观望,31.0,31.64,31.62,33.55,33.68,31.62,29.55,下轨下方,-0.67,-0.52,-0.29,无信号,否
301259.SZ,艾布鲁,39.11,0.46%,阳线||布林带下轨,观望,51.65,54.21,52.92,47.33,61.45,52.92,44.4,下轨下方,0.85,2.3,-2.9,无信号,否
301261.SZ,恒工精密,101.83,3.34%,阳线||多头排列||MA5上穿MA10,多头排列,100.26,98.32,91.82,84.6,109.61,91.82,74.03,布林带内,5.19,4.46,1.47,无信号,是
301262.SZ,海看股份,22.16,0.27%,价升||布林带下轨,观望,24.52,25.2,25.64,26.14,27.67,25.64,23.61,下轨下方,-0.5,-0.18,-0.63,无信号,否
301263.SZ,泰恩康,26.61,0.68%,价升||布林带下轨,观望,45.13,48.2,50.88,52.13,62.83,50.88,38.92,下轨下方,-2.72,-0.92,-3.59,无信号,否
301265.SZ,华新科技,27.8,8.34%,阳线,观望,26.58,26.7,26.62,22.72,27.96,26.62,25.27,布林带内,0.87,1.09,-0.44,无信号,否
301266.SZ,宇邦新材,28.15,2.07%,价升,观望,,,,,,,,,,,,,
301267.SZ,华厦眼科,16.89,1.87%,阳线||布林带下轨,观望,24.05,25.76,26.81,26.89,31.8,26.81,21.83,下轨下方,-1.04,-0.21,-1.66,无信号,否
301269.SZ,华大九天,108.69,11.80%,阳线||多头排列||布林带上轨||MA5上穿MA10,多头排列,100.14,97.91,93.43,90.96,105.59,93.43,81.26,上轨上方,3.65,2.29,2.73,无信号,是
301270.SZ,汉仪股份,31.18,3.45%,阳线||布林带下轨,观望,32.32,33.05,33.98,35.04,36.66,33.98,31.3,下轨下方,-0.77,-0.45,-0.64,无信号,否
301272.SZ,英华特,46.35,3.09%,阳线,观望,47.08,47.57,46.58,43.96,49.49,46.58,43.67,布林带内,0.99,1.2,-0.42,无信号,否
301273.SZ,瑞晨环保,43.9,2.88%,价升||多头排列||MA5上穿MA10,多头排列,43.92,43.72,40.15,34.27,48.76,40.15,31.54,布林带内,3.0,2.97,0.05,无信号,是
301277.SZ,新天地,10.56,0.48%,阳线,观望,,,,,,,,,,,,,
301278.SZ,快可电子,39.88,5.64%,阳线||布林带下轨,观望,50.29,52.32,52.81,54.12,59.97,52.81,45.66,下轨下方,-1.1,-0.1,-1.99,无信号,否
301279.SZ,金道科技,26.8,0.79%,价升,观望,,,,,,,,,,,,,
301280.SZ,珠城科技,48.91,1.24%,阳线,观望,,,,,,,,,,,,,
301281.SZ,科源制药,40.55,12.14%,阳线||布林带下轨,观望,51.05,54.4,54.92,58.05,62.88,54.92,46.96,下轨下方,-1.66,-0.47,-2.38,无信号,否
301282.SZ,金禄电子,28.9,10.22%,阳线,观望,,,,,,,,,,,,,
301283.SZ,聚胶股份,30.59,1.29%,价升,观望,,,,,,,,,,,,,
301285.SZ,鸿日达,112.69,0.85%,阳线||多头排列||MA5上穿MA10,多头排列,116.66,116.17,111.0,93.35,124.42,111.0,97.58,布林带内,5.98,6.64,-1.31,无信号,是
301286.SZ,侨源股份,56.99,1.59%,阳线,观望,60.51,60.97,56.26,51.96,68.68,56.26,43.84,布林带内,2.94,3.1,-0.31,死叉,否
301287.SZ,康力源,41.98,1.60%,阳线,观望,43.3,44.38,44.15,43.79,47.49,44.15,40.81,布林带内,-0.1,0.28,-0.75,无信号,否
301289.SZ,国缆检测,54.18,2.56%,阳线||布林带下轨,观望,69.13,72.11,73.22,73.52,82.62,73.22,63.82,下轨下方,-1.66,-0.11,-3.1,无信号,否
301290.SZ,东星医疗,32.07,4.16%,阳线,观望,33.33,34.8,33.1,30.52,37.6,33.1,28.59,布林带内,0.9,1.23,-0.66,无信号,否
301291.SZ,明阳电气,55.04,1.93%,阳线,观望,56.25,56.25,58.12,58.19,64.52,58.12,51.73,布林带内,-0.36,0.03,-0.77,无信号,否
301292.SZ,海科新源,74.66,0.82%,阳线,观望,76.06,79.71,83.46,77.33,95.44,83.46,71.48,布林带内,-2.28,-0.56,-3.44,无信号,否
301293.SZ,三博脑科,64.69,1.24%,阳线||布林带下轨,观望,82.84,86.47,86.6,91.6,98.84,86.6,74.36,下轨下方,-2.57,-1.05,-3.05,无信号,否
301296.SZ,新巨丰,7.18,1.41%,阳线||布林带下轨,观望,7.42,7.59,7.74,8.05,8.23,7.74,7.25,下轨下方,-0.18,-0.12,-0.11,无信号,否
301297.SZ,富乐德,50.4,1.00%,阳线||多头排列||MA5上穿MA10,多头排列,51.49,50.97,47.14,39.68,56.02,47.14,38.27,布林带内,3.56,3.5,0.13,无信号,是
301298.SZ,东利机械,15.77,2.80%,阳线,观望,,,,,,,,,,,,,
301299.SZ,卓创资讯,60.33,4.59%,阳线,观望,,,,,,,,,,,,,
301300.SZ,远翔新材,38.83,3.60%,阳线||布林带下轨,观望,41.18,42.66,44.75,46.77,50.33,44.75,39.17,下轨下方,-1.68,-1.1,-1.16,无信号,否
301301.SZ,川宁生物,9.27,0.43%,价升,观望,,,,,,,,,,,,,
301302.SZ,华如科技,27.97,1.93%,阳线||布林带下轨||MA5上穿MA10,观望,39.26,39.25,38.27,39.38,44.94,38.27,31.6,下轨下方,0.24,0.71,-0.94,死叉,否
301303.SZ,真兰仪表,14.24,1.86%,阳线||布林带下轨,观望,19.79,20.76,21.9,22.71,26.0,21.9,17.79,下轨下方,-1.07,-0.5,-1.15,无信号,否
301305.SZ,朗坤科技,24.5,0.29%,价升||布林带下轨,观望,25.51,26.06,26.89,26.7,29.23,26.89,24.56,下轨下方,-0.43,-0.12,-0.62,无信号,否
301306.SZ,西测测试,141.18,2.77%,阳线,观望,143.16,152.56,157.89,142.01,180.58,157.89,135.21,布林带内,-2.82,1.09,-7.83,无信号,否
301308.SZ,江波龙,549.5,1.95%,价升,观望,563.51,574.09,494.88,382.06,673.58,494.88,316.18,布林带内,55.12,56.08,-1.93,死叉,否
301310.SZ,鑫宏业,29.05,1.75%,阳线,观望,,,,,,,,,,,,,
301311.SZ,昆船智能,16.1,1.45%,阳线||布林带下轨,观望,16.43,16.7,16.87,17.44,17.57,16.87,16.18,下轨下方,-0.22,-0.14,-0.17,无信号,否
301312.SZ,智立方,136.2,20.00%,阳线||布林带下轨,观望,307.98,336.78,342.83,304.46,444.6,342.83,241.05,下轨下方,-9.56,8.3,-35.72,无信号,否
301313.SZ,凡拓数创,47.65,1.15%,阳线||多头排列||MA5上穿MA10,多头排列,48.48,43.57,39.79,34.33,50.5,39.79,29.08,布林带内,3.9,2.86,2.08,无信号,是
301314.SZ,科瑞思,51.74,5.42%,阳线||布林带下轨,观望,65.8,68.72,68.97,65.28,77.84,68.97,60.11,下轨下方,-0.44,1.22,-3.33,无信号,否
301316.SZ,慧博云通,47.19,4.75%,阳线,观望,52.63,55.6,53.52,47.57,64.0,53.52,43.04,布林带内,1.38,2.7,-2.63,无信号,否
301317.SZ,鑫磊股份,78.68,5.07%,阳线||多头排列||MA5上穿MA10,多头排列,78.82,75.86,68.34,60.16,85.52,68.34,51.16,布林带内,5.53,4.73,1.61,无信号,是
301318.SZ,维海德,24.42,2.13%,阳线||布林带下轨,观望,45.13,48.17,50.03,54.02,62.51,50.03,37.54,下轨下方,-3.1,-1.42,-3.36,无信号,否
301319.SZ,唯特偶,89.24,5.19%,阳线,观望,,,,,,,,,,,,,
301320.SZ,豪江智能,16.08,1.64%,阳线||布林带下轨,观望,16.8,17.23,17.52,17.75,18.74,17.52,16.3,下轨下方,-0.28,-0.09,-0.37,无信号,否
301321.SZ,翰博高新,30.94,3.93%,阳线||布林带下轨,观望,42.85,43.74,41.21,35.0,50.08,41.21,32.35,下轨下方,1.94,2.85,-1.83,死叉,否
301322.SZ,绿通科技,57.0,0.74%,阳线||多头排列||布林带下轨||MA5上穿MA10,多头排列,99.42,95.54,89.83,78.25,117.69,89.83,61.97,下轨下方,5.04,5.86,-1.64,死叉,是
301323.SZ,新莱福,83.1,3.76%,阳线||多头排列||MA5上穿MA10,多头排列,82.37,79.67,74.42,64.55,86.4,74.42,62.44,布林带内,4.83,4.19,1.28,无信号,是
301325.SZ,曼恩斯特,46.86,8.47%,阳线||布林带下轨,观望,51.72,52.45,53.2,56.16,56.77,53.2,49.62,下轨下方,-1.09,-0.78,-0.62,死叉,否
301326.SZ,捷邦科技,185.34,4.11%,阳线,观望,178.37,183.49,177.8,154.34,202.08,177.8,153.51,布林带内,7.21,8.76,-3.09,无信号,否
301327.SZ,华宝新能,58.96,0.22%,价升||布林带下轨,观望,103.07,109.71,114.4,118.36,141.06,114.4,87.74,下轨下方,-6.42,-2.45,-7.92,无信号,否
301328.SZ,维峰电子,86.2,4.01%,阳线,观望,116.02,119.2,107.76,87.97,137.1,107.76,78.41,布林带内,7.76,9.43,-3.34,死叉,否
301329.SZ,信音电子,27.05,2.89%,阳线||多头排列,多头排列,27.16,27.16,26.22,24.74,28.79,26.22,23.65,布林带内,0.8,0.8,-0.01,死叉,是
301330.SZ,熵基科技,29.51,1.06%,阳线||布林带下轨,观望,44.86,47.0,50.33,54.81,62.32,50.33,38.33,下轨下方,-3.38,-2.05,-2.67,无信号,否
301331.SZ,恩威医药,26.29,2.38%,阳线||布林带下轨,观望,38.64,40.69,41.51,42.36,48.83,41.51,34.2,下轨下方,-1.4,-0.28,-2.24,无信号,否
301332.SZ,德尔玛,9.02,1.12%,价升||布林带下轨,观望,9.32,9.51,9.6,9.6,10.07,9.6,9.12,下轨下方,-0.09,-0.01,-0.15,无信号,否
301335.SZ,天元宠物,23.23,2.47%,阳线||布林带下轨,观望,32.07,33.97,35.73,37.39,42.3,35.73,29.16,下轨下方,-1.81,-0.81,-2.01,无信号,否
301336.SZ,趣睡科技,55.5,2.89%,阳线||多头排列||MA5上穿MA10,多头排列,56.73,56.52,55.65,54.61,59.11,55.65,52.18,布林带内,0.74,0.82,-0.15,死叉,是
301337.SZ,亚华电子,27.88,3.76%,阳线,观望,28.21,28.38,28.36,29.07,29.3,28.36,27.43,布林带内,-0.15,-0.09,-0.11,无信号,否
301338.SZ,凯格精机,202.2,6.42%,阳线||布林带下轨,观望,258.81,272.02,272.64,251.52,317.02,272.64,228.26,下轨下方,1.22,8.57,-14.69,无信号,否
301349.SZ,信德新材,52.58,6.48%,阳线,观望,,,,,,,,,,,,,
301353.SZ,普莱得,29.07,2.72%,阳线||布林带下轨,观望,36.61,38.06,38.08,37.49,42.82,38.08,33.35,下轨下方,-0.42,0.35,-1.54,无信号,否
301355.SZ,南王科技,12.32,3.27%,阳线||布林带下轨,观望,12.76,13.0,13.08,13.04,13.79,13.08,12.36,下轨下方,-0.09,0.02,-0.22,无信号,否
301357.SZ,北方长龙,99.38,0.28%,阳线||布林带下轨,观望,134.72,144.62,150.08,164.98,177.25,150.08,122.92,下轨下方,-8.94,-5.25,-7.38,无信号,否
301359.SZ,东南电子,23.56,4.11%,阳线,观望,,,,,,,,,,,,,
301360.SZ,荣旗科技,92.1,4.50%,阳线||多头排列||MA5上穿MA10,多头排列,91.7,90.76,87.52,78.94,95.83,87.52,79.21,布林带内,3.81,3.85,-0.07,死叉,是
301361.SZ,众智科技,46.04,2.65%,阳线||多头排列||MA5上穿MA10,多头排列,44.66,42.62,39.85,39.71,46.61,39.85,33.09,布林带内,1.81,1.02,1.58,无信号,是
301362.SZ,民爆光电,238.73,20.00%,阳线||多头排列||布林带上轨||MA5上穿MA10,多头排列,211.2,196.94,176.2,137.02,227.57,176.2,124.84,上轨上方,21.14,16.92,8.45,无信号,是
301365.SZ,矩阵股份,35.18,1.18%,阳线||布林带下轨,观望,51.69,54.88,55.2,48.15,65.55,55.2,44.86,下轨下方,0.12,2.06,-3.89,无信号,否
301366.SZ,一博科技,43.19,4.80%,阳线||布林带下轨,观望,91.25,98.7,99.43,90.82,127.33,99.43,71.53,下轨下方,-1.28,3.21,-8.98,无信号,否
301369.SZ,联动科技,274.66,0.45%,阳线||多头排列||MA5上穿MA10,多头排列,368.18,364.94,314.82,248.11,434.93,314.82,194.71,布林带内,33.58,34.48,-1.8,死叉,是
301372.SZ,科净源,38.18,1.35%,阳线||多头排列||MA5上穿MA10,多头排列,39.17,39.16,37.01,31.32,42.44,37.01,31.59,布林带内,2.14,2.35,-0.41,无信号,是
301373.SZ,凌玮科技,139.6,12.94%,阳线,观望,130.43,136.25,127.53,90.51,156.52,127.53,98.54,布林带内,11.07,13.03,-3.93,无信号,否
301376.SZ,致欧科技,18.79,3.70%,价升||多头排列||MA5上穿MA10,多头排列,19.08,19.06,18.4,18.04,20.19,18.4,16.62,布林带内,0.42,0.36,0.13,无信号,是
301377.SZ,鼎泰高科,310.63,20.00%,阳线,观望,,,,,,,,,,,,,
301378.SZ,通达海,33.44,1.30%,阳线||布林带下轨,观望,66.23,71.05,71.14,71.54,90.36,71.14,51.91,下轨下方,-2.24,0.52,-5.51,无信号,否
301379.SZ,天山电子,32.93,1.98%,阳线||多头排列||布林带下轨||MA5上穿MA10,多头排列,61.4,59.87,56.95,53.88,73.75,56.95,40.15,下轨下方,1.37,2.37,-2.01,死叉,是
301380.SZ,挖金客,35.98,1.27%,价升||布林带下轨,观望,50.96,52.27,51.54,50.87,60.06,51.54,43.03,下轨下方,-0.39,0.64,-2.05,死叉,否
301381.SZ,赛维时代,20.9,9.25%,阳线,观望,21.16,22.32,22.33,21.66,24.3,22.33,20.37,布林带内,-0.15,0.16,-0.62,无信号,否
301382.SZ,蜂助手,50.39,6.22%,阳线||布林带下轨,观望,76.95,80.33,76.83,65.63,94.26,76.83,59.4,下轨下方,2.41,4.74,-4.67,无信号,否
301386.SZ,未来电器,25.25,3.06%,阳线||布林带下轨,观望,27.24,27.7,27.8,28.27,29.4,27.8,26.2,下轨下方,-0.29,-0.06,-0.47,无信号,否
301387.SZ,光大同创,116.89,2.54%,阳线||多头排列||MA5上穿MA10,多头排列,142.05,133.7,114.68,93.09,161.2,114.68,68.15,布林带内,14.47,12.45,4.04,无信号,是
301388.SZ,欣灵电气,31.47,2.44%,阳线,观望,33.1,33.85,33.53,35.12,35.63,33.53,31.43,布林带内,-0.29,-0.1,-0.38,无信号,否
301389.SZ,隆扬电子,77.52,10.19%,阳线,观望,74.67,75.7,70.86,60.49,83.68,70.86,58.05,布林带内,4.33,4.56,-0.46,无信号,否
301390.SZ,经纬股份,36.41,1.53%,阳线,观望,37.54,38.0,37.71,38.6,39.91,37.71,35.51,布林带内,-0.13,0.01,-0.28,无信号,否
301392.SZ,汇成真空,202.3,8.24%,阳线,观望,,,,,,,,,,,,,
301395.SZ,仁信新材,13.1,2.34%,阳线||布林带下轨,观望,22.07,24.22,24.03,25.58,30.24,24.03,17.82,下轨下方,-1.02,-0.17,-1.7,无信号,否
301396.SZ,宏景科技,312.6,5.16%,价升||布林带下轨,观望,477.13,511.42,535.28,361.73,651.1,535.28,419.47,下轨下方,14.91,43.47,-57.13,无信号,否
301399.SZ,英特科技,21.24,3.76%,阳线,观望,,,,,,,,,,,,,
301408.SZ,华人健康,17.87,0.28%,价升,观望,18.46,19.3,20.18,19.23,22.87,20.18,17.48,布林带内,-0.38,0.03,-0.81,无信号,否
301418.SZ,协昌科技,43.97,4.00%,阳线||多头排列||MA5上穿MA10,多头排列,43.79,43.66,42.74,40.12,45.59,42.74,39.89,布林带内,1.08,1.15,-0.14,无信号,是
301419.SZ,阿莱德,47.01,6.12%,阳线||布林带下轨,观望,51.83,52.89,52.38,50.35,56.72,52.38,48.04,下轨下方,-0.1,0.37,-0.95,无信号,否
301421.SZ,波长光电,131.93,10.02%,阳线||多头排列||布林带上轨||MA5上穿MA10,多头排列,117.14,112.34,107.17,97.59,124.03,107.17,90.31,上轨上方,6.29,4.29,4.0,无信号,是
301428.SZ,世纪恒通,34.7,4.27%,阳线,观望,35.57,35.77,34.9,35.27,37.78,34.9,32.02,布林带内,0.11,0.14,-0.06,死叉,否
301429.SZ,森泰股份,22.53,3.73%,阳线,观望,23.27,23.48,22.67,21.68,25.05,22.67,20.29,布林带内,0.54,0.63,-0.17,无信号,否
301439.SZ,泓淋电力,17.04,3.40%,阳线,观望,17.68,17.79,17.39,17.26,18.55,17.39,16.24,布林带内,0.18,0.23,-0.09,死叉,否
301446.SZ,福事特,44.17,0.73%,价升||布林带下轨,观望,55.32,56.29,55.09,53.4,62.4,55.09,47.79,下轨下方,0.57,1.28,-1.43,死叉,否
301448.SZ,开创电气,36.86,0.90%,阳线||布林带下轨,观望,47.71,49.36,50.5,52.39,57.29,50.5,43.71,下轨下方,-1.57,-0.56,-2.01,无信号,否
301449.SZ,天溯计量,69.82,0.82%,阳线||MACD金叉,MACD金叉,70.47,70.77,72.29,76.84,80.66,72.29,63.91,布林带内,-1.96,-1.98,0.02,金叉,否
301456.SZ,盘古智能,31.35,2.99%,阳线||多头排列||MA5上穿MA10,多头排列,32.11,32.06,31.85,31.08,33.32,31.85,30.37,布林带内,0.32,0.43,-0.22,无信号,是
301458.SZ,钧崴电子,44.66,10.14%,阳线,观望,42.79,43.36,42.02,38.24,45.86,42.02,38.18,布林带内,1.5,1.61,-0.23,无信号,否
301459.SZ,丰茂股份,43.05,4.80%,阳线||布林带下轨||MA5上穿MA10,观望,50.7,50.6,50.01,51.06,54.66,50.01,45.35,下轨下方,-0.16,0.01,-0.33,死叉,否
301468.SZ,博盈特焊,52.27,3.10%,阳线,观望,54.81,57.54,56.78,57.17,64.78,56.78,48.77,布林带内,-0.07,0.74,-1.63,无信号,否
301469.SZ,恒达新材,36.35,0.72%,阳线||多头排列||MA5上穿MA10,多头排列,37.52,37.44,37.39,35.68,38.48,37.39,36.31,布林带内,0.52,0.69,-0.33,无信号,是
301479.SZ,弘景光电,120.01,7.44%,阳线||布林带下轨,观望,152.62,164.01,162.56,143.42,192.36,162.56,132.76,下轨下方,1.39,6.51,-10.24,无信号,否
301486.SZ,致尚科技,258.8,9.99%,阳线||多头排列||MA5上穿MA10,多头排列,257.64,250.42,233.78,193.32,277.28,233.78,190.28,布林带内,18.33,18.0,0.66,无信号,是
301487.SZ,盟固利,25.99,2.32%,阳线||MACD金叉||多头排列||MA5上穿MA10,MACD金叉;多头排列,25.46,25.38,24.75,23.15,26.8,24.75,22.69,布林带内,0.79,0.78,0.02,金叉,是
301488.SZ,豪恩汽电,161.49,2.29%,阳线,观望,,,,,,,,,,,,,
301489.SZ,思泉新材,269.5,0.68%,阳线||多头排列||MA5上穿MA10,多头排列,359.13,343.5,329.06,283.68,392.52,329.06,265.6,布林带内,17.34,20.18,-5.7,死叉,是
301498.SZ,乖宝宠物,45.9,0.22%,价升,观望,46.69,48.35,52.26,54.93,61.06,52.26,43.47,布林带内,-2.4,-1.7,-1.4,无信号,否
301499.SZ,维科精密,37.63,2.59%,阳线,观望,37.77,38.1,37.12,34.17,39.71,37.12,34.53,布林带内,1.06,1.23,-0.35,无信号,否
301500.SZ,飞南资源,27.09,2.77%,阳线||布林带下轨,观望,36.18,39.45,39.88,34.28,48.3,39.88,31.45,下轨下方,0.24,1.86,-3.23,无信号,否
301501.SZ,恒鑫生活,30.66,0.49%,价升||布林带下轨,观望,43.13,45.38,48.54,53.93,59.17,48.54,37.92,下轨下方,-3.56,-2.38,-2.35,无信号,否
301503.SZ,智迪科技,35.39,4.00%,阳线||布林带下轨,观望,36.67,37.06,37.28,37.88,38.76,37.28,35.79,下轨下方,-0.34,-0.15,-0.38,无信号,否
301505.SZ,苏州规划,20.82,1.17%,阳线,观望,,,,,,,,,,,,,
301507.SZ,民生健康,13.69,0.88%,阳线||布林带下轨,观望,14.08,14.48,14.62,14.66,15.45,14.62,13.79,下轨下方,-0.16,-0.03,-0.27,无信号,否
301508.SZ,中机认检,27.97,0.90%,阳线||布林带下轨,观望,28.74,29.37,29.74,30.7,31.23,29.74,28.25,下轨下方,-0.48,-0.29,-0.38,无信号,否
301509.SZ,金凯生科,32.47,1.75%,阳线||布林带下轨,观望,44.37,46.88,50.3,55.35,62.35,50.3,38.26,下轨下方,-4.19,-2.99,-2.41,无信号,否
301510.SZ,固高科技,39.99,1.14%,阳线||多头排列||MA5上穿MA10,多头排列,40.81,40.7,39.09,34.78,44.63,39.09,33.56,布林带内,1.88,2.02,-0.29,无信号,是
301511.SZ,德福科技,108.5,10.43%,阳线||多头排列||MA5上穿MA10,多头排列,135.16,134.04,119.4,77.36,161.67,119.4,77.12,布林带内,15.66,17.7,-4.08,死叉,是
301512.SZ,智信精密,54.38,4.76%,阳线,观望,53.76,54.65,52.83,50.0,57.57,52.83,48.1,布林带内,1.38,1.5,-0.25,无信号,否
301513.SZ,尚水智能,85.06,3.08%,阳线||MA5上穿MA10,观望,86.24,85.12,85.11,85.11,93.35,85.11,76.86,布林带内,-3.05,-3.66,1.22,无信号,否
301515.SZ,港通医疗,23.56,3.65%,阳线,观望,24.15,24.38,24.24,23.98,25.52,24.24,22.97,布林带内,0.08,0.21,-0.26,无信号,否
301516.SZ,中远通,21.29,2.85%,阳线||多头排列||MA5上穿MA10,多头排列,21.82,21.69,21.0,19.56,23.16,21.0,18.84,布林带内,0.58,0.63,-0.11,无信号,是
301517.SZ,陕西华达,65.16,2.55%,阳线||布林带下轨,观望,87.22,92.98,94.83,87.84,111.31,94.83,78.36,下轨下方,-1.55,1.56,-6.22,无信号,否
301518.SZ,长华化学,34.79,3.36%,阳线,观望,35.14,36.06,37.92,41.66,43.25,37.92,32.6,布林带内,-1.8,-1.57,-0.46,无信号,否
301519.SZ,舜禹股份,15.01,2.88%,阳线,观望,15.41,15.62,15.51,15.1,16.49,15.51,14.53,布林带内,0.12,0.23,-0.22,无信号,否
301520.SZ,万邦医药,40.49,1.48%,阳线||布林带下轨,观望,41.51,42.26,42.61,43.38,44.66,42.61,40.56,下轨下方,-0.66,-0.4,-0.52,无信号,否
301522.SZ,上大股份,31.96,1.24%,阳线,观望,32.44,32.59,32.31,33.53,33.95,32.31,30.67,布林带内,-0.06,-0.05,-0.02,死叉,否
301525.SZ,儒竞科技,84.23,0.54%,阳线||MA5上穿MA10,观望,80.28,79.24,76.59,78.43,84.75,76.59,68.43,布林带内,1.63,0.6,2.05,无信号,否
301526.SZ,国际复材,20.49,15.05%,阳线||多头排列||MA5上穿MA10,多头排列,18.92,18.9,17.71,14.36,21.47,17.71,13.96,布林带内,1.4,1.43,-0.07,无信号,是
301528.SZ,多浦乐,70.29,1.66%,阳线,观望,70.55,71.95,72.41,66.76,76.42,72.41,68.4,布林带内,0.91,1.65,-1.49,无信号,否
301529.SZ,福赛科技,177.61,2.13%,价升||多头排列||MA5上穿MA10,多头排列,170.94,165.14,148.07,125.19,188.88,148.07,107.27,布林带内,14.32,12.09,4.46,无信号,是
301531.SZ,春光集团,91.02,1.25%,价升,观望,,,,,,,,,,,,,
301533.SZ,威马农机,30.94,1.58%,阳线||布林带下轨,观望,32.01,32.63,33.05,33.88,34.86,33.05,31.25,下轨下方,-0.49,-0.25,-0.47,无信号,否
301536.SZ,星宸科技,89.16,1.73%,阳线||多头排列||MA5上穿MA10,多头排列,91.32,91.01,87.62,79.36,96.08,87.62,79.17,布林带内,3.59,3.86,-0.55,无信号,是
301538.SZ,骏鼎达,106.49,2.84%,阳线||多头排列||布林带下轨||MA5上穿MA10,多头排列,196.52,195.88,174.78,163.92,242.84,174.78,106.73,下轨下方,7.76,10.22,-4.91,死叉,是
301539.SZ,宏鑫科技,17.62,2.03%,阳线,观望,18.05,18.4,18.72,19.62,20.02,18.72,17.43,布林带内,-0.43,-0.32,-0.22,无信号,否
301548.SZ,崇德科技,88.41,3.82%,阳线||布林带下轨,观望,120.54,125.34,123.42,115.99,142.73,123.42,104.11,下轨下方,0.92,3.81,-5.78,无信号,否
301552.SZ,科力装备,29.8,2.65%,阳线,观望,,,,,,,,,,,,,
301555.SZ,惠柏新材,41.01,4.03%,阳线||多头排列||MA5上穿MA10,多头排列,41.67,40.47,38.89,37.56,42.97,38.89,34.81,布林带内,1.3,1.05,0.49,无信号,是
301556.SZ,托普云农,76.05,0.56%,阳线||布林带下轨,观望,79.1,83.16,85.74,89.19,95.4,85.74,76.08,下轨下方,-2.53,-1.34,-2.38,无信号,否
301557.SZ,常友科技,115.78,4.33%,阳线,观望,115.61,116.03,113.15,106.28,122.42,113.15,103.88,布林带内,2.55,2.91,-0.72,无信号,否
301558.SZ,三态股份,7.65,1.06%,阳线||布林带下轨,观望,7.95,8.18,8.3,8.45,8.81,8.3,7.79,下轨下方,-0.14,-0.06,-0.16,无信号,否
301559.SZ,中集环科,15.72,1.55%,阳线,观望,,,,,,,,,,,,,
301560.SZ,众捷汽车,39.43,1.89%,价升,观望,40.95,43.61,42.71,40.72,47.91,42.71,37.51,布林带内,0.13,0.8,-1.33,无信号,否
301563.SZ,云汉芯城,171.1,5.54%,阳线,观望,170.53,170.83,168.74,158.53,178.2,168.74,159.28,布林带内,2.95,3.62,-1.35,无信号,否
301565.SZ,中仑新材,23.63,8.34%,阳线||布林带上轨||MA5上穿MA10,观望,22.65,22.52,22.18,22.41,23.53,22.18,20.83,上轨上方,0.23,0.14,0.18,无信号,否
301566.SZ,达利凯普,31.42,11.22%,阳线||多头排列||布林带上轨||MA5上穿MA10,多头排列,29.12,28.14,26.41,23.65,30.61,26.41,22.21,上轨上方,1.84,1.49,0.69,无信号,是
301567.SZ,贝隆精密,47.88,3.68%,阳线||MA5上穿MA10,观望,47.48,46.86,45.26,45.46,49.2,45.26,41.31,布林带内,0.96,0.68,0.56,无信号,否
301568.SZ,思泰克,65.1,11.45%,阳线,观望,,,,,,,,,,,,,
301575.SZ,艾芬达,47.1,1.71%,阳线,观望,47.3,47.6,46.9,47.1,49.1,46.9,44.7,布林带内,0.29,0.31,-0.04,死叉,否
301577.SZ,美信科技,74.44,4.74%,阳线||多头排列||MA5上穿MA10,多头排列,75.32,75.31,71.99,67.73,80.02,71.99,63.96,布林带内,2.52,2.5,0.05,无信号,是
301578.SZ,辰奕智能,35.69,3.42%,阳线||布林带下轨,观望,56.08,58.67,58.92,59.07,70.31,58.92,47.53,下轨下方,-1.36,0.28,-3.28,死叉,否
301580.SZ,爱迪特,63.5,3.39%,阳线||布林带下轨,观望,83.39,93.17,99.82,104.77,123.86,99.82,75.78,下轨下方,-6.26,-2.53,-7.45,无信号,否
301581.SZ,黄山谷捷,49.25,2.93%,阳线,观望,50.02,50.19,48.97,48.54,52.25,48.97,45.69,布林带内,0.67,0.68,-0.04,死叉,否
301584.SZ,建发致新,24.27,0.08%,阳线,观望,24.79,25.52,26.08,27.37,27.91,26.08,24.24,布林带内,-0.76,-0.56,-0.4,无信号,否
301585.SZ,蓝宇股份,28.62,1.89%,阳线||布林带下轨,观望,36.01,37.34,38.53,38.42,43.88,38.53,33.19,下轨下方,-0.92,-0.09,-1.65,无信号,否
301586.SZ,佳力奇,42.31,4.21%,阳线,观望,42.67,43.83,43.52,45.3,45.94,43.52,41.09,布林带内,-0.45,-0.27,-0.36,无信号,否
301587.SZ,中瑞股份,29.09,8.26%,阳线,观望,28.37,28.47,29.08,26.99,31.05,29.08,27.11,布林带内,0.18,0.4,-0.43,无信号,否
301588.SZ,美新科技,40.13,20.01%,阳线||MACD金叉||多头排列||MA5上穿MA10,MACD金叉;多头排列,35.89,35.77,33.74,27.24,41.16,33.74,26.33,布林带内,2.9,2.87,0.05,金叉,是
301589.SZ,诺瓦星云,180.2,0.38%,价升||布林带下轨,观望,311.04,321.18,321.66,320.06,391.48,321.66,251.84,下轨下方,-6.49,2.42,-17.81,死叉,否
301590.SZ,优优绿能,198.87,2.51%,阳线,观望,200.85,204.04,193.67,188.52,219.36,193.67,167.98,布林带内,5.3,5.02,0.56,无信号,否
301591.SZ,肯特股份,47.17,7.06%,阳线||MA5上穿MA10,观望,46.42,46.19,43.9,44.39,49.15,43.9,38.65,布林带内,1.0,0.64,0.71,无信号,否
301592.SZ,六九一二,124.05,1.43%,阳线,观望,126.41,129.19,130.01,122.69,137.48,130.01,122.54,布林带内,0.8,2.21,-2.83,无信号,否
301595.SZ,太力科技,48.92,3.18%,阳线,观望,,,,,,,,,,,,,
301596.SZ,瑞迪智驱,89.5,2.64%,阳线||多头排列||MA5上穿MA10,多头排列,112.98,109.18,103.54,99.9,122.58,103.54,84.5,布林带内,3.23,3.07,0.34,无信号,是
301598.SZ,博科测试,65.95,2.09%,阳线,观望,,,,,,,,,,,,,
301599.SZ,理奇智能,71.3,0.21%,价升,观望,,,,,,,,,,,,,
301600.SZ,慧翰股份,116.01,3.22%,阳线||布林带下轨,观望,163.92,171.19,170.29,168.01,200.46,170.29,140.13,下轨下方,-1.66,2.57,-8.45,无信号,否
301601.SZ,惠通科技,20.42,0.89%,价升,观望,20.97,21.51,22.06,24.24,23.88,22.06,20.25,布林带内,-0.78,-0.68,-0.22,无信号,否
301607.SZ,富特科技,56.36,2.98%,阳线||布林带下轨,观望,72.7,73.7,73.64,68.8,83.1,73.64,64.18,下轨下方,0.45,1.61,-2.32,死叉,否
301608.SZ,博实结,63.73,0.63%,阳线,观望,,,,,,,,,,,,,
301609.SZ,山大电力,48.74,1.67%,阳线||MA5上穿MA10,观望,50.12,49.88,47.98,50.03,52.73,47.98,43.24,布林带内,0.43,0.2,0.46,无信号,否
301611.SZ,珂玛科技,117.04,2.77%,阳线||多头排列||MA5上穿MA10,多头排列,120.16,119.12,113.61,108.47,127.66,113.61,99.57,布林带内,4.23,3.82,0.82,无信号,是
301613.SZ,新铝时代,45.6,1.31%,阳线||布林带下轨,观望,64.26,67.88,69.71,72.26,81.57,69.71,57.84,下轨下方,-2.62,-0.83,-3.57,无信号,否
301617.SZ,博苑新材,68.65,4.86%,阳线||布林带下轨,观望,84.17,85.67,82.87,80.83,93.55,82.87,72.18,下轨下方,1.07,1.92,-1.71,死叉,否
301618.SZ,长联科技,55.03,4.84%,阳线||布林带下轨,观望,70.32,72.02,70.69,69.72,79.72,70.69,61.66,下轨下方,-0.05,0.94,-1.98,死叉,否
301622.SZ,英思特,60.95,7.00%,阳线,观望,58.04,58.64,57.57,62.53,62.51,57.57,52.63,布林带内,-0.81,-1.23,0.83,无信号,否
301626.SZ,苏州天脉,288.62,4.16%,阳线,观望,280.62,284.95,279.57,257.58,303.64,279.57,255.49,布林带内,6.39,7.78,-2.77,无信号,否
301628.SZ,强达电路,135.18,20.00%,阳线,观望,,,,,,,,,,,,,
301629.SZ,矽电股份,387.53,1.42%,价升||多头排列||MA5上穿MA10,多头排列,405.35,405.27,365.2,304.77,452.87,365.2,277.54,布林带内,30.66,30.19,0.94,无信号,是
301630.SZ,同宇新材,264.51,7.18%,阳线,观望,258.81,260.02,251.94,217.09,283.26,251.94,220.63,布林带内,11.39,13.11,-3.44,无信号,否
301631.SZ,壹连科技,136.8,5.27%,阳线,观望,177.32,182.43,170.94,144.41,205.83,170.94,136.05,布林带内,8.85,12.1,-6.49,死叉,否
301632.SZ,广东建科,18.62,0.05%,价升||布林带下轨,观望,19.31,20.04,20.41,21.47,21.98,20.41,18.84,下轨下方,-0.55,-0.34,-0.41,无信号,否
301633.SZ,港迪技术,57.36,1.74%,阳线||布林带下轨,观望,59.32,61.15,62.25,64.2,66.54,62.25,57.96,下轨下方,-1.34,-0.73,-1.22,无信号,否
301636.SZ,泽润新能,57.98,3.96%,阳线,观望,58.92,61.37,63.11,71.46,70.21,63.11,56.02,布林带内,-3.12,-2.74,-0.77,无信号,否
301638.SZ,南网数字,28.33,2.46%,阳线,观望,29.15,29.75,29.13,28.11,32.08,29.13,26.18,布林带内,0.32,0.56,-0.5,无信号,否
301656.SZ,联合动力,19.72,0.36%,价升,观望,19.61,19.63,20.14,22.49,21.96,20.14,18.32,布林带内,-0.67,-0.75,0.16,无信号,否
301658.SZ,首航新能,40.43,2.74%,阳线,观望,40.95,41.02,41.3,43.39,43.62,41.3,38.98,布林带内,-0.67,-0.68,0.02,无信号,否
301662.SZ,宏工科技,165.33,8.03%,阳线,观望,166.36,173.17,171.77,160.56,194.35,171.77,149.19,布林带内,2.61,5.35,-5.48,无信号,否
301665.SZ,泰禾股份,24.69,1.11%,阳线||布林带下轨,观望,25.74,26.44,27.14,28.42,29.23,27.14,25.06,下轨下方,-0.66,-0.4,-0.53,无信号,否
301666.SZ,大普微-UW,888.99,8.94%,阳线||布林带上轨||MA5上穿MA10,观望,729.4,599.02,423.11,423.11,850.8,423.11,-4.58,上轨上方,137.94,85.01,105.86,无信号,否
301667.SZ,纳百川,105.23,9.40%,阳线,观望,100.65,104.6,109.18,93.96,124.57,109.18,93.79,布林带内,0.23,2.31,-4.16,无信号,否
301668.SZ,昊创瑞通,41.78,2.33%,阳线,观望,42.98,44.08,45.7,51.31,50.84,45.7,40.57,布林带内,-2.24,-2.02,-0.44,无信号,否
301680.SZ,固德电材,111.18,3.66%,阳线,观望,112.91,115.52,111.43,111.43,124.46,111.43,98.4,布林带内,0.85,1.14,-0.59,无信号,否
301682.SZ,宏明电子,169.65,10.90%,阳线||布林带上轨||MA5上穿MA10,观望,157.47,150.02,138.99,138.99,166.65,138.99,111.33,上轨上方,9.28,6.6,5.36,无信号,否
301683.SZ,慧谷新材,145.01,6.48%,阳线||MA5上穿MA10,观望,142.84,139.86,136.6,136.6,148.12,136.6,125.08,布林带内,4.0,3.73,0.55,无信号,否
301687.SZ,新广益,61.99,8.64%,阳线,观望,60.24,62.6,61.13,59.41,67.66,61.13,54.61,布林带内,0.65,1.06,-0.84,无信号,否
301696.SZ,三瑞智能,151.35,0.75%,阳线||MA5上穿MA10,观望,155.88,140.98,120.62,120.62,171.05,120.62,70.18,布林带内,14.79,10.98,7.61,无信号,否
600000.SH,浦发银行,8.96,1.13%,阳线||布林带下轨,观望,116.22,120.52,123.89,129.94,142.57,123.89,105.2,下轨下方,-5.06,-2.57,-4.97,无信号,否
600007.SH,中国国贸,21.24,1.38%,阳线||布林带下轨,观望,34.83,35.8,36.26,35.77,39.75,36.26,32.77,下轨下方,-0.58,-0.01,-1.15,无信号,否
600008.SH,首创环保,3.06,0.33%,价升||布林带下轨,观望,26.49,27.67,28.07,28.73,33.08,28.07,23.06,下轨下方,-0.89,-0.18,-1.41,死叉,否
600015.SH,华夏银行,6.75,0.75%,阳线||布林带下轨,观望,30.5,31.45,32.5,33.41,37.56,32.5,27.44,下轨下方,-1.21,-0.55,-1.32,无信号,否
600018.SH,上港集团,5.11,0.39%,阳线||多头排列||布林带上轨||MA5上穿MA10,多头排列,19.83,13.8,10.71,8.72,37.75,10.71,-16.33,上轨上方,4.84,0.98,7.72,无信号,是
600020.SH,中原高速,3.92,0.51%,阳线||布林带下轨,观望,15.28,15.72,15.87,16.14,17.86,15.87,13.89,下轨下方,-0.32,-0.04,-0.55,死叉,否
600023.SH,浙能电力,5.75,0.70%,阳线||布林带下轨,观望,10.54,10.65,10.56,10.22,11.52,10.56,9.6,下轨下方,0.02,0.15,-0.26,无信号,否
600026.SH,中远海能,22.8,0.80%,价升||布林带下轨,观望,32.54,33.02,32.98,34.16,35.13,32.98,30.83,下轨下方,-0.41,-0.25,-0.33,死叉,否
600039.SH,四川路桥,8.1,0.25%,阳线||布林带下轨,观望,91.44,96.2,103.17,113.44,131.76,103.17,74.59,下轨下方,-7.83,-4.75,-6.16,死叉,否
600051.SH,宁波联合,7.16,0.85%,阳线||布林带下轨,观望,32.96,34.71,35.41,36.28,40.98,35.41,29.84,下轨下方,-1.17,-0.3,-1.76,无信号,否
600052.SH,东望时代,4.55,0.22%,阳线||多头排列||布林带上轨||MA5上穿MA10,多头排列,13.69,13.37,13.02,12.13,14.54,13.02,11.5,上轨上方,0.56,0.43,0.26,无信号,是
600058.SH,五矿发展,10.52,2.73%,阳线,观望,,,,,,,,,,,,,
600063.SH,皖维高新,6.38,7.41%,阳线,观望,,,,,,,,,,,,,
600067.SH,冠城新材,3.2,1.59%,阳线||布林带下轨,观望,80.9,84.49,90.21,97.06,107.3,90.21,73.11,下轨下方,-5.51,-3.53,-3.94,无信号,否
600071.SH,凤凰光学,18.93,2.38%,阳线||布林带下轨,观望,102.29,106.94,110.42,112.3,125.18,110.42,95.65,下轨下方,-3.81,-1.48,-4.66,无信号,否
600078.SH,澄星股份,14.53,1.61%,阳线,观望,97.15,98.49,92.68,84.73,109.5,92.68,75.86,布林带内,3.34,4.57,-2.47,死叉,否
600080.SH,ST金花,5.73,0.53%,阳线,观望,27.02,27.92,32.49,38.77,43.01,32.49,21.98,布林带内,-3.79,-3.15,-1.27,无信号,否
600081.SH,东风科技,12.11,1.42%,阳线||布林带下轨,观望,119.16,123.14,121.19,120.07,146.67,121.19,95.72,下轨下方,-0.87,2.01,-5.75,死叉,否
600082.SH,ST海泰,3.77,2.72%,阳线,观望,21.93,22.84,21.43,21.83,25.85,21.43,17.01,布林带内,0.28,0.47,-0.37,死叉,否
600088.SH,中视传媒,15.68,1.95%,阳线,观望,50.74,53.34,50.57,49.41,59.53,50.57,41.62,布林带内,0.54,1.24,-1.42,无信号,否
600089.SH,特变电工,26.02,0.42%,阳线||布林带下轨,观望,1430.52,1550.59,1584.88,1667.16,1960.31,1584.88,1209.44,下轨下方,-77.34,-20.82,-113.03,无信号,否
600094.SH,大名城,4.64,2.20%,阳线||布林带下轨,观望,11.1,11.28,11.48,10.98,12.62,11.48,10.34,下轨下方,-0.08,0.12,-0.39,无信号,否
600095.SH,湘财股份,9.05,2.14%,阳线||布林带下轨,观望,28.87,29.66,30.04,31.89,32.75,30.04,27.34,下轨下方,-0.86,-0.56,-0.59,死叉,否
600096.SH,云天化,32.16,1.84%,阳线,观望,,,,,,,,,,,,,
600097.SH,开创国际,9.76,1.88%,阳线||布林带下轨,观望,14.67,15.44,16.14,17.2,19.19,16.14,13.08,下轨下方,-0.86,-0.43,-0.84,无信号,否
600098.SH,广州发展,7.2,0.14%,阳线||布林带下轨,观望,38.15,38.95,39.12,39.92,43.63,39.12,34.6,下轨下方,-0.69,-0.11,-1.17,死叉,否
600099.SH,林海股份,10.77,1.99%,阳线||布林带下轨,观望,28.63,29.93,30.83,30.7,35.22,30.83,26.45,下轨下方,-0.9,-0.15,-1.51,无信号,否
600100.SH,同方股份,8.26,1.35%,阳线||布林带下轨,观望,157.96,165.75,164.56,165.37,186.49,164.56,142.63,下轨下方,-2.36,0.69,-6.09,无信号,否
600101.SH,明星电力,9.66,1.47%,阳线||布林带下轨,观望,96.13,104.02,105.96,110.49,136.1,105.96,75.83,下轨下方,-4.98,-0.59,-8.79,无信号,否
600103.SH,青山纸业,4.22,0.96%,阳线||布林带下轨,观望,22.09,23.96,24.86,21.66,30.19,24.86,19.54,下轨下方,-0.31,0.72,-2.05,无信号,否
600104.SH,上汽集团,12.48,0.65%,阳线||布林带下轨,观望,133.48,142.03,147.6,153.29,179.03,147.6,116.17,下轨下方,-7.45,-2.8,-9.3,无信号,否
600105.SH,永鼎股份,47.31,2.20%,阳线||布林带下轨,观望,476.34,499.53,482.01,365.75,560.92,482.01,403.09,下轨下方,23.93,38.19,-28.53,无信号,否
600106.SH,重庆路桥,5.66,2.35%,阳线||布林带下轨,观望,37.34,39.35,40.64,40.76,47.76,40.64,33.51,下轨下方,-1.46,-0.28,-2.35,无信号,否
600108.SH,亚盛集团,3.69,1.37%,价升||布林带下轨,观望,37.46,40.63,42.93,48.47,51.72,42.93,34.14,下轨下方,-3.1,-1.82,-2.56,无信号,否
600110.SH,诺德股份,9.98,7.43%,阳线||布林带下轨,观望,129.99,138.37,141.97,127.21,163.51,141.97,120.43,下轨下方,-1.14,3.11,-8.49,无信号,否
600111.SH,北方稀土,51.09,0.73%,阳线||布林带下轨,观望,925.6,983.19,971.71,970.77,1130.32,971.71,813.11,下轨下方,-11.09,9.4,-40.97,无信号,否
600113.SH,浙江东日,39.12,3.82%,阳线,观望,,,,,,,,,,,,,
600114.SH,东睦股份,37.75,7.98%,阳线,观望,174.69,176.72,175.82,165.31,184.86,175.82,166.78,布林带内,3.11,3.86,-1.5,无信号,否
600116.SH,三峡水利,6.57,0.77%,阳线||布林带下轨,观望,40.5,42.05,42.41,43.22,48.51,42.41,36.31,下轨下方,-1.05,-0.15,-1.78,无信号,否
600117.SH,西宁特钢,2.32,0.43%,阳线||布林带下轨,观望,6.24,6.6,6.87,7.28,7.92,6.87,5.82,下轨下方,-0.31,-0.16,-0.32,无信号,否
600120.SH,浙江东方,5.12,3.85%,阳线||布林带下轨,观望,284.19,320.37,344.66,369.93,468.44,344.66,220.88,下轨下方,-30.43,-11.81,-37.23,无信号,否
600121.SH,郑州煤电,4.11,2.24%,阳线||布林带下轨,观望,19.29,20.14,20.58,22.44,24.64,20.58,16.52,下轨下方,-0.99,-0.48,-1.02,死叉,否
600125.SH,铁龙物流,5.86,0.17%,价升||布林带下轨,观望,105.69,110.3,113.27,119.97,131.65,113.27,94.88,下轨下方,-4.91,-2.44,-4.95,无信号,否
600126.SH,杭钢股份,8.29,1.84%,阳线||布林带下轨,观望,37.05,38.85,40.52,40.26,46.76,40.52,34.28,下轨下方,-1.32,-0.42,-1.81,无信号,否
600127.SH,金健米业,6.29,0.48%,阳线||布林带下轨,观望,30.81,32.12,33.21,35.06,37.55,33.21,28.88,下轨下方,-1.49,-0.86,-1.26,无信号,否
600128.SH,苏豪弘业,9.55,1.17%,阳线||布林带下轨,观望,25.24,26.27,27.21,28.57,30.56,27.21,23.87,下轨下方,-1.05,-0.56,-0.97,无信号,否
600133.SH,东湖高新,9.06,1.23%,阳线||布林带下轨,观望,38.07,39.07,38.67,38.87,43.52,38.67,33.82,下轨下方,-0.37,0.26,-1.26,死叉,否
600135.SH,乐凯胶片,10.9,1.87%,阳线||布林带下轨,观望,28.45,29.9,29.74,28.58,33.48,29.74,25.99,下轨下方,-0.21,0.4,-1.22,无信号,否
600136.SH,ST明诚,1.68,0.60%,阳线||布林带下轨,观望,11.6,12.7,13.52,14.41,18.17,13.52,8.87,下轨下方,-1.09,-0.43,-1.32,无信号,否
600137.SH,浪莎股份,21.95,1.11%,阳线||布林带下轨,观望,33.7,35.05,35.8,34.98,40.43,35.8,31.18,下轨下方,-0.67,0.15,-1.64,无信号,否
600141.SH,兴发集团,32.87,4.71%,阳线||布林带下轨,观望,94.89,99.21,100.57,106.88,111.8,100.57,89.34,下轨下方,-2.91,-1.42,-2.99,无信号,否
600143.SH,金发科技,17.7,0.91%,阳线||布林带下轨,观望,295.41,300.44,300.22,302.6,324.51,300.22,275.94,下轨下方,-2.42,0.61,-6.06,死叉,否
600148.SH,长春一东,18.78,2.62%,阳线||布林带下轨,观望,47.41,49.09,49.36,49.48,54.76,49.36,43.96,下轨下方,-0.69,0.14,-1.68,无信号,否
600149.SH,廊坊发展,5.99,1.87%,价升||布林带下轨,观望,17.29,17.92,18.07,18.21,20.51,18.07,15.64,下轨下方,-0.35,0.03,-0.77,无信号,否
600151.SH,航天机电,15.19,1.81%,价升||布林带下轨,观望,65.1,65.27,64.97,62.34,72.3,64.97,57.63,下轨下方,0.39,1.15,-1.51,死叉,否
600152.SH,维科技术,13.09,4.80%,阳线||布林带下轨,观望,35.24,37.73,39.12,32.52,46.56,39.12,31.68,下轨下方,0.22,1.64,-2.83,无信号,否
600156.SH,华升股份,13.59,4.22%,阳线,观望,,,,,,,,,,,,,
600157.SH,永泰能源,1.73,1.17%,阳线||布林带下轨,观望,90.04,93.16,93.64,96.15,104.9,93.64,82.39,下轨下方,-1.91,-0.32,-3.19,无信号,否
600158.SH,中体产业,11.67,2.28%,阳线,观望,71.79,79.06,75.2,70.49,93.5,75.2,56.91,布林带内,0.43,2.61,-4.35,无信号,否
600159.SH,大龙地产,3.01,3.08%,阳线||布林带下轨,观望,14.53,15.23,15.23,14.86,17.22,15.23,13.24,下轨下方,-0.16,0.17,-0.67,无信号,否
600160.SH,巨化股份,35.84,10.01%,阳线||布林带下轨,观望,310.6,325.82,335.16,350.41,373.91,335.16,296.41,下轨下方,-9.84,-4.19,-11.3,无信号,否
600165.SH,ST宁科,3.08,0.98%,阳线||布林带下轨,观望,19.07,19.46,20.98,22.92,25.31,20.98,16.65,下轨下方,-1.33,-0.92,-0.82,无信号,否
600166.SH,福田汽车,3.13,0.97%,价升||布林带下轨,观望,74.92,80.47,83.94,78.5,96.7,83.94,71.18,下轨下方,-1.93,0.58,-5.01,无信号,否
600168.SH,武汉控股,4.71,0.43%,价升||布林带下轨,观望,13.61,14.53,15.02,15.6,18.51,15.02,11.52,下轨下方,-0.73,-0.21,-1.05,无信号,否
600169.SH,ST太重,2.3,0.88%,阳线||布林带下轨,观望,22.32,23.15,23.7,24.43,26.67,23.7,20.72,下轨下方,-0.74,-0.3,-0.89,无信号,否
600170.SH,上海建工,2.55,0.39%,价升||布林带下轨,观望,39.58,41.55,42.6,44.24,49.84,42.6,35.36,下轨下方,-1.66,-0.59,-2.13,无信号,否
600171.SH,上海贝岭,29.55,3.94%,阳线||布林带下轨,观望,76.83,79.14,79.13,78.87,88.01,79.13,70.24,下轨下方,-0.72,0.57,-2.58,无信号,否
600172.SH,黄河旋风,10.99,10.01%,阳线,观望,88.83,92.61,83.29,79.3,106.28,83.29,60.3,布林带内,3.56,4.4,-1.67,死叉,否
600173.SH,卧龙新能,6.73,1.66%,价升||布林带下轨,观望,15.32,15.99,16.37,16.95,17.95,16.37,14.8,下轨下方,-0.49,-0.25,-0.48,无信号,否
600176.SH,中国巨石,38.35,7.97%,阳线||布林带下轨,观望,488.14,509.35,506.03,433.88,567.19,506.03,444.87,下轨下方,11.4,22.71,-22.62,无信号,否
600182.SH,S佳通,14.32,1.34%,阳线||布林带下轨,观望,18.23,18.46,18.75,18.71,19.92,18.75,17.57,下轨下方,-0.21,-0.05,-0.31,无信号,否
600183.SH,生益科技,108.01,10.00%,阳线||多头排列||布林带上轨||MA5上穿MA10,多头排列,805.67,751.71,681.73,560.75,864.01,681.73,499.45,上轨上方,76.05,57.98,36.14,无信号,是
600184.SH,光电股份,26.82,2.29%,价升,观望,86.61,89.43,83.07,68.07,98.47,83.07,67.66,布林带内,5.08,5.93,-1.69,无信号,否
600186.SH,莲花控股,11.75,10.02%,阳线||多头排列||MA5上穿MA10,多头排列,56.19,55.82,54.88,42.77,63.73,54.88,46.03,布林带内,3.05,4.1,-2.11,无信号,是
600187.SH,*ST国中,1.36,0.74%,阳线,观望,5.6,5.8,6.33,7.36,7.59,6.33,5.08,布林带内,-0.47,-0.44,-0.06,无信号,否
600191.SH,华资实业,11.73,10.04%,阳线||布林带下轨,观望,27.15,28.87,31.23,32.04,37.3,31.23,25.15,下轨下方,-1.6,-0.75,-1.7,无信号,否
600192.SH,长城电工,8.12,0.37%,阳线||布林带下轨,观望,13.57,14.28,14.06,14.79,15.94,14.06,12.17,下轨下方,-0.28,-0.05,-0.46,无信号,否
600195.SH,中牧股份,6.9,0.29%,价升||布林带下轨,观望,39.14,42.28,44.42,46.95,56.77,44.42,32.07,下轨下方,-2.99,-1.2,-3.59,无信号,否
600198.SH,大唐电信,8.78,1.62%,阳线,观望,14.28,15.19,14.36,14.18,17.06,14.36,11.66,布林带内,0.09,0.33,-0.49,无信号,否
600202.SH,哈空调,6.08,3.05%,阳线||布林带下轨,观望,29.71,31.02,31.25,31.0,35.47,31.25,27.04,下轨下方,-0.5,0.21,-1.41,无信号,否
600203.SH,福日电子,12.32,2.92%,阳线||布林带下轨,观望,19.6,20.6,20.71,19.82,23.81,20.71,17.62,下轨下方,-0.19,0.34,-1.08,无信号,否
600206.SH,有研新材,29.76,2.90%,阳线||布林带下轨,观望,118.55,125.03,119.59,101.98,141.66,119.59,97.52,下轨下方,4.31,7.52,-6.43,无信号,否
600207.SH,安彩高科,6.73,0.45%,阳线||布林带下轨,观望,9.87,10.19,9.87,9.66,11.34,9.87,8.41,下轨下方,0.04,0.17,-0.26,死叉,否
600210.SH,紫江企业,6.73,0.15%,阳线||布林带下轨,观望,47.38,48.82,49.78,50.96,55.3,49.78,44.26,下轨下方,-1.25,-0.45,-1.59,无信号,否
600212.SH,绿能慧充,6.78,1.50%,阳线||布林带下轨,观望,18.29,19.1,19.84,20.46,22.75,19.84,16.93,下轨下方,-0.81,-0.39,-0.85,无信号,否
600215.SH,派斯林,7.02,2.18%,阳线||布林带下轨,观望,15.2,15.61,15.68,16.04,17.73,15.68,13.62,下轨下方,-0.27,-0.01,-0.52,死叉,否
600217.SH,中再资环,3.39,1.19%,阳线||布林带下轨,观望,14.92,15.79,16.46,17.43,19.2,16.46,13.72,下轨下方,-0.82,-0.4,-0.83,无信号,否
600218.SH,全柴动力,9.08,2.71%,阳线||布林带下轨,观望,18.04,18.99,19.52,20.41,22.46,19.52,16.58,下轨下方,-0.74,-0.28,-0.92,无信号,否
600219.SH,南山铝业,5.28,4.55%,阳线,观望,,,,,,,,,,,,,
600222.SH,太龙药业,7.98,4.59%,阳线||布林带下轨,观望,30.26,30.74,29.67,29.4,33.47,29.67,25.88,下轨下方,0.17,0.42,-0.5,死叉,否
600223.SH,福瑞达,6.2,0.32%,价升||布林带下轨,观望,11.81,12.43,12.79,13.34,14.66,12.79,10.92,下轨下方,-0.51,-0.23,-0.56,无信号,否
600226.SH,亨通股份,6.07,3.76%,阳线||多头排列||MA5上穿MA10,多头排列,140.87,138.93,135.43,130.91,146.52,135.43,124.35,布林带内,3.05,2.99,0.12,无信号,是
600227.SH,赤天化,3.16,1.94%,阳线||布林带下轨,观望,17.66,19.09,20.24,20.58,24.42,20.24,16.06,下轨下方,-1.01,-0.32,-1.37,无信号,否
600228.SH,*ST返利,6.5,3.50%,阳线||布林带下轨,观望,13.42,13.98,13.72,12.89,15.65,13.72,11.8,下轨下方,0.03,0.32,-0.6,无信号,否
600229.SH,城市传媒,5.87,1.03%,阳线||布林带下轨,观望,9.57,10.0,10.22,10.38,11.92,10.22,8.53,下轨下方,-0.32,-0.06,-0.52,无信号,否
600230.SH,沧州大化,16.35,1.81%,阳线||布林带下轨,观望,32.96,34.53,36.72,40.41,42.98,36.72,30.45,下轨下方,-2.14,-1.37,-1.54,无信号,否
600232.SH,金鹰股份,8.07,2.02%,阳线||布林带下轨,观望,22.54,23.81,24.13,23.83,27.93,24.13,20.33,下轨下方,-0.64,0.03,-1.33,无信号,否
600234.SH,科新发展,25.98,9.99%,阳线,观望,58.88,63.67,60.81,44.12,72.48,60.81,49.14,布林带内,3.69,5.58,-3.77,无信号,否
600235.SH,民丰特纸,6.5,2.20%,阳线,观望,,,,,,,,,,,,,
600236.SH,桂冠电力,10.65,2.11%,阳线||布林带下轨,观望,57.64,61.25,60.12,58.03,70.36,60.12,49.88,下轨下方,-0.44,1.11,-3.09,无信号,否
600237.SH,铜峰电子,10.02,5.58%,阳线||布林带下轨,观望,36.85,37.27,37.24,38.09,40.37,37.24,34.11,下轨下方,-0.29,-0.02,-0.54,死叉,否
600238.SH,*ST椰岛,5.27,2.73%,阳线||布林带下轨,观望,19.25,19.77,20.19,19.97,23.0,20.19,17.39,下轨下方,-0.14,0.21,-0.7,无信号,否
600239.SH,ST云城,1.54,2.67%,阳线||布林带下轨,观望,31.01,32.9,36.47,42.26,45.74,36.47,27.2,下轨下方,-3.44,-2.63,-1.63,无信号,否
600241.SH,时代万恒,8.5,2.41%,阳线||布林带下轨,观望,20.02,21.27,22.36,22.43,26.08,22.36,18.64,下轨下方,-0.98,-0.34,-1.27,无信号,否
600246.SH,万通发展,15.69,1.82%,价升||多头排列||MA5上穿MA10,多头排列,144.84,139.88,126.93,115.42,158.59,126.93,95.28,布林带内,10.31,8.04,4.54,无信号,是
600249.SH,两面针,5.51,1.10%,阳线||布林带下轨,观望,22.88,24.0,24.76,25.3,28.19,24.76,21.33,下轨下方,-0.94,-0.4,-1.09,无信号,否
600250.SH,南京商旅,9.59,1.27%,阳线||布林带下轨,观望,24.55,25.65,27.05,29.72,31.24,27.05,22.86,下轨下方,-1.77,-1.29,-0.95,无信号,否
600251.SH,冠农股份,10.53,1.15%,阳线||布林带下轨,观望,90.47,97.6,102.47,99.56,121.82,102.47,83.13,下轨下方,-3.6,-0.05,-7.1,无信号,否
600255.SH,鑫科材料,3.62,5.85%,阳线||布林带下轨,观望,45.41,46.7,47.56,47.28,52.6,47.56,42.52,下轨下方,-0.82,0.04,-1.72,无信号,否
600257.SH,大湖股份,5.56,0.54%,价升||布林带下轨,观望,36.25,37.74,38.82,41.85,42.48,38.82,35.15,下轨下方,-1.63,-1.2,-0.86,无信号,否
600259.SH,中稀有色,87.07,0.25%,阳线,观望,,,,,,,,,,,,,
600261.SH,阳光照明,3.51,3.54%,阳线||布林带下轨,观望,69.71,73.47,77.34,79.07,92.85,77.34,61.84,下轨下方,-3.58,-1.36,-4.44,无信号,否
600262.SH,北方股份,24.18,1.72%,价升||布林带下轨,观望,32.79,33.56,33.37,35.6,36.09,33.37,30.64,下轨下方,-0.72,-0.44,-0.57,死叉,否
600268.SH,国电南自,13.98,1.30%,阳线||布林带下轨,观望,123.84,134.6,137.49,136.4,168.67,137.49,106.32,下轨下方,-5.52,-0.11,-10.82,无信号,否
600271.SH,航天信息,7.95,0.51%,阳线||布林带下轨,观望,162.84,170.75,174.35,182.69,202.25,174.35,146.45,下轨下方,-6.62,-2.56,-8.12,无信号,否
600272.SH,开开实业,11.9,0.51%,阳线||布林带下轨,观望,14.9,15.43,15.59,16.11,17.16,15.59,14.02,下轨下方,-0.39,-0.16,-0.47,无信号,否
600273.SH,嘉化能源,7.82,2.62%,阳线||布林带下轨,观望,14.58,15.41,16.07,17.78,19.49,16.07,12.66,下轨下方,-1.01,-0.59,-0.84,死叉,否
600279.SH,重庆港,4.91,0.41%,阳线||布林带下轨,观望,11.58,11.95,12.02,12.53,13.57,12.02,10.48,下轨下方,-0.31,-0.12,-0.39,死叉,否
600280.SH,中央商场,2.9,2.11%,阳线||布林带下轨,观望,35.22,36.69,37.42,39.71,41.93,37.42,32.91,下轨下方,-1.34,-0.7,-1.29,无信号,否
600281.SH,华阳新材,5.38,3.86%,阳线||布林带下轨,观望,9.81,10.2,10.48,10.82,11.81,10.48,9.15,下轨下方,-0.31,-0.1,-0.42,无信号,否
600287.SH,苏豪时尚,5.46,1.68%,阳线||布林带下轨,观望,26.16,27.29,28.0,28.54,32.1,28.0,23.91,下轨下方,-0.92,-0.28,-1.29,无信号,否
600288.SH,大恒科技,14.39,3.75%,阳线||布林带下轨,观望,60.25,63.08,64.35,64.99,72.49,64.35,56.2,下轨下方,-1.79,-0.4,-2.77,无信号,否
600289.SH,ST信通,6.28,0.32%,阳线||布林带下轨||MA5上穿MA10,观望,44.24,43.84,44.36,50.15,49.02,44.36,39.71,下轨下方,-1.8,-1.76,-0.08,死叉,否
600292.SH,电投水电,14.27,1.21%,价升||布林带下轨,观望,52.77,55.51,57.08,55.9,63.93,57.08,50.23,下轨下方,-1.26,-0.01,-2.5,无信号,否
600293.SH,三峡新材,3.22,2.88%,阳线||布林带下轨,观望,10.34,10.66,10.71,11.24,11.99,10.71,9.44,下轨下方,-0.27,-0.1,-0.34,死叉,否
600295.SH,鄂尔多斯,13.74,0.66%,价升||布林带下轨,观望,77.43,85.16,90.14,93.86,116.95,90.14,63.32,下轨下方,-5.89,-1.72,-8.34,无信号,否
600299.SH,安迪苏,11.64,3.84%,阳线,观望,,,,,,,,,,,,,
600300.SH,维维股份,3.41,0.89%,阳线||布林带下轨,观望,24.15,25.14,25.73,26.09,29.13,25.73,22.32,下轨下方,-0.71,-0.17,-1.08,无信号,否
600301.SH,华锡有色,53.76,2.30%,阳线,观望,75.66,80.91,79.44,78.88,91.94,79.44,66.93,布林带内,-0.13,1.37,-3.0,无信号,否
600302.SH,ST标准,9.79,2.94%,价升||布林带下轨||MA5上穿MA10,观望,26.76,26.32,27.87,32.7,33.87,27.87,21.87,下轨下方,-1.9,-1.92,0.04,无信号,否
600303.SH,曙光股份,3.83,10.06%,阳线||多头排列||MA5上穿MA10,多头排列,19.35,19.24,19.1,19.06,20.27,19.1,17.93,布林带内,0.21,0.12,0.18,无信号,是
600305.SH,恒顺醋业,7.22,0.14%,价升||布林带下轨,观望,66.45,70.17,72.34,74.91,86.83,72.34,57.85,下轨下方,-3.14,-1.04,-4.21,无信号,否
600307.SH,酒钢宏兴,1.63,1.24%,阳线||布林带下轨,观望,7.2,7.57,7.83,8.41,9.11,7.83,6.55,下轨下方,-0.39,-0.21,-0.36,无信号,否
600308.SH,华泰股份,3.61,0.84%,阳线||布林带下轨,观望,34.47,36.98,38.46,39.62,47.22,38.46,29.71,下轨下方,-1.89,-0.53,-2.7,无信号,否
600309.SH,万华化学,77.99,0.65%,价升,观望,2393.39,2445.78,2539.07,2557.39,2761.93,2539.07,2316.22,布林带内,-55.55,-30.45,-50.19,无信号,否
600312.SH,平高电气,21.26,0.81%,阳线||布林带下轨,观望,125.64,129.44,130.01,129.8,142.28,130.01,117.73,下轨下方,-1.13,0.8,-3.86,无信号,否
600313.SH,农发种业,6.22,0.97%,阳线||布林带下轨,观望,25.51,27.65,28.77,31.81,34.04,28.77,23.5,下轨下方,-1.82,-1.05,-1.54,无信号,否
600315.SH,上海家化,18.15,0.61%,价升||布林带下轨,观望,100.44,105.7,110.37,115.1,126.49,110.37,94.26,下轨下方,-4.92,-2.52,-4.8,无信号,否
600319.SH,亚星化学,7.81,2.09%,阳线||布林带下轨,观望,10.85,11.34,11.31,11.32,12.78,11.31,9.83,下轨下方,-0.13,0.09,-0.46,无信号,否
600320.SH,振华重工,4.86,0.83%,阳线||布林带下轨,观望,63.75,66.96,68.62,68.7,77.93,68.62,59.32,下轨下方,-1.77,-0.18,-3.18,无信号,否
600322.SH,津投城开,2.47,3.35%,阳线||布林带下轨,观望,7.91,8.38,8.4,8.08,9.96,8.4,6.84,下轨下方,-0.13,0.13,-0.51,无信号,否
600326.SH,西藏天路,8.38,0.48%,价升||布林带下轨,观望,79.09,85.78,88.84,94.87,107.49,88.84,70.18,下轨下方,-4.86,-1.98,-5.75,无信号,否
600327.SH,大东方,3.72,1.36%,阳线||布林带下轨,观望,55.35,59.04,60.77,62.88,75.24,60.77,46.3,下轨下方,-2.91,-0.77,-4.27,无信号,否
600328.SH,中盐化工,7.26,0.28%,阳线||布林带下轨,观望,30.67,33.42,35.51,38.94,45.17,35.51,25.85,下轨下方,-2.7,-1.36,-2.68,无信号,否
600330.SH,天通股份,29.26,6.40%,阳线,观望,128.3,138.51,131.18,99.39,157.27,131.18,105.1,布林带内,7.37,11.53,-8.32,无信号,否
600331.SH,宏达股份,16.06,1.32%,阳线||布林带下轨,观望,131.34,139.29,145.02,143.48,164.75,145.02,125.3,下轨下方,-3.2,0.15,-6.7,无信号,否
600336.SH,澳柯玛,8.65,7.32%,阳线||布林带下轨,观望,23.47,24.11,23.49,22.87,26.89,23.49,20.09,下轨下方,0.15,0.5,-0.7,死叉,否
600338.SH,西藏珠峰,20.46,2.66%,阳线||布林带下轨,观望,34.69,38.33,41.95,36.47,54.92,41.95,28.99,下轨下方,-1.38,0.93,-4.63,无信号,否
600339.SH,中油工程,3.95,1.02%,阳线||布林带下轨||MA5上穿MA10,观望,17.75,17.51,17.53,18.46,18.83,17.53,16.22,下轨下方,-0.24,-0.19,-0.09,死叉,否
600340.SH,*ST华幸,1.14,3.64%,阳线||布林带下轨,观望,81.89,90.41,95.76,102.4,133.9,95.76,57.63,下轨下方,-7.98,-2.71,-10.54,死叉,否
600345.SH,长江通信,52.31,2.53%,阳线||布林带下轨,观望,91.1,96.79,94.44,83.92,109.68,94.44,79.19,下轨下方,0.97,3.55,-5.15,无信号,否
600350.SH,山东高速,12.23,2.60%,阳线||多头排列||布林带下轨||MA5上穿MA10,多头排列,21.22,21.08,20.86,20.05,21.97,20.86,19.75,下轨下方,0.25,0.31,-0.11,死叉,是
600351.SH,亚宝药业,6.45,0.94%,阳线||布林带下轨,观望,49.25,50.52,51.37,51.11,55.42,51.37,47.33,下轨下方,-0.71,-0.08,-1.26,无信号,否
600352.SH,浙江龙盛,11.63,1.57%,阳线||布林带下轨,观望,204.99,217.66,228.9,248.36,270.35,228.9,187.46,下轨下方,-13.02,-7.45,-11.15,无信号,否
600353.SH,旭光电子,23.53,8.48%,阳线||多头排列||MA5上穿MA10,多头排列,197.57,192.86,178.85,160.27,221.85,178.85,135.84,布林带内,10.32,11.35,-2.05,死叉,是
600354.SH,敦煌种业,5.63,1.99%,阳线||布林带下轨,观望,15.99,16.97,17.52,19.21,20.09,17.52,14.95,下轨下方,-0.89,-0.52,-0.73,无信号,否
600356.SH,恒丰纸业,9.36,2.97%,阳线||布林带下轨,观望,18.27,19.05,19.44,19.1,22.02,19.44,16.85,下轨下方,-0.38,0.07,-0.91,无信号,否
600358.SH,国旅联合,6.28,2.45%,阳线||布林带下轨,观望,21.99,22.84,21.97,22.06,25.52,21.97,18.43,下轨下方,-0.09,0.26,-0.7,死叉,否
600359.SH,新农开发,6.76,2.27%,阳线||布林带下轨,观望,9.98,10.64,10.88,11.04,12.54,10.88,9.21,下轨下方,-0.32,-0.03,-0.57,无信号,否
600361.SH,创新新材,4.45,4.71%,阳线||布林带下轨,观望,24.2,24.93,25.56,25.81,28.84,25.56,22.29,下轨下方,-0.61,-0.11,-1.0,无信号,否
600362.SH,江西铜业,45.28,4.14%,阳线||布林带下轨,观望,61.94,64.78,64.68,66.76,70.08,64.68,59.29,下轨下方,-0.92,-0.22,-1.41,无信号,否
600363.SH,联创光电,39.71,1.22%,阳线||布林带下轨,观望,119.1,128.77,141.28,158.88,175.6,141.28,106.96,下轨下方,-11.94,-8.35,-7.18,无信号,否
600365.SH,ST通葡,2.87,0.70%,阳线||布林带下轨,观望,7.43,7.71,7.89,8.15,8.92,7.89,6.87,下轨下方,-0.25,-0.1,-0.31,无信号,否
600366.SH,宁波韵升,13.11,2.90%,阳线||布林带下轨,观望,130.08,134.55,134.96,133.05,146.18,134.96,123.74,下轨下方,-0.87,1.1,-3.94,无信号,否
600367.SH,红星发展,26.27,5.84%,阳线||布林带下轨,观望,99.93,100.65,98.26,95.69,110.59,98.26,85.92,下轨下方,1.32,2.43,-2.21,死叉,否
600371.SH,万向德农,8.05,1.39%,阳线||布林带下轨,观望,29.78,31.31,32.38,33.78,38.08,32.38,26.67,下轨下方,-1.37,-0.51,-1.72,无信号,否
600375.SH,汉马科技,4.66,1.08%,阳线||布林带下轨,观望,18.59,19.84,20.76,21.49,24.64,20.76,16.88,下轨下方,-0.99,-0.37,-1.23,无信号,否
600378.SH,昊华科技,36.47,4.02%,阳线||布林带下轨,观望,122.84,125.87,127.45,124.85,141.76,127.45,113.14,下轨下方,-0.82,1.27,-4.19,无信号,否
600379.SH,宝光股份,13.54,1.73%,阳线||布林带下轨,观望,36.44,43.07,41.7,36.52,57.79,41.7,25.6,下轨下方,-0.09,2.42,-5.01,无信号,否
600382.SH,广东明珠,9.56,7.90%,阳线||布林带下轨,观望,42.35,45.5,46.96,48.71,59.16,46.96,34.77,下轨下方,-2.57,-0.9,-3.35,无信号,否
600383.SH,金地集团,2.69,0.37%,价升||布林带下轨,观望,73.58,80.04,82.18,84.47,105.86,82.18,58.5,下轨下方,-4.27,-0.75,-7.05,无信号,否
600386.SH,北巴传媒,3.94,0.77%,价升||布林带下轨,观望,22.41,23.19,23.6,24.01,27.61,23.6,19.58,下轨下方,-0.68,-0.11,-1.14,无信号,否
600388.SH,龙净环保,19.43,0.83%,阳线,观望,,,,,,,,,,,,,
600389.SH,江山股份,25.62,0.59%,阳线||布林带下轨,观望,111.79,121.14,128.91,135.13,163.92,128.91,93.9,下轨下方,-8.73,-3.5,-10.46,无信号,否
600392.SH,盛和资源,23.8,3.16%,阳线||布林带下轨,观望,219.33,237.12,244.54,248.52,286.82,244.54,202.27,下轨下方,-8.88,-1.9,-13.97,无信号,否
600396.SH,华电辽能,14.56,2.32%,阳线,观望,89.56,94.29,80.15,52.26,114.45,80.15,45.85,布林带内,10.12,12.02,-3.8,死叉,否
600397.SH,江钨装备,13.34,4.46%,阳线||布林带下轨,观望,44.88,47.51,48.41,53.33,54.66,48.41,42.17,下轨下方,-1.86,-1.09,-1.55,无信号,否
600399.SH,抚顺特钢,5.11,1.19%,阳线||布林带下轨,观望,17.09,17.94,18.76,20.98,21.84,18.76,15.69,下轨下方,-1.08,-0.7,-0.76,无信号,否
600400.SH,红豆股份,3.16,4.64%,阳线||多头排列||MA5上穿MA10,多头排列,36.74,36.67,34.74,31.22,41.71,34.74,27.78,布林带内,1.55,1.93,-0.76,死叉,是
600403.SH,大有能源,5.17,1.37%,阳线||布林带下轨,观望,30.5,32.28,33.63,36.35,40.05,33.63,27.2,下轨下方,-1.78,-0.87,-1.83,无信号,否
600405.SH,动力源,4.78,2.58%,阳线||布林带下轨,观望,30.08,31.63,32.86,35.58,37.49,32.86,28.23,下轨下方,-1.62,-0.97,-1.3,无信号,否
600406.SH,国电南瑞,25.83,0.66%,阳线||布林带下轨,观望,1070.44,1145.6,1169.34,1216.58,1449.95,1169.34,888.73,下轨下方,-52.9,-12.27,-81.25,无信号,否
600408.SH,安泰集团,2.98,2.05%,阳线||布林带下轨,观望,12.42,13.02,13.38,14.8,15.31,13.38,11.45,下轨下方,-0.63,-0.38,-0.5,无信号,否
600410.SH,华胜天成,21.25,0.76%,阳线||布林带下轨,观望,246.28,254.81,267.71,295.87,319.74,267.71,215.68,下轨下方,-15.63,-11.68,-7.91,无信号,否
600416.SH,湘电股份,12.98,10.00%,阳线||布林带下轨,观望,36.78,38.54,39.32,41.4,43.0,39.32,35.64,下轨下方,-1.09,-0.59,-1.0,无信号,否
600419.SH,天润乳业,8.8,0.46%,价升||布林带下轨,观望,27.28,29.12,30.25,30.97,36.3,30.25,24.2,下轨下方,-1.42,-0.45,-1.95,无信号,否
600423.SH,*ST柳化,2.75,0.73%,价升||布林带下轨,观望,10.18,10.78,11.02,12.74,12.86,11.02,9.18,下轨下方,-0.66,-0.46,-0.39,无信号,否
600425.SH,青松建化,3.83,0.79%,阳线||布林带下轨,观望,21.84,22.91,23.56,24.79,26.92,23.56,20.2,下轨下方,-0.9,-0.4,-0.99,无信号,否
600426.SH,华鲁恒升,31.41,0.13%,价升||布林带下轨,观望,328.83,355.65,383.51,402.56,479.28,383.51,287.75,下轨下方,-25.2,-10.97,-28.47,无信号,否
600433.SH,冠豪高新,4.32,1.65%,阳线||布林带下轨,观望,27.34,29.22,29.78,26.8,35.62,29.78,23.94,下轨下方,-0.08,0.92,-2.01,无信号,否
600435.SH,北方导航,12.72,0.08%,阳线,观望,,,,,,,,,,,,,
600438.SH,通威股份,16.1,3.27%,阳线||布林带下轨,观望,191.19,200.77,208.81,215.03,240.07,208.81,177.55,下轨下方,-7.98,-3.25,-9.47,无信号,否
600444.SH,国机通用,16.55,3.96%,阳线||布林带下轨,观望,32.58,34.04,35.37,36.97,40.75,35.37,29.99,下轨下方,-1.48,-0.71,-1.54,无信号,否
600448.SH,华纺股份,3.31,3.44%,阳线||布林带下轨,观望,6.79,7.28,7.41,7.3,8.93,7.41,5.88,下轨下方,-0.22,0.04,-0.52,无信号,否
600449.SH,宁夏建材,14.86,6.60%,阳线||布林带下轨,观望,51.94,52.96,51.37,50.6,57.61,51.37,45.12,下轨下方,0.34,0.87,-1.05,死叉,否
600452.SH,涪陵电力,12.68,1.77%,阳线||布林带下轨,观望,115.7,126.11,127.69,136.47,179.11,127.69,76.28,下轨下方,-7.49,-0.86,-13.26,死叉,否
600455.SH,博通股份,28.95,1.19%,阳线,观望,32.36,32.63,31.61,30.98,35.37,31.61,27.85,布林带内,0.49,0.69,-0.4,死叉,否
600456.SH,宝钛股份,33.13,1.38%,阳线||布林带下轨,观望,84.54,88.44,89.87,93.09,101.01,89.87,78.73,下轨下方,-2.48,-0.81,-3.35,无信号,否
600458.SH,时代新材,12.88,7.33%,阳线||布林带下轨,观望,98.4,102.17,102.11,108.6,113.91,102.11,90.32,下轨下方,-2.22,-0.83,-2.79,死叉,否
600459.SH,贵研铂业,19.85,3.60%,阳线||布林带下轨,观望,131.19,143.07,150.27,156.32,193.24,150.27,107.3,下轨下方,-9.04,-2.34,-13.41,无信号,否
600460.SH,士兰微,32.16,3.94%,阳线||布林带下轨,观望,435.31,440.03,425.89,409.1,482.58,425.89,369.2,下轨下方,7.41,12.0,-9.18,死叉,否
600461.SH,洪城环境,10.4,1.56%,阳线||布林带下轨,观望,45.1,46.51,46.98,46.5,53.32,46.98,40.64,下轨下方,-0.76,0.17,-1.86,无信号,否
600463.SH,空港股份,10.32,0.68%,阳线||布林带下轨,观望,27.3,28.63,28.6,28.43,32.23,28.6,24.96,下轨下方,-0.36,0.21,-1.14,无信号,否
600467.SH,好当家,2.29,0.44%,阳线||布林带下轨,观望,20.94,21.67,22.05,23.0,24.38,22.05,19.71,下轨下方,-0.64,-0.29,-0.68,无信号,否
600468.SH,百利电气,6.85,2.09%,阳线||布林带下轨,观望,79.33,86.99,91.1,98.41,114.72,91.1,67.47,下轨下方,-6.4,-2.82,-7.15,无信号,否
600469.SH,风神股份,6.17,0.49%,阳线||布林带下轨,观望,16.26,17.21,17.81,18.74,21.02,17.81,14.61,下轨下方,-0.85,-0.39,-0.91,无信号,否
600470.SH,六国化工,5.85,2.81%,阳线||布林带下轨,观望,13.6,14.36,15.24,16.6,17.78,15.24,12.7,下轨下方,-0.85,-0.51,-0.68,无信号,否
600476.SH,*ST湘邮,12.05,1.18%,阳线||布林带下轨,观望,23.94,24.77,24.01,24.1,27.71,24.01,20.32,下轨下方,0.04,0.4,-0.73,死叉,否
600477.SH,杭萧钢构,2.83,0.35%,阳线||布林带下轨,观望,90.2,96.26,99.66,107.91,122.04,99.66,77.29,下轨下方,-5.8,-2.69,-6.21,无信号,否
600478.SH,科力远,6.56,0.15%,阳线||布林带下轨,观望,62.07,65.21,69.97,71.88,82.5,69.97,57.43,下轨下方,-3.38,-1.6,-3.56,无信号,否
600479.SH,千金药业,10.19,0.69%,阳线||布林带下轨,观望,116.54,121.23,124.28,126.8,141.28,124.28,107.28,下轨下方,-3.76,-1.18,-5.17,无信号,否
600480.SH,凌云股份,11.88,3.04%,阳线||布林带下轨,观望,41.54,44.66,43.88,43.56,57.07,43.88,30.7,下轨下方,-1.2,0.54,-3.48,死叉,否
600482.SH,中国动力,35.83,1.88%,阳线||布林带下轨,观望,95.71,101.11,105.19,98.69,121.07,105.19,89.31,下轨下方,-2.1,0.82,-5.85,无信号,否
600483.SH,福能股份,10.75,1.99%,阳线||布林带下轨,观望,29.57,30.24,30.1,30.59,35.11,30.1,25.09,下轨下方,-0.55,0.04,-1.18,死叉,否
600486.SH,扬农化工,61.07,0.26%,价升||布林带下轨,观望,259.7,277.09,297.39,327.13,365.37,297.39,229.42,下轨下方,-22.23,-13.12,-18.23,无信号,否
600487.SH,亨通光电,73.05,4.51%,阳线||布林带下轨,观望,649.91,668.36,661.14,534.3,752.21,661.14,570.06,下轨下方,24.13,41.47,-34.68,无信号,否
600489.SH,中金黄金,23.29,2.24%,阳线||布林带下轨,观望,269.25,292.8,305.99,331.47,362.13,305.99,249.86,下轨下方,-17.21,-8.79,-16.85,无信号,否
600490.SH,鹏欣资源,8.13,8.26%,阳线||布林带下轨,观望,102.64,110.6,113.3,114.45,129.12,113.3,97.47,下轨下方,-3.14,-0.69,-4.91,无信号,否
600491.SH,ST龙元,1.33,0.76%,阳线||布林带下轨,观望,18.85,20.53,23.22,31.23,30.6,23.22,15.84,下轨下方,-3.63,-3.05,-1.16,无信号,否
600493.SH,凤竹纺织,7.18,4.51%,阳线||布林带下轨,观望,16.3,16.68,16.88,17.28,18.39,16.88,15.37,下轨下方,-0.34,-0.11,-0.45,无信号,否
600495.SH,晋西车轴,4.08,0.74%,阳线||布林带下轨,观望,29.42,30.65,31.58,33.55,36.0,31.58,27.16,下轨下方,-1.35,-0.76,-1.2,无信号,否
600497.SH,驰宏锌锗,10.16,9.96%,阳线||布林带下轨,观望,206.63,218.45,212.13,202.86,246.48,212.13,177.77,下轨下方,1.85,6.65,-9.59,无信号,否
600498.SH,烽火通信,55.15,2.05%,阳线||布林带下轨,观望,168.42,175.88,170.61,162.85,198.8,170.61,142.42,下轨下方,1.17,4.35,-6.35,无信号,否
600499.SH,科达制造,16.9,0.96%,价升||布林带下轨,观望,443.09,466.56,491.79,473.36,569.1,491.79,414.48,下轨下方,-13.11,-0.76,-24.71,无信号,否
600500.SH,中化国际,6.31,6.41%,阳线||布林带下轨,观望,43.02,43.08,40.49,38.73,49.28,40.49,31.7,下轨下方,1.06,1.54,-0.96,死叉,否
600502.SH,安徽建工,5.09,0.99%,阳线||布林带下轨,观望,72.36,77.15,80.48,79.51,97.55,80.48,63.4,下轨下方,-3.59,-0.86,-5.46,无信号,否
600503.SH,华丽家族,2.6,10.17%,阳线||布林带下轨,观望,7.82,8.14,8.18,8.26,9.37,8.18,6.98,下轨下方,-0.16,0.02,-0.35,无信号,否
600506.SH,统一股份,18.3,2.18%,阳线,观望,,,,,,,,,,,,,
600509.SH,天富能源,9.64,6.40%,阳线,观望,49.81,50.65,47.52,46.74,55.24,47.52,39.81,布林带内,1.34,1.43,-0.2,死叉,否
600512.SH,腾达建设,2.26,1.35%,阳线||布林带下轨,观望,14.03,14.6,15.1,15.55,17.08,15.1,13.12,下轨下方,-0.54,-0.24,-0.6,无信号,否
600516.SH,方大炭素,5.15,1.98%,阳线||布林带下轨,观望,67.23,74.1,77.15,82.33,100.63,77.15,53.66,下轨下方,-5.13,-1.58,-7.11,无信号,否
600517.SH,国网英大,5.54,0.18%,价升||布林带下轨,观望,118.33,123.33,128.33,138.58,147.16,128.33,109.5,下轨下方,-6.13,-3.79,-4.69,无信号,否
600518.SH,康美药业,1.56,2.63%,阳线||布林带下轨,观望,82.33,87.95,91.71,97.42,109.42,91.71,73.99,下轨下方,-5.05,-2.4,-5.31,无信号,否
600520.SH,三佳科技,30.43,1.10%,阳线||布林带下轨,观望,68.0,69.62,68.89,62.86,76.41,68.89,61.38,下轨下方,1.19,2.4,-2.43,无信号,否
600522.SH,中天科技,43.82,4.58%,阳线,观望,335.88,340.88,312.95,258.25,384.38,312.95,241.53,布林带内,21.07,25.16,-8.18,死叉,否
600523.SH,贵航股份,12.83,1.10%,阳线||布林带下轨,观望,25.86,27.18,27.95,29.29,32.04,27.95,23.87,下轨下方,-1.13,-0.51,-1.24,无信号,否
600525.SH,ST长园,5.55,1.83%,阳线||布林带下轨,观望,70.55,71.43,71.34,73.63,80.93,71.34,61.75,下轨下方,-1.27,-0.41,-1.73,死叉,否
600526.SH,菲达环保,5.0,0.81%,阳线||布林带下轨,观望,19.61,20.46,21.21,22.11,24.36,21.21,18.07,下轨下方,-0.83,-0.36,-0.93,无信号,否
600527.SH,江南高纤,2.71,3.04%,阳线||布林带下轨,观望,64.37,69.79,71.34,67.45,88.15,71.34,54.52,下轨下方,-1.94,1.01,-5.91,无信号,否
600529.SH,山东药玻,18.58,5.09%,阳线,观望,,,,,,,,,,,,,
600530.SH,交大昂立,7.52,9.94%,阳线,观望,39.61,40.92,36.01,33.72,47.07,36.01,24.95,布林带内,2.22,2.18,0.07,无信号,否
600531.SH,豫光金铅,13.92,5.22%,阳线||布林带下轨,观望,131.0,145.38,149.02,146.34,176.51,149.02,121.52,下轨下方,-4.17,0.87,-10.09,无信号,否
600533.SH,栖霞建设,2.35,3.98%,阳线||布林带下轨,观望,24.66,26.14,26.77,27.45,32.1,26.77,21.43,下轨下方,-1.06,-0.24,-1.64,无信号,否
600538.SH,国发股份,6.96,2.05%,阳线||布林带下轨,观望,20.0,20.78,20.84,20.13,22.71,20.84,18.97,下轨下方,-0.14,0.14,-0.57,无信号,否
600539.SH,狮头股份,14.85,10.00%,阳线||布林带下轨,观望,17.45,19.49,20.56,17.5,25.7,20.56,15.42,下轨下方,-0.44,0.55,-1.97,无信号,否
600540.SH,新赛股份,5.05,2.02%,阳线||布林带下轨,观望,15.64,16.62,16.35,15.7,19.02,16.35,13.67,下轨下方,0.05,0.44,-0.77,无信号,否
600543.SH,*ST莫高,4.85,1.25%,阳线||布林带下轨,观望,11.53,11.85,12.0,12.24,13.47,12.0,10.52,下轨下方,-0.25,-0.04,-0.42,无信号,否
600545.SH,卓郎智能,6.38,10.00%,阳线,观望,23.82,24.97,23.06,19.29,28.27,23.06,17.85,布林带内,1.28,1.72,-0.88,无信号,否
600547.SH,山东黄金,30.05,1.52%,阳线||布林带下轨,观望,555.74,626.62,678.09,803.55,889.94,678.09,466.23,下轨下方,-74.06,-45.15,-57.84,无信号,否
600549.SH,厦门钨业,52.04,3.75%,阳线||布林带下轨,观望,602.61,643.9,680.78,722.16,800.55,680.78,561.02,下轨下方,-33.77,-18.06,-31.42,无信号,否
600552.SH,凯盛科技,18.55,1.37%,阳线,观望,136.88,137.83,130.74,113.29,150.49,130.74,110.99,布林带内,6.36,7.77,-2.83,死叉,否
600558.SH,大西洋,5.59,2.19%,阳线||布林带下轨,观望,35.63,36.77,36.8,37.86,40.98,36.8,32.61,下轨下方,-0.59,-0.02,-1.13,无信号,否
600560.SH,金自天正,14.31,0.35%,阳线||布林带下轨,观望,59.02,60.28,60.95,63.54,67.23,60.95,54.68,下轨下方,-1.41,-0.62,-1.57,死叉,否
600561.SH,江西长运,6.79,3.35%,阳线||布林带下轨,观望,19.24,19.72,19.9,19.76,21.63,19.9,18.17,下轨下方,-0.21,0.08,-0.59,无信号,否
600563.SH,法拉电子,174.2,10.00%,阳线||多头排列||布林带上轨||MA5上穿MA10,多头排列,329.03,304.9,282.97,270.9,347.61,282.97,218.33,上轨上方,19.09,9.29,19.58,无信号,是
600567.SH,山鹰国际,1.37,3.79%,阳线||布林带下轨,观望,6.07,6.39,6.61,7.1,7.71,6.61,5.52,下轨下方,-0.33,-0.17,-0.31,无信号,否
600569.SH,安阳钢铁,1.91,3.24%,阳线||布林带下轨,观望,5.4,5.75,6.01,6.56,7.22,6.01,4.8,下轨下方,-0.35,-0.18,-0.34,无信号,否
600575.SH,淮河能源,3.99,6.12%,阳线||布林带下轨,观望,63.46,63.88,63.45,64.62,68.73,63.45,58.16,下轨下方,-0.53,-0.04,-0.98,死叉,否
600576.SH,祥源文旅,5.86,1.56%,阳线||布林带下轨,观望,17.34,17.64,17.86,18.64,19.39,17.86,16.33,下轨下方,-0.41,-0.24,-0.34,死叉,否
600577.SH,精达股份,14.87,4.79%,阳线,观望,,,,,,,,,,,,,
600578.SH,京能电力,8.22,0.49%,阳线||多头排列||MA5上穿MA10,多头排列,32.68,29.65,26.88,25.5,34.6,26.88,19.17,布林带内,2.14,1.31,1.67,无信号,是
600579.SH,中化装备,7.09,3.50%,阳线||布林带下轨,观望,12.68,13.37,13.99,15.11,16.11,13.99,11.86,下轨下方,-0.72,-0.42,-0.59,无信号,否
600580.SH,卧龙电驱,41.09,1.06%,阳线,观望,,,,,,,,,,,,,
600581.SH,*ST八钢,2.65,0.38%,阳线||布林带下轨,观望,15.63,15.97,16.48,16.96,18.22,16.48,14.74,下轨下方,-0.48,-0.26,-0.44,无信号,否
600583.SH,海油工程,6.02,0.67%,阳线||布林带下轨,观望,125.3,130.27,136.13,144.2,158.0,136.13,114.25,下轨下方,-6.42,-3.48,-5.87,无信号,否
600584.SH,长电科技,72.88,9.04%,阳线||多头排列||MA5上穿MA10,多头排列,297.87,285.5,255.62,226.78,325.54,255.62,185.71,布林带内,22.13,18.51,7.24,无信号,是
600588.SH,用友网络,10.87,0.18%,价升||布林带下轨,观望,500.05,544.5,569.9,603.34,731.74,569.9,408.06,下轨下方,-37.32,-13.18,-48.27,无信号,否
600589.SH,大位科技,12.88,3.70%,阳线||布林带下轨,观望,57.38,59.91,55.56,54.33,69.8,55.56,41.33,下轨下方,0.86,1.77,-1.82,死叉,否
600590.SH,泰豪科技,14.21,2.53%,阳线,观望,63.1,65.97,69.74,66.19,79.88,69.74,59.59,布林带内,-1.24,0.16,-2.78,无信号,否
600592.SH,龙溪股份,19.33,0.10%,阳线||布林带下轨,观望,55.59,56.58,56.77,59.67,61.34,56.77,52.19,下轨下方,-1.11,-0.66,-0.89,死叉,否
600594.SH,益佰制药,3.72,1.36%,阳线||布林带下轨,观望,64.07,68.55,72.06,73.72,87.8,72.06,56.32,下轨下方,-4.17,-1.77,-4.78,无信号,否
600595.SH,中孚实业,7.4,4.37%,阳线,观望,50.78,52.14,54.92,56.68,62.27,54.92,47.56,布林带内,-1.72,-1.3,-0.85,无信号,否
600596.SH,新安股份,13.26,10.04%,阳线||布林带下轨,观望,119.4,125.64,129.12,129.95,152.86,129.12,105.39,下轨下方,-4.08,-0.52,-7.12,无信号,否
600601.SH,方正科技,12.79,9.97%,阳线||布林带下轨,观望,109017.3,130655.63,131098.0,120704.82,195691.86,131098.0,66504.14,下轨下方,-6583.4,3991.16,-21149.12,无信号,否
600602.SH,云赛智联,21.26,1.14%,阳线||布林带下轨,观望,10410.69,11854.43,12464.34,12800.2,18338.35,12464.34,6590.33,下轨下方,-1133.62,-250.38,-1766.48,无信号,否
600603.SH,广汇物流,5.32,0.95%,阳线||布林带下轨,观望,961.3,1098.89,1198.69,1414.67,1745.91,1198.69,651.46,下轨下方,-155.31,-84.4,-141.82,无信号,否
600605.SH,汇通能源,32.21,2.35%,阳线,观望,,,,,,,,,,,,,
600606.SH,绿地控股,1.41,0.71%,阳线||布林带下轨,观望,231.41,264.02,274.55,288.61,398.98,274.55,150.12,下轨下方,-22.65,-4.43,-36.45,无信号,否
600610.SH,中毅达,8.69,0.46%,阳线||布林带下轨,观望,441.87,521.81,539.62,569.73,783.33,539.62,295.9,下轨下方,-43.82,-5.75,-76.14,无信号,否
600611.SH,大众交通,6.13,10.05%,价升||布林带下轨,观望,829.19,862.86,888.1,947.15,1158.49,888.1,617.72,下轨下方,-43.02,-16.04,-53.96,死叉,否
600613.SH,神奇制药,5.43,1.88%,阳线||布林带下轨,观望,136.41,154.24,165.16,179.35,237.55,165.16,92.78,下轨下方,-16.61,-6.17,-20.88,无信号,否
600617.SH,国新能源,3.6,1.98%,阳线||布林带下轨,观望,191.39,210.45,215.78,222.43,313.32,215.78,118.24,下轨下方,-14.22,-0.8,-26.84,死叉,否
600618.SH,氯碱化工,11.31,1.16%,阳线||布林带下轨,观望,196.85,225.77,244.7,268.1,352.52,244.7,136.88,下轨下方,-24.82,-9.06,-31.52,无信号,否
600619.SH,海立股份,18.51,0.16%,阳线||布林带下轨,观望,728.54,799.88,823.98,834.1,1180.96,823.98,466.99,下轨下方,-50.44,-1.03,-98.84,死叉,否
600620.SH,天宸股份,5.11,1.59%,价升||布林带下轨,观望,1744.7,1987.93,2187.33,2459.74,3174.48,2187.33,1200.17,下轨下方,-259.11,-122.56,-273.1,无信号,否
600622.SH,光大嘉宝,2.5,0.81%,阳线||布林带下轨,观望,360.55,405.55,425.99,446.69,611.39,425.99,240.6,下轨下方,-34.61,-7.51,-54.2,无信号,否
600623.SH,华谊集团,9.54,0.95%,阳线||布林带下轨,观望,240.88,267.25,288.91,301.19,420.06,288.91,157.75,下轨下方,-24.82,-5.94,-37.76,无信号,否
600624.SH,ST复华,4.56,0.22%,价升,观望,70.87,71.07,69.4,72.27,74.75,69.4,64.04,布林带内,0.13,0.01,0.24,无信号,否
600628.SH,新世界,6.48,0.78%,阳线||布林带下轨,观望,333.66,354.2,368.32,393.08,435.55,368.32,301.08,下轨下方,-18.92,-9.09,-19.67,无信号,否
600629.SH,华建集团,19.81,1.12%,阳线||布林带下轨,观望,164.18,174.83,181.9,188.38,226.6,181.9,137.19,下轨下方,-9.46,-2.88,-13.17,无信号,否
600630.SH,龙头股份,8.06,3.73%,阳线||MACD金叉||布林带上轨||MA5上穿MA10,MACD金叉,15.74,15.47,15.37,15.39,17.36,15.37,13.37,上轨上方,0.27,0.04,0.46,金叉,否
600633.SH,浙数文化,12.86,1.26%,阳线||MACD金叉||多头排列||布林带上轨||MA5上穿MA10,MACD金叉;多头排列,78.78,77.41,77.25,74.6,88.37,77.25,66.12,上轨上方,1.75,0.67,2.17,金叉,是
600635.SH,大众公用,5.64,3.30%,阳线||布林带下轨,观望,1063.07,1102.0,1127.74,1221.02,1341.28,1127.74,914.21,下轨下方,-47.65,-23.72,-47.86,死叉,否
600637.SH,东方明珠,10.4,0.10%,价升||多头排列||布林带上轨||MA5上穿MA10,多头排列,36.96,36.35,36.28,35.97,38.56,36.28,34.0,上轨上方,0.43,0.2,0.46,无信号,是
600638.SH,新黄浦,5.8,1.40%,阳线||布林带下轨,观望,70.69,73.04,73.87,74.7,79.58,73.87,68.16,下轨下方,-1.1,-0.24,-1.73,无信号,否
600641.SH,先导基电,27.93,4.76%,阳线,观望,451.43,459.9,448.47,364.39,490.19,448.47,406.74,布林带内,19.75,28.02,-16.55,无信号,否
600648.SH,外高桥,9.81,0.20%,阳线||MACD金叉||布林带上轨||MA5上穿MA10,MACD金叉,38.69,37.92,37.9,37.98,42.31,37.9,33.49,上轨上方,0.41,-0.15,1.12,金叉,否
600650.SH,锦江在线,12.91,0.70%,价升||布林带下轨,观望,47.75,48.84,49.42,51.9,54.26,49.42,44.59,下轨下方,-1.19,-0.67,-1.04,死叉,否
600651.SH,飞乐音响,7.0,2.49%,阳线||布林带下轨,观望,7056.54,7923.82,8092.83,8558.75,11549.96,8092.83,4635.7,下轨下方,-587.29,-105.93,-962.73,死叉,否
600653.SH,申华控股,1.71,1.18%,阳线||布林带下轨,观望,13814.55,15867.64,16981.51,18242.18,25044.17,16981.51,8918.84,下轨下方,-1641.4,-432.34,-2418.12,无信号,否
600654.SH,中安科,3.58,0.85%,价升||布林带下轨,观望,913.34,1057.77,1118.25,1105.76,1616.18,1118.25,620.31,下轨下方,-97.9,-14.43,-166.93,无信号,否
600655.SH,豫园股份,4.57,0.88%,阳线||布林带下轨,观望,886.36,999.75,1065.75,1102.22,1530.7,1065.75,600.81,下轨下方,-89.91,-20.6,-138.61,无信号,否
600657.SH,信达地产,2.8,0.72%,阳线||布林带下轨,观望,41.18,43.52,44.48,46.29,50.46,44.48,38.5,下轨下方,-1.57,-0.68,-1.78,无信号,否
600658.SH,电子城,5.09,3.04%,阳线||布林带下轨,观望,32.74,34.48,34.59,34.06,39.86,34.59,29.31,下轨下方,-0.6,0.26,-1.73,无信号,否
600660.SH,福耀玻璃,55.27,1.71%,阳线,观望,,,,,,,,,,,,,
600661.SH,昂立教育,8.98,0.11%,价升||布林带下轨,观望,37.0,38.26,39.46,39.91,43.16,39.46,35.76,下轨下方,-0.95,-0.36,-1.18,无信号,否
600662.SH,外服控股,4.61,0.22%,价升||布林带下轨,观望,326.18,347.02,361.13,379.92,432.83,361.13,289.44,下轨下方,-18.37,-7.8,-21.14,无信号,否
600664.SH,哈药股份,3.38,0.90%,阳线||布林带下轨,观望,45.41,48.36,49.41,49.69,57.39,49.41,41.43,下轨下方,-1.84,-0.49,-2.71,无信号,否
600665.SH,天地源,3.38,7.30%,阳线||布林带下轨,观望,12.54,12.95,13.19,13.28,14.72,13.19,11.66,下轨下方,-0.26,-0.03,-0.48,无信号,否
600666.SH,奥瑞德,5.34,2.50%,阳线||布林带下轨,观望,75.45,79.97,83.14,78.07,103.52,83.14,62.75,下轨下方,-3.79,-0.56,-6.46,无信号,否
600667.SH,太极实业,12.61,1.53%,价升||多头排列||MA5上穿MA10,多头排列,60.37,60.08,54.58,51.29,68.13,54.58,41.02,布林带内,2.82,2.91,-0.18,死叉,是
600668.SH,尖峰集团,8.45,0.60%,阳线||布林带下轨,观望,60.57,64.73,72.38,77.86,92.79,72.38,51.98,下轨下方,-6.19,-3.66,-5.07,无信号,否
600671.SH,天目药业,18.92,0.32%,阳线||布林带下轨,观望,57.86,58.51,58.94,62.25,61.6,58.94,56.29,下轨下方,-1.1,-0.96,-0.26,无信号,否
600673.SH,东阳光,38.78,7.19%,阳线,观望,418.39,419.09,407.04,377.86,468.92,407.04,345.16,布林带内,14.45,14.84,-0.79,无信号,否
600674.SH,川投能源,14.86,0.41%,阳线||布林带下轨,观望,276.19,286.13,290.71,292.8,331.47,290.71,249.94,下轨下方,-6.85,-0.64,-12.42,无信号,否
600681.SH,百川能源,3.87,0.52%,阳线||布林带下轨,观望,36.94,39.66,41.11,43.49,53.15,41.11,29.08,下轨下方,-2.48,-0.79,-3.37,死叉,否
600682.SH,南京新百,5.81,0.35%,价升||布林带下轨,观望,68.83,71.94,75.56,80.03,85.25,75.56,65.86,下轨下方,-3.62,-2.37,-2.49,无信号,否
600683.SH,京投发展,15.96,9.99%,阳线,观望,88.2,96.12,88.59,65.43,111.77,88.59,65.4,布林带内,6.24,8.76,-5.04,无信号,否
600685.SH,中船防务,30.0,0.23%,价升||布林带下轨,观望,52.06,53.77,54.67,55.4,58.92,54.67,50.43,下轨下方,-0.68,-0.03,-1.32,无信号,否
600686.SH,金龙汽车,14.57,3.33%,阳线||布林带下轨,观望,156.21,160.06,170.88,181.39,197.6,170.88,144.15,下轨下方,-8.14,-6.19,-3.9,无信号,否
600688.SH,上海石化,2.83,1.43%,阳线||布林带下轨,观望,10.06,10.61,10.72,11.11,12.6,10.72,8.85,下轨下方,-0.34,-0.07,-0.55,无信号,否
600689.SH,上海三毛,12.89,2.71%,阳线,观望,25.09,25.22,25.73,26.13,26.89,25.73,24.57,布林带内,-0.31,-0.21,-0.19,无信号,否
600691.SH,潞化科技,2.8,1.45%,阳线||布林带下轨,观望,25.44,26.8,28.64,31.47,33.62,28.64,23.67,下轨下方,-1.69,-1.09,-1.18,无信号,否
600692.SH,亚通股份,7.36,1.38%,阳线||布林带下轨,观望,65.18,69.34,69.61,71.35,82.09,69.61,57.12,下轨下方,-2.09,-0.2,-3.78,无信号,否
600693.SH,东百集团,9.5,0.32%,价升||布林带下轨,观望,112.09,121.8,128.02,136.79,151.66,128.02,104.37,下轨下方,-7.37,-3.8,-7.15,无信号,否
600694.SH,大商股份,17.48,1.57%,阳线||布林带下轨,观望,142.7,154.27,159.08,159.11,202.78,159.08,115.39,下轨下方,-7.07,-0.35,-13.44,无信号,否
600697.SH,欧亚集团,12.1,2.54%,阳线||布林带下轨,观望,39.56,41.16,41.63,42.3,47.82,41.63,35.44,下轨下方,-1.02,-0.1,-1.84,无信号,否
600699.SH,均胜电子,30.82,2.12%,阳线||布林带下轨,观望,116.47,121.39,123.11,115.33,150.63,123.11,95.59,下轨下方,-1.59,2.59,-8.36,无信号,否
600703.SH,三安光电,16.2,3.18%,阳线,观望,329.83,338.45,324.36,311.91,369.51,324.36,279.22,布林带内,8.05,11.11,-6.11,死叉,否
600704.SH,物产中大,4.91,0.82%,阳线||布林带下轨,观望,101.3,107.32,110.6,114.94,132.66,110.6,88.54,下轨下方,-4.93,-1.69,-6.47,无信号,否
600708.SH,光明地产,3.38,1.50%,阳线||布林带下轨,观望,41.12,44.11,44.19,44.91,52.79,44.19,35.59,下轨下方,-1.15,0.17,-2.63,无信号,否
600710.SH,苏美达,12.08,0.08%,价升||布林带下轨,观望,79.04,82.81,85.98,90.03,101.95,85.98,70.0,下轨下方,-3.83,-1.67,-4.34,无信号,否
600711.SH,盛屯矿业,12.45,3.75%,阳线||布林带下轨,观望,115.7,126.52,132.27,135.25,156.73,132.27,107.81,下轨下方,-6.38,-2.27,-8.21,无信号,否
600712.SH,南宁百货,5.96,0.34%,阳线||布林带下轨,观望,35.99,37.14,37.29,37.89,41.68,37.29,32.91,下轨下方,-0.64,-0.04,-1.21,无信号,否
600713.SH,南京医药,5.12,2.40%,价升||布林带下轨,观望,55.63,58.5,60.49,62.03,70.57,60.49,50.42,下轨下方,-2.69,-1.14,-3.1,无信号,否
600714.SH,金瑞矿业,29.87,10.02%,阳线||多头排列||MA5上穿MA10,多头排列,70.29,68.5,60.95,54.97,79.03,60.95,42.86,布林带内,5.02,4.76,0.52,无信号,是
600716.SH,凤凰股份,3.92,1.03%,价升||布林带下轨,观望,17.87,19.02,19.71,20.64,23.28,19.71,16.14,下轨下方,-0.91,-0.36,-1.1,无信号,否
600717.SH,天津港,4.4,0.69%,阳线||布林带下轨,观望,155.19,169.45,177.66,183.8,234.91,177.66,120.41,下轨下方,-11.24,-2.75,-16.97,无信号,否
600719.SH,大连热电,8.87,10.05%,阳线,观望,44.58,49.38,46.29,40.13,58.5,46.29,34.09,布林带内,1.31,2.77,-2.92,无信号,否
600721.SH,百花医药,7.79,1.43%,阳线,观望,,,,,,,,,,,,,
600722.SH,金牛化工,11.43,0.88%,阳线||布林带下轨,观望,63.92,68.02,72.6,78.0,86.88,72.6,58.31,下轨下方,-4.75,-2.76,-3.98,无信号,否
600725.SH,云维股份,4.07,2.26%,阳线||布林带下轨,观望,30.77,31.56,32.21,35.17,35.89,32.21,28.53,下轨下方,-1.13,-0.73,-0.79,死叉,否
600726.SH,华电能源,6.29,1.62%,阳线,观望,21.71,24.29,23.33,18.34,29.84,23.33,16.83,布林带内,0.76,1.74,-1.96,无信号,否
600727.SH,鲁北化工,8.31,7.36%,阳线||布林带下轨,观望,35.72,36.81,36.69,35.19,39.87,36.69,33.51,下轨下方,0.19,0.77,-1.15,无信号,否
600731.SH,湖南海利,6.01,1.18%,阳线||布林带下轨,观望,46.23,50.02,53.64,58.52,66.62,53.64,40.67,下轨下方,-3.88,-2.06,-3.65,无信号,否
600732.SH,爱旭股份,12.71,2.09%,阳线||布林带下轨,观望,81.13,89.66,96.43,100.41,122.08,96.43,70.78,下轨下方,-7.04,-2.99,-8.1,无信号,否
600733.SH,北汽蓝谷,6.58,0.30%,阳线||布林带下轨,观望,69.39,72.4,75.01,79.06,83.09,75.01,66.92,下轨下方,-2.79,-1.72,-2.14,无信号,否
600734.SH,*ST实达,2.22,0.91%,阳线||布林带下轨,观望,13.79,14.97,15.72,24.88,20.95,15.72,10.5,下轨下方,-3.1,-2.94,-0.32,死叉,否
600736.SH,苏州高新,7.55,1.62%,阳线||布林带下轨,观望,185.32,204.34,205.64,175.17,248.71,205.64,162.57,下轨下方,2.04,9.89,-15.69,无信号,否
600737.SH,中粮糖业,14.35,0.35%,阳线||布林带下轨,观望,192.39,198.94,198.83,198.51,220.08,198.83,177.57,下轨下方,-1.95,1.28,-6.47,无信号,否
600738.SH,丽尚国潮,4.36,0.93%,价升||布林带下轨,观望,38.07,40.47,42.05,43.8,51.14,42.05,32.95,下轨下方,-2.13,-0.77,-2.7,无信号,否
600740.SH,山西焦化,3.73,0.54%,价升||布林带下轨,观望,46.05,49.47,52.9,58.08,68.4,52.9,37.4,下轨下方,-4.07,-1.96,-4.22,无信号,否
600741.SH,华域汽车,17.04,0.06%,价升||布林带下轨,观望,802.22,842.49,884.42,910.06,1051.4,884.42,717.45,下轨下方,-43.52,-19.72,-47.6,无信号,否
600743.SH,华远控股,2.46,0.82%,阳线||布林带下轨,观望,71.13,77.4,77.65,70.84,102.18,77.65,53.11,下轨下方,-2.27,1.86,-8.26,无信号,否
600744.SH,华银电力,7.7,0.39%,阳线||布林带下轨,观望,30.93,33.88,34.76,33.54,41.88,34.76,27.63,下轨下方,-0.79,0.51,-2.59,无信号,否
600746.SH,江苏索普,7.04,1.59%,阳线||布林带下轨,观望,57.59,61.35,66.36,71.22,81.69,66.36,51.03,下轨下方,-5.19,-3.11,-4.15,无信号,否
600748.SH,上实发展,4.97,1.64%,阳线||布林带下轨,观望,33.93,37.02,37.48,36.68,45.07,37.48,29.89,下轨下方,-1.24,0.03,-2.54,无信号,否
600750.SH,华润江中,22.82,1.29%,阳线||布林带下轨,观望,351.6,379.64,403.63,426.17,517.6,403.63,289.65,下轨下方,-28.93,-13.35,-31.17,无信号,否
600753.SH,*ST海钦,14.18,0.57%,阳线||布林带下轨,观望,44.47,46.74,46.61,43.06,58.5,46.61,34.71,下轨下方,-0.39,1.35,-3.47,死叉,否
600755.SH,厦门国贸,6.04,0.17%,价升||布林带下轨,观望,175.47,185.99,189.84,196.44,229.53,189.84,150.16,下轨下方,-7.98,-2.21,-11.53,无信号,否
600756.SH,浪潮软件,15.33,0.66%,阳线||布林带下轨,观望,77.42,81.35,82.56,85.68,92.62,82.56,72.5,下轨下方,-2.8,-1.28,-3.04,无信号,否
600763.SH,通策医疗,37.0,0.76%,阳线||布林带下轨,观望,121.23,130.47,138.03,146.95,164.79,138.03,111.28,下轨下方,-7.75,-3.75,-7.99,无信号,否
600768.SH,宁波富邦,18.08,1.52%,阳线||布林带下轨,观望,59.12,60.77,60.38,58.45,68.35,60.38,52.42,下轨下方,-0.1,1.02,-2.24,无信号,否
600770.SH,综艺股份,6.77,2.27%,阳线||布林带下轨,观望,136.6,149.82,151.72,132.48,187.41,151.72,116.04,下轨下方,0.49,6.46,-11.95,无信号,否
600771.SH,广誉远,15.17,0.33%,价升||布林带下轨,观望,110.55,118.41,125.31,130.74,153.96,125.31,96.65,下轨下方,-7.61,-3.35,-8.54,无信号,否
600774.SH,汉商集团,8.06,1.77%,阳线||布林带下轨,观望,47.24,49.31,50.93,54.19,57.73,50.93,44.13,下轨下方,-2.12,-1.14,-1.96,无信号,否
600776.SH,东方通信,15.73,0.96%,阳线||布林带下轨,观望,67.95,72.87,73.51,71.01,84.26,73.51,62.76,下轨下方,-1.12,0.83,-3.9,无信号,否
600777.SH,*ST新潮,5.77,1.94%,阳线||布林带下轨,观望,175.61,180.53,181.48,169.83,198.03,181.48,164.93,下轨下方,-0.37,2.8,-6.33,无信号,否
600778.SH,友好集团,6.6,2.33%,阳线||布林带下轨,观望,24.65,25.49,25.47,25.59,28.84,25.47,22.11,下轨下方,-0.34,0.14,-0.97,无信号,否
600780.SH,通宝能源,7.05,2.92%,阳线||布林带下轨,观望,71.31,73.44,73.16,71.55,80.46,73.16,65.85,下轨下方,-0.38,0.74,-2.25,无信号,否
600783.SH,鲁信创投,24.41,2.61%,阳线||布林带下轨,观望,141.74,145.56,144.89,142.14,165.94,144.89,123.84,下轨下方,-0.49,1.7,-4.38,死叉,否
600785.SH,新华百货,16.52,0.85%,阳线,观望,79.91,81.73,81.48,83.84,87.1,81.48,75.86,布林带内,-0.86,-0.26,-1.2,无信号,否
600790.SH,轻纺城,4.23,5.49%,阳线||布林带下轨,观望,51.02,53.59,53.06,50.16,61.47,53.06,44.65,下轨下方,0.14,1.32,-2.37,无信号,否
600791.SH,京能置业,15.78,7.71%,阳线,观望,99.57,102.22,97.05,78.04,111.5,97.05,82.59,布林带内,4.94,6.62,-3.37,无信号,否
600792.SH,云煤能源,3.95,1.28%,阳线||布林带下轨,观望,26.26,27.11,28.14,30.05,32.39,28.14,23.88,下轨下方,-1.07,-0.52,-1.1,无信号,否
600793.SH,宜宾纸业,15.13,1.27%,阳线||布林带下轨,观望,34.16,36.64,39.29,43.78,49.74,39.29,28.84,下轨下方,-3.27,-1.96,-2.61,无信号,否
600794.SH,保税科技,3.37,0.90%,价升||布林带下轨,观望,75.38,79.62,82.1,87.29,96.05,82.1,68.16,下轨下方,-3.75,-1.71,-4.08,无信号,否
600796.SH,钱江生化,5.52,0.91%,阳线||布林带下轨,观望,46.01,48.91,51.31,55.13,60.37,51.31,42.26,下轨下方,-2.85,-1.53,-2.65,无信号,否
600797.SH,浙大网新,8.7,0.12%,价升||布林带下轨,观望,110.46,114.77,116.07,121.57,131.61,116.07,100.53,下轨下方,-3.61,-1.49,-4.25,无信号,否
600800.SH,渤海化学,4.22,2.93%,阳线||布林带下轨,观望,37.17,39.71,40.94,41.79,46.42,40.94,35.46,下轨下方,-1.39,-0.54,-1.72,无信号,否
600802.SH,福建水泥,5.4,1.89%,阳线||布林带下轨,观望,15.62,16.46,16.73,17.67,19.17,16.73,14.29,下轨下方,-0.64,-0.28,-0.72,无信号,否
600805.SH,悦达投资,4.89,0.82%,阳线||布林带下轨,观望,63.53,65.05,66.76,68.84,71.84,66.76,61.67,下轨下方,-1.61,-0.91,-1.39,无信号,否
600807.SH,济高发展,2.89,3.58%,阳线,观望,18.71,19.26,19.46,20.35,21.02,19.46,17.9,布林带内,-0.39,-0.22,-0.33,无信号,否
600808.SH,马钢股份,3.12,0.65%,阳线||布林带下轨,观望,6.24,6.73,7.12,7.46,8.55,7.12,5.7,下轨下方,-0.41,-0.19,-0.44,无信号,否
600810.SH,神马股份,6.78,0.30%,阳线||布林带下轨,观望,32.93,36.13,39.16,42.91,51.88,39.16,26.45,下轨下方,-3.65,-1.9,-3.5,无信号,否
600814.SH,杭州解百,7.21,1.12%,阳线||布林带下轨,观望,41.56,43.12,44.43,45.87,50.23,44.43,38.63,下轨下方,-1.5,-0.63,-1.73,无信号,否
600815.SH,厦工股份,3.89,1.04%,阳线||布林带下轨,观望,24.84,26.96,27.79,25.18,33.55,27.79,22.03,下轨下方,-0.56,0.53,-2.18,无信号,否
600817.SH,宇通重工,10.25,1.18%,阳线||布林带下轨,观望,43.29,46.09,49.61,51.04,60.49,49.61,38.72,下轨下方,-2.94,-1.35,-3.16,无信号,否
600819.SH,耀皮玻璃,7.11,2.01%,阳线||布林带下轨,观望,21.38,22.06,21.95,22.94,24.45,21.95,19.46,下轨下方,-0.4,-0.14,-0.51,死叉,否
600822.SH,上海物贸,9.34,1.19%,阳线||布林带下轨,观望,24.21,25.2,25.83,26.85,28.94,25.83,22.71,下轨下方,-0.88,-0.4,-0.95,无信号,否
600825.SH,新华传媒,5.42,0.74%,价升||布林带下轨,观望,65.1,66.83,67.86,69.45,72.24,67.86,63.48,下轨下方,-1.36,-0.68,-1.35,无信号,否
600826.SH,兰生股份,8.94,1.82%,价升||布林带下轨,观望,59.01,64.72,67.71,71.71,85.72,67.71,49.7,下轨下方,-4.22,-1.54,-5.37,无信号,否
600829.SH,人民同泰,8.94,1.82%,阳线||布林带下轨,观望,76.8,79.68,81.24,84.59,88.53,81.24,73.96,下轨下方,-2.5,-1.41,-2.18,无信号,否
600831.SH,广电网络,4.01,0.25%,价升||布林带下轨||MA5上穿MA10,观望,26.5,26.23,25.76,26.38,29.29,25.76,22.23,下轨下方,0.03,0.19,-0.32,死叉,否
600833.SH,第一医药,11.22,0.54%,阳线||MACD金叉,MACD金叉,73.37,73.99,74.13,75.55,78.59,74.13,69.66,布林带内,-0.19,-0.27,0.18,金叉,否
600834.SH,申通地铁,7.91,0.64%,阳线||布林带下轨,观望,30.26,31.22,31.89,32.95,35.78,31.89,27.99,下轨下方,-0.97,-0.43,-1.08,无信号,否
600835.SH,上海机电,26.0,1.25%,阳线||多头排列||布林带上轨||MA5上穿MA10,多头排列,94.77,89.7,87.27,84.95,102.76,87.27,71.77,上轨上方,3.87,1.48,4.78,无信号,是
600838.SH,上海九百,8.53,1.07%,价升||布林带下轨,观望,84.93,90.72,95.86,105.08,115.24,95.86,76.48,下轨下方,-6.53,-3.83,-5.4,无信号,否
600844.SH,金煤科技,3.21,2.56%,阳线||布林带下轨,观望,22.06,23.21,24.1,26.05,27.95,24.1,20.25,下轨下方,-1.36,-0.83,-1.07,无信号,否
600845.SH,宝信软件,22.84,1.29%,阳线,观望,,,,,,,,,,,,,
600850.SH,电科数字,21.7,0.70%,价升||布林带下轨||MA5上穿MA10,观望,175.22,174.39,176.27,196.94,210.96,176.27,141.58,下轨下方,-6.49,-4.46,-4.07,死叉,否
600854.SH,春兰股份,5.26,0.57%,阳线||布林带下轨,观望,31.88,33.73,33.29,32.54,38.55,33.29,28.03,下轨下方,-0.37,0.45,-1.65,无信号,否
600858.SH,银座股份,5.29,0.76%,阳线,观望,,,,,,,,,,,,,
600860.SH,京城股份,10.29,0.59%,价升||布林带下轨,观望,15.0,15.54,15.84,17.95,17.58,15.84,14.1,下轨下方,-0.7,-0.52,-0.37,死叉,否
600865.SH,百大集团,10.39,0.68%,阳线||布林带下轨,观望,52.58,54.94,56.15,57.74,62.48,56.15,49.82,下轨下方,-1.64,-0.61,-2.07,无信号,否
600867.SH,通化东宝,8.42,0.36%,阳线||布林带下轨,观望,426.53,460.39,489.42,501.08,621.87,489.42,356.97,下轨下方,-32.05,-11.85,-40.39,无信号,否
600869.SH,远东股份,21.18,0.86%,阳线,观望,206.89,211.76,192.86,158.0,236.68,192.86,149.04,布林带内,14.13,15.76,-3.26,死叉,否
600871.SH,石化油服,2.44,1.67%,阳线||布林带下轨,观望,5.81,6.07,6.3,7.14,7.42,6.3,5.17,下轨下方,-0.37,-0.23,-0.28,无信号,否
600873.SH,梅花生物,9.57,0.63%,阳线||布林带下轨,观望,63.98,65.61,68.0,74.98,78.87,68.0,57.13,下轨下方,-3.61,-2.5,-2.22,死叉,否
600874.SH,创业环保,5.88,0.17%,阳线||布林带下轨,观望,10.18,10.7,11.03,11.26,12.93,11.03,9.12,下轨下方,-0.4,-0.11,-0.58,无信号,否
600876.SH,凯盛新能,8.95,3.47%,阳线||布林带下轨,观望,12.03,12.72,13.21,14.23,15.4,13.21,11.03,下轨下方,-0.68,-0.37,-0.61,无信号,否
600877.SH,电科芯片,16.23,3.64%,阳线||布林带下轨,观望,71.99,74.76,76.07,77.25,83.79,76.07,68.35,下轨下方,-1.57,-0.39,-2.36,无信号,否
600879.SH,航天电子,22.4,0.13%,价升||布林带下轨,观望,939.41,1019.08,1040.82,1023.59,1251.31,1040.82,830.33,下轨下方,-29.35,6.29,-71.28,无信号,否
600881.SH,亚泰集团,1.49,3.47%,阳线||布林带下轨,观望,89.14,96.59,98.49,106.67,120.64,98.49,76.33,下轨下方,-5.48,-2.29,-6.38,无信号,否
600883.SH,博闻科技,9.15,2.23%,阳线||布林带下轨,观望,42.46,43.83,43.08,41.61,49.92,43.08,36.23,下轨下方,0.09,0.96,-1.75,无信号,否
600884.SH,杉杉股份,14.88,2.90%,阳线||布林带下轨,观望,384.33,413.04,431.12,407.4,526.77,431.12,335.46,下轨下方,-12.39,4.69,-34.17,无信号,否
600886.SH,国投电力,13.35,0.53%,阳线||布林带下轨,观望,592.38,607.67,616.42,631.78,679.54,616.42,553.3,下轨下方,-13.72,-4.91,-17.63,无信号,否
600888.SH,新疆众和,10.31,10.03%,阳线||布林带下轨,观望,116.6,117.58,118.7,119.38,136.3,118.7,101.11,下轨下方,-1.46,0.3,-3.52,死叉,否
600889.SH,*ST京化,15.48,3.96%,阳线||布林带下轨,观望,65.18,67.42,68.4,69.23,75.75,68.4,61.05,下轨下方,-1.11,0.01,-2.23,无信号,否
600892.SH,*ST大晟,4.04,4.94%,阳线||布林带下轨,观望,24.03,24.67,24.01,23.42,26.97,24.01,21.04,下轨下方,0.15,0.46,-0.61,死叉,否
600893.SH,航发动力,45.81,0.48%,阳线,观望,149.2,154.01,154.29,164.95,166.41,154.29,142.17,布林带内,-3.44,-2.58,-1.71,无信号,否
600894.SH,广日股份,8.37,2.70%,阳线||布林带下轨,观望,32.47,33.87,35.6,36.34,40.55,35.6,30.66,下轨下方,-1.44,-0.73,-1.42,无信号,否
600895.SH,张江高科,39.65,6.27%,阳线||布林带下轨,观望,732.98,758.53,771.67,783.37,877.78,771.67,665.56,下轨下方,-17.51,-4.73,-25.56,死叉,否
600903.SH,贵州燃气,10.42,4.30%,阳线||多头排列||MA5上穿MA10,多头排列,13.15,11.74,10.56,9.98,14.2,10.56,6.93,布林带内,0.91,0.62,0.57,无信号,是
600905.SH,三峡能源,4.11,0.49%,阳线||布林带下轨,观望,4.36,4.41,4.4,4.48,4.57,4.4,4.24,下轨下方,-0.03,-0.01,-0.04,死叉,否
600909.SH,华安证券,7.32,2.81%,阳线||MA5上穿MA10,观望,8.21,7.81,7.5,7.52,8.54,7.5,6.45,布林带内,0.22,0.12,0.21,无信号,否
600916.SH,中国黄金,8.18,1.24%,阳线||布林带下轨,观望,9.46,9.86,10.16,10.99,11.27,10.16,9.04,下轨下方,-0.41,-0.26,-0.29,无信号,否
600917.SH,重庆燃气,5.46,1.30%,阳线||布林带下轨,观望,6.57,6.59,6.56,6.74,7.0,6.56,6.13,下轨下方,-0.05,-0.02,-0.07,死叉,否
600929.SH,雪天盐业,6.08,3.05%,阳线||布林带下轨,观望,6.86,7.25,7.58,7.37,8.6,7.58,6.56,下轨下方,-0.21,-0.03,-0.36,无信号,否
600930.SH,华电新能,6.05,0.17%,阳线,观望,6.18,6.33,6.33,6.34,6.66,6.33,6.0,布林带内,-0.03,0.01,-0.08,无信号,否
600933.SH,爱柯迪,17.61,0.63%,价升||布林带下轨,观望,19.01,19.35,19.16,19.21,20.29,19.16,18.02,下轨下方,-0.04,0.06,-0.2,无信号,否
600935.SH,华塑股份,2.45,0.41%,阳线||布林带下轨,观望,2.62,2.69,2.72,2.89,2.9,2.72,2.55,下轨下方,-0.07,-0.05,-0.04,无信号,否
600939.SH,重庆建工,2.79,1.82%,阳线||布林带下轨,观望,3.14,3.24,3.26,3.36,3.54,3.26,2.97,下轨下方,-0.06,-0.02,-0.08,无信号,否
600955.SH,维远股份,17.32,0.06%,价升||布林带下轨,观望,18.2,18.73,19.21,18.96,20.73,19.21,17.68,下轨下方,-0.26,-0.01,-0.49,无信号,否
600960.SH,渤海汽车,4.66,0.22%,价升||布林带下轨,观望,19.75,20.56,21.39,22.78,24.44,21.39,18.34,下轨下方,-0.96,-0.54,-0.83,无信号,否
600961.SH,株冶集团,27.13,3.63%,阳线||布林带下轨,观望,36.69,39.04,39.33,31.7,44.82,39.33,33.83,下轨下方,1.19,2.5,-2.63,无信号,否
600962.SH,国投中鲁,26.36,2.01%,阳线||多头排列||MA5上穿MA10,多头排列,44.62,44.13,41.56,37.8,48.64,41.56,34.48,布林带内,1.9,2.07,-0.33,死叉,是
600966.SH,博汇纸业,5.88,1.20%,阳线||布林带下轨,观望,40.88,42.85,44.36,49.34,51.29,44.36,37.43,下轨下方,-2.3,-1.5,-1.6,无信号,否
600968.SH,海油发展,4.17,2.46%,阳线||布林带下轨,观望,4.56,4.6,4.67,4.97,4.96,4.67,4.38,下轨下方,-0.11,-0.08,-0.05,死叉,否
600969.SH,郴电国际,10.32,1.57%,阳线||布林带下轨,观望,19.96,20.78,20.6,20.33,23.4,20.6,17.81,下轨下方,-0.17,0.24,-0.81,无信号,否
600970.SH,中材国际,8.57,1.18%,阳线||布林带下轨,观望,112.59,118.51,124.85,135.08,147.58,124.85,102.11,下轨下方,-7.51,-4.59,-5.84,无信号,否
600973.SH,宝胜股份,7.18,4.21%,阳线||布林带下轨,观望,57.03,59.8,60.29,58.72,67.88,60.29,52.7,下轨下方,-0.85,0.53,-2.78,无信号,否
600977.SH,中国电影,14.8,1.65%,阳线||多头排列||MA5上穿MA10,多头排列,15.79,15.72,15.43,15.25,16.25,15.43,14.61,布林带内,0.1,0.07,0.07,无信号,是
600979.SH,广安爱众,4.64,1.75%,阳线||布林带下轨,观望,23.84,25.77,26.77,27.14,32.77,26.77,20.76,下轨下方,-1.12,-0.14,-1.97,无信号,否
600980.SH,北矿科技,23.0,4.03%,阳线||布林带下轨,观望,38.54,40.25,40.53,40.78,45.64,40.53,35.41,下轨下方,-0.75,0.08,-1.66,无信号,否
600981.SH,苏豪汇鸿,2.58,0.78%,价升||布林带下轨,观望,13.17,13.92,14.44,15.58,17.11,14.44,11.77,下轨下方,-0.79,-0.41,-0.75,无信号,否
600982.SH,宁波能源,6.14,1.15%,阳线||布林带下轨,观望,23.98,25.24,25.0,23.45,28.8,25.0,21.2,下轨下方,-0.1,0.53,-1.25,无信号,否
600987.SH,XD航民股,6.65,0.91%,价升,观望,,,,,,,,,,,,,
600988.SH,赤峰黄金,35.15,1.88%,阳线||布林带下轨,观望,187.85,204.09,213.29,223.32,253.08,213.29,173.5,下轨下方,-12.29,-6.33,-11.93,无信号,否
600990.SH,四创电子,20.75,0.97%,阳线||布林带下轨,观望,88.18,96.23,102.05,109.28,130.64,102.05,73.47,下轨下方,-7.31,-3.05,-8.53,无信号,否
600992.SH,贵绳股份,12.26,1.41%,阳线||布林带下轨,观望,17.38,17.53,17.38,18.14,19.28,17.38,15.48,下轨下方,-0.24,-0.09,-0.3,死叉,否
600995.SH,南网储能,14.25,0.99%,阳线||布林带下轨,观望,111.32,114.71,115.09,116.06,126.96,115.09,103.23,下轨下方,-1.47,0.34,-3.63,无信号,否
600997.SH,开滦股份,5.28,0.76%,阳线,观望,,,,,,,,,,,,,
601000.SH,唐山港,4.64,0.22%,价升||布林带下轨,观望,25.45,26.12,26.62,26.06,28.96,26.62,24.28,下轨下方,-0.41,-0.02,-0.77,无信号,否
601002.SH,晋亿实业,5.33,1.91%,阳线,观望,,,,,,,,,,,,,
601006.SH,大秦铁路,5.42,0.18%,价升||布林带下轨,观望,12.22,12.58,12.71,12.76,14.41,12.71,11.01,下轨下方,-0.26,-0.02,-0.48,死叉,否
601011.SH,宝泰隆,2.82,2.55%,阳线||布林带下轨,观望,7.78,7.93,8.17,9.05,8.82,8.17,7.52,下轨下方,-0.33,-0.28,-0.09,无信号,否
601012.SH,隆基绿能,15.04,1.69%,阳线||布林带下轨,观望,267.08,298.03,318.36,346.61,417.96,318.36,218.77,下轨下方,-27.14,-12.68,-28.91,无信号,否
601015.SH,陕西黑猫,3.54,1.43%,阳线||布林带下轨,观望,7.46,7.88,8.34,9.84,9.94,8.34,6.74,下轨下方,-0.64,-0.46,-0.36,无信号,否
601016.SH,节能风电,4.62,2.67%,阳线||布林带下轨,观望,11.87,12.66,12.26,11.08,14.53,12.26,9.98,下轨下方,0.15,0.48,-0.65,无信号,否
601019.SH,山东出版,7.24,0.42%,阳线||布林带下轨,观望,9.57,9.93,10.13,11.07,11.43,10.13,8.84,下轨下方,-0.46,-0.31,-0.3,死叉,否
601020.SH,华钰矿业,26.9,1.24%,阳线||布林带下轨,观望,37.03,38.98,41.45,43.79,49.92,41.45,32.98,下轨下方,-2.13,-1.02,-2.22,无信号,否
601026.SH,道生天合,17.62,0.57%,阳线,观望,17.71,18.24,18.31,19.65,19.51,18.31,17.11,布林带内,-0.38,-0.34,-0.09,无信号,否
601058.SH,赛轮轮胎,12.79,1.67%,阳线,观望,62.37,63.63,65.77,67.72,71.07,65.77,60.46,布林带内,-1.44,-1.0,-0.89,无信号,否
601061.SH,中信金属,13.62,2.10%,阳线||布林带下轨,观望,14.25,14.59,14.67,13.96,15.51,14.67,13.83,下轨下方,0.13,0.3,-0.34,无信号,否
601065.SH,江盐集团,7.82,0.26%,阳线||布林带下轨,观望,8.42,8.61,8.79,9.08,9.37,8.79,8.21,下轨下方,-0.19,-0.11,-0.16,无信号,否
601068.SH,中铝国际,5.64,1.44%,阳线,观望,5.67,5.82,6.05,6.12,6.61,6.05,5.49,布林带内,-0.14,-0.07,-0.13,无信号,否
601069.SH,西部黄金,28.13,1.77%,阳线,观望,28.76,30.9,32.11,33.67,36.89,32.11,27.34,布林带内,-1.28,-0.67,-1.23,无信号,否
601077.SH,渝农商行,6.83,0.15%,价升||布林带下轨,观望,8.28,8.49,8.8,8.75,9.84,8.8,7.76,下轨下方,-0.23,-0.08,-0.31,无信号,否
601083.SH,锦江航运,11.69,0.34%,价升||布林带下轨,观望,12.43,12.77,13.07,13.26,14.06,13.07,12.09,下轨下方,-0.3,-0.16,-0.27,无信号,否
601096.SH,宏盛华源,5.19,0.97%,阳线||布林带下轨,观望,5.44,5.64,5.64,5.93,6.06,5.64,5.23,下轨下方,-0.1,-0.05,-0.1,无信号,否
601098.SH,中南传媒,11.08,0.36%,价升||布林带下轨,观望,16.78,17.42,17.6,17.53,19.85,17.6,15.34,下轨下方,-0.35,0.01,-0.71,无信号,否
601100.SH,恒立液压,117.05,2.64%,阳线||布林带下轨,观望,345.26,354.83,346.51,340.93,401.28,346.51,291.74,下轨下方,0.2,5.83,-11.26,死叉,否
601106.SH,中国一重,3.95,1.54%,阳线,观望,4.06,4.3,4.33,4.48,4.83,4.33,3.83,布林带内,-0.09,-0.03,-0.12,无信号,否
601112.SH,振石股份,19.48,2.26%,阳线,观望,19.46,19.93,20.16,20.18,21.45,20.16,18.87,布林带内,-0.18,-0.02,-0.31,无信号,否
601113.SH,华鼎股份,4.33,0.70%,阳线||布林带下轨,观望,9.41,9.51,9.7,9.72,10.2,9.7,9.2,下轨下方,-0.1,-0.03,-0.14,无信号,否
601117.SH,中国化学,7.91,0.51%,价升||布林带下轨,观望,9.69,9.99,10.23,10.76,11.1,10.23,9.37,下轨下方,-0.31,-0.2,-0.23,无信号,否
601121.SH,宝地矿业,6.96,2.96%,阳线||布林带下轨,观望,7.29,7.51,7.83,8.12,8.62,7.83,7.04,下轨下方,-0.24,-0.14,-0.2,无信号,否
601126.SH,四方股份,82.34,0.82%,阳线||多头排列||MA5上穿MA10,多头排列,178.77,169.28,144.92,116.34,199.29,144.92,90.54,布林带内,19.63,16.15,6.96,无信号,是
601137.SH,博威合金,21.26,6.03%,阳线||MA5上穿MA10,观望,45.55,44.98,44.02,44.09,47.93,44.02,40.1,布林带内,0.51,0.25,0.53,无信号,否
601138.SH,工业富联,67.16,2.53%,阳线,观望,70.21,70.43,69.55,61.35,74.09,69.55,65.01,布林带内,2.09,2.67,-1.15,无信号,否
601139.SH,深圳燃气,6.55,0.61%,阳线||布林带下轨,观望,16.25,16.48,16.91,17.54,18.28,16.91,15.53,下轨下方,-0.43,-0.27,-0.31,无信号,否
601156.SH,东航物流,16.05,0.63%,价升||布林带下轨,观望,17.22,17.49,17.87,18.92,19.15,17.87,16.6,下轨下方,-0.47,-0.39,-0.16,死叉,否
601163.SH,三角轮胎,14.56,0.28%,价升||布林带下轨,观望,17.32,17.74,17.75,17.8,19.14,17.75,16.37,下轨下方,-0.15,0.05,-0.4,无信号,否
601166.SH,兴业银行,17.46,0.52%,阳线||布林带下轨,观望,85.36,87.84,89.61,92.01,99.35,89.61,79.86,下轨下方,-2.48,-1.11,-2.73,无信号,否
601168.SH,西部矿业,31.84,5.89%,阳线,观望,34.88,35.88,35.2,33.99,38.16,35.2,32.25,布林带内,0.53,0.73,-0.4,无信号,否
601179.SH,中国西电,16.25,0.81%,阳线,观望,17.9,18.52,18.39,17.94,19.82,18.39,16.96,布林带内,0.04,0.21,-0.34,无信号,否
601199.SH,江南水务,5.96,2.05%,阳线,观望,27.89,28.8,27.83,27.97,31.15,27.83,24.51,布林带内,0.14,0.32,-0.35,死叉,否
601200.SH,上海环境,7.72,1.05%,阳线||布林带下轨,观望,12.08,12.81,13.23,13.86,15.85,13.23,10.61,下轨下方,-0.61,-0.22,-0.78,无信号,否
601208.SH,东材科技,52.45,10.00%,阳线||多头排列||MA5上穿MA10,多头排列,126.42,125.82,114.87,96.04,143.09,114.87,86.65,布林带内,9.04,9.22,-0.36,死叉,是
601212.SH,白银有色,6.66,4.72%,阳线,观望,6.67,7.17,7.51,8.44,8.66,7.51,6.37,布林带内,-0.41,-0.3,-0.22,无信号,否
601216.SH,君正集团,5.43,2.07%,阳线||布林带下轨,观望,79.73,81.71,82.37,84.96,89.52,82.37,75.23,下轨下方,-1.41,-0.42,-1.98,无信号,否
601218.SH,吉鑫科技,5.55,2.59%,阳线,观望,,,,,,,,,,,,,
601222.SH,林洋能源,6.48,2.21%,阳线||布林带下轨,观望,34.22,34.22,34.02,34.24,36.56,34.02,31.49,下轨下方,-0.09,0.1,-0.4,死叉,否
601226.SH,华电科工,8.25,1.60%,阳线||布林带下轨,观望,13.33,13.81,14.17,15.39,15.44,14.17,12.91,下轨下方,-0.49,-0.35,-0.27,无信号,否
601231.SH,环旭电子,39.45,5.79%,阳线,观望,83.26,86.39,86.34,83.32,94.22,86.34,78.46,布林带内,0.32,1.24,-1.84,无信号,否
601233.SH,桐昆股份,19.49,0.98%,阳线,观望,59.68,62.15,63.84,62.05,71.93,63.84,55.75,布林带内,-0.51,0.47,-1.96,无信号,否
601279.SH,英利汽车,3.73,0.81%,阳线,观望,3.79,3.85,3.91,4.14,4.11,3.91,3.71,布林带内,-0.08,-0.07,-0.03,无信号,否
601311.SH,骆驼股份,9.23,0.65%,阳线||布林带下轨,观望,27.92,29.22,30.71,30.81,36.38,30.71,25.03,下轨下方,-1.26,-0.42,-1.68,无信号,否
601339.SH,百隆东方,7.89,0.25%,价升||布林带下轨,观望,20.87,21.9,22.49,21.01,25.18,22.49,19.8,下轨下方,-0.22,0.31,-1.06,无信号,否
601360.SH,三六零,10.71,1.04%,阳线||布林带下轨,观望,22.39,22.85,22.98,23.27,24.29,22.98,21.67,下轨下方,-0.22,-0.04,-0.35,无信号,否
601366.SH,利群股份,3.76,0.80%,阳线||布林带下轨,观望,4.59,4.73,4.82,5.09,5.3,4.82,4.34,下轨下方,-0.15,-0.08,-0.13,无信号,否
601388.SH,怡球资源,3.63,2.83%,阳线,观望,19.39,19.91,21.01,21.0,23.59,21.01,18.43,布林带内,-0.56,-0.25,-0.62,无信号,否
601398.SH,工商银行,7.18,0.42%,阳线,观望,,,,,,,,,,,,,
601399.SH,国机重装,3.93,1.29%,阳线,观望,3.97,4.11,4.18,4.51,4.48,4.18,3.88,布林带内,-0.12,-0.1,-0.05,无信号,否
601500.SH,通用股份,4.42,0.68%,阳线||布林带下轨,观望,5.67,5.9,5.93,5.89,6.69,5.93,5.17,下轨下方,-0.08,0.03,-0.23,无信号,否
601515.SH,衢州东峰,4.35,4.82%,阳线||布林带下轨,观望,18.06,19.63,20.04,20.21,24.55,20.04,15.53,下轨下方,-0.86,-0.12,-1.49,无信号,否
601518.SH,吉林高速,3.11,2.30%,阳线||布林带下轨,观望,4.55,4.66,4.71,4.78,5.29,4.71,4.13,下轨下方,-0.09,-0.02,-0.14,死叉,否
601566.SH,九牧王,12.12,0.58%,阳线||布林带下轨,观望,19.75,19.85,19.74,19.73,21.49,19.74,18.0,下轨下方,-0.07,0.09,-0.31,死叉,否
601568.SH,北元化工,3.78,1.61%,阳线||布林带下轨,观望,5.26,5.46,5.61,5.98,6.49,5.61,4.73,下轨下方,-0.25,-0.13,-0.23,死叉,否
601588.SH,北辰实业,1.82,2.82%,阳线||布林带下轨,观望,2.66,2.81,2.8,2.77,3.22,2.8,2.38,下轨下方,-0.05,0.02,-0.13,无信号,否
601598.SH,中国外运,6.25,1.46%,阳线||布林带下轨,观望,7.31,7.44,7.48,7.47,8.08,7.48,6.87,下轨下方,-0.09,-0.01,-0.16,死叉,否
601600.SH,中国铝业,11.15,2.86%,阳线,观望,11.58,12.01,12.4,13.18,13.51,12.4,11.29,布林带内,-0.39,-0.29,-0.21,无信号,否
601608.SH,中信重工,5.67,1.98%,阳线,观望,8.99,9.21,9.36,10.04,9.93,9.36,8.79,布林带内,-0.24,-0.19,-0.08,无信号,否
601609.SH,金田股份,13.87,4.76%,阳线||多头排列||MA5上穿MA10,多头排列,14.19,13.66,12.35,11.54,15.28,12.35,9.43,布林带内,0.85,0.64,0.42,无信号,是
601611.SH,中国核建,12.38,0.08%,价升||布林带下轨,观望,13.22,13.69,13.95,15.29,15.1,13.95,12.79,下轨下方,-0.49,-0.38,-0.21,无信号,否
601615.SH,明阳智能,16.79,0.60%,价升||MA5上穿MA10,观望,17.67,17.63,17.54,19.4,18.75,17.54,16.33,布林带内,-0.31,-0.39,0.17,无信号,否
601616.SH,广电电气,4.49,2.98%,阳线||布林带下轨,观望,9.69,9.85,9.95,10.58,10.63,9.95,9.27,下轨下方,-0.22,-0.15,-0.15,无信号,否
601619.SH,嘉泽新能,5.38,0.19%,阳线||布林带下轨,观望,6.06,6.3,6.46,6.56,7.15,6.46,5.78,下轨下方,-0.13,-0.02,-0.22,无信号,否
601658.SH,邮储银行,4.94,0.41%,阳线||布林带下轨,观望,6.2,6.39,6.54,6.6,7.32,6.54,5.77,下轨下方,-0.17,-0.05,-0.23,无信号,否
601677.SH,明泰铝业,19.21,6.72%,阳线||布林带下轨,观望,25.75,26.41,26.85,25.66,30.07,26.85,23.64,下轨下方,-0.22,0.27,-0.99,无信号,否
601678.SH,滨化股份,6.12,2.68%,阳线||多头排列||MA5上穿MA10,多头排列,26.28,24.76,23.92,23.43,27.17,23.92,20.66,布林带内,0.78,0.53,0.5,无信号,是
601698.SH,中国卫通,33.37,0.79%,阳线,观望,34.19,35.91,36.63,35.37,40.64,36.63,32.61,布林带内,-0.32,0.31,-1.26,无信号,否
601700.SH,风范股份,5.49,2.62%,阳线,观望,34.15,34.52,33.71,34.58,36.45,33.71,30.97,布林带内,0.11,0.21,-0.21,死叉,否
601702.SH,华峰铝业,20.07,9.14%,阳线||MA5上穿MA10,观望,19.37,19.31,19.56,20.94,20.7,19.56,18.42,布林带内,-0.32,-0.42,0.2,无信号,否
601717.SH,中创智领,18.97,4.23%,阳线||布林带下轨,观望,44.8,45.31,46.4,50.43,50.16,46.4,42.65,下轨下方,-1.42,-1.35,-0.15,死叉,否
601718.SH,ST际华,2.24,0.90%,阳线,观望,2.71,2.78,3.07,3.48,3.73,3.07,2.42,布林带内,-0.23,-0.19,-0.08,无信号,否
601727.SH,上海电气,8.94,3.00%,阳线||多头排列||MA5上穿MA10,多头排列,9.73,9.65,9.22,9.22,10.16,9.22,8.27,布林带内,0.23,0.16,0.14,无信号,是
601766.SH,中国中车,5.77,0.70%,阳线||布林带下轨,观望,8.02,8.26,8.34,8.62,9.06,8.34,7.61,下轨下方,-0.2,-0.1,-0.21,无信号,否
601777.SH,千里科技,12.43,0.73%,阳线||多头排列||布林带上轨||MA5上穿MA10,多头排列,13.62,13.4,12.89,12.05,14.28,12.89,11.5,上轨上方,0.54,0.42,0.24,无信号,是
601778.SH,晶科科技,6.33,3.60%,阳线,观望,6.51,6.91,7.02,5.97,7.84,7.02,6.21,布林带内,0.1,0.28,-0.36,无信号,否
601789.SH,宁波建工,5.78,3.96%,阳线||布林带下轨,观望,13.93,14.22,14.13,13.92,15.36,14.13,12.89,下轨下方,-0.02,0.15,-0.33,无信号,否
601798.SH,蓝科高新,8.56,2.15%,阳线,观望,9.3,9.46,9.52,9.86,10.07,9.52,8.98,布林带内,-0.14,-0.09,-0.1,无信号,否
601799.SH,星宇股份,143.03,1.25%,阳线,观望,,,,,,,,,,,,,
601808.SH,中海油服,13.71,0.22%,阳线||布林带下轨,观望,17.02,17.29,17.76,19.41,19.13,17.76,16.38,下轨下方,-0.61,-0.5,-0.23,无信号,否
601816.SH,京沪高铁,4.86,0.21%,价升||布林带下轨,观望,5.25,5.31,5.31,5.39,5.55,5.31,5.07,下轨下方,-0.05,-0.02,-0.06,无信号,否
601858.SH,中国科传,26.09,0.12%,价升,观望,28.51,29.55,27.78,25.31,32.22,27.78,23.33,布林带内,0.99,1.24,-0.49,无信号,否
601865.SH,福莱特,12.33,1.82%,阳线||布林带下轨,观望,13.49,14.11,14.67,15.91,16.43,14.67,12.91,下轨下方,-0.66,-0.47,-0.37,无信号,否
601868.SH,中国能建,2.99,0.34%,阳线,观望,3.17,3.3,3.17,3.12,3.58,3.17,2.76,布林带内,0.03,0.06,-0.05,无信号,否
601869.SH,长飞光纤,388.66,3.42%,阳线,观望,395.22,398.8,390.21,320.36,424.5,390.21,355.92,布林带内,14.01,18.4,-8.78,无信号,否
601872.SH,招商轮船,18.08,1.57%,价升||布林带下轨,观望,24.46,25.05,25.31,25.21,27.56,25.31,23.05,下轨下方,-0.36,-0.04,-0.64,无信号,否
601880.SH,辽港股份,1.61,0.63%,价升||布林带下轨,观望,4.42,4.49,4.51,4.62,4.72,4.51,4.3,下轨下方,-0.05,-0.02,-0.06,无信号,否
601882.SH,海天精工,23.83,1.75%,阳线,观望,,,,,,,,,,,,,
601890.SH,亚星锚链,9.72,0.41%,价升||布林带下轨,观望,27.99,28.88,29.76,31.07,32.26,29.76,27.25,下轨下方,-0.71,-0.41,-0.6,无信号,否
601899.SH,紫金矿业,30.96,3.23%,阳线,观望,51.44,52.85,53.85,55.52,59.07,53.85,48.63,布林带内,-0.77,-0.73,-0.07,无信号,否
601900.SH,南方传媒,12.18,0.25%,阳线||布林带下轨,观望,14.88,15.24,15.54,16.33,16.99,15.54,14.09,下轨下方,-0.45,-0.28,-0.35,无信号,否
601901.SH,方正证券,7.06,0.71%,阳线||布林带下轨,观望,7.45,7.57,7.58,7.65,7.86,7.58,7.31,下轨下方,-0.04,-0.01,-0.06,无信号,否
601908.SH,京运通,3.83,1.86%,阳线||布林带下轨,观望,17.34,17.92,18.01,18.67,19.75,18.01,16.26,下轨下方,-0.46,-0.29,-0.34,无信号,否
601921.SH,浙版传媒,7.34,0.14%,价升||布林带下轨,观望,8.58,8.77,9.0,9.23,9.88,9.0,8.11,下轨下方,-0.25,-0.13,-0.23,无信号,否
601928.SH,凤凰传媒,9.07,0.11%,价升||布林带下轨,观望,12.8,13.24,13.52,13.92,15.07,13.52,11.97,下轨下方,-0.4,-0.18,-0.46,无信号,否
601933.SH,永辉超市,3.46,0.58%,阳线||布林带下轨,观望,34.14,35.14,36.03,37.41,39.07,36.03,32.99,下轨下方,-1.02,-0.58,-0.89,无信号,否
601939.SH,建设银行,10.1,0.50%,阳线||多头排列||布林带上轨||MA5上穿MA10,多头排列,16.17,15.94,15.87,15.43,16.49,15.87,15.25,上轨上方,0.21,0.13,0.16,无信号,是
601956.SH,东贝集团,5.62,2.00%,阳线||布林带下轨,观望,6.1,6.25,6.4,7.0,6.87,6.4,5.92,下轨下方,-0.26,-0.21,-0.09,无信号,否
601958.SH,金钼股份,21.79,3.17%,阳线,观望,29.18,29.77,28.76,28.82,31.58,28.76,25.94,布林带内,0.44,0.48,-0.09,死叉,否
601965.SH,中国汽研,16.59,0.30%,价升||布林带下轨,观望,28.71,29.33,29.05,30.58,31.1,29.05,27.01,下轨下方,-0.4,-0.33,-0.15,死叉,否
601966.SH,玲珑轮胎,12.3,0.33%,价升||布林带下轨,观望,14.59,15.23,15.78,16.73,17.67,15.78,13.89,下轨下方,-0.66,-0.42,-0.48,无信号,否
601968.SH,宝钢包装,4.64,0.43%,阳线||布林带下轨,观望,5.28,5.5,5.68,5.97,6.28,5.68,5.08,下轨下方,-0.2,-0.11,-0.17,无信号,否
601969.SH,海南矿业,10.47,1.26%,阳线,观望,,,,,,,,,,,,,
601975.SH,招商南油,5.8,1.22%,价升||多头排列||布林带上轨||MA5上穿MA10,多头排列,5.32,5.12,4.85,4.68,5.71,4.85,3.98,上轨上方,0.24,0.14,0.21,无信号,是
601988.SH,中国银行,5.86,1.03%,阳线||MACD金叉||多头排列||布林带上轨||MA5上穿MA10,MACD金叉;多头排列,9.88,9.83,9.82,9.66,9.99,9.82,9.65,上轨上方,0.04,0.03,0.03,金叉,是
601992.SH,金隅集团,1.68,9.80%,阳线||布林带下轨,观望,4.45,4.64,4.77,5.06,5.34,4.77,4.19,下轨下方,-0.19,-0.11,-0.16,无信号,否
601996.SH,丰林集团,2.98,2.05%,阳线,观望,14.25,14.44,14.09,13.07,15.67,14.09,12.52,布林带内,0.29,0.45,-0.31,无信号,否
601999.SH,出版传媒,6.42,0.16%,价升||布林带下轨,观望,7.4,7.63,7.96,8.32,8.83,7.96,7.09,下轨下方,-0.34,-0.23,-0.21,无信号,否
603000.SH,人民网,18.23,0.11%,阳线||布林带下轨,观望,80.02,82.34,83.39,86.4,89.0,83.39,77.79,下轨下方,-1.85,-1.15,-1.4,无信号,否
603001.SH,奥康国际,9.69,9.99%,阳线||布林带下轨,观望,13.61,13.96,14.0,14.27,15.43,14.0,12.57,下轨下方,-0.24,-0.06,-0.37,无信号,否
603002.SH,宏昌电子,16.29,7.74%,阳线,观望,24.98,25.07,24.26,20.16,26.59,24.26,21.92,布林带内,1.32,1.47,-0.29,无信号,否
603005.SH,晶方科技,39.14,8.48%,阳线,观望,,,,,,,,,,,,,
603006.SH,联明股份,14.25,2.96%,阳线||布林带下轨,观望,32.53,32.93,32.75,32.14,35.07,32.75,30.43,下轨下方,0.06,0.35,-0.58,死叉,否
603009.SH,北特科技,58.8,5.32%,阳线||多头排列||布林带上轨||MA5上穿MA10,多头排列,137.1,133.9,127.08,125.93,145.78,127.08,108.38,上轨上方,4.42,2.25,4.34,无信号,是
603010.SH,万盛股份,13.62,2.48%,阳线||布林带下轨,观望,60.03,66.02,65.17,60.32,83.38,65.17,46.95,下轨下方,-1.08,1.93,-6.0,无信号,否
603011.SH,合锻智能,19.81,2.64%,阳线,观望,40.97,42.58,42.85,45.73,46.11,42.85,39.59,布林带内,-0.95,-0.66,-0.58,无信号,否
603012.SH,创力集团,9.74,3.18%,阳线,观望,19.96,20.38,19.84,18.53,21.47,19.84,18.22,布林带内,0.42,0.5,-0.16,无信号,否
603014.SH,威高血净,35.29,0.26%,价升,观望,35.31,35.54,36.08,37.63,37.65,36.08,34.51,布林带内,-0.61,-0.59,-0.04,无信号,否
603016.SH,新宏泰,48.6,1.25%,阳线,观望,51.87,54.04,56.81,47.49,64.63,56.81,49.0,布林带内,0.25,1.63,-2.77,无信号,否
603017.SH,中衡设计,13.81,2.30%,阳线||布林带下轨,观望,66.69,69.98,71.64,67.92,80.75,71.64,62.54,下轨下方,-0.96,0.68,-3.27,无信号,否
603018.SH,华设集团,7.32,0.27%,阳线||布林带下轨,观望,51.67,55.52,56.99,58.79,73.32,56.99,40.66,下轨下方,-2.87,-0.5,-4.74,无信号,否
603019.SH,中科曙光,94.8,1.66%,阳线||布林带下轨,观望,347.35,368.65,371.3,350.95,460.0,371.3,282.6,下轨下方,-6.75,7.49,-28.47,无信号,否
603021.SH,*ST华鹏,6.79,4.95%,阳线,观望,18.07,18.58,19.41,19.48,21.7,19.41,17.12,布林带内,-0.52,-0.31,-0.44,无信号,否
603022.SH,新通联,11.21,2.09%,阳线,观望,29.19,29.42,28.97,28.25,30.98,28.97,26.95,布林带内,0.35,0.48,-0.26,无信号,否
603025.SH,大豪科技,16.39,3.41%,阳线,观望,,,,,,,,,,,,,
603028.SH,赛福天,9.28,3.00%,阳线||布林带下轨,观望,11.84,12.31,11.89,12.0,13.77,11.89,10.0,下轨下方,-0.01,0.17,-0.37,死叉,否
603029.SH,天鹅股份,18.58,1.92%,阳线||布林带下轨,观望,24.4,25.49,25.92,26.03,29.57,25.92,22.26,下轨下方,-0.6,-0.0,-1.2,无信号,否
603030.SH,全筑股份,2.81,2.55%,阳线,观望,10.19,10.55,10.11,9.66,11.92,10.11,8.29,布林带内,0.19,0.34,-0.3,无信号,否
603031.SH,安孚科技,55.91,9.26%,阳线,观望,,,,,,,,,,,,,
603032.SH,德新科技,23.25,1.26%,阳线||布林带下轨,观望,36.75,38.61,38.99,34.13,45.12,38.99,32.86,下轨下方,0.23,1.39,-2.33,无信号,否
603033.SH,三维股份,11.04,2.41%,阳线||布林带下轨,观望,62.68,69.32,72.25,71.43,98.98,72.25,45.53,下轨下方,-4.42,-0.24,-8.36,无信号,否
603035.SH,常熟汽饰,12.93,1.09%,阳线||布林带下轨,观望,15.35,15.74,16.12,16.99,17.57,16.12,14.68,下轨下方,-0.51,-0.32,-0.38,无信号,否
603036.SH,如通股份,14.8,1.93%,阳线||布林带下轨,观望,15.99,16.95,17.84,19.46,20.3,17.84,15.39,下轨下方,-0.97,-0.69,-0.56,无信号,否
603037.SH,凯众股份,14.83,0.75%,阳线||布林带下轨,观望,48.37,52.6,53.55,54.45,69.74,53.55,37.36,下轨下方,-2.47,-0.18,-4.58,无信号,否
603038.SH,华立股份,16.84,1.32%,阳线||布林带下轨,观望,54.93,57.85,60.11,59.08,77.24,60.11,42.97,下轨下方,-2.25,0.21,-4.92,死叉,否
603040.SH,新坐标,94.0,3.30%,阳线||布林带下轨||MA5上穿MA10,观望,183.85,183.43,184.77,192.93,217.24,184.77,152.3,下轨下方,-3.91,-1.63,-4.56,死叉,否
603041.SH,美思德,13.92,2.50%,阳线||布林带下轨,观望,19.92,20.59,20.68,20.03,24.05,20.68,17.31,下轨下方,-0.2,0.31,-1.01,无信号,否
603042.SH,华脉科技,21.55,4.87%,阳线,观望,22.15,22.74,21.71,21.16,24.49,21.71,18.93,布林带内,0.27,0.36,-0.19,无信号,否
603045.SH,福达合金,65.29,2.29%,阳线,观望,89.66,95.34,79.58,56.38,119.54,79.58,39.61,布林带内,9.77,11.9,-4.27,死叉,否
603048.SH,浙江黎明,22.41,0.67%,阳线,观望,,,,,,,,,,,,,
603049.SH,中策橡胶,47.71,0.89%,阳线||布林带下轨,观望,48.37,48.91,49.53,50.93,51.27,49.53,47.8,下轨下方,-0.66,-0.51,-0.3,无信号,否
603051.SH,鹿山新材,24.42,5.94%,阳线||布林带下轨,观望,32.78,34.37,33.84,32.9,39.21,33.84,28.46,下轨下方,-0.19,0.59,-1.56,无信号,否
603052.SH,可川科技,97.59,3.62%,阳线||布林带下轨,观望,241.81,262.61,252.09,202.45,342.09,252.09,162.1,下轨下方,5.46,18.38,-25.84,无信号,否
603058.SH,永吉股份,10.68,1.71%,阳线||布林带下轨,观望,12.11,12.57,12.67,13.41,14.07,12.67,11.27,下轨下方,-0.38,-0.22,-0.32,无信号,否
603059.SH,倍加洁,29.78,1.47%,阳线||布林带下轨,观望,37.16,39.11,41.92,42.88,49.64,41.92,34.21,下轨下方,-2.07,-0.98,-2.19,无信号,否
603063.SH,禾望电气,58.13,2.25%,阳线,观望,,,,,,,,,,,,,
603065.SH,宿迁联盛,8.12,2.53%,阳线||布林带下轨,观望,8.44,8.52,8.6,8.85,8.92,8.6,8.27,下轨下方,-0.09,-0.06,-0.07,无信号,否
603066.SH,音飞储存,11.8,3.42%,阳线,观望,37.0,37.31,36.66,34.32,39.85,36.66,33.47,布林带内,0.85,1.07,-0.44,无信号,否
603067.SH,振华股份,45.0,5.73%,阳线||布林带下轨,观望,105.92,108.84,106.62,105.19,130.51,106.62,82.72,下轨下方,-0.28,2.22,-4.99,死叉,否
603068.SH,博通集成,37.91,3.10%,阳线||多头排列||MA5上穿MA10,多头排列,38.66,38.41,37.07,35.26,40.6,37.07,33.53,布林带内,1.1,1.08,0.04,无信号,是
603069.SH,海汽集团,19.01,3.04%,阳线||布林带上轨||MA5上穿MA10,观望,18.47,18.05,17.57,18.48,18.99,17.57,16.15,上轨上方,0.17,-0.07,0.48,无信号,否
603070.SH,万控智造,16.9,2.05%,阳线||MA5上穿MA10,观望,16.89,16.64,15.81,15.9,18.06,15.81,13.55,布林带内,0.42,0.25,0.34,无信号,否
603071.SH,物产环能,13.22,1.07%,阳线||布林带下轨,观望,15.83,16.39,16.68,16.82,18.42,16.68,14.95,下轨下方,-0.35,-0.06,-0.58,无信号,否
603072.SH,天和磁材,38.04,3.62%,阳线,观望,37.79,38.26,37.68,38.46,39.85,37.68,35.51,布林带内,0.09,0.12,-0.06,无信号,否
603073.SH,彩蝶实业,19.89,2.63%,阳线||布林带下轨,观望,20.78,21.19,21.3,21.17,22.4,21.3,20.19,下轨下方,-0.11,0.08,-0.37,无信号,否
603075.SH,热威股份,25.51,0.43%,阳线,观望,,,,,,,,,,,,,
603076.SH,乐惠国际,27.56,2.15%,阳线||布林带下轨,观望,37.38,40.41,42.59,40.62,51.11,42.59,34.06,下轨下方,-1.5,0.03,-3.04,无信号,否
603077.SH,和邦生物,2.63,3.14%,阳线,观望,36.96,37.77,39.32,40.11,43.01,39.32,35.64,布林带内,-1.04,-0.6,-0.87,无信号,否
603080.SH,新疆火炬,23.36,1.48%,阳线||MA5上穿MA10,观望,25.33,24.96,24.4,24.63,26.22,24.4,22.57,布林带内,0.29,0.25,0.08,无信号,否
603083.SH,剑桥科技,190.0,6.03%,阳线,观望,,,,,,,,,,,,,
603085.SH,天成自控,14.43,0.77%,阳线||多头排列||MA5上穿MA10,多头排列,37.23,37.22,34.87,31.39,40.29,34.87,29.45,布林带内,1.86,1.73,0.26,无信号,是
603086.SH,先达股份,6.74,0.60%,阳线||布林带下轨,观望,34.09,37.98,40.27,43.7,54.92,40.27,25.62,下轨下方,-3.46,-1.31,-4.3,无信号,否
603088.SH,宁波精达,12.18,2.53%,阳线||布林带下轨,观望,62.7,68.13,72.82,75.43,99.71,72.82,45.92,下轨下方,-5.52,-1.74,-7.56,无信号,否
603089.SH,正裕工业,11.19,0.54%,阳线||布林带下轨,观望,21.86,23.4,24.56,26.47,30.93,24.56,18.19,下轨下方,-1.65,-0.78,-1.74,无信号,否
603091.SH,众鑫股份,82.93,0.85%,阳线,观望,84.29,85.09,84.42,80.72,87.97,84.42,80.87,布林带内,1.13,1.59,-0.92,无信号,否
603092.SH,德力佳,71.67,0.90%,阳线||MA5上穿MA10,观望,74.07,74.04,74.31,70.84,77.82,74.31,70.81,布林带内,0.73,1.19,-0.92,无信号,否
603096.SH,新经典,17.92,0.90%,价升||布林带下轨,观望,26.5,27.77,28.1,28.11,32.84,28.1,23.36,下轨下方,-0.68,0.04,-1.45,无信号,否
603097.SH,江苏华辰,29.82,1.81%,阳线||MA5上穿MA10,观望,29.34,29.01,29.11,33.48,32.38,29.11,25.83,布林带内,-0.86,-1.21,0.71,无信号,否
603098.SH,森特股份,12.65,0.16%,价升||布林带下轨,观望,16.6,16.94,17.86,19.35,20.16,17.86,15.56,下轨下方,-0.81,-0.66,-0.3,无信号,否
603100.SH,川仪股份,20.22,0.65%,价升||布林带下轨,观望,29.12,29.82,29.68,31.15,34.11,29.68,25.25,下轨下方,-0.64,-0.15,-0.97,死叉,否
603101.SH,汇嘉时代,7.77,0.91%,阳线,观望,,,,,,,,,,,,,
603102.SH,百合股份,39.4,1.49%,阳线||布林带下轨,观望,41.6,42.49,42.88,44.02,45.13,42.88,40.63,下轨下方,-0.66,-0.36,-0.6,无信号,否
603105.SH,芯能科技,9.4,2.17%,阳线,观望,10.13,10.45,10.9,11.47,12.57,10.9,9.23,布林带内,-0.44,-0.33,-0.23,无信号,否
603106.SH,恒银科技,8.39,0.84%,阳线||布林带下轨,观望,14.89,15.88,16.32,17.4,19.74,16.32,12.9,下轨下方,-0.83,-0.33,-1.0,无信号,否
603107.SH,上海汽配,14.14,0.71%,阳线||布林带下轨,观望,14.67,14.86,14.88,15.13,15.32,14.88,14.43,下轨下方,-0.12,-0.06,-0.12,无信号,否
603109.SH,神驰机电,21.12,1.10%,阳线||布林带下轨,观望,30.09,31.74,33.27,34.73,39.64,33.27,26.9,下轨下方,-1.56,-0.66,-1.81,无信号,否
603110.SH,东方材料,23.84,5.35%,阳线||布林带下轨,观望,44.71,47.68,45.36,38.31,56.12,45.36,34.6,下轨下方,1.73,3.11,-2.76,无信号,否
603111.SH,康尼机电,6.57,0.31%,阳线||布林带下轨,观望,18.24,18.65,18.88,18.98,19.97,18.88,17.78,下轨下方,-0.24,-0.07,-0.35,无信号,否
603113.SH,金能科技,5.27,1.74%,阳线||布林带下轨,观望,6.74,7.03,7.78,8.69,9.74,7.78,5.82,下轨下方,-0.64,-0.47,-0.33,无信号,否
603115.SH,海星股份,116.31,10.00%,阳线||多头排列||布林带上轨||MA5上穿MA10,多头排列,102.17,87.22,75.17,52.42,110.3,75.17,40.04,上轨上方,14.41,10.09,8.63,无信号,是
603117.SH,万林物流,4.98,2.26%,阳线,观望,7.37,7.42,7.2,7.44,7.86,7.2,6.55,布林带内,0.05,0.05,0.01,无信号,否
603118.SH,共进股份,14.22,1.43%,阳线||布林带下轨,观望,35.93,37.64,36.94,33.61,41.24,36.94,32.64,下轨下方,0.4,1.11,-1.41,无信号,否
603120.SH,肯特催化,55.22,6.21%,阳线||多头排列||MA5上穿MA10,多头排列,54.67,51.89,45.99,42.76,59.63,45.99,32.35,布林带内,4.01,2.94,2.13,无信号,是
603122.SH,合富中国,13.64,1.49%,阳线||布林带下轨,观望,14.38,15.16,15.6,16.8,17.33,15.6,13.88,下轨下方,-0.75,-0.55,-0.41,无信号,否
603124.SH,江南新材,126.01,6.92%,阳线,观望,121.91,125.39,127.86,115.88,138.63,127.86,117.09,布林带内,1.03,2.7,-3.34,无信号,否
603125.SH,常青科技,26.39,1.62%,价升||布林带下轨,观望,51.68,51.9,48.86,42.12,64.44,48.86,33.27,下轨下方,2.03,3.47,-2.89,死叉,否
603126.SH,中材节能,8.19,2.25%,阳线,观望,13.36,13.94,13.71,13.04,15.13,13.71,12.29,布林带内,0.09,0.27,-0.37,无信号,否
603130.SH,云中马,46.7,1.06%,阳线,观望,,,,,,,,,,,,,
603131.SH,上海沪工,21.64,0.19%,阳线||布林带下轨,观望,60.74,64.59,63.9,63.54,76.8,63.9,51.01,下轨下方,-0.9,0.88,-3.56,无信号,否
603132.SH,金徽股份,18.07,0.17%,阳线,观望,,,,,,,,,,,,,
603135.SH,中重科技,11.79,3.79%,阳线||布林带下轨,观望,15.98,16.96,17.03,16.19,19.85,17.03,14.21,下轨下方,-0.16,0.34,-1.0,无信号,否
603136.SH,天目湖,9.89,0.41%,价升||布林带下轨,观望,29.96,32.93,35.14,38.05,47.21,35.14,23.06,下轨下方,-2.98,-1.27,-3.41,无信号,否
603137.SH,恒尚节能,13.59,1.95%,阳线||布林带下轨,观望,18.29,19.04,19.23,19.48,22.02,19.23,16.43,下轨下方,-0.44,-0.02,-0.84,无信号,否
603138.SH,海量数据,17.98,2.16%,阳线||布林带下轨,观望,52.98,56.58,58.32,62.02,71.07,58.32,45.57,下轨下方,-3.21,-1.36,-3.71,无信号,否
603139.SH,康惠股份,39.3,3.01%,阳线,观望,39.38,39.62,37.95,31.34,42.08,37.95,33.81,布林带内,2.27,2.52,-0.5,无信号,否
603150.SH,万朗磁塑,68.35,4.34%,阳线,观望,69.51,71.82,67.12,59.39,78.23,67.12,56.02,布林带内,3.16,3.67,-1.02,无信号,否
603151.SH,邦基科技,14.52,1.82%,阳线||布林带下轨,观望,15.45,15.9,16.23,17.73,17.43,16.23,15.03,下轨下方,-0.59,-0.46,-0.25,无信号,否
603153.SH,上海建科,15.1,0.27%,价升||布林带下轨,观望,15.86,16.09,16.76,16.89,18.33,16.76,15.19,下轨下方,-0.38,-0.2,-0.36,无信号,否
603155.SH,新亚强,19.81,0.56%,阳线||布林带下轨,观望,40.17,41.59,40.82,40.02,51.93,40.82,29.7,下轨下方,-0.26,1.03,-2.59,死叉,否
603156.SH,养元饮品,44.78,1.43%,阳线||布林带下轨,观望,128.18,132.8,124.62,110.01,164.45,124.62,84.78,下轨下方,3.33,7.7,-8.73,死叉,否
603158.SH,腾龙股份,14.53,5.29%,阳线||布林带下轨,观望,53.09,57.66,57.78,52.71,72.47,57.78,43.09,下轨下方,-0.88,1.58,-4.91,无信号,否
603159.SH,上海亚虹,28.97,5.58%,阳线||布林带下轨||MA5上穿MA10,观望,37.39,37.29,37.43,37.41,41.73,37.43,33.12,下轨下方,-0.34,0.02,-0.72,死叉,否
603160.SH,汇顶科技,64.6,1.80%,阳线,观望,,,,,,,,,,,,,
603161.SH,科华控股,14.03,2.41%,阳线||布林带下轨,观望,19.58,20.52,21.25,22.09,24.72,21.25,17.77,下轨下方,-0.85,-0.33,-1.04,无信号,否
603166.SH,福达股份,14.32,0.85%,阳线,观望,,,,,,,,,,,,,
603168.SH,莎普爱思,6.19,1.14%,阳线||布林带下轨,观望,31.9,32.72,33.28,34.83,35.67,33.28,30.88,下轨下方,-0.84,-0.53,-0.62,无信号,否
603169.SH,兰石重装,8.48,0.47%,价升,观望,14.14,14.4,14.34,16.37,15.52,14.34,13.15,布林带内,-0.49,-0.52,0.07,无信号,否
603170.SH,宝立食品,12.24,0.66%,价升||布林带下轨,观望,13.24,13.68,14.15,14.38,15.51,14.15,12.8,下轨下方,-0.37,-0.18,-0.38,无信号,否
603172.SH,万丰股份,22.1,1.01%,阳线||多头排列||MA5上穿MA10,多头排列,22.96,22.76,22.19,22.12,23.79,22.19,20.59,布林带内,0.3,0.28,0.04,无信号,是
603173.SH,福斯达,37.37,2.22%,阳线||布林带下轨,观望,38.49,39.19,39.82,42.67,42.12,39.82,37.52,下轨下方,-1.1,-0.93,-0.33,无信号,否
603175.SH,超颖电子,95.12,4.33%,阳线,观望,93.03,95.64,96.69,87.79,104.85,96.69,88.53,布林带内,1.14,2.29,-2.3,无信号,否
603176.SH,汇通集团,5.59,3.71%,阳线,观望,5.67,5.71,5.7,5.66,5.92,5.7,5.47,布林带内,0.01,0.03,-0.04,无信号,否
603178.SH,圣龙股份,19.99,0.81%,阳线||多头排列||MA5上穿MA10,多头排列,22.01,21.65,20.72,18.29,23.98,20.72,17.47,布林带内,0.99,1.09,-0.21,死叉,是
603181.SH,皇马科技,15.25,2.14%,阳线||布林带下轨,观望,39.89,42.74,45.18,47.37,59.43,45.18,30.93,下轨下方,-2.75,-0.82,-3.86,死叉,否
603182.SH,嘉华股份,14.22,0.85%,阳线||布林带下轨,观望,15.33,15.67,15.79,16.39,16.69,15.79,14.9,下轨下方,-0.29,-0.17,-0.24,无信号,否
603183.SH,建研院,4.53,2.95%,阳线||布林带下轨,观望,19.62,21.67,22.68,22.9,30.44,22.68,14.93,下轨下方,-1.38,-0.15,-2.45,无信号,否
603185.SH,弘元绿能,20.7,0.88%,阳线||布林带下轨,观望,76.52,84.31,89.87,96.7,123.43,89.87,56.31,下轨下方,-7.82,-3.18,-9.3,无信号,否
603186.SH,华正新材,123.84,10.00%,阳线,观望,,,,,,,,,,,,,
603187.SH,海容冷链,13.32,1.22%,阳线||布林带下轨,观望,50.82,57.64,61.76,66.68,85.11,61.76,38.41,下轨下方,-5.55,-2.09,-6.91,无信号,否
603188.SH,亚邦股份,4.96,2.90%,阳线||布林带下轨,观望,12.62,12.98,13.1,13.29,14.38,13.1,11.81,下轨下方,-0.21,-0.02,-0.38,无信号,否
603190.SH,亚通精工,28.66,0.24%,阳线||多头排列||MA5上穿MA10,多头排列,29.62,29.49,28.52,27.26,31.4,28.52,25.65,布林带内,0.75,0.76,-0.03,死叉,是
603192.SH,汇得科技,21.74,2.31%,阳线||布林带下轨,观望,29.0,30.52,31.7,33.58,36.78,31.7,26.62,下轨下方,-1.49,-0.76,-1.46,无信号,否
603194.SH,中力股份,36.82,3.08%,阳线,观望,36.78,37.29,36.6,35.85,38.96,36.6,34.25,布林带内,0.45,0.52,-0.14,无信号,否
603195.SH,公牛集团,44.03,0.30%,价升||布林带下轨,观望,129.96,140.6,144.83,147.08,192.87,144.83,96.8,下轨下方,-7.41,-0.58,-13.66,死叉,否
603196.SH,璞源材料,26.62,1.18%,阳线,观望,28.52,29.16,30.38,29.53,34.89,30.38,25.87,布林带内,-0.73,-0.29,-0.88,无信号,否
603201.SH,常润股份,15.8,1.09%,阳线||布林带下轨,观望,35.45,37.71,39.0,41.51,50.02,39.0,27.98,下轨下方,-2.23,-0.76,-2.93,死叉,否
603202.SH,天有为,69.23,1.07%,阳线,观望,72.92,75.64,81.18,92.04,96.47,81.18,65.89,布林带内,-6.19,-5.34,-1.69,无信号,否
603203.SH,快克智能,60.5,2.46%,阳线||布林带下轨,观望,156.71,162.99,149.52,127.47,192.31,149.52,106.73,下轨下方,7.49,10.79,-6.61,死叉,否
603205.SH,健尔康,25.91,0.31%,阳线||布林带下轨,观望,32.35,33.13,33.88,34.44,37.97,33.88,29.79,下轨下方,-0.78,-0.26,-1.04,无信号,否
603211.SH,晋拓股份,29.76,0.74%,阳线,观望,29.64,30.0,28.1,25.58,32.81,28.1,23.39,布林带内,1.22,1.21,0.02,无信号,否
603212.SH,赛伍技术,14.54,3.34%,阳线,观望,14.93,15.16,14.7,14.48,15.93,14.7,13.46,布林带内,0.22,0.25,-0.07,死叉,否
603213.SH,镇洋发展,13.82,1.25%,阳线||布林带下轨,观望,14.87,15.07,15.12,15.15,15.8,15.12,14.43,下轨下方,-0.1,-0.0,-0.19,无信号,否
603214.SH,爱婴室,15.78,1.81%,阳线,观望,,,,,,,,,,,,,
603217.SH,元利科技,28.63,0.99%,阳线||布林带下轨,观望,63.34,68.02,70.34,64.19,90.4,70.34,50.28,下轨下方,-1.73,1.65,-6.76,无信号,否
603218.SH,日月股份,12.27,1.24%,阳线||布林带下轨,观望,23.29,25.13,26.62,28.8,33.9,26.62,19.35,下轨下方,-1.94,-0.99,-1.89,无信号,否
603219.SH,富佳股份,18.2,0.50%,阳线||布林带下轨,观望,25.38,25.78,25.52,25.11,29.45,25.52,21.58,下轨下方,-0.09,0.33,-0.83,死叉,否
603220.SH,中贝通信,30.62,2.34%,阳线||布林带下轨,观望,40.06,40.54,40.78,37.61,46.88,40.78,34.68,下轨下方,0.11,0.96,-1.71,无信号,否
603222.SH,济民健康,9.77,2.73%,阳线||布林带下轨,观望,26.57,27.96,28.2,27.49,32.53,28.2,23.87,下轨下方,-0.67,0.07,-1.48,无信号,否
603223.SH,恒通股份,10.7,9.97%,阳线||布林带下轨,观望,34.28,35.58,36.17,36.11,46.28,36.17,26.07,下轨下方,-1.04,0.25,-2.59,死叉,否
603225.SH,新凤鸣,16.65,0.24%,价升||布林带下轨,观望,32.93,34.74,36.06,37.14,42.59,36.06,29.53,下轨下方,-1.41,-0.44,-1.93,无信号,否
603226.SH,菲林格尔,50.13,0.66%,阳线||布林带下轨,观望,169.92,176.82,169.15,153.6,227.79,169.15,110.51,下轨下方,1.3,7.78,-12.97,死叉,否
603228.SH,景旺电子,82.5,10.00%,阳线,观望,,,,,,,,,,,,,
603230.SH,内蒙新华,10.17,0.79%,阳线||布林带下轨,观望,11.21,11.49,11.73,12.55,12.61,11.73,10.85,下轨下方,-0.41,-0.31,-0.19,无信号,否
603231.SH,索宝蛋白,16.81,0.84%,阳线||布林带下轨,观望,17.68,18.02,18.27,18.64,19.31,18.27,17.24,下轨下方,-0.28,-0.14,-0.27,无信号,否
603232.SH,格尔软件,20.04,9.99%,价升||布林带下轨,观望,58.84,63.48,64.81,72.7,82.43,64.81,47.18,下轨下方,-4.27,-1.99,-4.55,死叉,否
603236.SH,移远通信,74.96,0.60%,价升||布林带下轨,观望,191.34,205.17,214.56,224.43,282.43,214.56,146.69,下轨下方,-13.33,-4.3,-18.06,死叉,否
603238.SH,诺邦股份,14.42,1.12%,阳线||布林带下轨,观望,21.75,23.34,24.16,25.56,28.9,24.16,19.43,下轨下方,-1.21,-0.48,-1.47,无信号,否
603239.SH,浙江仙通,22.32,0.31%,价升||布林带下轨,观望,76.19,78.73,80.82,79.89,88.68,80.82,72.95,下轨下方,-1.75,-0.51,-2.48,无信号,否
603248.SH,锡华科技,29.59,1.06%,阳线||多头排列||MA5上穿MA10,多头排列,30.72,30.28,28.48,27.56,33.37,28.48,23.59,布林带内,0.88,0.74,0.27,无信号,是
603255.SH,鼎际得,33.8,0.66%,阳线||多头排列||MA5上穿MA10,多头排列,33.57,33.18,31.93,30.45,34.88,31.93,28.97,布林带内,1.05,0.9,0.29,无信号,是
603256.SH,宏和科技,159.37,10.00%,阳线,观望,143.89,144.18,132.28,95.59,167.16,132.28,97.4,布林带内,14.25,14.34,-0.18,无信号,否
603257.SH,中国瑞林,61.77,1.25%,阳线,观望,63.2,64.67,62.53,61.34,69.25,62.53,55.8,布林带内,1.09,1.46,-0.74,无信号,否
603258.SH,电魂网络,14.92,0.81%,阳线||布林带下轨,观望,18.22,18.99,19.8,20.83,22.41,19.8,17.19,下轨下方,-0.87,-0.49,-0.76,无信号,否
603260.SH,合盛硅业,40.65,2.11%,阳线||布林带下轨,观望,59.87,64.11,66.94,69.43,80.01,66.94,53.86,下轨下方,-3.1,-1.02,-4.17,无信号,否
603261.SH,*ST立航,37.05,4.99%,阳线,观望,36.46,37.1,36.18,33.99,38.96,36.18,33.39,布林带内,0.56,0.69,-0.27,无信号,否
603266.SH,天龙股份,20.8,0.97%,阳线||布林带下轨,观望,40.02,41.02,41.32,40.65,46.98,41.32,35.66,下轨下方,-0.52,0.3,-1.63,死叉,否
603267.SH,鸿远电子,64.89,10.00%,阳线,观望,,,,,,,,,,,,,
603269.SH,海鸥股份,23.1,10.00%,阳线||布林带下轨,观望,63.86,67.07,60.03,53.79,86.48,60.03,33.58,下轨下方,2.21,4.48,-4.54,死叉,否
603270.SH,金帝股份,31.74,2.06%,阳线||多头排列||MA5上穿MA10,多头排列,31.27,30.2,29.01,26.93,32.36,29.01,25.65,布林带内,1.3,1.02,0.56,无信号,是
603271.SH,永杰新材,48.38,3.93%,阳线,观望,48.15,48.71,50.16,47.82,53.98,50.16,46.34,布林带内,-0.23,0.26,-0.98,无信号,否
603273.SH,天元智能,16.62,3.04%,阳线||布林带下轨,观望,17.04,17.53,17.73,18.44,18.85,17.73,16.62,下轨下方,-0.37,-0.23,-0.28,无信号,否
603276.SH,恒兴新材,17.78,2.72%,阳线||布林带下轨,观望,22.29,23.08,23.26,22.82,26.04,23.26,20.48,下轨下方,-0.25,0.21,-0.92,无信号,否
603277.SH,银都股份,12.65,0.96%,价升||布林带下轨,观望,21.82,23.24,24.02,26.08,29.38,24.02,18.65,下轨下方,-1.43,-0.72,-1.43,无信号,否
603278.SH,大业股份,14.18,2.31%,阳线,观望,20.75,21.69,19.93,17.69,25.76,19.93,14.11,布林带内,0.76,1.28,-1.03,死叉,否
603279.SH,景津装备,15.21,0.13%,价升||布林带下轨,观望,27.26,30.52,32.03,32.86,40.56,32.03,23.49,下轨下方,-1.96,-0.49,-2.95,无信号,否
603280.SH,南方路机,30.95,1.01%,阳线||布林带下轨,观望,32.33,33.33,34.21,36.14,36.83,34.21,31.6,下轨下方,-1.07,-0.75,-0.63,无信号,否
603281.SH,江瀚新材,38.98,4.00%,阳线||布林带下轨,观望,53.13,54.54,53.55,51.32,61.75,53.55,45.34,下轨下方,-0.1,0.92,-2.04,死叉,否
603282.SH,亚光股份,17.64,2.98%,阳线,观望,18.54,18.85,19.94,21.4,23.21,19.94,16.68,布林带内,-0.9,-0.74,-0.32,无信号,否
603283.SH,赛腾股份,67.19,0.28%,价升||多头排列||MA5上穿MA10,多头排列,91.75,88.88,82.87,72.67,101.88,82.87,63.86,布林带内,4.75,5.26,-1.02,死叉,是
603284.SH,林平发展,44.61,0.20%,阳线,观望,45.04,45.96,47.8,49.53,54.15,47.8,41.44,布林带内,-1.77,-1.45,-0.65,无信号,否
603285.SH,键邦股份,53.38,2.75%,阳线||多头排列||MA5上穿MA10,多头排列,52.09,51.5,47.94,39.48,56.33,47.94,39.55,布林带内,3.94,3.76,0.35,无信号,是
603286.SH,日盈电子,70.29,2.84%,阳线||MACD金叉,MACD金叉,68.37,68.56,66.64,62.87,73.06,66.64,60.21,布林带内,1.69,1.6,0.19,金叉,否
603289.SH,泰瑞机器,12.13,8.59%,阳线,观望,16.43,16.8,16.93,16.63,18.07,16.93,15.78,布林带内,-0.15,-0.0,-0.31,无信号,否
603290.SH,斯达半导,131.75,7.79%,阳线||布林带下轨,观望,169.6,171.15,163.04,154.73,190.91,163.04,135.18,下轨下方,4.01,5.51,-3.0,死叉,否
603296.SH,华勤技术,108.94,3.71%,阳线||布林带下轨,观望,145.77,153.75,153.31,137.4,177.92,153.31,128.71,下轨下方,0.57,5.12,-9.1,无信号,否
603297.SH,永新光学,147.51,1.49%,阳线,观望,186.34,187.77,174.77,160.0,209.79,174.77,139.74,布林带内,7.72,9.06,-2.66,死叉,否
603299.SH,苏盐井神,10.3,0.68%,阳线||布林带下轨,观望,11.81,12.11,12.39,13.03,13.46,12.39,11.31,下轨下方,-0.37,-0.24,-0.25,无信号,否
603301.SH,振德医疗,92.7,2.94%,阳线||布林带下轨,观望,173.01,182.56,187.24,189.73,232.24,187.24,142.25,下轨下方,-7.64,-1.01,-13.27,无信号,否
603303.SH,得邦照明,22.56,1.17%,阳线||多头排列||MA5上穿MA10,多头排列,50.09,48.66,45.12,39.69,55.12,45.12,35.11,布林带内,2.66,2.84,-0.38,死叉,是
603306.SH,华懋科技,107.92,0.41%,价升||多头排列||MA5上穿MA10,多头排列,221.92,219.54,211.42,187.88,235.15,211.42,187.69,布林带内,8.59,8.97,-0.75,无信号,是
603307.SH,扬州金泉,44.0,3.63%,阳线,观望,45.78,46.64,45.43,43.15,49.94,45.43,40.92,布林带内,0.8,1.13,-0.66,无信号,否
603309.SH,维力医疗,13.9,4.04%,阳线||布林带下轨,观望,38.88,41.25,41.68,43.73,48.29,41.68,35.06,下轨下方,-1.53,-0.6,-1.86,无信号,否
603310.SH,巍华新材,17.11,2.27%,阳线||MA5上穿MA10,观望,17.79,17.52,17.37,17.39,18.32,17.37,16.43,布林带内,0.13,0.11,0.04,无信号,否
603311.SH,金海高科,31.46,0.83%,阳线||多头排列||布林带上轨||MA5上穿MA10,多头排列,30.08,26.08,23.22,19.56,31.88,23.22,14.55,上轨上方,3.1,1.94,2.31,无信号,是
603312.SH,西典新能,39.89,2.97%,阳线||MA5上穿MA10,观望,41.26,40.98,41.54,44.19,43.65,41.54,39.43,布林带内,-0.63,-0.66,0.05,无信号,否
603313.SH,梦百合,5.83,1.75%,阳线||布林带下轨,观望,10.9,11.64,12.89,15.35,17.03,12.89,8.75,下轨下方,-1.42,-1.03,-0.78,无信号,否
603315.SH,福鞍股份,16.76,3.71%,阳线,观望,35.43,37.71,37.6,34.12,42.06,37.6,33.14,布林带内,0.37,1.16,-1.57,无信号,否
603318.SH,水发燃气,9.97,0.91%,价升,观望,32.19,33.7,36.17,29.26,45.64,36.17,26.71,布林带内,0.6,1.86,-2.51,无信号,否
603320.SH,迪贝电气,25.01,3.78%,阳线||布林带下轨,观望,32.09,33.09,32.78,30.92,37.01,32.78,28.54,下轨下方,0.19,0.85,-1.32,无信号,否
603321.SH,梅轮电梯,7.22,3.14%,阳线||布林带下轨,观望,7.97,8.16,8.25,8.36,8.83,8.25,7.67,下轨下方,-0.12,-0.02,-0.19,无信号,否
603322.SH,超讯通信,36.37,2.34%,阳线||布林带下轨,观望,69.36,70.31,68.7,67.13,79.98,68.7,57.43,下轨下方,0.11,1.29,-2.36,死叉,否
603325.SH,博隆技术,58.16,0.10%,阳线||布林带下轨,观望,71.23,74.09,79.19,88.99,95.19,79.19,63.19,下轨下方,-5.65,-4.38,-2.54,无信号,否
603326.SH,XD我乐家,7.95,1.92%,阳线,观望,,,,,,,,,,,,,
603327.SH,福蓉科技,10.85,4.33%,阳线||布林带下轨,观望,24.95,26.76,27.6,26.73,35.6,27.6,19.61,下轨下方,-1.05,0.22,-2.55,无信号,否
603328.SH,依顿电子,12.34,5.74%,阳线||布林带下轨,观望,32.36,33.38,34.14,33.86,37.95,34.14,30.34,下轨下方,-0.64,-0.13,-1.01,无信号,否
603329.SH,上海雅仕,11.45,1.87%,阳线||布林带下轨,观望,15.37,15.96,15.77,15.54,18.16,15.77,13.37,下轨下方,-0.09,0.23,-0.64,无信号,否
603330.SH,天洋新材,6.94,4.52%,阳线||布林带下轨,观望,30.9,34.17,36.33,37.36,49.27,36.33,23.38,下轨下方,-2.48,-0.49,-3.97,无信号,否
603331.SH,百达精工,14.36,1.13%,价升||布林带下轨,观望,20.81,22.22,22.14,23.38,26.21,22.14,18.07,下轨下方,-0.8,-0.26,-1.07,无信号,否
603332.SH,苏州龙杰,13.6,3.26%,阳线||布林带下轨,观望,24.98,26.92,27.79,27.13,34.59,27.79,20.99,下轨下方,-1.01,0.12,-2.26,无信号,否
603334.SH,丰倍生物,44.44,0.54%,阳线||布林带下轨,观望,46.2,47.76,48.67,51.68,52.71,48.67,44.63,下轨下方,-1.64,-1.19,-0.91,无信号,否
603335.SH,迪生力,7.12,2.89%,阳线||布林带下轨,观望,11.68,12.22,12.15,11.04,13.83,12.15,10.48,下轨下方,0.08,0.39,-0.61,无信号,否
603336.SH,宏辉果蔬,12.49,0.89%,阳线||布林带下轨,观望,45.86,49.14,49.08,42.6,65.4,49.08,32.77,下轨下方,-0.1,2.44,-5.07,无信号,否
603337.SH,杰克科技,43.36,5.24%,阳线||布林带下轨,观望,88.41,91.64,91.37,94.02,105.09,91.37,77.65,下轨下方,-1.75,-0.08,-3.34,死叉,否
603338.SH,浙江鼎力,55.69,1.72%,阳线||布林带下轨,观望,359.7,386.32,391.78,385.33,489.68,391.78,293.87,下轨下方,-10.7,4.02,-29.44,无信号,否
603339.SH,四方科技,13.39,2.45%,阳线||布林带下轨,观望,20.37,21.51,22.0,21.84,26.02,22.0,17.99,下轨下方,-0.66,-0.0,-1.31,无信号,否
603341.SH,龙旗科技,37.65,2.23%,阳线,观望,38.89,39.8,39.09,40.6,41.74,39.09,36.43,布林带内,-0.27,-0.15,-0.23,无信号,否
603344.SH,星德胜,32.0,0.66%,阳线||多头排列||MA5上穿MA10,多头排列,33.02,31.76,30.23,29.32,34.48,30.23,25.98,布林带内,1.13,0.84,0.59,无信号,是
603345.SH,安井食品,99.43,1.24%,阳线||布林带下轨,观望,108.02,110.82,112.29,105.77,122.19,112.29,102.39,下轨下方,0.11,1.69,-3.15,无信号,否
603350.SH,安乃达,34.59,0.12%,阳线,观望,,,,,,,,,,,,,
603351.SH,威尔药业,26.72,0.45%,阳线||布林带下轨,观望,50.91,55.06,55.88,55.42,69.93,55.88,41.82,下轨下方,-1.99,0.21,-4.4,无信号,否
603353.SH,和顺石油,50.66,1.42%,阳线,观望,63.34,65.71,61.51,56.41,77.66,61.51,45.35,布林带内,2.27,3.25,-1.97,死叉,否
603356.SH,华菱精工,20.05,7.68%,阳线,观望,19.77,20.16,19.46,18.81,21.43,19.46,17.49,布林带内,0.49,0.53,-0.09,无信号,否
603357.SH,设计总院,7.12,1.14%,阳线||布林带下轨,观望,14.21,15.31,16.24,17.18,20.67,16.24,11.82,下轨下方,-1.1,-0.47,-1.26,无信号,否
603358.SH,华达科技,39.1,1.14%,价升||布林带下轨||MA5上穿MA10,观望,106.08,105.31,103.33,115.27,118.98,103.33,87.68,下轨下方,-1.55,-1.4,-0.31,死叉,否
603363.SH,傲农生物,3.39,2.11%,阳线||布林带下轨,观望,4.56,4.58,4.71,5.39,5.5,4.71,3.91,下轨下方,-0.27,-0.23,-0.09,死叉,否
603367.SH,辰欣药业,14.45,1.26%,阳线||布林带下轨,观望,16.71,17.36,17.76,18.75,19.51,17.76,16.01,下轨下方,-0.63,-0.38,-0.49,无信号,否
603370.SH,华新精科,46.83,0.97%,阳线||MA5上穿MA10,观望,46.93,45.7,44.33,45.0,48.41,44.33,40.26,布林带内,0.72,0.29,0.86,无信号,否
603373.SH,安邦护卫,50.15,3.08%,阳线||多头排列||MA5上穿MA10,多头排列,47.81,47.45,44.1,43.65,51.64,44.1,36.56,布林带内,1.72,1.09,1.25,无信号,是
603375.SH,盛景微,52.62,3.26%,阳线||多头排列||MA5上穿MA10,多头排列,50.83,49.49,46.79,41.35,53.87,46.79,39.71,布林带内,2.86,2.46,0.82,无信号,是
603376.SH,大明电子,32.66,0.77%,阳线||MA5上穿MA10,观望,32.2,31.53,31.49,33.83,33.56,31.49,29.42,布林带内,-0.33,-0.64,0.63,无信号,否
603377.SH,ST东时,3.54,0.85%,阳线||布林带下轨,观望,7.01,7.25,7.45,7.64,8.58,7.45,6.32,下轨下方,-0.25,-0.09,-0.32,无信号,否
603378.SH,*ST亚士,5.46,3.80%,阳线||布林带下轨,观望,11.23,11.33,11.82,13.13,15.28,11.82,8.36,下轨下方,-0.69,-0.4,-0.57,死叉,否
603379.SH,三美股份,60.53,9.99%,阳线||布林带下轨,观望,76.95,82.89,87.51,92.88,103.25,87.51,71.77,下轨下方,-4.51,-2.14,-4.75,无信号,否
603380.SH,易德龙,43.12,0.98%,阳线||多头排列||MA5上穿MA10,多头排列,44.38,42.17,40.6,39.11,45.73,40.6,35.48,布林带内,1.54,1.04,1.0,无信号,是
603381.SH,永臻股份,22.95,4.27%,阳线,观望,23.45,24.27,24.28,25.3,25.91,24.28,22.64,布林带内,-0.37,-0.21,-0.31,无信号,否
603385.SH,惠达卫浴,6.21,1.64%,阳线||布林带下轨,观望,9.6,9.93,10.11,10.42,11.09,10.11,9.13,下轨下方,-0.25,-0.1,-0.3,无信号,否
603386.SH,骏亚科技,16.01,2.96%,阳线||布林带下轨,观望,22.47,23.04,21.96,21.37,26.27,21.96,17.65,下轨下方,0.22,0.57,-0.71,死叉,否
603387.SH,基蛋生物,9.22,1.43%,阳线||布林带下轨,观望,36.53,40.18,41.38,41.88,54.91,41.38,27.85,下轨下方,-2.54,-0.47,-4.13,无信号,否
603390.SH,通达电气,14.36,0.56%,阳线||多头排列||MA5上穿MA10,多头排列,14.8,14.57,14.32,13.08,15.61,14.32,13.03,布林带内,0.49,0.5,-0.04,死叉,是
603391.SH,力聚热能,71.31,2.87%,阳线,观望,,,,,,,,,,,,,
603395.SH,红四方,25.08,0.36%,阳线||布林带下轨,观望,31.98,33.83,35.1,37.85,40.38,35.1,29.83,下轨下方,-1.72,-0.98,-1.48,无信号,否
603396.SH,金辰股份,35.67,3.09%,阳线||布林带下轨,观望,49.39,51.93,51.92,54.28,60.04,51.92,43.8,下轨下方,-1.44,-0.33,-2.21,无信号,否
603399.SH,永杉锂业,17.95,2.10%,阳线,观望,26.54,29.57,27.55,20.37,37.57,27.55,17.54,布林带内,1.87,2.86,-1.98,无信号,否
603400.SH,华之杰,81.2,1.00%,阳线||多头排列||MA5上穿MA10,多头排列,85.4,84.7,77.34,72.13,95.14,77.34,59.55,布林带内,4.27,4.03,0.49,无信号,是
603406.SH,天富龙,31.47,0.70%,阳线||布林带下轨,观望,32.55,33.77,34.18,36.01,36.47,34.18,31.9,下轨下方,-0.85,-0.56,-0.58,无信号,否
603408.SH,建霖家居,11.05,1.01%,阳线||布林带下轨,观望,13.55,14.05,14.37,14.9,16.01,14.37,12.72,下轨下方,-0.45,-0.21,-0.49,无信号,否
603409.SH,汇通控股,44.3,4.41%,阳线,观望,43.43,43.85,43.62,40.61,45.66,43.62,41.59,布林带内,0.63,0.87,-0.48,无信号,否
603418.SH,友升股份,53.76,0.69%,阳线,观望,54.15,55.37,54.12,53.21,59.9,54.12,48.34,布林带内,0.61,0.87,-0.51,无信号,否
603421.SH,鼎信通讯,7.91,3.67%,阳线||布林带下轨,观望,11.6,12.36,12.53,13.22,14.75,12.53,10.3,下轨下方,-0.54,-0.21,-0.66,无信号,否
603429.SH,*ST集友,9.64,2.99%,阳线||布林带下轨,观望,61.91,67.92,71.63,72.44,93.01,71.63,50.25,下轨下方,-4.6,-1.3,-6.6,无信号,否
603435.SH,N嘉德,127.68,710.15%,阳线,观望,,,,,,,,,,,,,
603439.SH,三力制药,14.29,10.01%,阳线||多头排列||MA5上穿MA10,多头排列,13.94,13.48,12.72,12.39,14.46,12.72,10.98,布林带内,0.52,0.33,0.38,无信号,是
603458.SH,勘设股份,13.98,3.33%,阳线||布林带下轨,观望,32.98,35.54,34.96,32.41,45.53,34.96,24.38,下轨下方,-0.46,1.09,-3.09,死叉,否
603459.SH,红板科技,105.61,10.00%,阳线||MA5上穿MA10,观望,93.68,91.48,78.47,78.47,108.1,78.47,48.84,布林带内,9.24,7.31,3.86,无信号,否
603466.SH,风语筑,11.18,1.82%,阳线||布林带下轨,观望,44.0,45.39,45.65,46.18,57.02,45.65,34.27,下轨下方,-1.08,0.22,-2.6,死叉,否
603488.SH,展鹏科技,11.55,7.84%,阳线||布林带下轨,观望,16.3,17.48,17.78,16.8,21.12,17.78,14.45,下轨下方,-0.34,0.27,-1.22,无信号,否
603489.SH,八方股份,36.6,0.30%,阳线||布林带下轨,观望,73.04,79.13,79.4,75.27,100.67,79.4,58.13,下轨下方,-1.85,1.61,-6.92,无信号,否
603496.SH,恒为科技,29.9,2.08%,阳线||布林带下轨,观望,77.42,82.46,85.0,83.48,105.79,85.0,64.22,下轨下方,-2.91,0.34,-6.49,无信号,否
603499.SH,翔港科技,21.48,3.12%,阳线||布林带下轨,观望,52.33,57.2,57.48,61.14,74.89,57.48,40.06,下轨下方,-3.21,-0.86,-4.7,死叉,否
603500.SH,祥和实业,10.69,6.47%,阳线||布林带下轨,观望,27.21,28.64,29.96,32.55,37.09,29.96,22.82,下轨下方,-1.87,-0.97,-1.82,死叉,否
603501.SH,豪威集团,104.25,1.55%,价升||布林带下轨,观望,132.62,136.44,136.34,140.89,153.75,136.34,118.94,下轨下方,-1.78,0.08,-3.72,死叉,否
603505.SH,金石资源,22.76,8.54%,阳线||布林带下轨,观望,67.96,69.24,68.27,69.75,91.84,68.27,44.7,下轨下方,-1.48,0.93,-4.83,死叉,否
603506.SH,南都物业,12.56,2.20%,阳线||布林带下轨,观望,30.88,33.08,33.8,34.05,42.24,33.8,25.36,下轨下方,-1.31,-0.0,-2.62,无信号,否
603511.SH,爱慕股份,14.18,2.53%,阳线||布林带下轨,观望,16.28,16.66,16.91,16.98,18.29,16.91,15.53,下轨下方,-0.26,-0.04,-0.45,无信号,否
603515.SH,欧普照明,20.05,2.56%,阳线||布林带下轨,观望,30.53,31.28,32.04,31.28,35.02,32.04,29.07,下轨下方,-0.48,0.02,-1.0,无信号,否
603516.SH,淳中科技,121.34,0.89%,价升||布林带下轨,观望,229.58,239.27,263.28,283.55,326.92,263.28,199.65,下轨下方,-18.2,-11.28,-13.84,无信号,否
603517.SH,ST绝味,13.58,2.72%,阳线||布林带下轨,观望,21.91,22.02,22.63,22.64,27.05,22.63,18.22,下轨下方,-0.6,-0.12,-0.96,死叉,否
603518.SH,锦泓集团,9.2,0.66%,阳线||布林带下轨,观望,13.7,14.42,14.7,14.49,17.33,14.7,12.07,下轨下方,-0.36,0.07,-0.85,无信号,否
603519.SH,立霸股份,13.37,0.75%,阳线||布林带下轨,观望,58.84,62.4,64.48,64.32,76.67,64.48,52.28,下轨下方,-2.36,-0.38,-3.96,无信号,否
603527.SH,众源新材,13.45,8.73%,阳线||布林带下轨,观望,26.27,27.48,27.25,25.43,32.02,27.25,22.47,下轨下方,-0.01,0.76,-1.55,无信号,否
603528.SH,多伦科技,7.99,2.57%,阳线||布林带下轨,观望,25.29,25.6,25.6,26.61,26.72,25.6,24.48,下轨下方,-0.31,-0.24,-0.14,无信号,否
603529.SH,爱玛科技,21.17,0.52%,阳线||布林带下轨,观望,46.32,50.62,54.63,64.56,72.01,54.63,37.24,下轨下方,-6.21,-4.19,-4.05,无信号,否
603535.SH,嘉诚国际,8.04,0.37%,阳线||布林带下轨,观望,23.52,25.37,26.1,28.05,34.7,26.1,17.5,下轨下方,-1.66,-0.53,-2.25,死叉,否
603536.SH,惠发食品,9.8,1.34%,阳线||布林带下轨,观望,18.96,19.87,20.22,20.33,23.41,20.22,17.04,下轨下方,-0.55,-0.04,-1.02,无信号,否
603557.SH,*ST起步,4.46,0.68%,阳线,观望,5.0,5.22,4.92,4.5,5.83,4.92,4.01,布林带内,0.15,0.22,-0.14,无信号,否
603559.SH,ST通脉,9.44,0.21%,价升,观望,19.53,20.13,18.3,16.62,23.42,18.3,13.19,布林带内,0.87,1.14,-0.54,死叉,否
603567.SH,珍宝岛,7.66,1.19%,阳线,观望,17.46,17.5,17.1,17.33,18.51,17.1,15.68,布林带内,0.11,0.13,-0.04,死叉,否
603569.SH,长久物流,6.37,0.63%,价升||布林带下轨,观望,10.84,11.14,11.34,11.88,12.49,11.34,10.19,下轨下方,-0.33,-0.18,-0.31,无信号,否
603577.SH,XD汇金通,11.14,5.59%,阳线,观望,,,,,,,,,,,,,
603578.SH,三星新材,15.02,2.95%,阳线||布林带下轨,观望,26.31,27.47,26.83,26.7,33.01,26.83,20.64,下轨下方,-0.23,0.5,-1.48,死叉,否
603580.SH,*ST艾艾,24.56,0.57%,阳线,观望,47.75,50.01,46.04,38.33,58.55,46.04,33.54,布林带内,2.29,3.55,-2.51,无信号,否
603585.SH,苏利股份,17.25,2.99%,阳线||布林带下轨,观望,36.35,37.79,39.81,43.51,46.17,39.81,33.44,下轨下方,-2.53,-1.92,-1.22,无信号,否
603587.SH,地素时尚,12.89,0.16%,阳线||布林带下轨,观望,21.22,22.23,22.72,22.56,27.17,22.72,18.27,下轨下方,-0.65,0.02,-1.35,无信号,否
603588.SH,高能环境,12.99,2.93%,阳线,观望,,,,,,,,,,,,,
603595.SH,ST东尼,22.44,5.01%,阳线||多头排列||MA5上穿MA10,多头排列,40.75,40.35,38.29,34.36,45.13,38.29,31.45,布林带内,1.66,2.01,-0.71,死叉,是
603596.SH,伯特利,33.94,3.16%,阳线,观望,,,,,,,,,,,,,
603599.SH,广信股份,11.59,0.96%,阳线||布林带下轨,观望,50.3,54.97,60.73,65.35,80.74,60.73,40.73,下轨下方,-5.42,-2.72,-5.41,无信号,否
603600.SH,永艺股份,11.66,0.09%,阳线||布林带下轨,观望,36.61,37.86,37.89,36.35,41.48,37.89,34.31,下轨下方,-0.06,0.57,-1.26,无信号,否
603601.SH,再升科技,19.29,6.40%,阳线||布林带下轨,观望,212.05,216.77,210.37,182.88,258.1,210.37,162.65,下轨下方,4.39,10.57,-12.37,死叉,否
603602.SH,纵横通信,13.89,2.28%,阳线||布林带下轨,观望,32.88,34.49,34.51,35.19,41.88,34.51,27.13,下轨下方,-0.98,-0.01,-1.94,死叉,否
603605.SH,珀莱雅,58.19,5.09%,阳线||布林带下轨,观望,107.78,115.94,123.51,132.32,155.59,123.51,91.43,下轨下方,-8.29,-3.76,-9.06,无信号,否
603607.SH,京华激光,24.41,4.63%,阳线||布林带下轨,观望,49.69,50.28,51.15,50.65,59.31,51.15,42.98,下轨下方,-0.94,0.15,-2.17,死叉,否
603609.SH,禾丰股份,6.57,0.77%,阳线||布林带下轨,观望,11.31,11.6,11.83,12.17,12.73,11.83,10.92,下轨下方,-0.27,-0.13,-0.27,无信号,否
603610.SH,麒盛科技,18.53,1.70%,阳线||布林带下轨,观望,43.33,45.49,44.64,45.65,58.24,44.64,31.03,下轨下方,-0.96,0.59,-3.1,死叉,否
603611.SH,诺力股份,18.75,2.29%,阳线,观望,,,,,,,,,,,,,
603612.SH,索通发展,22.34,2.29%,阳线||布林带下轨,观望,34.04,35.84,37.36,41.92,41.98,37.36,32.74,下轨下方,-1.91,-1.49,-0.85,无信号,否
603615.SH,茶花股份,21.53,0.70%,阳线,观望,23.33,23.79,22.96,21.96,25.17,22.96,20.75,布林带内,0.49,0.62,-0.27,无信号,否
603617.SH,君禾股份,7.68,4.21%,阳线||布林带下轨,观望,20.0,21.8,22.24,22.36,29.18,22.24,15.31,下轨下方,-1.04,0.02,-2.11,无信号,否
603618.SH,杭电股份,40.53,0.65%,阳线||多头排列||MA5上穿MA10,多头排列,122.5,119.63,107.37,81.06,136.22,107.37,78.53,布林带内,11.85,11.06,1.59,无信号,是
603626.SH,科森科技,28.06,2.48%,阳线||多头排列||MA5上穿MA10,多头排列,54.32,53.57,51.56,48.71,58.21,51.56,44.9,布林带内,1.73,1.49,0.48,无信号,是
603628.SH,清源股份,11.64,1.57%,阳线||布林带下轨,观望,12.23,12.58,12.95,14.28,14.11,12.95,11.78,下轨下方,-0.54,-0.47,-0.14,无信号,否
603629.SH,利通电子,195.65,8.93%,阳线,观望,318.55,323.24,291.92,185.94,402.61,291.92,181.23,布林带内,33.04,43.01,-19.93,死叉,否
603630.SH,拉芳家化,14.57,0.07%,价升||布林带下轨,观望,20.87,21.57,22.46,23.27,24.85,22.46,20.07,下轨下方,-0.71,-0.39,-0.64,无信号,否
603633.SH,徕木股份,8.05,5.09%,阳线||布林带下轨,观望,19.41,20.9,21.96,22.09,27.53,21.96,16.4,下轨下方,-1.07,-0.18,-1.77,无信号,否
603637.SH,镇海股份,18.22,3.70%,阳线||布林带下轨,观望,42.11,43.41,42.97,36.52,49.46,42.97,36.49,下轨下方,1.0,2.15,-2.29,无信号,否
603638.SH,艾迪精密,25.45,0.35%,阳线||布林带下轨,观望,103.2,110.46,108.95,102.15,144.59,108.95,73.3,下轨下方,-1.4,3.57,-9.94,死叉,否
603639.SH,海利尔,11.42,1.51%,阳线||布林带下轨,观望,36.39,39.66,42.93,46.27,56.37,42.93,29.49,下轨下方,-3.52,-1.67,-3.7,无信号,否
603648.SH,畅联股份,9.67,0.42%,价升||布林带下轨,观望,11.36,11.72,11.87,11.95,12.92,11.87,10.81,下轨下方,-0.21,-0.03,-0.35,无信号,否
603650.SH,彤程新材,58.84,2.22%,阳线||多头排列||MA5上穿MA10,多头排列,61.96,60.93,59.48,57.14,63.78,59.48,55.18,布林带内,1.4,1.37,0.06,无信号,是
603655.SH,朗博科技,41.37,2.96%,阳线,观望,42.0,43.26,44.47,41.38,50.12,44.47,38.81,布林带内,-0.07,0.53,-1.2,无信号,否
603656.SH,泰禾智能,18.72,1.08%,阳线||布林带下轨,观望,38.36,39.17,40.18,43.0,42.78,40.18,37.58,下轨下方,-1.22,-1.01,-0.41,无信号,否
603657.SH,春光科技,30.85,0.23%,阳线||布林带下轨,观望,44.54,46.0,44.42,42.17,54.31,44.42,34.54,下轨下方,0.35,1.41,-2.11,死叉,否
603659.SH,璞泰来,32.36,2.02%,阳线,观望,,,,,,,,,,,,,
603661.SH,恒林股份,32.53,10.01%,价升||布林带下轨,观望,41.95,43.61,46.17,48.84,53.9,46.17,38.44,下轨下方,-2.22,-1.36,-1.72,无信号,否
603662.SH,柯力传感,67.43,0.01%,价升||布林带下轨,观望,142.69,145.72,141.73,141.32,182.05,141.73,101.4,下轨下方,-1.36,2.58,-7.88,死叉,否
603663.SH,三祥新材,50.49,10.00%,阳线||布林带下轨,观望,107.98,114.56,122.78,125.36,158.66,122.78,86.89,下轨下方,-6.62,-1.82,-9.61,无信号,否
603666.SH,亿嘉和,31.21,1.60%,阳线||布林带下轨,观望,78.2,82.01,81.2,79.07,100.21,81.2,62.19,下轨下方,-0.92,1.56,-4.97,死叉,否
603667.SH,五洲新春,88.17,4.05%,阳线||多头排列||MA5上穿MA10,多头排列,111.62,109.0,99.86,95.99,121.07,99.86,78.65,布林带内,5.37,3.66,3.41,无信号,是
603668.SH,天马科技,12.37,0.57%,阳线||布林带下轨,观望,19.21,19.69,20.5,20.85,22.69,20.5,18.32,下轨下方,-0.58,-0.3,-0.56,无信号,否
603669.SH,灵康药业,4.3,0.94%,阳线||布林带下轨,观望,13.31,14.39,14.82,15.4,18.9,14.82,10.75,下轨下方,-0.84,-0.24,-1.2,无信号,否
603676.SH,卫信康,9.66,0.73%,阳线||布林带下轨,观望,10.92,11.33,11.63,11.96,12.74,11.63,10.52,下轨下方,-0.33,-0.16,-0.34,无信号,否
603677.SH,奇精机械,17.73,0.17%,阳线,观望,,,,,,,,,,,,,
603678.SH,火炬电子,37.68,10.01%,阳线||MA5上穿MA10,观望,92.23,90.8,90.65,94.26,96.54,90.65,84.76,布林带内,0.15,-0.59,1.49,无信号,否
603679.SH,华体科技,17.66,5.94%,阳线||布林带下轨,观望,23.56,24.14,22.6,21.77,27.41,22.6,17.79,下轨下方,0.57,0.87,-0.6,死叉,否
603680.SH,今创集团,13.83,1.02%,阳线||布林带下轨,观望,26.49,28.01,28.03,27.52,32.61,28.03,23.46,下轨下方,-0.37,0.36,-1.46,无信号,否
603681.SH,永冠新材,22.11,1.94%,阳线||多头排列||MA5上穿MA10,多头排列,22.36,22.2,20.79,20.38,23.88,20.79,17.71,布林带内,0.83,0.64,0.36,无信号,是
603682.SH,锦和商管,8.8,0.46%,价升,观望,,,,,,,,,,,,,
603685.SH,晨丰科技,32.55,3.66%,阳线||布林带下轨,观望,53.88,56.66,56.99,52.97,64.54,56.99,49.44,下轨下方,-0.26,1.16,-2.84,无信号,否
603686.SH,福龙马,17.11,2.03%,阳线||布林带下轨,观望,51.35,55.45,57.63,60.15,69.09,57.63,46.17,下轨下方,-2.83,-0.98,-3.7,无信号,否
603688.SH,石英股份,74.55,2.73%,阳线,观望,161.53,168.35,154.73,132.2,195.97,154.73,113.49,布林带内,8.3,11.57,-6.54,死叉,否
603693.SH,江苏新能,17.69,4.67%,阳线||布林带下轨,观望,22.02,22.04,21.72,20.89,24.3,21.72,19.15,下轨下方,0.19,0.4,-0.42,死叉,否
603696.SH,安记食品,14.28,0.85%,阳线||布林带下轨,观望,30.39,32.27,33.43,35.5,39.42,33.43,27.43,下轨下方,-1.65,-0.75,-1.81,无信号,否
603698.SH,航天工程,38.65,0.39%,价升||布林带下轨,观望,50.8,53.16,55.07,48.39,64.67,55.07,45.47,下轨下方,-0.32,1.52,-3.68,无信号,否
603700.SH,宁水集团,12.1,2.20%,阳线||布林带下轨,观望,17.75,18.62,19.37,20.52,22.9,19.37,15.83,下轨下方,-0.97,-0.47,-0.99,无信号,否
603701.SH,德宏股份,25.55,0.55%,阳线||布林带下轨,观望,78.4,82.66,84.46,79.01,102.24,84.46,66.68,下轨下方,-1.83,1.06,-5.78,无信号,否
603703.SH,盛洋科技,14.26,4.01%,阳线||布林带下轨,观望,47.11,48.79,48.7,47.39,55.35,48.7,42.05,下轨下方,-0.39,0.65,-2.08,无信号,否
603706.SH,东方环宇,23.64,0.77%,阳线||多头排列||布林带下轨||MA5上穿MA10,多头排列,27.6,27.57,26.75,25.55,29.65,26.75,23.86,下轨下方,0.57,0.75,-0.36,死叉,是
603708.SH,家家悦,9.88,0.61%,阳线||布林带下轨,观望,19.68,20.71,21.64,23.08,25.73,21.64,17.55,下轨下方,-1.19,-0.63,-1.13,无信号,否
603709.SH,中源家居,17.86,0.68%,价升||布林带下轨,观望,27.29,29.19,29.8,28.65,35.78,29.8,23.83,下轨下方,-0.64,0.39,-2.06,无信号,否
603712.SH,七一二,15.78,0.45%,价升,观望,16.21,16.37,16.53,17.63,17.55,16.53,15.51,布林带内,-0.28,-0.27,-0.02,死叉,否
603713.SH,密尔克卫,51.68,0.90%,阳线||布林带下轨,观望,54.43,56.7,58.48,62.39,63.99,58.48,52.97,下轨下方,-2.14,-1.49,-1.3,无信号,否
603717.SH,天域生物,7.05,2.92%,阳线,观望,10.27,10.62,10.35,10.19,11.52,10.35,9.18,布林带内,0.09,0.18,-0.17,无信号,否
603721.SH,*ST天择,24.17,5.00%,阳线||布林带下轨,观望,29.77,31.49,31.61,28.9,36.16,31.61,27.06,下轨下方,0.09,0.92,-1.68,无信号,否
603722.SH,阿科力,39.35,1.37%,阳线,观望,41.7,41.86,41.41,39.52,43.63,41.41,39.19,布林带内,0.69,0.94,-0.51,无信号,否
603725.SH,天安新材,12.0,6.01%,阳线||布林带下轨,观望,20.05,20.46,20.34,19.62,24.57,20.34,16.1,下轨下方,-0.04,0.43,-0.94,死叉,否
603726.SH,朗迪集团,29.0,0.69%,价升||多头排列||布林带下轨||MA5上穿MA10,多头排列,59.33,59.26,56.43,54.59,67.82,56.43,45.05,下轨下方,1.08,1.78,-1.41,死叉,是
603728.SH,鸣志电器,68.19,1.17%,阳线||多头排列||MA5上穿MA10,多头排列,88.07,85.58,81.46,79.92,91.49,81.46,71.42,布林带内,2.79,1.87,1.83,无信号,是
603729.SH,ST龙韵,13.55,2.42%,阳线,观望,19.6,19.87,21.51,23.75,25.51,21.51,17.52,布林带内,-1.29,-1.15,-0.29,无信号,否
603730.SH,岱美股份,11.99,1.52%,阳线||布林带下轨,观望,57.18,62.17,63.22,59.32,87.82,63.22,38.62,下轨下方,-2.05,1.47,-7.03,死叉,否
603733.SH,仙鹤股份,20.77,0.14%,价升||布林带下轨,观望,22.99,23.57,24.21,25.24,26.1,24.21,22.32,下轨下方,-0.62,-0.39,-0.45,无信号,否
603738.SH,泰晶科技,50.24,6.60%,阳线||布林带下轨,观望,218.47,236.67,212.45,150.73,291.76,212.45,133.14,下轨下方,16.48,26.12,-19.27,无信号,否
603739.SH,蔚蓝生物,13.86,0.29%,价升||布林带下轨,观望,19.79,20.96,21.6,22.21,25.42,21.6,17.78,下轨下方,-0.87,-0.27,-1.21,无信号,否
603755.SH,日辰股份,27.5,0.29%,价升||布林带下轨,观望,29.61,30.16,30.61,31.37,32.48,30.61,28.75,下轨下方,-0.5,-0.25,-0.5,无信号,否
603757.SH,大元泵业,65.04,8.67%,阳线||布林带下轨,观望,125.52,127.47,120.08,109.21,144.27,120.08,95.88,下轨下方,3.19,5.1,-3.82,死叉,否
603759.SH,海天股份,8.48,0.12%,阳线||布林带下轨,观望,12.63,13.37,13.93,14.99,16.61,13.93,11.25,下轨下方,-0.76,-0.39,-0.75,无信号,否
603766.SH,隆鑫通用,14.41,3.59%,阳线,观望,40.75,41.54,42.64,42.32,45.57,42.64,39.71,布林带内,-0.48,-0.21,-0.55,无信号,否
603767.SH,中马传动,24.92,2.38%,价升||多头排列||MA5上穿MA10,多头排列,34.84,32.77,31.2,29.89,36.06,31.2,26.34,布林带内,1.55,0.96,1.18,无信号,是
603768.SH,常青股份,11.72,1.65%,阳线,观望,12.44,12.59,12.48,12.22,13.29,12.48,11.68,布林带内,0.07,0.15,-0.16,无信号,否
603776.SH,永安行,22.45,1.13%,阳线||布林带下轨,观望,51.04,53.35,52.47,50.12,63.4,52.47,41.54,下轨下方,-0.22,1.16,-2.76,死叉,否
603777.SH,来伊份,20.18,5.10%,阳线,观望,28.91,29.07,26.73,22.76,32.38,26.73,21.07,布林带内,1.72,1.76,-0.08,死叉,否
603778.SH,国晟科技,23.89,0.42%,阳线||MA5上穿MA10,观望,149.11,148.33,157.38,149.88,179.02,157.38,135.74,布林带内,-3.95,-2.53,-2.84,无信号,否
603787.SH,新日股份,11.09,0.73%,阳线||布林带下轨,观望,12.72,13.08,13.43,14.82,14.72,13.43,12.13,下轨下方,-0.62,-0.51,-0.23,无信号,否
603788.SH,宁波高发,16.98,1.56%,价升||布林带下轨,观望,31.33,32.11,32.48,31.06,36.05,32.48,28.91,下轨下方,-0.17,0.42,-1.17,无信号,否
603790.SH,雅运股份,32.88,3.46%,阳线||多头排列||MA5上穿MA10,多头排列,39.21,38.09,35.45,32.51,42.59,35.45,28.31,布林带内,2.09,1.93,0.3,无信号,是
603797.SH,联泰环保,4.7,1.73%,阳线||布林带下轨,观望,9.59,10.28,10.6,10.84,13.37,10.6,7.82,下轨下方,-0.49,-0.07,-0.84,无信号,否
603799.SH,华友钴业,58.88,4.29%,阳线,观望,,,,,,,,,,,,,
603800.SH,洪田股份,62.62,9.99%,阳线||MACD金叉||多头排列||MA5上穿MA10,MACD金叉;多头排列,59.68,59.19,55.77,46.49,63.94,55.77,47.6,布林带内,3.76,3.64,0.24,金叉,是
603801.SH,志邦家居,7.92,0.13%,价升||布林带下轨,观望,27.05,30.26,31.91,33.88,43.29,31.91,20.54,下轨下方,-2.55,-0.87,-3.37,无信号,否
603803.SH,瑞斯康达,15.07,2.45%,阳线,观望,16.16,16.84,16.25,14.57,18.44,16.25,14.06,布林带内,0.32,0.55,-0.47,无信号,否
603806.SH,福斯特,17.52,9.98%,阳线||布林带下轨,观望,90.35,105.26,112.68,114.89,156.13,112.68,69.22,下轨下方,-9.16,-2.07,-14.17,无信号,否
603809.SH,豪能股份,11.25,0.09%,价升||布林带下轨,观望,69.88,76.9,79.04,82.09,108.92,79.04,49.15,下轨下方,-4.92,-0.68,-8.48,死叉,否
603810.SH,丰山集团,14.78,0.54%,阳线||布林带下轨,观望,28.39,30.08,31.42,32.98,39.38,31.42,23.45,下轨下方,-1.73,-0.58,-2.3,无信号,否
603811.SH,诚意药业,11.11,0.54%,价升||布林带下轨,观望,42.11,46.52,48.97,50.12,64.75,48.97,33.2,下轨下方,-3.33,-0.88,-4.91,无信号,否
603813.SH,*ST原尚,37.49,0.70%,阳线,观望,38.44,39.05,38.12,33.64,42.4,38.12,33.84,布林带内,1.72,2.07,-0.7,无信号,否
603815.SH,交建股份,6.95,4.20%,阳线||布林带下轨,观望,7.3,7.5,7.62,7.11,8.22,7.62,7.02,下轨下方,0.05,0.16,-0.23,无信号,否
603817.SH,海峡环保,6.66,1.37%,阳线||布林带下轨,观望,7.22,7.45,7.64,7.92,8.3,7.64,6.98,下轨下方,-0.2,-0.11,-0.19,无信号,否
603818.SH,曲美家居,3.56,1.71%,阳线,观望,7.68,7.89,7.75,7.74,8.44,7.75,7.06,布林带内,0.02,0.08,-0.12,无信号,否
603819.SH,神力股份,14.7,5.38%,阳线||布林带下轨,观望,24.94,26.63,27.41,25.91,33.52,27.41,21.3,下轨下方,-0.78,0.27,-2.11,无信号,否
603823.SH,百合花,23.18,2.48%,阳线||多头排列||布林带下轨||MA5上穿MA10,多头排列,39.5,38.84,35.85,33.31,46.52,35.85,25.17,下轨下方,1.59,1.98,-0.78,死叉,是
603825.SH,ST华扬,8.56,1.54%,阳线||布林带下轨,观望,13.53,13.76,13.8,13.9,14.7,13.8,12.9,下轨下方,-0.11,0.02,-0.26,无信号,否
603826.SH,坤彩科技,34.04,0.38%,阳线||布林带下轨,观望,61.63,63.55,63.5,52.38,73.4,63.5,53.6,下轨下方,1.13,3.13,-3.99,无信号,否
603829.SH,洛凯股份,25.39,3.34%,阳线,观望,26.58,27.66,28.57,28.37,31.58,28.57,25.56,布林带内,-0.7,-0.26,-0.88,无信号,否
603836.SH,海程邦达,13.77,3.30%,阳线||布林带下轨,观望,15.0,15.33,15.4,15.23,16.47,15.4,14.34,下轨下方,-0.05,0.12,-0.34,无信号,否
603838.SH,*ST四通,9.68,1.04%,价升,观望,20.19,20.53,19.74,18.65,21.66,19.74,17.82,布林带内,0.47,0.54,-0.14,无信号,否
603839.SH,安正时尚,7.73,1.05%,阳线||布林带下轨,观望,14.65,15.2,15.31,15.18,17.32,15.31,13.3,下轨下方,-0.24,0.07,-0.63,无信号,否
603843.SH,*ST正平,9.0,2.27%,阳线||布林带下轨,观望,11.95,12.57,12.41,11.03,14.52,12.41,10.3,下轨下方,0.02,0.35,-0.67,无信号,否
603848.SH,好太太,15.5,0.06%,价升||布林带下轨,观望,17.32,18.04,17.93,17.92,19.68,17.93,16.18,下轨下方,-0.15,0.09,-0.48,无信号,否
603856.SH,东宏股份,12.22,0.33%,阳线||布林带下轨,观望,17.75,18.1,18.53,19.17,19.98,18.53,17.08,下轨下方,-0.42,-0.24,-0.38,无信号,否
603859.SH,能科科技,46.09,3.18%,阳线||多头排列||布林带下轨||MA5上穿MA10,多头排列,63.53,62.38,61.36,60.83,71.06,61.36,51.67,下轨下方,0.37,0.96,-1.17,死叉,是
603860.SH,中公高科,30.9,2.12%,阳线||布林带下轨,观望,32.14,32.74,33.05,32.91,34.67,33.05,31.43,下轨下方,-0.26,0.01,-0.55,无信号,否
603861.SH,白云电器,16.03,2.10%,阳线,观望,16.82,17.03,17.19,17.95,18.21,17.19,16.17,布林带内,-0.22,-0.15,-0.15,无信号,否
603863.SH,松炀资源,17.23,0.41%,价升,观望,17.93,18.52,18.54,19.11,20.16,18.54,16.93,布林带内,-0.27,-0.09,-0.36,无信号,否
603867.SH,新化股份,42.15,9.99%,阳线||布林带下轨,观望,51.68,51.94,49.99,47.13,56.71,49.99,43.27,下轨下方,1.2,1.76,-1.11,死叉,否
603868.SH,飞科电器,38.0,2.81%,阳线||布林带下轨,观望,48.5,49.58,48.5,47.43,53.75,48.5,43.25,下轨下方,0.32,0.88,-1.13,死叉,否
603869.SH,ST智知,11.1,3.06%,阳线||布林带下轨,观望,15.69,16.32,16.16,15.53,18.59,16.16,13.74,下轨下方,-0.12,0.24,-0.72,无信号,否
603876.SH,鼎胜新材,27.5,4.60%,阳线||布林带下轨,观望,47.45,51.12,52.19,44.67,65.83,52.19,38.55,下轨下方,-0.37,2.13,-5.0,无信号,否
603878.SH,武进不锈,7.24,0.42%,阳线||布林带下轨,观望,22.48,25.12,26.46,27.72,35.59,26.46,17.33,下轨下方,-1.89,-0.47,-2.84,无信号,否
603879.SH,永悦科技,5.55,4.13%,阳线||布林带下轨,观望,12.64,13.87,14.39,14.71,18.62,14.39,10.17,下轨下方,-0.75,-0.08,-1.35,无信号,否
603880.SH,南卫股份,8.76,8.15%,阳线||布林带下轨,观望,22.0,23.25,21.98,20.84,28.73,21.98,15.24,下轨下方,0.19,0.91,-1.44,死叉,否
603881.SH,数据港,38.6,2.17%,阳线||布林带下轨,观望,108.05,117.97,117.93,117.78,157.13,117.93,78.72,下轨下方,-5.42,0.28,-11.39,无信号,否
603882.SH,金域医学,26.14,1.95%,阳线||布林带下轨,观望,31.01,32.14,33.22,33.68,37.08,33.22,29.36,下轨下方,-0.93,-0.36,-1.13,无信号,否
603886.SH,XD元祖股,11.04,0.36%,阳线,观望,,,,,,,,,,,,,
603887.SH,城地香江,13.95,1.09%,阳线||布林带下轨,观望,31.8,33.71,35.96,38.07,44.43,35.96,27.49,下轨下方,-2.32,-1.13,-2.38,无信号,否
603889.SH,新澳股份,7.78,1.70%,阳线||布林带下轨,观望,47.73,52.26,55.34,56.2,70.46,55.34,40.22,下轨下方,-3.37,-0.94,-4.88,无信号,否
603890.SH,春秋电子,22.97,10.01%,阳线||布林带下轨,观望,52.83,55.98,55.79,47.89,67.65,55.79,43.93,下轨下方,0.36,2.42,-4.12,无信号,否
603893.SH,瑞芯微,195.24,4.35%,阳线||多头排列||MA5上穿MA10,多头排列,192.79,187.14,185.61,174.04,196.93,185.61,174.3,布林带内,4.98,4.24,1.48,无信号,是
603897.SH,长城科技,57.15,2.79%,阳线,观望,62.21,62.29,60.57,48.41,66.92,60.57,54.23,布林带内,3.14,4.07,-1.85,无信号,否
603898.SH,好莱客,12.4,1.89%,阳线||布林带下轨,观望,44.05,45.28,47.21,49.73,52.85,47.21,41.56,下轨下方,-1.8,-1.18,-1.25,无信号,否
603899.SH,晨光股份,22.48,6.34%,阳线,观望,,,,,,,,,,,,,
603900.SH,莱绅通灵,7.15,2.14%,阳线||布林带下轨,观望,12.4,12.93,13.24,13.57,14.84,13.24,11.65,下轨下方,-0.38,-0.13,-0.51,无信号,否
603901.SH,永创智能,12.56,1.62%,阳线||布林带下轨,观望,53.3,53.95,53.87,53.74,56.53,53.87,51.21,下轨下方,-0.08,0.21,-0.59,无信号,否
603908.SH,牧高笛,22.63,2.40%,阳线||布林带下轨,观望,36.27,38.38,39.39,40.0,47.21,39.39,31.57,下轨下方,-1.43,-0.2,-2.46,无信号,否
603909.SH,XD建发合,11.3,1.35%,阳线,观望,,,,,,,,,,,,,
603912.SH,佳力图,10.71,3.28%,阳线||布林带下轨,观望,29.25,31.62,31.87,30.16,40.22,31.87,23.51,下轨下方,-0.8,0.57,-2.75,无信号,否
603915.SH,国茂股份,17.9,0.56%,阳线||布林带下轨,观望,25.27,26.38,25.24,24.25,30.26,25.24,20.21,下轨下方,0.25,0.78,-1.05,死叉,否
603916.SH,苏博特,15.41,2.46%,阳线||多头排列||MA5上穿MA10,多头排列,19.91,19.75,17.97,16.37,22.48,17.97,13.45,布林带内,1.02,1.08,-0.12,死叉,是
603917.SH,合力科技,13.15,2.41%,阳线||MA5上穿MA10,观望,19.84,19.42,19.51,20.2,20.69,19.51,18.33,布林带内,-0.14,-0.17,0.07,无信号,否
603918.SH,金桥信息,12.53,1.05%,阳线||布林带下轨,观望,41.17,44.15,45.83,48.51,55.85,45.83,35.81,下轨下方,-2.5,-1.01,-2.99,无信号,否
603920.SH,世运电路,66.65,5.23%,阳线||布林带下轨,观望,85.0,87.03,83.05,79.43,96.39,83.05,69.71,下轨下方,1.46,2.38,-1.84,死叉,否
603922.SH,ST金鸿顺,15.13,5.00%,阳线||布林带下轨,观望,20.57,22.25,25.91,28.63,35.36,25.91,16.46,下轨下方,-2.67,-1.8,-1.74,无信号,否
603928.SH,兴业股份,16.55,4.15%,阳线||布林带下轨,观望,22.44,23.09,23.03,22.38,26.1,23.03,19.96,下轨下方,-0.12,0.34,-0.92,无信号,否
603931.SH,格林达,54.65,10.00%,阳线||布林带下轨,观望,88.81,89.15,82.16,67.15,108.36,82.16,55.96,下轨下方,5.82,7.58,-3.51,死叉,否
603933.SH,睿能科技,25.9,1.17%,阳线||布林带下轨,观望,49.68,51.76,50.18,47.69,59.73,50.18,40.63,下轨下方,0.28,1.41,-2.26,无信号,否
603936.SH,博敏电子,22.59,9.98%,阳线||布林带下轨,观望,37.26,39.52,36.2,30.49,47.28,36.2,25.11,下轨下方,1.74,2.84,-2.21,死叉,否
603937.SH,丽岛新材,15.4,3.63%,阳线,观望,16.44,17.19,16.51,15.27,20.27,16.51,12.75,布林带内,0.34,0.6,-0.51,无信号,否
603948.SH,建业股份,26.66,3.82%,阳线||布林带下轨,观望,30.78,31.64,31.97,32.24,34.75,31.97,29.2,下轨下方,-0.5,-0.05,-0.89,无信号,否
603949.SH,雪龙集团,17.27,1.35%,阳线,观望,,,,,,,,,,,,,
603950.SH,长源东谷,68.85,3.86%,阳线||布林带下轨,观望,93.36,98.83,92.89,74.31,114.31,92.89,71.46,下轨下方,4.04,6.83,-5.58,无信号,否
603955.SH,大千生态,22.79,0.18%,价升||布林带下轨,观望,31.47,32.84,33.82,35.14,37.12,33.82,30.53,下轨下方,-1.0,-0.51,-0.98,无信号,否
603956.SH,威派格,5.94,0.68%,阳线||布林带下轨||MA5上穿MA10,观望,6.67,6.66,6.61,6.7,7.09,6.61,6.12,下轨下方,-0.01,0.01,-0.05,死叉,否
603958.SH,哈森股份,24.71,6.01%,阳线||MA5上穿MA10,观望,24.4,24.31,24.6,22.5,26.57,24.6,22.63,布林带内,0.34,0.43,-0.18,无信号,否
603959.SH,ST百利,4.65,1.09%,阳线||布林带下轨,观望,8.65,9.38,9.96,11.71,12.75,9.96,7.18,下轨下方,-0.97,-0.77,-0.41,无信号,否
603960.SH,克来机电,23.67,9.99%,阳线||布林带下轨,观望,64.77,69.43,70.62,72.52,85.37,70.62,55.86,下轨下方,-2.9,-0.57,-4.67,无信号,否
603966.SH,法兰泰克,13.04,1.72%,阳线||布林带下轨,观望,28.53,30.85,32.02,31.1,39.28,32.02,24.75,下轨下方,-1.32,-0.06,-2.52,无信号,否
603967.SH,中创物流,13.04,0.93%,阳线,观望,,,,,,,,,,,,,
603968.SH,醋化股份,11.44,1.69%,阳线||布林带下轨,观望,29.97,30.98,31.49,34.06,35.22,31.49,27.77,下轨下方,-1.16,-0.71,-0.89,死叉,否
603969.SH,银龙股份,9.02,1.12%,阳线,观望,42.25,43.34,42.4,43.14,46.02,42.4,38.78,布林带内,-0.08,0.22,-0.61,无信号,否
603970.SH,中农立华,12.18,1.33%,阳线||布林带下轨,观望,26.5,28.38,29.52,30.39,36.61,29.52,22.44,下轨下方,-1.46,-0.37,-2.18,无信号,否
603976.SH,正川股份,24.2,10.00%,阳线||MACD金叉||多头排列||布林带上轨||MA5上穿MA10,MACD金叉;多头排列,32.76,32.69,32.32,30.96,33.68,32.32,30.96,上轨上方,0.6,0.51,0.18,金叉,是
603977.SH,国泰集团,13.6,2.41%,阳线||布林带下轨,观望,27.49,29.08,29.46,31.04,34.45,29.46,24.47,下轨下方,-1.21,-0.49,-1.42,无信号,否
603979.SH,金诚信,66.33,4.46%,阳线,观望,102.26,103.84,102.47,101.48,109.73,102.47,95.22,布林带内,0.9,1.11,-0.41,无信号,否
603980.SH,吉华集团,5.95,2.06%,阳线||布林带下轨,观望,9.71,10.32,10.6,11.39,12.78,10.6,8.41,下轨下方,-0.52,-0.21,-0.62,无信号,否
603982.SH,泉峰汽车,7.62,2.42%,阳线,观望,7.84,7.91,7.92,8.18,8.23,7.92,7.62,布林带内,-0.08,-0.07,-0.04,无信号,否
603985.SH,恒润股份,26.01,4.00%,阳线||布林带下轨,观望,101.2,110.55,114.86,96.61,154.32,114.86,75.4,下轨下方,-2.38,4.79,-14.35,无信号,否
603986.SH,兆易创新,468.74,8.53%,阳线||多头排列||布林带下轨||MA5上穿MA10,多头排列,2122.55,2064.04,1912.25,1669.26,2463.66,1912.25,1360.84,下轨下方,113.51,134.05,-41.08,死叉,是
603987.SH,康德莱,7.77,0.78%,阳线||布林带下轨,观望,18.53,19.07,19.75,20.73,21.72,19.75,17.79,下轨下方,-0.7,-0.46,-0.48,无信号,否
603988.SH,中电电机,22.17,0.73%,阳线||布林带下轨,观望,73.37,77.32,79.36,82.73,88.22,79.36,70.51,下轨下方,-2.88,-1.49,-2.77,无信号,否
603989.SH,艾华集团,28.42,9.98%,阳线||多头排列||布林带上轨||MA5上穿MA10,多头排列,56.9,52.8,50.09,45.92,59.16,50.09,41.03,上轨上方,3.28,2.08,2.4,无信号,是
603990.SH,麦迪科技,16.88,2.43%,阳线||布林带下轨,观望,44.28,47.41,47.58,47.02,62.39,47.58,32.77,下轨下方,-1.69,0.35,-4.06,死叉,否
603991.SH,至正股份,117.31,0.46%,价升,观望,122.66,124.65,120.74,108.78,132.93,120.74,108.56,布林带内,3.47,4.58,-2.23,无信号,否
603993.SH,洛阳钼业,18.53,5.05%,阳线,观望,57.91,60.7,60.99,62.28,66.42,60.99,55.56,布林带内,-0.75,-0.26,-0.98,无信号,否
603995.SH,甬金股份,18.28,0.44%,阳线||布林带下轨,观望,29.05,31.24,31.98,31.55,38.68,31.98,25.28,下轨下方,-0.99,0.13,-2.25,无信号,否
603997.SH,继峰股份,13.51,0.90%,阳线||多头排列||MA5上穿MA10,多头排列,22.08,21.97,21.47,21.36,22.96,21.47,19.98,布林带内,0.26,0.23,0.05,无信号,是
603998.SH,方盛制药,10.26,0.59%,价升||布林带下轨,观望,45.9,47.61,48.21,50.1,52.53,48.21,43.9,下轨下方,-1.13,-0.51,-1.25,无信号,否
605001.SH,威奥股份,7.05,2.03%,阳线||布林带下轨,观望,9.37,9.77,10.02,10.48,11.49,10.02,8.55,下轨下方,-0.37,-0.15,-0.44,无信号,否
605006.SH,山东玻纤,15.74,9.99%,阳线,观望,17.6,18.66,16.78,13.72,21.73,16.78,11.84,布林带内,1.18,1.47,-0.57,无信号,否
605007.SH,五洲特纸,14.27,0.99%,阳线||布林带下轨,观望,15.38,15.92,16.44,16.3,17.94,16.44,14.94,下轨下方,-0.25,0.01,-0.51,无信号,否
605008.SH,长鸿高科,11.93,0.68%,价升||布林带下轨,观望,16.66,17.27,17.39,17.8,20.02,17.39,14.75,下轨下方,-0.45,-0.07,-0.74,死叉,否
605011.SH,杭州热电,22.18,3.79%,阳线,观望,22.96,23.21,22.46,21.8,24.47,22.46,20.45,布林带内,0.44,0.51,-0.14,死叉,否
605018.SH,长华集团,14.06,2.85%,阳线||多头排列||MA5上穿MA10,多头排列,14.53,14.36,14.06,13.12,14.86,14.06,13.25,布林带内,0.38,0.39,-0.02,死叉,是
605020.SH,永和股份,33.69,2.71%,阳线||多头排列||MA5上穿MA10,多头排列,43.81,43.29,41.0,39.35,48.47,41.0,33.52,布林带内,1.38,1.54,-0.32,死叉,是
605028.SH,世茂能源,24.81,0.40%,阳线,观望,,,,,,,,,,,,,
605033.SH,美邦股份,21.87,1.82%,阳线||布林带下轨,观望,22.83,23.46,23.48,23.99,24.81,23.48,22.15,下轨下方,-0.31,-0.13,-0.34,无信号,否
605055.SH,迎丰股份,13.46,0.37%,阳线||多头排列||MA5上穿MA10,多头排列,13.14,13.12,12.46,10.82,14.27,12.46,10.65,布林带内,0.67,0.66,0.01,无信号,是
605056.SH,咸亨国际,24.77,1.93%,阳线,观望,25.77,26.0,26.77,26.71,28.86,26.77,24.68,布林带内,-0.55,-0.34,-0.42,无信号,否
605058.SH,澳弘电子,39.2,7.60%,阳线,观望,39.3,39.77,38.91,36.39,41.78,38.91,36.04,布林带内,0.68,0.86,-0.37,无信号,否
605060.SH,联德股份,54.15,0.37%,价升,观望,56.65,59.97,61.4,60.08,69.27,61.4,53.53,布林带内,-0.86,0.33,-2.37,无信号,否
605066.SH,天正电气,7.46,1.63%,阳线||布林带下轨,观望,10.19,10.55,10.76,11.36,12.39,10.76,9.13,下轨下方,-0.4,-0.17,-0.46,无信号,否
605068.SH,明新旭腾,27.05,5.33%,阳线,观望,27.56,28.59,28.07,28.07,30.46,28.07,25.68,布林带内,-0.02,0.17,-0.37,无信号,否
605069.SH,正和生态,16.18,2.66%,阳线||布林带下轨,观望,20.08,20.52,19.73,17.93,22.72,19.73,16.74,下轨下方,0.61,0.93,-0.64,死叉,否
605080.SH,浙江自然,26.53,5.49%,阳线||布林带下轨,观望,35.27,37.14,36.98,35.29,42.57,36.98,31.4,下轨下方,-0.25,0.7,-1.89,无信号,否
605086.SH,龙高股份,31.81,6.71%,阳线||布林带下轨,观望,42.93,45.63,46.37,49.67,54.2,46.37,38.53,下轨下方,-2.06,-0.95,-2.24,无信号,否
605088.SH,冠盛股份,35.78,0.08%,价升||布林带下轨,观望,38.39,39.1,38.83,37.54,41.11,38.83,36.55,下轨下方,0.11,0.45,-0.68,无信号,否
605111.SH,新洁能,57.47,8.27%,阳线||布林带下轨,观望,174.14,182.32,170.25,163.15,237.29,170.25,103.2,下轨下方,1.49,7.58,-12.19,死叉,否
605117.SH,DR德业股,120.7,1.28%,阳线,观望,,,,,,,,,,,,,
605118.SH,力鼎光电,41.34,2.94%,阳线,观望,43.0,45.35,46.97,44.84,52.8,46.97,41.14,布林带内,-0.67,0.31,-1.98,无信号,否
605122.SH,四方新材,14.33,2.50%,阳线||布林带下轨,观望,19.58,20.46,20.48,19.72,23.72,20.48,17.24,下轨下方,-0.16,0.36,-1.04,无信号,否
605123.SH,派克新材,120.58,2.09%,阳线,观望,,,,,,,,,,,,,
605128.SH,上海沿浦,35.69,2.85%,阳线||布林带下轨,观望,69.42,73.13,74.53,77.16,93.1,74.53,55.96,下轨下方,-3.15,-0.72,-4.86,死叉,否
605136.SH,丽人丽妆,9.96,1.32%,阳线||布林带下轨,观望,10.58,10.92,11.1,10.87,11.92,11.1,10.29,下轨下方,-0.12,0.03,-0.3,无信号,否
605138.SH,盛泰集团,7.6,1.06%,阳线,观望,8.15,8.33,8.16,7.75,8.97,8.16,7.36,布林带内,0.13,0.21,-0.16,无信号,否
605151.SH,西上海,22.9,3.20%,阳线,观望,23.64,23.79,23.03,21.46,25.32,23.03,20.75,布林带内,0.67,0.77,-0.21,无信号,否
605155.SH,西大门,16.04,1.33%,阳线||布林带下轨,观望,30.1,32.66,32.68,33.67,40.96,32.68,24.4,下轨下方,-1.21,-0.02,-2.39,无信号,否
605158.SH,华达新材,7.58,2.29%,阳线||布林带下轨,观望,10.43,11.07,11.04,11.07,13.19,11.04,8.88,下轨下方,-0.21,0.1,-0.6,无信号,否
605162.SH,新中港,10.7,2.39%,阳线||布林带下轨,观望,11.55,12.05,12.44,12.31,14.03,12.44,10.84,下轨下方,-0.45,-0.24,-0.42,无信号,否
605166.SH,聚合顺,11.31,7.00%,阳线||布林带下轨,观望,12.0,12.24,12.41,11.9,13.14,12.41,11.68,下轨下方,-0.01,0.14,-0.31,无信号,否
605168.SH,三人行,63.59,4.23%,阳线||布林带下轨,观望,174.5,183.89,169.42,140.89,238.45,169.42,100.39,下轨下方,6.91,14.17,-14.52,死叉,否
605169.SH,洪通燃气,13.16,1.39%,阳线||布林带下轨,观望,23.41,24.63,24.52,25.23,30.16,24.52,18.88,下轨下方,-0.67,0.04,-1.41,死叉,否
605178.SH,时空科技,66.21,0.84%,阳线||布林带下轨,观望,91.38,97.3,96.52,98.22,112.97,96.52,80.06,下轨下方,-3.1,-0.53,-5.15,无信号,否
605180.SH,华生科技,16.15,10.01%,阳线||布林带下轨,观望,24.99,26.45,27.09,27.11,32.37,27.09,21.82,下轨下方,-0.87,-0.02,-1.69,无信号,否
605183.SH,确成股份,16.12,2.48%,阳线||布林带下轨,观望,17.58,18.02,18.94,21.3,21.63,18.94,16.24,下轨下方,-1.02,-0.89,-0.27,无信号,否
605188.SH,国光连锁,14.04,0.50%,阳线||布林带下轨,观望,14.59,15.05,15.67,16.74,17.26,15.67,14.07,下轨下方,-0.67,-0.51,-0.32,无信号,否
605189.SH,富春染织,17.01,1.13%,阳线||布林带下轨,观望,26.15,28.64,28.6,26.17,34.77,28.6,22.44,下轨下方,-0.43,0.66,-2.19,无信号,否
605196.SH,华通线缆,41.45,4.91%,阳线,观望,40.85,41.32,42.77,46.93,46.45,42.77,39.09,布林带内,-1.63,-1.56,-0.15,无信号,否
605208.SH,永茂泰,14.49,2.04%,阳线||布林带下轨,观望,23.67,25.31,25.96,24.7,31.74,25.96,20.19,下轨下方,-0.73,0.2,-1.86,无信号,否
605222.SH,起帆电缆,36.52,0.11%,阳线,观望,37.14,39.05,37.16,28.07,42.57,37.16,31.74,布林带内,2.45,3.16,-1.42,无信号,否
605258.SH,协和电子,37.26,5.25%,阳线,观望,38.45,39.14,39.04,37.84,41.71,39.04,36.38,布林带内,0.03,0.35,-0.64,无信号,否
605259.SH,绿田机械,18.51,1.20%,阳线||布林带下轨,观望,36.25,38.88,41.68,44.97,53.38,41.68,29.98,下轨下方,-3.15,-1.59,-3.13,无信号,否
605268.SH,王力安防,11.03,0.64%,阳线||布林带下轨,观望,12.07,12.54,13.38,13.5,15.53,13.38,11.23,下轨下方,-0.49,-0.24,-0.51,无信号,否
605277.SH,新亚电子,22.92,4.61%,阳线||布林带下轨,观望,48.6,52.88,54.56,55.77,69.72,54.56,39.41,下轨下方,-2.95,-0.6,-4.7,无信号,否
605286.SH,XD同力天,39.74,2.45%,阳线,观望,,,,,,,,,,,,,
605287.SH,德才股份,50.24,3.93%,阳线||布林带下轨,观望,65.14,70.07,72.71,66.95,91.45,72.71,53.97,下轨下方,-1.1,1.52,-5.25,无信号,否
605289.SH,罗曼股份,105.97,4.43%,阳线,观望,,,,,,,,,,,,,
605298.SH,必得科技,56.75,2.71%,阳线,观望,,,,,,,,,,,,,
605303.SH,园林股份,31.9,7.77%,阳线||多头排列||布林带上轨||MA5上穿MA10,多头排列,29.21,27.54,25.74,21.14,30.75,25.74,20.73,上轨上方,2.24,1.84,0.81,无信号,是
605305.SH,中际联合,41.45,0.85%,阳线||布林带下轨,观望,77.13,83.75,89.18,85.16,112.94,89.18,65.41,下轨下方,-4.21,-0.09,-8.23,无信号,否
605318.SH,法狮龙,99.0,0.35%,价升||MA5上穿MA10,观望,101.77,97.53,98.26,86.31,105.99,98.26,90.53,布林带内,2.86,3.11,-0.5,无信号,否
605319.SH,无锡振华,25.75,1.86%,阳线||布林带下轨,观望,35.92,37.03,38.26,37.35,44.41,38.26,32.1,下轨下方,-1.18,-0.18,-2.0,无信号,否
605333.SH,沪光股份,23.3,0.65%,阳线,观望,23.5,23.8,24.12,25.98,26.19,24.12,22.06,布林带内,-0.67,-0.67,-0.01,无信号,否
605339.SH,南侨食品,16.96,1.50%,阳线||MA5上穿MA10,观望,17.7,17.65,17.37,17.81,18.11,17.37,16.63,布林带内,0.04,0.0,0.07,无信号,否
605358.SH,立昂微,52.23,1.89%,阳线,观望,74.43,75.95,69.35,59.79,89.1,69.35,49.61,布林带内,4.09,5.31,-2.44,死叉,否
605365.SH,立达信,18.55,0.71%,阳线,观望,20.44,24.45,27.69,23.62,37.11,27.69,18.27,布林带内,-1.39,0.17,-3.12,无信号,否
605366.SH,宏柏新材,12.99,9.99%,阳线||布林带下轨,观望,20.75,21.6,23.41,21.68,29.12,23.41,17.7,下轨下方,-0.91,0.0,-1.83,无信号,否
605369.SH,拱东医疗,19.87,1.38%,阳线||布林带下轨,观望,53.28,58.68,59.3,56.86,79.08,59.3,39.52,下轨下方,-1.96,1.11,-6.12,无信号,否
605376.SH,博迁新材,153.3,10.00%,阳线||多头排列||布林带上轨||MA5上穿MA10,多头排列,136.72,133.71,129.47,111.04,148.5,129.47,110.45,上轨上方,7.81,6.67,2.28,无信号,是
605377.SH,华旺科技,9.16,0.88%,阳线||布林带下轨,观望,23.94,26.62,27.54,27.96,36.3,27.54,18.78,下轨下方,-1.62,-0.24,-2.76,无信号,否
605378.SH,野马电池,18.05,1.52%,阳线||布林带下轨,观望,34.5,37.27,39.97,41.86,50.92,39.97,29.01,下轨下方,-2.76,-1.12,-3.27,无信号,否
605388.SH,均瑶健康,6.63,1.38%,价升||布林带下轨,观望,9.58,10.12,10.44,10.4,12.45,10.44,8.43,下轨下方,-0.4,-0.09,-0.63,无信号,否
605389.SH,长龄液压,117.88,3.40%,阳线,观望,157.62,162.29,156.72,122.07,197.69,156.72,115.75,布林带内,9.17,13.9,-9.46,无信号,否
605398.SH,新炬网络,25.67,1.99%,阳线||布林带下轨,观望,64.22,70.14,72.84,77.16,95.36,72.84,50.33,下轨下方,-4.69,-1.37,-6.65,无信号,否
605399.SH,晨光新材,15.89,1.27%,阳线||布林带下轨,观望,25.31,25.72,26.04,26.75,31.13,26.04,20.95,下轨下方,-0.63,-0.1,-1.06,死叉,否
605488.SH,福莱新材,40.88,6.35%,阳线||布林带下轨,观望,69.95,71.82,71.07,72.1,87.14,71.07,54.99,下轨下方,-1.2,0.4,-3.21,死叉,否
605500.SH,森林包装,10.88,10.01%,阳线||布林带下轨,观望,19.65,20.33,20.48,20.37,25.11,20.48,15.85,下轨下方,-0.49,0.1,-1.17,死叉,否
605507.SH,国邦医药,22.38,0.99%,阳线||布林带下轨,观望,24.17,24.92,25.48,27.54,27.37,25.48,23.58,下轨下方,-0.91,-0.72,-0.37,无信号,否
605555.SH,德昌股份,16.55,0.18%,阳线||布林带下轨,观望,38.82,41.12,41.95,43.36,54.14,41.95,29.75,下轨下方,-1.9,-0.31,-3.18,死叉,否
605567.SH,春雪食品,10.46,2.05%,阳线||布林带下轨,观望,10.9,11.1,11.23,11.39,11.88,11.23,10.58,下轨下方,-0.15,-0.05,-0.18,无信号,否
605577.SH,龙版传媒,10.72,0.19%,价升||布林带下轨,观望,11.33,11.66,12.02,12.95,13.2,12.02,10.84,下轨下方,-0.48,-0.38,-0.19,无信号,否
605580.SH,恒盛能源,22.1,10.00%,阳线||布林带下轨,观望,29.56,31.22,31.95,32.82,36.89,31.95,27.01,下轨下方,-1.12,-0.32,-1.6,无信号,否
605588.SH,冠石科技,61.49,3.50%,阳线||多头排列||MA5上穿MA10,多头排列,60.92,59.94,59.19,56.59,62.71,59.19,55.68,布林带内,1.27,1.07,0.39,无信号,是
605589.SH,圣泉集团,45.72,4.00%,阳线||多头排列||MA5上穿MA10,多头排列,46.79,44.45,42.66,37.61,48.53,42.66,36.8,布林带内,2.44,2.15,0.57,无信号,是
605599.SH,菜百股份,16.22,0.06%,价升,观望,18.24,19.01,21.3,24.18,26.98,21.3,15.62,布林带内,-1.87,-1.52,-0.69,无信号,否
688001.SH,华兴源创,68.79,3.03%,阳线||MACD金叉||多头排列||MA5上穿MA10,MACD金叉;多头排列,63.05,62.48,58.98,43.56,70.77,58.98,47.2,布林带内,5.58,5.46,0.24,金叉,是
688002.SH,睿创微纳,133.78,3.40%,阳线,观望,133.7,138.2,140.51,120.7,153.19,140.51,127.82,布林带内,2.68,5.3,-5.23,无信号,否
688003.SH,天准科技,104.3,9.24%,阳线||多头排列||MA5上穿MA10,多头排列,103.59,96.64,85.82,73.45,112.26,85.82,59.37,布林带内,8.71,6.9,3.61,无信号,是
688004.SH,博汇科技,23.59,3.01%,阳线||布林带下轨,观望,31.9,33.09,32.85,32.33,37.86,32.85,27.84,下轨下方,-0.35,0.37,-1.43,无信号,否
688005.SH,容百科技,34.91,1.63%,阳线||布林带下轨,观望,49.13,52.44,53.6,48.72,64.02,53.6,43.18,下轨下方,-0.45,1.42,-3.73,无信号,否
688006.SH,杭可科技,35.2,4.05%,阳线||布林带下轨,观望,46.98,47.62,47.08,43.16,53.8,47.08,40.35,下轨下方,0.49,1.43,-1.88,死叉,否
688007.SH,光峰科技,15.5,0.39%,价升,观望,15.58,15.62,15.52,15.29,16.13,15.52,14.91,布林带内,0.14,0.15,-0.03,无信号,否
688008.SH,澜起科技,271.83,3.68%,价升||多头排列||MA5上穿MA10,多头排列,258.94,256.69,219.42,172.44,301.37,219.42,137.47,布林带内,28.35,25.1,6.5,无信号,是
688010.SH,福光股份,46.75,19.26%,阳线||多头排列||布林带上轨||MA5上穿MA10,多头排列,42.84,39.72,38.14,34.88,44.44,38.14,31.83,上轨上方,2.17,1.35,1.64,无信号,是
688011.SH,新光光电,64.54,1.16%,阳线,观望,65.67,65.82,66.69,68.94,70.19,66.69,63.2,布林带内,-1.02,-0.91,-0.22,无信号,否
688013.SH,天臣医疗,31.0,1.67%,阳线||布林带下轨,观望,33.38,34.91,37.16,40.06,42.73,37.16,31.58,下轨下方,-1.99,-1.42,-1.13,无信号,否
688015.SH,交控科技,20.21,0.20%,阳线||布林带下轨,观望,22.22,22.76,23.41,24.68,25.56,23.41,21.27,下轨下方,-0.71,-0.48,-0.47,无信号,否
688017.SH,绿的谐波,342.0,2.09%,阳线||多头排列||MA5上穿MA10,多头排列,435.84,414.02,362.5,312.0,489.23,362.5,235.78,布林带内,35.05,31.81,6.48,无信号,是
688018.SH,乐鑫科技,183.0,2.97%,阳线||布林带下轨,观望,326.85,337.06,337.66,312.08,414.45,337.66,260.87,下轨下方,-1.16,10.02,-22.36,死叉,否
688019.SH,安集科技,311.19,2.10%,阳线||布林带下轨,观望,815.71,832.67,806.99,783.8,1077.05,806.99,536.94,下轨下方,-6.22,19.56,-51.55,死叉,否
688020.SH,方邦股份,165.82,20.00%,阳线,观望,147.56,153.08,148.59,110.5,179.26,148.59,117.92,布林带内,11.49,13.72,-4.46,无信号,否
688021.SH,奥福科技,27.32,3.21%,阳线,观望,28.28,29.01,28.01,26.74,32.27,28.01,23.75,布林带内,0.55,0.78,-0.47,无信号,否
688023.SH,安恒信息,43.86,2.48%,阳线||布林带下轨,观望,55.47,57.57,60.13,65.81,70.16,60.13,50.09,下轨下方,-3.25,-2.28,-1.95,无信号,否
688025.SH,杰普特,449.45,18.28%,阳线||多头排列||布林带上轨||MA5上穿MA10,多头排列,409.31,393.77,364.59,286.28,444.22,364.59,284.97,上轨上方,35.79,32.88,5.84,无信号,是
688026.SH,洁特生物,15.8,2.53%,阳线||布林带下轨,观望,22.16,23.14,23.62,24.71,27.42,23.62,19.82,下轨下方,-0.88,-0.33,-1.09,无信号,否
688027.SH,国盾量子,592.41,9.94%,阳线,观望,,,,,,,,,,,,,
688028.SH,沃尔德,125.21,11.51%,阳线||布林带下轨,观望,157.87,171.04,169.97,152.06,200.53,169.97,139.41,下轨下方,1.59,7.22,-11.26,无信号,否
688030.SH,山石网科,17.76,4.29%,阳线||多头排列||MA5上穿MA10,多头排列,17.71,17.33,16.88,16.51,18.27,16.88,15.48,布林带内,0.42,0.33,0.18,无信号,是
688032.SH,禾迈股份,109.05,1.90%,阳线||布林带下轨,观望,324.27,351.53,367.5,386.68,490.49,367.5,244.5,下轨下方,-25.32,-7.95,-34.75,无信号,否
688033.SH,*ST天宜,8.23,2.24%,阳线,观望,8.47,8.61,8.28,9.07,9.36,8.28,7.21,布林带内,-0.04,-0.09,0.09,无信号,否
688035.SH,德邦科技,84.26,4.64%,阳线||多头排列||MA5上穿MA10,多头排列,86.33,84.88,79.99,69.44,91.64,79.99,68.34,布林带内,5.07,5.09,-0.05,死叉,是
688036.SH,XD传音控,63.36,2.13%,阳线,观望,,,,,,,,,,,,,
688037.SH,芯源微,288.74,1.26%,阳线||布林带下轨,观望,562.68,565.19,508.62,430.88,705.92,508.62,311.31,下轨下方,32.87,45.17,-24.59,死叉,否
688038.SH,中科通达,20.39,1.95%,价升,观望,20.5,20.65,21.26,21.54,22.87,21.26,19.65,布林带内,-0.41,-0.29,-0.22,无信号,否
688039.SH,当虹科技,46.86,1.12%,阳线||布林带下轨||MA5上穿MA10,观望,63.79,63.31,61.72,63.19,71.91,61.72,51.53,下轨下方,-0.15,0.39,-1.08,死叉,否
688041.SH,海光信息,312.4,1.76%,阳线,观望,310.69,323.02,310.58,260.42,365.72,310.58,255.44,布林带内,14.94,19.2,-8.52,无信号,否
688045.SH,必易微,71.71,7.22%,阳线,观望,,,,,,,,,,,,,
688046.SH,药康生物,20.9,0.34%,价升,观望,21.28,21.37,20.97,17.97,22.23,20.97,19.71,布林带内,0.77,0.95,-0.35,无信号,否
688047.SH,龙芯中科,160.4,1.96%,价升,观望,161.31,166.13,164.2,150.08,185.92,164.2,142.48,布林带内,3.82,5.74,-3.85,无信号,否
688048.SH,长光华芯,376.1,5.36%,阳线||布林带下轨,观望,481.68,523.12,507.83,351.72,609.39,507.83,406.27,下轨下方,27.03,48.97,-43.88,无信号,否
688049.SH,炬芯科技,50.31,2.38%,阳线||布林带下轨,观望,69.71,71.66,70.68,70.17,81.6,70.68,59.77,下轨下方,-0.49,0.86,-2.7,死叉,否
688051.SH,佳华科技,49.39,6.72%,阳线||多头排列||MA5上穿MA10,多头排列,47.46,47.31,44.97,37.59,52.85,44.97,37.09,布林带内,3.18,3.23,-0.1,无信号,是
688053.SH,ST思科瑞,40.36,2.23%,阳线,观望,40.87,41.29,40.71,39.75,43.93,40.71,37.49,布林带内,0.41,0.56,-0.31,无信号,否
688055.SH,龙腾光电,5.82,7.98%,阳线||多头排列||布林带上轨||MA5上穿MA10,多头排列,5.03,4.88,4.59,4.32,5.48,4.59,3.7,上轨上方,0.26,0.16,0.2,无信号,是
688056.SH,莱伯泰科,36.06,5.38%,阳线||布林带下轨,观望,37.64,37.83,38.07,38.4,39.77,38.07,36.36,下轨下方,-0.21,-0.01,-0.41,无信号,否
688057.SH,金达莱,14.18,3.05%,阳线||布林带下轨,观望,16.33,16.36,16.3,16.34,17.55,16.3,15.05,下轨下方,-0.01,0.07,-0.16,死叉,否
688058.SH,宝兰德,29.13,3.44%,阳线||布林带下轨,观望,53.82,57.14,58.32,59.51,72.39,58.32,44.25,下轨下方,-2.34,-0.25,-4.18,无信号,否
688059.SH,华锐精密,155.38,6.64%,阳线||布林带下轨,观望,264.57,281.13,272.6,250.4,345.02,272.6,200.19,下轨下方,1.76,11.38,-19.25,无信号,否
688060.SH,云涌科技,45.25,3.48%,阳线,观望,46.01,46.58,47.01,46.8,49.29,47.01,44.74,布林带内,-0.25,0.07,-0.63,无信号,否
688061.SH,灿瑞科技,41.39,1.90%,阳线||布林带下轨,观望,59.2,59.44,56.37,52.12,68.09,56.37,44.64,下轨下方,1.75,2.64,-1.79,死叉,否
688063.SH,派能科技,76.8,3.53%,阳线||布林带下轨,观望,108.07,110.19,111.29,108.63,129.34,111.29,93.24,下轨下方,-1.63,0.93,-5.13,无信号,否
688065.SH,凯赛生物,43.46,0.39%,价升||布林带下轨,观望,60.27,64.14,66.78,71.56,78.6,66.78,54.95,下轨下方,-3.45,-1.75,-3.4,无信号,否
688067.SH,爱威科技,27.27,2.10%,阳线,观望,28.23,28.63,28.53,28.23,30.18,28.53,26.89,布林带内,0.02,0.22,-0.39,无信号,否
688072.SH,拓荆科技,616.98,1.78%,阳线||多头排列||布林带下轨||MA5上穿MA10,多头排列,1140.61,1128.94,1032.59,884.34,1394.26,1032.59,670.93,下轨下方,61.6,79.57,-35.96,死叉,是
688073.SH,毕得医药,55.4,0.82%,阳线||布林带下轨,观望,74.85,79.83,83.33,83.97,98.77,83.33,67.89,下轨下方,-3.67,-1.28,-4.78,无信号,否
688075.SH,安旭生物,36.27,1.26%,阳线||布林带下轨,观望,79.08,85.7,88.97,92.69,113.93,88.97,64.01,下轨下方,-5.32,-1.67,-7.31,无信号,否
688077.SH,XD大地熊,30.65,4.64%,阳线,观望,,,,,,,,,,,,,
688078.SH,龙软科技,25.8,2.87%,阳线,观望,27.43,27.84,27.76,27.5,29.9,27.76,25.62,布林带内,0.03,0.27,-0.47,无信号,否
688079.SH,美迪凯,23.1,11.97%,阳线||多头排列||布林带上轨||MA5上穿MA10,多头排列,19.98,18.91,17.38,15.0,21.46,17.38,13.29,上轨上方,1.52,1.05,0.94,无信号,是
688080.SH,映翰通,46.83,3.77%,阳线||布林带下轨,观望,62.57,63.8,64.55,74.07,73.4,64.55,55.69,下轨下方,-3.61,-2.87,-1.48,死叉,否
688082.SH,盛美上海,213.17,0.21%,阳线||多头排列||MA5上穿MA10,多头排列,205.03,190.52,174.54,162.79,216.11,174.54,132.97,布林带内,13.52,8.31,10.42,无信号,是
688083.SH,中望软件,60.31,2.27%,阳线||布林带下轨,观望,148.57,155.01,155.07,156.42,202.24,155.07,107.9,下轨下方,-4.6,1.29,-11.78,死叉,否
688084.SH,晶品特装,61.28,0.49%,价升,观望,63.11,64.9,67.09,70.13,73.1,67.09,61.07,布林带内,-1.74,-1.1,-1.28,无信号,否
688085.SH,三友医疗,17.77,1.54%,阳线||布林带下轨,观望,24.86,26.27,26.3,27.96,30.76,26.3,21.84,下轨下方,-0.87,-0.29,-1.17,无信号,否
688087.SH,英科再生,42.0,0.72%,阳线||布林带下轨,观望,57.01,59.22,60.29,56.83,71.18,60.29,49.41,下轨下方,-0.47,1.2,-3.35,无信号,否
688088.SH,虹软科技,44.56,1.76%,阳线||多头排列||MA5上穿MA10,多头排列,45.84,45.23,44.28,44.16,47.46,44.28,41.11,布林带内,0.63,0.53,0.22,无信号,是
688089.SH,嘉必优,14.24,0.28%,价升||布林带下轨,观望,20.91,22.52,23.63,26.82,29.15,23.63,18.1,下轨下方,-1.88,-1.24,-1.27,无信号,否
688090.SH,瑞松科技,89.7,2.41%,阳线||布林带下轨,观望,147.8,155.13,146.6,118.79,186.28,146.6,106.91,下轨下方,5.79,10.87,-10.16,无信号,否
688091.SH,上海谊众,55.42,0.78%,阳线||布林带下轨,观望,104.14,114.81,111.91,108.17,143.51,111.91,80.32,下轨下方,-2.91,1.88,-9.58,无信号,否
688092.SH,爱科科技,29.6,1.44%,阳线||布林带下轨,观望,40.42,41.88,42.39,43.01,48.52,42.39,36.26,下轨下方,-1.01,-0.11,-1.8,无信号,否
688093.SH,世华科技,32.81,3.73%,阳线||布林带下轨,观望,45.28,46.9,47.26,48.66,54.35,47.26,40.16,下轨下方,-1.23,-0.27,-1.93,死叉,否
688095.SH,福昕软件,77.4,0.05%,阳线||布林带下轨,观望,139.78,147.0,148.91,148.15,184.88,148.91,112.95,下轨下方,-4.29,0.84,-10.26,无信号,否
688096.SH,京源环保,12.69,2.26%,阳线,观望,22.48,23.3,20.45,18.99,28.4,20.45,12.5,布林带内,1.03,1.38,-0.69,死叉,否
688097.SH,博众精工,59.53,2.67%,阳线,观望,61.69,62.84,61.71,58.25,66.99,61.71,56.43,布林带内,0.38,0.89,-1.03,无信号,否
688098.SH,申联生物,8.23,1.60%,阳线||布林带下轨,观望,8.66,8.88,9.03,9.29,9.61,9.03,8.45,下轨下方,-0.21,-0.12,-0.17,无信号,否
688099.SH,XD晶晨股,115.21,4.72%,阳线,观望,,,,,,,,,,,,,
688100.SH,威胜信息,38.45,1.02%,阳线,观望,,,,,,,,,,,,,
688101.SH,三达膜,18.26,2.41%,阳线,观望,,,,,,,,,,,,,
688102.SH,斯瑞新材,40.58,2.42%,阳线||布林带下轨,观望,68.55,75.2,75.21,71.96,94.31,75.21,56.1,下轨下方,-1.44,1.73,-6.34,无信号,否
688103.SH,国力电子,67.89,4.25%,阳线||多头排列||MA5上穿MA10,多头排列,67.01,66.18,63.32,60.56,69.61,63.32,57.03,布林带内,2.22,1.82,0.81,无信号,是
688105.SH,诺唯赞,20.13,0.55%,价升||多头排列||布林带下轨||MA5上穿MA10,多头排列,21.99,21.98,21.77,21.68,23.18,21.77,20.37,下轨下方,0.04,0.14,-0.2,死叉,是
688106.SH,XD金宏气,28.93,0.91%,阳线,观望,,,,,,,,,,,,,
688107.SH,安路科技,46.77,3.93%,阳线||多头排列||MA5上穿MA10,多头排列,46.11,43.21,37.9,32.74,50.5,37.9,25.29,布林带内,4.2,3.27,1.86,无信号,是
688110.SH,东芯股份,138.83,0.09%,价升,观望,152.88,156.57,146.53,132.77,178.82,146.53,114.24,布林带内,6.73,8.49,-3.52,无信号,否
688112.SH,鼎阳科技,73.02,3.28%,阳线||多头排列||布林带下轨||MA5上穿MA10,多头排列,103.11,98.8,95.36,77.48,116.12,95.36,74.6,下轨下方,5.68,7.06,-2.76,死叉,是
688113.SH,联测科技,46.49,4.35%,阳线||多头排列||MA5上穿MA10,多头排列,46.7,46.3,44.64,42.43,49.69,44.64,39.59,布林带内,1.47,1.41,0.13,无信号,是
688115.SH,思林杰,59.55,4.36%,阳线||多头排列||MA5上穿MA10,多头排列,60.89,60.74,57.73,48.91,66.29,57.73,49.18,布林带内,3.56,3.84,-0.58,无信号,是
688117.SH,圣诺生物,35.84,2.61%,阳线||布林带下轨,观望,63.59,68.19,71.29,72.18,88.39,71.29,54.19,下轨下方,-3.49,-0.84,-5.29,无信号,否
688118.SH,普元信息,26.2,1.28%,阳线||布林带下轨,观望,27.81,28.28,28.84,30.44,31.17,28.84,26.52,下轨下方,-0.71,-0.49,-0.43,无信号,否
688119.SH,中钢洛耐,4.81,3.44%,阳线,观望,4.97,5.18,5.25,5.49,5.71,5.25,4.79,布林带内,-0.12,-0.06,-0.12,无信号,否
688122.SH,西部超导,63.83,2.54%,价升||布林带下轨,观望,87.07,92.32,96.34,106.72,114.26,96.34,78.42,下轨下方,-5.87,-3.71,-4.3,无信号,否
688123.SH,聚辰股份,156.58,1.74%,阳线,观望,,,,,,,,,,,,,
688126.SH,沪硅产业,27.81,0.47%,价升||多头排列||MA5上穿MA10,多头排列,27.82,26.33,23.77,20.44,29.94,23.77,17.6,布林带内,2.3,1.85,0.89,无信号,是
688127.SH,蓝特光学,104.29,9.02%,阳线||多头排列||MA5上穿MA10,多头排列,99.88,96.99,85.97,69.2,110.6,85.97,61.34,布林带内,9.03,8.0,2.06,无信号,是
688128.SH,中国电研,27.17,1.95%,阳线||布林带下轨,观望,29.22,29.45,29.22,29.51,30.64,29.22,27.81,下轨下方,0.02,0.15,-0.26,死叉,否
688129.SH,东来技术,32.0,4.92%,阳线||多头排列||MA5上穿MA10,多头排列,30.89,30.64,30.03,26.4,32.71,30.03,27.35,布林带内,1.33,1.36,-0.05,无信号,是
688130.SH,晶华微,28.71,2.35%,阳线||布林带下轨,观望,48.69,49.73,47.41,42.76,60.4,47.41,34.42,下轨下方,1.37,2.67,-2.62,死叉,否
688131.SH,皓元医药,75.62,0.79%,阳线||布林带下轨,观望,177.62,187.39,195.48,192.29,252.77,195.48,138.19,下轨下方,-9.34,-1.37,-15.94,死叉,否
688132.SH,邦彦技术,17.39,3.57%,阳线,观望,17.54,17.73,17.68,17.62,18.6,17.68,16.76,布林带内,0.03,0.11,-0.17,无信号,否
688133.SH,泰坦科技,27.99,13.97%,阳线||布林带下轨,观望,44.96,45.22,45.22,44.37,54.52,45.22,35.92,下轨下方,-0.26,0.61,-1.74,死叉,否
688135.SH,利扬芯片,40.11,3.38%,阳线||布林带下轨,观望,57.11,57.2,55.94,48.72,66.02,55.94,45.87,下轨下方,1.62,2.84,-2.46,死叉,否
688137.SH,近岸蛋白,46.55,0.41%,阳线,观望,47.73,49.96,49.9,45.86,53.91,49.9,45.89,布林带内,0.22,1.0,-1.56,无信号,否
688138.SH,清溢光电,33.78,3.49%,阳线||多头排列||MA5上穿MA10,多头排列,34.48,34.16,32.95,30.25,36.09,32.95,29.81,布林带内,1.29,1.3,-0.02,死叉,是
688139.SH,海尔生物,36.79,10.81%,阳线,观望,35.98,36.06,35.56,34.79,37.25,35.56,33.87,布林带内,0.36,0.29,0.13,无信号,否
688141.SH,杰华特,96.5,1.53%,阳线,观望,98.0,101.37,93.08,67.67,116.11,93.08,70.05,布林带内,8.55,9.91,-2.72,无信号,否
688143.SH,长盈通,138.47,4.90%,阳线||多头排列||MA5上穿MA10,多头排列,167.46,139.23,114.73,90.08,184.39,114.73,45.08,布林带内,21.0,15.04,11.92,无信号,是
688146.SH,中船特气,130.72,2.23%,阳线||多头排列||MA5上穿MA10,多头排列,132.9,126.55,101.11,66.88,158.8,101.11,43.43,布林带内,19.89,17.44,4.91,无信号,是
688148.SH,芳源股份,9.87,2.81%,阳线,观望,10.01,10.34,10.45,9.19,11.46,10.45,9.44,布林带内,0.19,0.37,-0.37,无信号,否
688150.SH,莱特光电,68.36,5.98%,阳线||多头排列||MA5上穿MA10,多头排列,65.98,62.49,58.24,46.49,68.88,58.24,47.59,布林带内,5.09,4.43,1.32,无信号,是
688151.SH,华强科技,19.04,0.85%,阳线||布林带下轨,观望,19.79,20.34,20.57,21.48,21.99,20.57,19.14,下轨下方,-0.43,-0.28,-0.31,无信号,否
688152.SH,麒麟信安,36.78,2.82%,阳线||布林带下轨,观望,65.87,71.33,70.08,69.65,87.97,70.08,52.2,下轨下方,-1.57,0.97,-5.1,无信号,否
688153.SH,唯捷创芯,32.89,3.10%,阳线,观望,33.16,33.31,33.22,34.55,35.68,33.22,30.76,布林带内,-0.31,-0.35,0.09,无信号,否
688155.SH,先惠技术,95.28,1.18%,价升||布林带下轨,观望,130.67,137.76,135.05,122.35,163.31,135.05,106.79,下轨下方,1.54,5.55,-8.01,无信号,否
688156.SH,路德科技,27.13,6.52%,阳线,观望,27.41,27.62,26.96,24.39,28.91,26.96,25.0,布林带内,0.71,0.9,-0.38,无信号,否
688157.SH,松井股份,32.87,1.48%,阳线||布林带下轨,观望,61.29,65.68,69.8,75.09,88.41,69.8,51.19,下轨下方,-5.26,-2.67,-5.17,无信号,否
688158.SH,优刻得-W,45.1,3.82%,阳线,观望,46.51,47.71,48.16,44.92,53.1,48.16,43.21,布林带内,0.09,0.76,-1.35,无信号,否
688159.SH,有方科技,55.57,3.60%,阳线,观望,59.31,61.44,54.48,47.11,70.8,54.48,38.15,布林带内,3.91,4.28,-0.73,死叉,否
688160.SH,步科股份,142.0,2.39%,阳线,观望,,,,,,,,,,,,,
688162.SH,巨一科技,35.35,3.79%,阳线||MA5上穿MA10,观望,35.1,34.26,34.31,33.68,36.4,34.31,32.23,布林带内,0.3,0.18,0.25,无信号,否
688165.SH,埃夫特-U,22.1,8.87%,阳线||多头排列||MA5上穿MA10,多头排列,20.66,20.23,18.97,18.36,22.13,18.97,15.81,布林带内,0.89,0.62,0.52,无信号,是
688167.SH,炬光科技,466.97,1.41%,阳线,观望,477.82,488.05,431.76,377.89,557.81,431.76,305.71,布林带内,30.62,29.91,1.41,无信号,否
688168.SH,安博通,82.72,1.21%,阳线||布林带下轨,观望,113.45,117.59,120.08,108.02,138.58,120.08,101.58,下轨下方,-0.48,3.16,-7.27,无信号,否
688170.SH,德龙激光,78.7,1.57%,阳线||多头排列||MA5上穿MA10,多头排列,76.96,73.87,67.9,58.29,81.92,67.9,53.88,布林带内,5.62,4.69,1.85,无信号,是
688171.SH,纬德信息,55.89,9.63%,阳线,观望,54.63,56.51,55.32,53.08,60.49,55.32,50.15,布林带内,0.82,1.26,-0.88,无信号,否
688172.SH,燕东微,54.49,4.79%,阳线||多头排列||MA5上穿MA10,多头排列,54.14,52.26,47.62,42.83,58.88,47.62,36.35,布林带内,3.62,2.91,1.41,无信号,是
688173.SH,希荻微,18.7,3.72%,阳线||多头排列||MA5上穿MA10,多头排列,18.77,18.61,17.37,15.63,20.48,17.37,14.26,布林带内,1.01,0.97,0.09,无信号,是
688175.SH,高凌信息,35.91,1.81%,阳线||布林带下轨,观望,47.91,49.04,50.13,50.92,57.29,50.13,42.97,下轨下方,-1.18,-0.21,-1.94,无信号,否
688176.SH,亚虹医药-U,12.39,0.32%,价升,观望,12.51,12.65,12.8,13.55,13.37,12.8,12.24,布林带内,-0.28,-0.26,-0.06,无信号,否
688178.SH,万德斯,34.15,0.92%,阳线,观望,35.76,36.67,36.24,31.54,40.41,36.24,32.08,布林带内,0.84,1.46,-1.23,无信号,否
688179.SH,阿拉丁,23.78,3.48%,阳线||布林带下轨,观望,68.25,72.9,70.52,64.18,95.88,70.52,45.16,下轨下方,-0.02,3.31,-6.67,死叉,否
688181.SH,八亿时空,40.9,3.83%,阳线||布林带下轨,观望,53.46,54.05,52.76,49.32,60.1,52.76,45.41,下轨下方,0.95,1.7,-1.51,死叉,否
688182.SH,灿勤科技,39.25,3.70%,阳线||多头排列||MA5上穿MA10,多头排列,40.74,38.51,35.28,31.46,43.55,35.28,27.01,布林带内,2.69,2.15,1.09,无信号,是
688183.SH,生益电子,108.49,9.31%,阳线||MA5上穿MA10,观望,105.46,104.76,109.11,95.6,120.97,109.11,97.25,布林带内,1.06,2.27,-2.43,无信号,否
688184.SH,ST帕瓦,13.83,2.90%,阳线,观望,16.33,16.68,15.9,13.84,19.21,15.9,12.59,布林带内,0.69,0.97,-0.55,无信号,否
688185.SH,康希诺,62.4,0.24%,阳线,观望,63.63,63.96,64.51,68.15,69.23,64.51,59.79,布林带内,-1.38,-1.36,-0.05,死叉,否
688186.SH,广大特材,19.67,5.07%,阳线||布林带下轨,观望,20.6,21.46,22.02,25.03,24.05,22.02,19.99,下轨下方,-1.12,-0.95,-0.35,无信号,否
688187.SH,时代电气,59.03,14.40%,阳线,观望,57.68,57.75,55.74,56.93,62.12,55.74,49.35,布林带内,0.74,0.37,0.73,无信号,否
688188.SH,柏楚电子,173.19,1.88%,阳线||布林带下轨,观望,427.36,444.94,427.01,411.29,567.19,427.01,286.83,下轨下方,-1.65,13.47,-30.23,死叉,否
688189.SH,南新制药,9.74,4.39%,阳线||布林带下轨,观望,17.54,18.98,17.53,16.29,23.25,17.53,11.81,下轨下方,0.27,0.87,-1.21,死叉,否
688190.SH,云路股份,106.14,2.41%,阳线||MA5上穿MA10,观望,104.42,98.77,93.21,99.77,108.52,93.21,77.89,布林带内,2.99,0.5,4.98,无信号,否
688191.SH,智洋创新,58.04,11.64%,阳线,观望,79.05,79.24,74.28,70.49,91.94,74.28,56.62,布林带内,2.67,3.68,-2.01,死叉,否
688193.SH,仁度生物,54.81,2.62%,阳线,观望,55.38,57.35,56.84,53.88,63.53,56.84,50.15,布林带内,0.56,1.24,-1.34,无信号,否
688195.SH,腾景科技,332.1,3.47%,阳线,观望,337.03,351.98,351.24,296.57,392.94,351.24,309.54,布林带内,5.28,12.01,-13.45,无信号,否
688199.SH,久日新材,30.24,4.38%,阳线||布林带下轨,观望,43.16,44.2,43.69,41.73,50.72,43.69,36.66,下轨下方,0.04,1.0,-1.92,死叉,否
688200.SH,华峰测控,449.95,4.16%,阳线||多头排列||布林带下轨||MA5上穿MA10,多头排列,866.56,864.87,796.45,673.75,1065.23,796.45,527.67,下轨下方,43.3,61.32,-36.04,死叉,是
688201.SH,ST信安,8.9,2.06%,阳线||布林带下轨,观望,25.91,28.06,30.85,43.16,43.99,30.85,17.72,下轨下方,-5.2,-4.34,-1.71,死叉,否
688203.SH,海正生材,14.2,3.50%,阳线,观望,14.41,14.45,14.02,13.18,15.23,14.02,12.82,布林带内,0.4,0.43,-0.07,无信号,否
688205.SH,德科立,256.8,2.83%,阳线||布林带下轨,观望,379.23,410.2,397.35,341.72,485.71,397.35,308.99,下轨下方,2.83,17.38,-29.09,无信号,否
688206.SH,概伦电子,39.89,2.23%,阳线||多头排列||布林带上轨||MA5上穿MA10,多头排列,38.01,37.21,35.7,34.07,39.72,35.7,31.68,上轨上方,1.4,0.96,0.88,无信号,是
688207.SH,格灵深瞳,18.05,11.21%,阳线||布林带下轨,观望,22.96,23.37,22.21,21.58,26.15,22.21,18.28,下轨下方,0.41,0.7,-0.58,死叉,否
688208.SH,道通科技,39.91,0.86%,价升,观望,,,,,,,,,,,,,
688209.SH,英集芯,25.63,2.77%,阳线,观望,26.35,26.4,25.18,22.7,28.08,25.18,22.28,布林带内,1.07,1.13,-0.11,死叉,否
688210.SH,统联精密,49.8,1.84%,阳线||布林带下轨,观望,89.1,93.16,92.09,92.43,113.58,92.09,70.6,下轨下方,-1.99,0.71,-5.4,死叉,否
688211.SH,中科微至,38.26,2.03%,阳线||多头排列||MA5上穿MA10,多头排列,38.89,38.57,36.94,34.23,41.25,36.94,32.64,布林带内,1.4,1.38,0.04,无信号,是
688212.SH,澳华内镜,33.99,1.46%,价升,观望,34.68,35.82,36.72,38.27,39.77,36.72,33.66,布林带内,-0.87,-0.59,-0.56,无信号,否
688213.SH,思特威-W,115.07,5.74%,阳线,观望,,,,,,,,,,,,,
688215.SH,瑞晟智能,74.15,0.23%,价升||布林带下轨,观望,111.28,115.35,117.94,112.89,139.28,117.94,96.6,下轨下方,-2.66,0.67,-6.65,无信号,否
688216.SH,气派科技,36.0,4.23%,阳线||多头排列||MA5上穿MA10,多头排列,36.62,36.25,33.43,31.1,39.83,33.43,27.02,布林带内,1.86,1.67,0.37,无信号,是
688217.SH,睿昂基因,28.48,3.90%,阳线,观望,29.02,29.3,29.34,29.2,31.04,29.34,27.64,布林带内,-0.05,0.11,-0.33,无信号,否
688218.SH,江苏北人,43.9,0.87%,价升||多头排列||MA5上穿MA10,多头排列,45.03,43.74,39.06,29.14,50.3,39.06,27.82,布林带内,4.58,4.43,0.31,无信号,是
688219.SH,会通股份,12.02,3.80%,阳线,观望,12.13,12.13,11.84,11.66,12.62,11.84,11.07,布林带内,0.19,0.18,0.01,无信号,否
688220.SH,翱捷科技-U,115.75,1.76%,阳线||多头排列||MA5上穿MA10,多头排列,116.19,112.45,103.98,86.96,124.32,103.98,83.64,布林带内,8.8,8.06,1.47,无信号,是
688222.SH,成都先导,31.6,5.30%,阳线||多头排列||布林带上轨||MA5上穿MA10,多头排列,29.76,29.56,28.7,27.43,31.46,28.7,25.94,上轨上方,0.82,0.62,0.4,无信号,是
688223.SH,晶科能源,6.7,6.18%,阳线,观望,6.89,7.27,7.13,7.4,7.92,7.13,6.33,布林带内,-0.09,-0.02,-0.13,无信号,否
688225.SH,亚信安全,16.54,2.73%,阳线||MA5上穿MA10,观望,17.02,16.81,16.7,17.91,17.77,16.7,15.62,布林带内,-0.15,-0.23,0.15,无信号,否
688226.SH,威腾电气,60.88,4.28%,阳线||多头排列||MA5上穿MA10,多头排列,61.88,61.1,59.33,51.25,65.14,59.33,53.51,布林带内,2.58,2.76,-0.36,无信号,是
688227.SH,品高股份,90.05,0.61%,价升,观望,95.16,102.58,115.64,85.97,149.22,115.64,82.06,布林带内,0.53,6.21,-11.36,无信号,否
688228.SH,开普云,109.21,2.26%,阳线||MA5上穿MA10,观望,112.61,110.9,109.25,112.88,117.69,109.25,100.8,布林带内,0.08,-0.4,0.96,无信号,否
688229.SH,博睿数据,97.03,7.04%,阳线,观望,96.59,97.22,95.57,92.71,106.83,95.57,84.31,布林带内,1.29,1.48,-0.39,无信号,否
688230.SH,芯导科技,74.0,4.74%,阳线,观望,,,,,,,,,,,,,
688231.SH,隆达股份,53.94,12.02%,阳线||多头排列||MA5上穿MA10,多头排列,51.23,46.73,42.42,36.48,54.04,42.42,30.79,布林带内,4.35,3.27,2.16,无信号,是
688232.SH,新点软件,21.77,0.14%,价升||布林带下轨,观望,23.72,24.08,24.06,24.81,25.54,24.06,22.59,下轨下方,-0.27,-0.12,-0.3,死叉,否
688233.SH,神工股份,94.65,0.71%,价升||多头排列||MA5上穿MA10,多头排列,99.06,97.45,88.0,81.08,110.24,88.0,65.76,布林带内,5.96,5.09,1.73,无信号,是
688234.SH,天岳先进,153.74,10.12%,阳线||多头排列||MA5上穿MA10,多头排列,149.41,147.67,127.05,99.75,173.27,127.05,80.83,布林带内,15.4,13.77,3.27,无信号,是
688237.SH,超卓航科,51.77,1.87%,阳线,观望,52.02,52.56,54.33,52.38,58.26,54.33,50.4,布林带内,-0.54,-0.04,-1.01,无信号,否
688238.SH,和元生物,6.3,0.80%,阳线||布林带下轨,观望,7.87,8.18,8.48,9.05,9.62,8.48,7.33,下轨下方,-0.38,-0.23,-0.31,无信号,否
688239.SH,航宇科技,68.07,4.71%,阳线||布林带下轨,观望,87.19,91.28,88.06,85.24,104.31,88.06,71.8,下轨下方,0.64,2.52,-3.75,无信号,否
688244.SH,永信至诚,19.29,3.71%,阳线||布林带下轨,观望,54.26,59.25,61.58,64.65,81.77,61.58,41.4,下轨下方,-3.85,-0.9,-5.9,无信号,否
688246.SH,嘉和美康,23.85,1.06%,阳线||多头排列||MA5上穿MA10,多头排列,24.15,23.89,22.37,21.49,26.46,22.37,18.28,布林带内,1.0,0.88,0.24,无信号,是
688248.SH,南网科技,61.16,1.92%,阳线||多头排列||MA5上穿MA10,多头排列,63.08,63.02,60.95,60.45,67.66,60.95,54.24,布林带内,0.88,0.89,-0.02,死叉,是
688249.SH,晶合集成,39.0,0.05%,价升||多头排列||MA5上穿MA10,多头排列,40.63,39.06,35.6,32.47,43.64,35.6,27.56,布林带内,2.55,2.11,0.88,无信号,是
688251.SH,井松智能,29.1,2.36%,阳线||布林带下轨,观望,45.56,48.29,51.41,55.77,63.15,51.41,39.68,下轨下方,-3.86,-2.31,-3.1,无信号,否
688252.SH,天德钰,23.99,4.03%,阳线,观望,23.89,23.9,23.43,22.03,24.62,23.43,22.23,布林带内,0.53,0.55,-0.04,无信号,否
688255.SH,凯尔达,33.98,2.53%,阳线||布林带下轨,观望,46.01,46.08,44.98,43.19,51.92,44.98,38.05,下轨下方,0.51,1.14,-1.26,死叉,否
688257.SH,新锐股份,96.84,13.94%,阳线||布林带下轨,观望,205.63,211.31,209.41,200.03,267.9,209.41,150.91,下轨下方,-2.02,4.99,-14.0,死叉,否
688258.SH,卓易信息,131.09,3.23%,阳线||布林带下轨,观望,176.52,185.52,184.15,170.71,221.71,184.15,146.59,下轨下方,0.91,6.23,-10.63,无信号,否
688259.SH,创耀科技,40.5,4.22%,阳线||布林带下轨,观望,53.72,55.26,54.81,54.6,62.23,54.81,47.39,下轨下方,-0.47,0.5,-1.93,死叉,否
688260.SH,昀冢科技,72.71,20.00%,阳线||多头排列||布林带上轨||MA5上穿MA10,多头排列,60.09,55.35,45.39,34.48,69.13,45.39,21.65,上轨上方,8.54,6.25,4.59,无信号,是
688261.SH,东微半导,78.79,1.40%,价升||布林带下轨,观望,138.76,147.18,142.07,146.4,178.18,142.07,105.95,下轨下方,-2.18,1.86,-8.09,死叉,否
688262.SH,国芯科技,40.45,3.64%,价升||布林带下轨,观望,52.74,55.0,54.4,51.77,62.83,54.4,45.97,下轨下方,0.07,1.25,-2.36,无信号,否
688265.SH,南模生物,38.66,1.07%,阳线,观望,39.17,40.04,41.03,42.81,43.87,41.03,38.19,布林带内,-1.09,-0.84,-0.5,无信号,否
688267.SH,中触媒,33.85,3.17%,阳线||多头排列||MA5上穿MA10,多头排列,35.11,34.52,32.81,31.71,36.9,32.81,28.72,布林带内,0.98,0.86,0.24,无信号,是
688268.SH,华特气体,163.88,3.25%,阳线,观望,174.31,177.46,177.76,117.92,210.97,177.76,144.55,布林带内,13.4,18.18,-9.56,无信号,否
688269.SH,凯立新材,42.45,6.63%,阳线||布林带下轨,观望,57.7,60.6,61.0,61.22,70.2,61.0,51.81,下轨下方,-1.08,0.39,-2.94,无信号,否
688272.SH,富吉瑞,37.56,1.38%,阳线,观望,38.99,42.31,42.53,41.19,48.2,42.53,36.87,布林带内,-1.24,-0.31,-1.85,无信号,否
688273.SH,麦澜德,43.2,3.80%,阳线||布林带下轨,观望,45.47,46.97,48.15,47.0,52.37,48.15,43.93,下轨下方,-0.64,0.03,-1.35,无信号,否
688275.SH,万润新能,145.2,1.62%,阳线||布林带下轨,观望,202.64,215.68,219.99,183.82,260.16,219.99,179.82,下轨下方,1.15,9.45,-16.59,无信号,否
688279.SH,峰岹科技,250.19,4.68%,阳线||多头排列||MA5上穿MA10,多头排列,246.8,240.15,221.79,187.46,261.85,221.79,181.72,布林带内,17.73,15.87,3.73,无信号,是
688280.SH,精进电动-W,6.12,0.99%,阳线,观望,6.2,6.44,7.79,9.55,11.61,7.79,3.97,布林带内,-1.07,-0.98,-0.18,无信号,否
688281.SH,华秦科技,82.8,3.11%,阳线||布林带下轨,观望,292.67,321.5,318.21,328.67,438.51,318.21,197.91,下轨下方,-12.97,2.44,-30.8,死叉,否
688282.SH,理工导航,88.0,0.46%,价升,观望,88.57,92.38,88.32,80.71,102.3,88.32,74.35,布林带内,2.29,3.22,-1.88,无信号,否
688283.SH,坤恒顺维,45.23,2.10%,阳线||布林带下轨,观望,64.56,66.62,65.34,63.95,77.8,65.34,52.89,下轨下方,-0.13,1.2,-2.66,死叉,否
688285.SH,高铁电气,9.0,3.45%,阳线,观望,9.22,9.41,9.44,9.17,9.98,9.44,8.89,布林带内,0.02,0.1,-0.17,无信号,否
688286.SH,敏芯股份,72.82,2.69%,阳线||多头排列||MA5上穿MA10,多头排列,74.2,73.3,71.85,71.14,76.81,71.85,66.9,布林带内,0.94,0.77,0.35,无信号,是
688287.SH,退市观典,0.43,7.50%,阳线,观望,0.95,1.88,2.55,5.74,4.86,2.55,0.25,布林带内,-1.26,-1.15,-0.22,无信号,否
688288.SH,鸿泉技术,23.65,1.42%,阳线,观望,24.57,24.84,25.72,26.7,28.39,25.72,23.04,布林带内,-0.66,-0.51,-0.3,无信号,否
688289.SH,圣湘生物,17.41,0.58%,阳线||布林带下轨,观望,28.85,30.7,31.16,32.37,37.78,31.16,24.55,下轨下方,-1.33,-0.41,-1.86,无信号,否
688291.SH,金橙子,55.85,2.55%,阳线,观望,,,,,,,,,,,,,
688292.SH,浩瀚深度,25.95,3.63%,阳线||MA5上穿MA10,观望,26.25,25.24,24.35,25.31,27.2,24.35,21.5,布林带内,0.35,0.01,0.67,无信号,否
688293.SH,奥浦迈,45.65,0.68%,价升||布林带下轨,观望,62.48,65.95,69.84,69.67,83.26,69.84,56.41,下轨下方,-3.21,-1.06,-4.3,无信号,否
688295.SH,中复神鹰,53.25,4.09%,阳线,观望,,,,,,,,,,,,,
688296.SH,和达科技,16.56,4.81%,阳线||多头排列||MA5上穿MA10,多头排列,16.85,16.7,16.0,15.41,17.96,16.0,14.05,布林带内,0.51,0.49,0.04,无信号,是
688298.SH,东方生物,21.98,0.83%,阳线||布林带下轨,观望,45.33,49.66,50.59,51.67,64.68,50.59,36.51,下轨下方,-2.51,-0.36,-4.3,无信号,否
688299.SH,长阳科技,19.5,3.56%,阳线||多头排列||MA5上穿MA10,多头排列,20.12,20.11,19.27,18.78,21.61,19.27,16.93,布林带内,0.48,0.48,-0.01,死叉,是
688300.SH,联瑞新材,134.85,15.19%,阳线||布林带下轨,观望,303.34,318.08,287.52,258.44,402.89,287.52,172.16,下轨下方,8.67,18.09,-18.83,死叉,否
688301.SH,奕瑞科技,176.71,2.74%,价升||多头排列||布林带下轨||MA5上穿MA10,多头排列,392.22,371.37,349.37,332.61,479.26,349.37,219.48,下轨下方,12.91,16.03,-6.25,死叉,是
688303.SH,大全能源,20.65,1.47%,阳线||布林带下轨,观望,24.71,25.85,26.61,26.91,29.84,26.61,23.38,下轨下方,-0.74,-0.21,-1.06,无信号,否
688305.SH,科德数控,70.85,2.89%,阳线,观望,85.25,85.47,82.07,78.96,93.52,82.07,70.62,布林带内,1.89,2.42,-1.06,死叉,否
688306.SH,均普智能,10.43,1.46%,阳线||多头排列||MA5上穿MA10,多头排列,10.43,10.24,9.86,9.61,10.79,9.86,8.93,布林带内,0.28,0.22,0.13,无信号,是
688307.SH,中润光学,89.08,1.11%,价升,观望,,,,,,,,,,,,,
688308.SH,欧科亿,132.0,15.79%,阳线||多头排列||MA5上穿MA10,多头排列,154.62,153.89,144.7,130.34,169.77,144.7,119.64,布林带内,5.94,6.88,-1.87,死叉,是
688309.SH,恒誉环保,77.12,4.93%,阳线,观望,78.24,79.71,75.69,63.55,87.19,75.69,64.19,布林带内,3.35,4.17,-1.64,无信号,否
688310.SH,迈得医疗,16.55,2.67%,阳线||布林带下轨,观望,31.66,34.12,34.76,34.33,43.54,34.76,25.98,下轨下方,-1.18,0.23,-2.82,无信号,否
688311.SH,盟升电子,32.0,1.33%,阳线||布林带下轨,观望,43.58,46.47,49.22,54.91,59.83,49.22,38.61,下轨下方,-3.4,-2.17,-2.45,无信号,否
688312.SH,燕麦科技,98.3,6.34%,阳线||多头排列||MA5上穿MA10,多头排列,97.13,92.27,83.53,64.87,105.42,83.53,61.65,布林带内,9.17,8.23,1.87,无信号,是
688313.SH,仕佳光子,174.72,4.07%,阳线,观望,174.98,177.31,162.15,115.86,200.38,162.15,123.92,布林带内,16.14,17.62,-2.97,无信号,否
688314.SH,康拓医疗,40.44,1.10%,阳线,观望,,,,,,,,,,,,,
688315.SH,诺禾致源,14.74,0.75%,价升,观望,15.07,15.36,15.0,14.66,16.04,15.0,13.96,布林带内,0.13,0.19,-0.11,无信号,否
688316.SH,青云科技-U,73.57,5.95%,阳线,观望,74.92,75.61,75.01,75.54,81.51,75.01,68.52,布林带内,-0.06,0.18,-0.49,无信号,否
688317.SH,之江生物,20.77,4.37%,阳线||布林带下轨,观望,23.87,24.11,24.21,24.33,26.24,24.21,22.17,下轨下方,-0.29,-0.08,-0.42,死叉,否
688319.SH,欧林生物,36.96,3.47%,阳线||多头排列||MA5上穿MA10,多头排列,38.52,38.42,34.72,31.0,43.56,34.72,25.87,布林带内,2.31,2.26,0.08,无信号,是
688320.SH,禾川科技,40.54,0.87%,阳线||多头排列||MA5上穿MA10,多头排列,40.77,39.8,36.75,33.76,44.39,36.75,29.11,布林带内,2.3,1.97,0.66,无信号,是
688322.SH,奥比中光-W,118.15,7.80%,阳线||多头排列||布林带上轨||MA5上穿MA10,多头排列,105.31,96.23,88.55,83.45,111.27,88.55,65.83,上轨上方,7.03,3.72,6.6,无信号,是
688323.SH,瑞华泰,40.6,3.68%,阳线||多头排列||MA5上穿MA10,多头排列,36.37,33.41,29.22,24.2,40.78,29.22,17.66,布林带内,4.03,2.89,2.3,无信号,是
688327.SH,云从科技-UW,14.49,3.72%,阳线||布林带下轨,观望,19.0,19.29,19.31,19.48,21.91,19.31,16.71,下轨下方,-0.18,0.13,-0.61,死叉,否
688328.SH,深科达,69.32,0.55%,价升,观望,,,,,,,,,,,,,
688329.SH,艾隆科技,27.0,1.66%,阳线||MA5上穿MA10,观望,27.68,27.15,25.66,26.07,29.45,25.66,21.87,布林带内,0.64,0.39,0.52,无信号,否
688330.SH,宏力达,40.09,4.67%,阳线||布林带下轨,观望,56.15,58.68,62.78,69.81,77.66,62.78,47.9,下轨下方,-4.75,-3.37,-2.75,无信号,否
688333.SH,铂力特,88.44,2.22%,阳线||布林带下轨,观望,213.04,235.53,237.8,255.39,311.69,237.8,163.91,下轨下方,-14.26,-3.89,-20.75,无信号,否
688334.SH,西高院,20.48,1.94%,阳线||布林带下轨,观望,21.51,21.85,21.96,23.05,23.09,21.96,20.83,下轨下方,-0.37,-0.26,-0.22,无信号,否
688337.SH,普源精电,65.19,5.11%,阳线||布林带下轨,观望,91.06,91.66,93.39,78.82,108.21,93.39,78.57,下轨下方,1.25,3.8,-5.1,无信号,否
688338.SH,赛科希德,28.41,2.49%,阳线||布林带下轨,观望,36.21,37.65,39.52,40.95,45.65,39.52,33.39,下轨下方,-1.58,-0.74,-1.68,无信号,否
688339.SH,亿华通-U,25.02,3.95%,阳线||布林带下轨,观望,60.78,67.07,68.12,75.04,89.18,68.12,47.05,下轨下方,-4.09,-1.14,-5.9,无信号,否
688343.SH,云天励飞-U,78.5,1.29%,价升,观望,81.55,82.85,86.08,87.22,95.62,86.08,76.55,布林带内,-1.76,-0.79,-1.94,无信号,否
688345.SH,博力威,54.63,2.02%,阳线,观望,,,,,,,,,,,,,
688347.SH,华虹公司,179.0,5.92%,阳线||多头排列||MA5上穿MA10,多头排列,164.79,161.83,152.14,130.66,183.14,152.14,121.14,布林带内,11.02,9.45,3.14,无信号,是
688348.SH,昱能科技,47.86,2.35%,阳线||布林带下轨,观望,89.47,96.25,100.62,109.71,126.17,100.62,75.08,下轨下方,-7.04,-3.52,-7.04,无信号,否
688349.SH,三一重能,22.09,0.41%,价升||布林带下轨,观望,23.38,24.23,25.28,26.35,28.06,25.28,22.49,下轨下方,-0.81,-0.49,-0.65,无信号,否
688350.SH,富淼科技,38.55,2.66%,价升||多头排列||MA5上穿MA10,多头排列,39.79,38.53,34.75,31.88,43.28,34.75,26.22,布林带内,2.44,1.99,0.89,无信号,是
688351.SH,微电生理,27.52,5.97%,阳线,观望,26.34,26.38,25.17,23.79,28.12,25.17,22.22,布林带内,0.81,0.71,0.2,无信号,否
688352.SH,颀中科技,15.0,4.17%,阳线||多头排列||MA5上穿MA10,多头排列,15.32,14.97,14.06,13.61,16.11,14.06,12.01,布林带内,0.58,0.46,0.25,无信号,是
688353.SH,华盛锂电,95.51,0.75%,阳线||布林带下轨,观望,134.57,143.3,156.83,164.08,196.26,156.83,117.39,下轨下方,-11.83,-6.81,-10.05,无信号,否
688355.SH,明志科技,23.73,4.86%,阳线||多头排列||MA5上穿MA10,多头排列,24.94,24.93,24.86,23.64,26.12,24.86,23.59,布林带内,0.21,0.38,-0.34,无信号,是
688356.SH,键凯科技,81.47,0.33%,价升,观望,85.02,90.47,96.94,100.58,114.15,96.94,79.73,布林带内,-5.06,-3.18,-3.76,无信号,否
688357.SH,建龙微纳,34.43,1.50%,阳线||布林带下轨,观望,57.31,60.32,63.87,63.72,78.56,63.87,49.18,下轨下方,-2.8,-0.59,-4.41,无信号,否
688358.SH,祥生医疗,33.79,0.33%,阳线||布林带下轨,观望,49.85,51.78,50.46,49.58,60.2,50.46,40.71,下轨下方,-0.14,0.96,-2.2,死叉,否
688359.SH,三孚新科,136.65,10.67%,阳线||多头排列||MA5上穿MA10,多头排列,132.68,125.95,112.91,94.16,143.04,112.91,82.78,布林带内,11.4,9.74,3.32,无信号,是
688360.SH,德马科技,26.81,11.62%,阳线||多头排列||布林带下轨||MA5上穿MA10,多头排列,57.13,56.33,54.33,53.73,71.16,54.33,37.5,下轨下方,0.07,1.07,-2.0,死叉,是
688361.SH,中科飞测,245.45,1.59%,阳线||多头排列||MA5上穿MA10,多头排列,233.94,218.08,201.22,179.72,250.41,201.22,152.04,布林带内,17.31,12.03,10.55,无信号,是
688362.SH,甬矽电子,56.3,6.49%,阳线||多头排列||布林带上轨||MA5上穿MA10,多头排列,52.67,51.73,49.92,44.61,55.25,49.92,44.6,上轨上方,2.39,2.03,0.72,无信号,是
688366.SH,昊海生科,34.89,0.49%,价升||布林带下轨,观望,50.93,54.72,57.36,60.58,68.79,57.36,45.93,下轨下方,-3.18,-1.44,-3.48,无信号,否
688367.SH,工大高科,37.07,5.73%,阳线,观望,37.62,38.89,40.03,38.31,43.75,40.03,36.31,布林带内,-0.45,0.15,-1.21,无信号,否
688368.SH,晶丰明源,205.07,3.54%,阳线||多头排列||MA5上穿MA10,多头排列,268.22,259.5,240.2,206.25,297.48,240.2,182.91,布林带内,15.41,16.35,-1.87,死叉,是
688369.SH,致远互联,23.7,4.54%,阳线||布林带下轨,观望,34.71,36.42,37.33,37.0,44.14,37.33,30.52,下轨下方,-1.14,-0.03,-2.23,无信号,否
688370.SH,丛麟科技,25.44,0.16%,价升||布林带下轨,观望,34.43,35.15,35.64,36.58,40.59,35.64,30.69,下轨下方,-0.82,-0.22,-1.21,死叉,否
688371.SH,菲沃泰,41.9,7.44%,阳线||多头排列||MA5上穿MA10,多头排列,39.04,37.58,31.04,23.86,46.05,31.04,16.04,布林带内,4.96,4.11,1.71,无信号,是
688372.SH,伟测科技,164.57,4.81%,阳线||布林带下轨,观望,257.05,267.56,262.8,246.12,317.04,262.8,208.57,下轨下方,-0.49,7.14,-15.28,无信号,否
688375.SH,国博电子,106.81,0.76%,价升||布林带下轨,观望,154.54,169.64,181.05,175.51,224.38,181.05,137.72,下轨下方,-9.03,-1.54,-14.97,无信号,否
688376.SH,美埃科技,81.08,5.86%,阳线||多头排列||MA5上穿MA10,多头排列,81.57,79.4,74.97,67.88,85.65,74.97,64.28,布林带内,3.54,3.13,0.83,无信号,是
688378.SH,奥来德,50.9,6.37%,阳线||布林带下轨,观望,144.93,154.62,151.22,135.31,203.66,151.22,98.78,下轨下方,0.06,7.46,-14.81,死叉,否
688379.SH,华光新材,75.6,5.47%,阳线,观望,75.43,76.59,72.06,58.08,84.75,72.06,59.37,布林带内,5.24,5.85,-1.22,无信号,否
688381.SH,帝奥微,43.95,2.21%,价升||多头排列||MA5上穿MA10,多头排列,41.99,38.74,35.62,27.6,44.99,35.62,26.25,布林带内,4.23,3.48,1.48,无信号,是
688383.SH,新益昌,135.99,2.25%,阳线||多头排列||MA5上穿MA10,多头排列,134.47,126.77,114.3,91.26,144.77,114.3,83.83,布林带内,11.91,9.88,4.04,无信号,是
688385.SH,复旦微电,67.42,2.85%,阳线,观望,69.63,71.35,71.95,72.76,77.4,71.95,66.51,布林带内,-0.8,-0.21,-1.17,无信号,否
688386.SH,泛亚微透,93.13,8.40%,阳线||布林带下轨||MA5上穿MA10,观望,110.63,110.55,110.56,109.9,122.85,110.56,98.28,下轨下方,-0.03,0.96,-1.99,死叉,否
688387.SH,信科移动-U,18.6,2.65%,阳线,观望,19.01,20.2,19.49,16.8,22.94,19.49,16.04,布林带内,0.64,1.04,-0.81,无信号,否
688388.SH,嘉元科技,44.8,5.07%,阳线||布林带下轨,观望,60.75,64.5,67.94,65.11,81.01,67.94,54.87,下轨下方,-2.27,0.07,-4.69,无信号,否
688389.SH,普门科技,12.25,0.16%,价升||布林带下轨,观望,13.37,13.72,13.94,14.1,14.9,13.94,12.99,下轨下方,-0.22,-0.07,-0.31,无信号,否
688390.SH,固德威,141.72,3.66%,阳线||布林带下轨,观望,326.54,326.86,301.57,272.7,417.49,301.57,185.64,下轨下方,12.44,20.04,-15.21,死叉,否
688391.SH,钜泉科技,33.29,2.75%,阳线||布林带下轨,观望,65.93,69.43,69.12,68.57,86.96,69.12,51.29,下轨下方,-1.63,0.77,-4.81,死叉,否
688392.SH,骄成超声,157.45,1.12%,价升||布林带下轨,观望,217.77,223.15,211.07,183.0,252.88,211.07,169.26,下轨下方,8.02,12.31,-8.59,死叉,否
688393.SH,安必平,24.44,2.78%,阳线,观望,25.28,25.5,25.25,25.44,26.72,25.25,23.77,布林带内,0.02,0.11,-0.18,无信号,否
688395.SH,正弦电气,31.76,2.45%,阳线,观望,32.37,32.7,30.98,28.52,35.13,30.98,26.84,布林带内,1.22,1.29,-0.14,死叉,否
688396.SH,华润微,62.4,4.35%,阳线||多头排列||MA5上穿MA10,多头排列,63.35,62.96,59.43,53.34,67.65,59.43,51.21,布林带内,3.09,3.04,0.11,无信号,是
688398.SH,赛特新材,33.04,0.85%,阳线||布林带下轨,观望,65.19,68.08,68.83,59.5,86.74,68.83,50.93,下轨下方,0.11,3.07,-5.92,无信号,否
688399.SH,硕世生物,58.89,1.67%,阳线||布林带下轨,观望,101.22,109.91,112.56,109.81,138.77,112.56,86.35,下轨下方,-3.55,0.76,-8.63,无信号,否
688400.SH,凌云光,66.22,3.84%,阳线||多头排列||MA5上穿MA10,多头排列,67.04,66.26,60.29,49.58,77.5,60.29,43.08,布林带内,5.08,5.17,-0.18,死叉,是
688401.SH,路维光电,74.16,6.67%,阳线||布林带下轨,观望,97.5,99.41,97.92,83.36,111.93,97.92,83.91,下轨下方,3.14,5.23,-4.18,无信号,否
688403.SH,汇成股份,19.75,1.80%,阳线,观望,,,,,,,,,,,,,
688408.SH,中信博,38.77,3.80%,阳线||布林带下轨,观望,55.65,58.27,61.21,62.96,72.81,61.21,49.61,下轨下方,-2.54,-0.93,-3.21,无信号,否
688409.SH,富创精密,167.07,2.13%,阳线||多头排列||MA5上穿MA10,多头排列,239.82,222.62,198.27,160.45,272.47,198.27,124.06,布林带内,20.88,20.65,0.45,无信号,是
688410.SH,山外山,17.48,6.39%,阳线||布林带下轨,观望,32.83,35.54,36.4,35.93,45.6,36.4,27.21,下轨下方,-1.39,0.05,-2.88,无信号,否
688411.SH,海博思创,252.16,1.10%,阳线,观望,256.97,257.29,251.26,246.42,279.87,251.26,222.66,布林带内,3.99,4.38,-0.78,死叉,否
688416.SH,恒烁股份,123.9,7.04%,阳线,观望,123.36,124.15,112.98,94.79,138.49,112.98,87.48,布林带内,8.93,9.0,-0.16,死叉,否
688418.SH,震有科技,49.89,2.23%,价升,观望,50.14,51.28,49.28,44.4,56.44,49.28,42.12,布林带内,1.55,1.94,-0.77,无信号,否
688419.SH,耐科装备,60.44,11.10%,阳线||MA5上穿MA10,观望,72.4,68.95,65.89,65.97,78.46,65.89,53.32,布林带内,1.51,0.83,1.37,无信号,否
688420.SH,美腾科技,28.16,1.51%,阳线||多头排列||MA5上穿MA10,多头排列,28.89,28.6,27.86,26.68,30.49,27.86,25.22,布林带内,0.72,0.72,-0.0,死叉,是
688426.SH,康为世纪,20.72,2.78%,阳线||布林带下轨,观望,24.68,25.29,25.18,26.03,27.92,25.18,22.44,下轨下方,-0.34,-0.02,-0.63,死叉,否
688429.SH,时创能源,13.63,2.87%,阳线,观望,13.89,14.25,14.23,15.03,15.02,14.23,13.45,布林带内,-0.25,-0.19,-0.12,无信号,否
688432.SH,有研硅,19.5,1.72%,阳线||多头排列||MA5上穿MA10,多头排列,20.27,19.69,17.96,16.05,21.89,17.96,14.03,布林带内,1.31,1.18,0.27,无信号,是
688433.SH,华曙高科,102.21,9.43%,阳线||多头排列||MA5上穿MA10,多头排列,96.12,95.77,88.56,86.4,104.28,88.56,72.84,布林带内,4.4,3.24,2.31,无信号,是
688435.SH,英方软件,41.66,0.22%,价升||MA5上穿MA10,观望,42.77,42.39,41.72,45.15,44.38,41.72,39.06,布林带内,-0.25,-0.5,0.51,无信号,否
688439.SH,振华风光,52.46,2.38%,阳线||MA5上穿MA10,观望,52.99,52.89,52.47,54.4,54.45,52.47,50.49,布林带内,-0.04,-0.2,0.32,无信号,否
688443.SH,智翔金泰-U,29.75,1.22%,价升,观望,29.53,30.09,30.43,28.5,31.89,30.43,28.96,布林带内,0.06,0.32,-0.51,无信号,否
688448.SH,磁谷科技,71.78,3.07%,阳线,观望,71.26,73.28,69.71,62.91,79.11,69.71,60.3,布林带内,2.77,3.18,-0.81,无信号,否
688449.SH,联芸科技,87.79,4.31%,价升||多头排列||MA5上穿MA10,多头排列,80.43,74.06,63.2,52.09,90.55,63.2,35.85,布林带内,9.18,6.6,5.16,无信号,是
688450.SH,光格科技,49.09,6.37%,阳线,观望,47.32,47.81,47.13,39.27,50.1,47.13,44.17,布林带内,1.92,2.34,-0.84,无信号,否
688455.SH,科捷智能,21.16,1.34%,阳线||MA5上穿MA10,观望,21.85,21.44,21.61,24.04,23.45,21.61,19.77,布林带内,-0.94,-1.04,0.2,无信号,否
688456.SH,有研粉材,85.57,8.48%,阳线||多头排列||MA5上穿MA10,多头排列,84.45,84.15,75.06,64.08,96.12,75.06,54.0,布林带内,6.67,6.29,0.74,无信号,是
688458.SH,美芯晟,47.49,12.54%,阳线||多头排列||MA5上穿MA10,多头排列,58.77,58.66,55.29,52.58,65.56,55.29,45.01,布林带内,1.92,2.2,-0.56,死叉,是
688466.SH,金科环境,18.14,1.91%,阳线||布林带下轨,观望,22.18,22.78,22.68,22.58,25.27,22.68,20.09,下轨下方,-0.17,0.19,-0.72,无信号,否
688468.SH,科美诊断,7.05,0.43%,阳线||布林带下轨,观望,7.76,7.96,8.06,8.13,8.64,8.06,7.47,下轨下方,-0.12,-0.03,-0.19,无信号,否
688469.SH,芯联集成-U,7.62,2.70%,阳线||多头排列||MA5上穿MA10,多头排列,7.7,7.68,7.26,6.97,8.23,7.26,6.28,布林带内,0.26,0.23,0.06,无信号,是
688472.SH,阿特斯,14.44,2.70%,阳线,观望,14.79,15.07,14.54,14.35,16.17,14.54,12.91,布林带内,0.23,0.28,-0.1,无信号,否
688475.SH,萤石网络,30.01,1.49%,阳线||布林带下轨,观望,41.07,42.82,43.73,41.32,50.44,43.73,37.01,下轨下方,-0.59,0.62,-2.43,无信号,否
688478.SH,晶升股份,66.99,6.54%,价升||多头排列||MA5上穿MA10,多头排列,69.2,65.17,54.89,41.35,79.43,54.89,30.36,布林带内,8.33,7.27,2.12,无信号,是
688479.SH,友车科技,40.3,3.47%,阳线,观望,41.02,41.87,40.85,36.1,45.32,40.85,36.38,布林带内,1.37,1.83,-0.92,无信号,否
688480.SH,赛恩斯,98.0,6.68%,阳线,观望,95.31,100.48,99.44,100.84,112.33,99.44,86.56,布林带内,0.45,1.47,-2.04,无信号,否
688484.SH,南芯科技,45.33,2.14%,阳线,观望,46.31,46.6,43.29,40.08,51.0,43.29,35.59,布林带内,2.14,2.04,0.19,无信号,否
688485.SH,九州一轨,56.05,2.17%,阳线,观望,56.29,58.09,55.28,38.69,66.81,55.28,43.75,布林带内,4.41,5.55,-2.27,无信号,否
688486.SH,龙迅股份,86.85,2.81%,阳线||布林带下轨,观望,153.7,158.8,155.9,138.21,192.35,155.9,119.46,下轨下方,2.53,7.68,-10.3,死叉,否
688489.SH,三未信安,42.64,3.85%,价升||布林带下轨,观望,59.42,61.49,60.64,60.6,70.27,60.64,51.01,下轨下方,-0.61,0.62,-2.45,死叉,否
688498.SH,源杰科技,1066.4,2.73%,阳线,观望,,,,,,,,,,,,,
688499.SH,利元亨,57.78,2.74%,阳线||布林带下轨,观望,76.19,76.86,77.42,75.31,87.38,77.42,67.46,下轨下方,-0.28,1.03,-2.61,死叉,否
688500.SH,慧辰股份,58.69,1.79%,阳线||多头排列||MA5上穿MA10,多头排列,58.81,55.44,51.97,51.94,61.9,51.97,42.04,布林带内,2.22,1.09,2.25,无信号,是
688501.SH,青达环保,24.32,3.93%,阳线||布林带下轨,观望,30.82,31.23,32.3,33.69,36.69,32.3,27.92,下轨下方,-1.07,-0.56,-1.02,无信号,否
688502.SH,茂莱光学,537.0,2.54%,阳线,观望,546.06,552.96,525.02,402.38,604.31,525.02,445.73,布林带内,39.74,45.69,-11.91,无信号,否
688505.SH,复旦张江,7.67,0.13%,价升||布林带下轨,观望,7.98,8.13,8.15,8.3,8.54,8.15,7.77,下轨下方,-0.09,-0.04,-0.09,无信号,否
688507.SH,索辰科技,162.91,14.01%,阳线||多头排列||MA5上穿MA10,多头排列,283.77,248.17,226.04,207.28,321.89,226.04,130.19,布林带内,17.75,14.95,5.6,无信号,是
688508.SH,芯朋微,91.0,1.68%,阳线,观望,92.3,92.3,86.32,71.51,100.28,86.32,72.37,布林带内,6.22,6.39,-0.34,死叉,否
688509.SH,正元地信,4.85,1.25%,阳线||多头排列||MA5上穿MA10,多头排列,4.93,4.92,4.73,4.71,5.16,4.73,4.3,布林带内,0.09,0.07,0.03,无信号,是
688510.SH,航亚科技,31.0,1.44%,价升,观望,32.39,34.04,34.07,35.55,37.79,34.07,30.36,布林带内,-0.58,-0.17,-0.82,无信号,否
688511.SH,天微电子,26.89,1.59%,价升,观望,,,,,,,,,,,,,
688512.SH,慧智微-U,16.87,19.99%,阳线||多头排列||布林带上轨||MA5上穿MA10,多头排列,15.3,14.78,13.74,12.67,16.4,13.74,11.09,上轨上方,0.84,0.61,0.46,无信号,是
688516.SH,奥特维,77.8,1.75%,阳线||布林带下轨,观望,214.07,242.95,249.42,252.11,334.5,249.42,164.35,下轨下方,-13.99,-0.68,-26.62,无信号,否
688517.SH,金冠电气,23.43,3.67%,阳线,观望,24.74,25.08,24.44,22.14,26.55,24.44,22.34,布林带内,0.61,0.84,-0.44,无信号,否
688518.SH,联赢激光,31.21,5.19%,阳线||多头排列||MA5上穿MA10,多头排列,30.72,30.36,29.65,27.79,31.79,29.65,27.51,布林带内,0.85,0.78,0.13,无信号,是
688519.SH,南亚新材,201.93,10.34%,阳线,观望,,,,,,,,,,,,,
688521.SH,芯原股份,275.75,0.81%,价升||多头排列||MA5上穿MA10,多头排列,280.7,273.89,262.79,240.61,304.57,262.79,221.01,布林带内,10.99,10.24,1.49,无信号,是
688522.SH,纳睿雷达,33.9,2.05%,阳线||布林带下轨,观望,60.97,64.49,66.99,69.58,82.84,66.99,51.14,下轨下方,-3.1,-0.8,-4.6,无信号,否
688523.SH,航天环宇,68.02,2.02%,阳线,观望,69.9,76.06,72.34,66.99,88.11,72.34,56.56,布林带内,1.13,2.56,-2.86,无信号,否
688525.SH,佰维存储,312.25,3.74%,阳线,观望,314.88,315.72,296.5,247.92,344.6,296.5,248.39,布林带内,16.81,18.5,-3.38,无信号,否
688528.SH,秦川物联,13.05,5.24%,阳线||多头排列||MA5上穿MA10,多头排列,12.92,12.87,12.48,11.77,13.65,12.48,11.3,布林带内,0.39,0.38,0.01,无信号,是
688529.SH,豪森智能,20.61,4.62%,阳线||多头排列||MA5上穿MA10,多头排列,20.66,20.58,20.32,19.23,21.15,20.32,19.49,布林带内,0.43,0.46,-0.06,无信号,是
688530.SH,欧莱新材,51.76,4.57%,阳线,观望,53.98,55.05,51.76,38.81,64.8,51.76,38.72,布林带内,4.37,5.32,-1.88,无信号,否
688531.SH,日联科技,168.5,13.09%,阳线||多头排列||MA5上穿MA10,多头排列,283.68,280.57,243.53,181.72,363.66,243.53,123.4,布林带内,28.44,32.98,-9.08,死叉,是
688533.SH,上声电子,27.58,2.07%,阳线,观望,28.4,28.47,28.12,29.16,29.22,28.12,27.03,布林带内,-0.01,-0.03,0.04,无信号,否
688536.SH,思瑞浦,298.99,3.21%,阳线,观望,418.87,429.75,392.13,309.47,503.18,392.13,281.08,布林带内,28.52,37.16,-17.29,死叉,否
688538.SH,和辉光电-U,2.38,0.42%,阳线||MA5上穿MA10,观望,2.34,2.33,2.3,2.36,2.39,2.3,2.2,布林带内,0.01,-0.0,0.02,无信号,否
688539.SH,高华科技,38.43,3.14%,阳线||布林带下轨,观望,52.13,55.03,55.65,55.35,65.93,55.65,45.38,下轨下方,-1.31,0.14,-2.88,无信号,否
688545.SH,兴福电子,82.0,4.61%,阳线||多头排列||MA5上穿MA10,多头排列,85.78,85.74,70.31,57.59,103.52,70.31,37.1,布林带内,9.15,8.42,1.47,无信号,是
688549.SH,中巨芯-U,16.3,3.49%,阳线||多头排列||MA5上穿MA10,多头排列,17.17,15.6,13.4,10.78,19.01,13.4,7.78,布林带内,1.88,1.56,0.63,无信号,是
688550.SH,瑞联新材,50.52,1.96%,阳线||布林带下轨,观望,112.7,117.19,114.15,114.65,148.2,114.15,80.11,下轨下方,-1.64,1.68,-6.64,死叉,否
688551.SH,科威尔,67.01,5.44%,阳线||多头排列||MA5上穿MA10,多头排列,68.51,68.1,58.98,50.45,78.6,58.98,39.35,布林带内,5.73,5.11,1.24,无信号,是
688552.SH,航天南湖,35.22,0.40%,阳线,观望,36.23,37.77,40.29,41.37,47.98,40.29,32.6,布林带内,-1.87,-1.23,-1.29,无信号,否
688556.SH,高测股份,13.88,2.66%,阳线||布林带下轨,观望,56.39,63.74,64.36,68.22,89.11,64.36,39.62,下轨下方,-4.03,-0.44,-7.19,无信号,否
688557.SH,兰剑智能,35.19,1.44%,阳线||布林带下轨,观望,48.46,49.8,50.25,49.55,57.53,50.25,42.97,下轨下方,-0.55,0.47,-2.05,死叉,否
688558.SH,国盛智科,41.09,1.86%,阳线,观望,43.36,43.64,41.55,35.55,48.22,41.55,34.89,布林带内,2.32,2.66,-0.68,无信号,否
688559.SH,海目星,69.29,3.23%,阳线||多头排列||MA5上穿MA10,多头排列,66.96,66.69,63.64,58.14,71.09,63.64,56.18,布林带内,2.87,2.69,0.37,无信号,是
688560.SH,明冠新材,16.3,4.29%,阳线,观望,16.76,17.19,17.34,16.98,18.46,17.34,16.22,布林带内,-0.0,0.18,-0.35,无信号,否
688562.SH,航天软件,18.04,2.15%,阳线,观望,18.36,18.75,19.02,19.6,20.34,19.02,17.7,布林带内,-0.35,-0.22,-0.25,无信号,否
688565.SH,力源科技,12.37,2.57%,阳线||布林带下轨,观望,16.64,17.35,17.71,18.64,20.39,17.71,15.03,下轨下方,-0.62,-0.23,-0.78,无信号,否
688566.SH,吉贝尔,26.5,1.96%,阳线||布林带下轨,观望,28.31,29.24,30.21,31.83,33.27,30.21,27.15,下轨下方,-1.21,-0.91,-0.6,无信号,否
688567.SH,孚能科技,14.7,1.45%,价升||布林带上轨||MA5上穿MA10,观望,14.16,13.9,13.9,13.75,14.63,13.9,13.17,上轨上方,0.15,0.07,0.16,无信号,否
688570.SH,天玛智控,16.66,0.30%,阳线||布林带下轨,观望,17.49,17.78,18.07,18.58,19.03,18.07,17.11,下轨下方,-0.32,-0.2,-0.24,无信号,否
688571.SH,杭华股份,9.97,7.78%,阳线||布林带下轨,观望,12.54,12.67,12.36,11.5,14.12,12.36,10.6,下轨下方,0.25,0.42,-0.35,死叉,否
688573.SH,信宇人,24.29,4.70%,阳线||多头排列||MA5上穿MA10,多头排列,24.27,24.24,23.36,21.89,25.67,23.36,21.05,布林带内,0.74,0.76,-0.03,无信号,是
688576.SH,西山科技,80.4,3.08%,阳线||多头排列||MA5上穿MA10,多头排列,80.3,79.32,76.34,75.13,83.58,76.34,69.11,布林带内,1.95,1.5,0.9,无信号,是
688577.SH,浙海德曼,94.95,1.32%,阳线||多头排列||布林带下轨||MA5上穿MA10,多头排列,160.15,158.98,151.82,139.86,191.52,151.82,112.11,下轨下方,4.36,6.94,-5.16,死叉,是
688579.SH,地纬智能,9.98,2.36%,阳线,观望,10.34,10.4,10.69,11.42,11.55,10.69,9.82,布林带内,-0.29,-0.26,-0.06,无信号,否
688580.SH,伟思医疗,57.78,1.19%,阳线||布林带下轨,观望,82.58,88.04,90.4,86.17,106.81,90.4,73.99,下轨下方,-2.05,1.03,-6.16,无信号,否
688581.SH,安杰思,61.86,4.72%,阳线||布林带下轨,观望,83.72,89.26,88.68,84.94,103.67,88.68,73.68,下轨下方,-0.75,1.67,-4.85,无信号,否
688582.SH,芯动联科,52.71,3.01%,阳线,观望,,,,,,,,,,,,,
688583.SH,思看科技,132.5,5.45%,阳线||布林带下轨||MA5上穿MA10,观望,160.34,158.77,157.72,164.86,174.62,157.72,140.82,下轨下方,-1.56,-0.74,-1.65,死叉,否
688586.SH,江航装备,13.86,1.09%,价升,观望,,,,,,,,,,,,,
688588.SH,凌志软件,11.95,1.27%,阳线||布林带下轨,观望,13.1,13.29,13.22,13.52,14.03,13.22,12.41,下轨下方,-0.11,-0.02,-0.17,死叉,否
688589.SH,力合微,24.3,4.74%,阳线||布林带下轨,观望,33.8,35.05,34.59,34.54,40.14,34.59,29.05,下轨下方,-0.37,0.36,-1.46,死叉,否
688590.SH,新致软件,17.49,7.17%,阳线||多头排列||MA5上穿MA10,多头排列,22.08,21.74,20.79,20.01,24.22,20.79,17.36,布林带内,0.49,0.64,-0.31,死叉,是
688592.SH,司南导航,42.73,1.26%,阳线||布林带下轨,观望,54.0,56.85,58.21,57.86,66.21,58.21,50.21,下轨下方,-1.42,-0.01,-2.81,无信号,否
688593.SH,新相微,41.98,4.90%,阳线||多头排列||MA5上穿MA10,多头排列,40.94,40.07,36.83,33.84,44.96,36.83,28.7,布林带内,2.46,2.06,0.79,无信号,是
688595.SH,芯海科技,36.33,3.21%,阳线||布林带下轨,观望,48.94,51.15,50.33,47.86,58.06,50.33,42.6,下轨下方,0.02,1.17,-2.3,无信号,否
688596.SH,正帆科技,46.74,2.93%,阳线||多头排列||MA5上穿MA10,多头排列,48.83,45.2,39.47,34.22,53.61,39.47,25.33,布林带内,4.39,3.42,1.95,无信号,是
688597.SH,煜邦电力,8.47,2.29%,阳线||布林带下轨,观望,15.59,16.48,17.06,18.03,21.62,17.06,12.51,下轨下方,-0.89,-0.34,-1.1,死叉,否
688599.SH,天合光能,17.01,3.22%,阳线,观望,18.29,18.92,18.66,19.12,20.44,18.66,16.88,布林带内,-0.12,0.04,-0.31,无信号,否
688600.SH,皖仪科技,27.42,1.63%,价升||布林带下轨,观望,28.55,28.85,29.42,27.62,31.33,29.42,27.51,下轨下方,0.13,0.48,-0.7,无信号,否
688601.SH,力芯微,65.38,3.37%,阳线||布林带下轨,观望,123.9,129.56,120.56,116.87,157.66,120.56,83.47,下轨下方,1.09,4.2,-6.21,死叉,否
688602.SH,康鹏科技,7.39,1.79%,阳线,观望,7.56,7.71,7.88,8.0,8.38,7.88,7.38,布林带内,-0.13,-0.06,-0.14,无信号,否
688603.SH,天承科技,170.82,20.00%,阳线,观望,287.94,289.66,248.66,202.53,355.16,248.66,142.16,布林带内,22.52,26.47,-7.9,死叉,否
688605.SH,先锋精科,80.35,4.49%,阳线||多头排列||MA5上穿MA10,多头排列,80.19,76.4,71.46,65.68,83.85,71.46,59.07,布林带内,4.31,3.28,2.04,无信号,是
688606.SH,奥泰生物,49.8,0.38%,阳线||布林带下轨,观望,89.52,97.35,101.25,112.39,126.13,101.25,76.37,下轨下方,-7.38,-3.92,-6.92,无信号,否
688607.SH,康众医疗,67.49,6.35%,阳线,观望,64.71,64.86,66.51,61.16,72.21,66.51,60.8,布林带内,0.38,0.81,-0.86,无信号,否
688608.SH,恒玄科技,184.97,0.80%,价升||布林带下轨,观望,256.59,258.78,251.89,250.72,293.53,251.89,210.25,下轨下方,0.55,4.19,-7.28,死叉,否
688609.SH,九联科技,12.66,4.11%,阳线||多头排列||MA5上穿MA10,多头排列,12.79,12.11,11.11,9.41,13.59,11.11,8.63,布林带内,0.98,0.84,0.27,无信号,是
688610.SH,埃科光电,205.0,15.83%,阳线||多头排列||布林带上轨||MA5上穿MA10,多头排列,170.11,152.81,138.41,105.04,184.12,138.41,92.69,上轨上方,18.83,13.27,11.11,无信号,是
688612.SH,威迈斯,36.14,9.05%,阳线||MACD金叉||布林带上轨||MA5上穿MA10,MACD金叉,33.64,33.1,33.48,31.88,35.48,33.48,31.48,上轨上方,0.44,0.28,0.3,金叉,否
688613.SH,奥精医疗,18.91,2.27%,阳线||布林带下轨,观望,19.56,20.13,20.48,21.87,22.01,20.48,18.94,下轨下方,-0.59,-0.43,-0.32,无信号,否
688615.SH,合合信息,141.57,2.22%,阳线,观望,,,,,,,,,,,,,
688616.SH,西力科技,13.88,3.27%,阳线||布林带下轨,观望,17.2,17.79,18.02,17.86,20.1,18.02,15.94,下轨下方,-0.28,0.07,-0.7,无信号,否
688618.SH,三旺通信,39.31,1.24%,阳线||布林带下轨,观望,82.26,90.6,88.01,79.99,114.6,88.01,61.43,下轨下方,-1.25,2.83,-8.16,无信号,否
688619.SH,罗普特,20.45,13.11%,阳线||多头排列||布林带上轨||MA5上穿MA10,多头排列,19.1,18.15,17.29,15.9,19.77,17.29,14.82,上轨上方,0.94,0.68,0.52,无信号,是
688620.SH,安凯微,13.78,3.45%,阳线||多头排列||MA5上穿MA10,多头排列,13.81,13.76,13.36,11.92,14.56,13.36,12.16,布林带内,0.55,0.59,-0.09,无信号,是
688622.SH,*ST禾信,79.8,3.33%,阳线,观望,80.26,80.8,80.58,89.51,85.96,80.58,75.21,布林带内,-2.47,-2.88,0.81,无信号,否
688623.SH,双元科技,101.78,2.11%,阳线||多头排列||MA5上穿MA10,多头排列,103.15,100.73,98.96,98.34,105.73,98.96,92.18,布林带内,1.82,1.27,1.09,无信号,是
688625.SH,呈和科技,100.48,9.97%,阳线||多头排列||MA5上穿MA10,多头排列,126.83,126.5,116.51,98.64,144.9,116.51,88.12,布林带内,7.81,8.96,-2.29,死叉,是
688627.SH,精智达,416.97,1.71%,价升||多头排列||MA5上穿MA10,多头排列,406.21,379.57,335.1,284.55,438.5,335.1,231.7,布林带内,36.89,27.66,18.45,无信号,是
688628.SH,优利德,102.0,5.91%,阳线||MA5上穿MA10,观望,103.85,97.53,99.7,68.56,112.03,99.7,87.36,布林带内,7.57,8.52,-1.9,无信号,否
688629.SH,华丰科技,141.03,5.20%,阳线||多头排列||MA5上穿MA10,多头排列,140.14,136.98,136.08,123.32,148.03,136.08,124.12,布林带内,3.64,3.86,-0.44,无信号,是
688630.SH,芯碁微装,298.3,11.20%,阳线,观望,,,,,,,,,,,,,
688631.SH,莱斯信息,54.56,1.51%,阳线||布林带下轨,观望,56.31,57.16,57.53,59.65,60.26,57.53,54.79,下轨下方,-0.54,-0.26,-0.56,无信号,否
688633.SH,星球石墨,35.05,2.73%,阳线||布林带下轨,观望,65.37,70.79,70.15,58.58,90.22,70.15,50.07,下轨下方,1.02,4.4,-6.77,无信号,否
688636.SH,智明达,40.69,2.67%,阳线,观望,,,,,,,,,,,,,
688638.SH,誉辰智能,42.04,4.50%,阳线||布林带下轨,观望,55.98,58.73,59.58,57.92,68.38,59.58,50.78,下轨下方,-1.26,0.31,-3.15,无信号,否
688639.SH,华恒生物,25.6,0.75%,价升,观望,,,,,,,,,,,,,
688646.SH,ST逸飞,73.77,5.85%,阳线||多头排列||MA5上穿MA10,多头排列,71.15,68.11,63.18,54.35,75.52,63.18,50.83,布林带内,4.94,4.17,1.53,无信号,是
688651.SH,盛邦安全,42.39,3.52%,阳线||MA5上穿MA10,观望,42.55,42.19,40.55,41.44,44.73,40.55,36.37,布林带内,0.72,0.48,0.49,无信号,否
688653.SH,康希通信,15.95,4.32%,阳线,观望,15.96,15.96,15.21,13.91,17.12,15.21,13.31,布林带内,0.65,0.67,-0.02,死叉,否
688655.SH,迅捷兴,62.14,4.24%,阳线||多头排列||MA5上穿MA10,多头排列,63.06,62.82,51.72,35.31,76.55,51.72,26.9,布林带内,8.34,8.08,0.52,无信号,是
688656.SH,浩欧博,125.0,0.27%,价升||布林带下轨,观望,131.05,136.23,137.09,137.18,148.77,137.09,125.42,下轨下方,-1.99,-0.33,-3.32,无信号,否
688657.SH,浩辰软件,39.04,6.52%,阳线,观望,,,,,,,,,,,,,
688658.SH,悦康药业,18.66,0.32%,价升||布林带下轨,观望,21.04,22.25,22.3,21.57,24.92,22.3,19.68,下轨下方,-0.26,0.18,-0.88,无信号,否
688659.SH,元琛科技,11.77,3.88%,阳线,观望,11.93,12.08,11.67,10.86,13.17,11.67,10.17,布林带内,0.37,0.43,-0.13,无信号,否
688660.SH,电气风电,11.77,1.82%,阳线,观望,12.1,12.3,12.36,13.13,13.04,12.36,11.67,布林带内,-0.23,-0.19,-0.07,无信号,否
688661.SH,和林微纳,123.0,5.83%,阳线||布林带下轨,观望,193.58,201.53,201.86,167.67,243.81,201.86,159.9,下轨下方,5.16,12.66,-15.0,无信号,否
688662.SH,富信科技,86.01,0.74%,价升||多头排列||MA5上穿MA10,多头排列,89.1,86.51,79.25,68.15,96.01,79.25,62.49,布林带内,5.99,5.42,1.13,无信号,是
688663.SH,新风光,95.0,4.40%,价升||多头排列||MA5上穿MA10,多头排列,98.32,90.13,79.89,67.57,105.48,79.89,54.3,布林带内,8.75,6.86,3.77,无信号,是
688665.SH,四方光电,54.29,4.20%,阳线||布林带下轨,观望,74.78,76.49,75.3,72.73,87.0,75.3,63.61,下轨下方,0.1,1.57,-2.94,死叉,否
688668.SH,鼎通科技,273.0,5.00%,阳线||多头排列||MA5上穿MA10,多头排列,367.31,356.79,338.67,258.22,405.48,338.67,271.85,布林带内,23.75,29.39,-11.28,死叉,是
688669.SH,聚石化学,36.91,5.13%,阳线,观望,44.66,46.05,43.32,38.39,52.99,43.32,33.65,布林带内,1.91,2.62,-1.41,死叉,否
688670.SH,金迪克,19.31,1.52%,价升||布林带下轨,观望,26.55,27.23,26.37,26.14,30.88,26.37,21.87,下轨下方,0.03,0.46,-0.87,死叉,否
688671.SH,碧兴物联,26.22,4.25%,阳线||多头排列||MA5上穿MA10,多头排列,26.23,26.08,24.57,23.18,28.29,24.57,20.85,布林带内,1.05,0.97,0.17,无信号,是
688676.SH,金盘科技,96.07,2.51%,阳线,观望,,,,,,,,,,,,,
688677.SH,海泰新光,136.99,8.83%,阳线,观望,170.65,182.7,170.81,108.29,211.62,170.81,129.99,布林带内,14.86,21.04,-12.35,无信号,否
688678.SH,福立旺,24.92,0.12%,阳线,观望,,,,,,,,,,,,,
688679.SH,通源环境,69.07,2.40%,阳线||多头排列||MA5上穿MA10,多头排列,67.96,65.69,60.39,52.72,72.33,60.39,48.45,布林带内,4.24,3.46,1.56,无信号,是
688680.SH,海优新材,46.29,3.37%,阳线||布林带下轨,观望,47.93,49.49,50.25,51.98,53.95,50.25,46.56,下轨下方,-1.09,-0.64,-0.89,无信号,否
688681.SH,科汇股份,20.24,3.21%,阳线,观望,20.62,20.85,20.6,20.18,22.08,20.6,19.12,布林带内,0.2,0.3,-0.21,无信号,否
688682.SH,霍莱沃,49.88,2.65%,阳线||布林带下轨,观望,121.01,127.54,130.76,129.53,170.18,130.76,91.34,下轨下方,-5.13,0.41,-11.07,死叉,否
688683.SH,莱尔科技,43.67,1.56%,阳线||多头排列||MA5上穿MA10,多头排列,45.38,45.23,45.07,39.29,47.61,45.07,42.53,布林带内,1.49,1.95,-0.93,无信号,是
688685.SH,迈信林,54.41,3.50%,阳线,观望,68.53,70.16,66.23,61.77,78.27,66.23,54.18,布林带内,2.19,3.14,-1.9,死叉,否
688686.SH,奥普特,154.27,12.61%,阳线,观望,,,,,,,,,,,,,
688689.SH,银河微电,42.0,3.70%,阳线||多头排列||MA5上穿MA10,多头排列,43.52,42.94,41.66,37.54,45.23,41.66,38.1,布林带内,1.58,1.68,-0.19,死叉,是
688690.SH,纳微科技,36.21,4.41%,阳线||多头排列||MA5上穿MA10,多头排列,36.1,35.54,34.58,29.72,36.99,34.58,32.17,布林带内,1.57,1.65,-0.16,无信号,是
688691.SH,灿芯股份,122.7,3.40%,阳线||多头排列||MA5上穿MA10,多头排列,120.49,119.96,116.4,111.38,134.18,116.4,98.61,布林带内,3.73,3.42,0.61,无信号,是
688692.SH,达梦数据,261.68,2.53%,阳线||布林带下轨,观望,367.9,389.55,392.31,364.36,462.49,392.31,322.13,下轨下方,-2.71,9.53,-24.48,无信号,否
688693.SH,锴威特,119.99,3.44%,阳线,观望,124.15,129.86,111.19,73.9,152.44,111.19,69.93,布林带内,13.36,14.88,-3.05,无信号,否
688695.SH,中创股份,24.88,4.54%,阳线,观望,25.11,25.38,25.2,25.72,26.79,25.2,23.61,布林带内,-0.05,0.02,-0.14,无信号,否
688697.SH,纽威数控,24.49,2.17%,阳线||多头排列||MA5上穿MA10,多头排列,33.27,32.45,29.56,25.23,38.26,29.56,20.87,布林带内,2.2,2.4,-0.4,死叉,是
688698.SH,伟创电气,85.4,1.38%,阳线||多头排列||MA5上穿MA10,多头排列,82.36,78.06,73.97,73.25,85.99,73.97,61.95,布林带内,3.24,1.66,3.15,无信号,是
688699.SH,明微电子,64.91,4.27%,阳线,观望,94.21,97.34,89.23,78.43,117.85,89.23,60.61,布林带内,4.35,6.31,-3.91,死叉,否
688700.SH,东威科技,80.45,14.81%,阳线||布林带下轨,观望,128.81,132.07,127.59,108.79,156.23,127.59,98.96,下轨下方,3.02,6.63,-7.21,死叉,否
688701.SH,卓锦股份,10.53,2.53%,阳线,观望,10.71,10.8,10.38,10.0,11.7,10.38,9.05,布林带内,0.26,0.29,-0.05,无信号,否
688702.SH,盛科通信-U,305.23,1.45%,价升||多头排列||MA5上穿MA10,多头排列,304.12,301.85,296.94,227.94,347.27,296.94,246.6,布林带内,19.78,23.28,-7.0,无信号,是
688707.SH,振华新材,16.47,0.67%,价升,观望,17.09,17.4,17.7,15.87,18.95,17.7,16.45,布林带内,0.29,0.53,-0.47,无信号,否
688708.SH,佳驰科技,51.91,2.57%,阳线,观望,52.78,53.18,53.11,55.13,55.44,53.11,50.77,布林带内,-0.36,-0.3,-0.12,死叉,否
688709.SH,成都华微,39.68,4.95%,阳线||MACD金叉,MACD金叉,39.57,39.86,40.48,43.49,43.82,40.48,37.13,布林带内,-1.03,-1.06,0.07,金叉,否
688711.SH,宏微科技,33.55,3.01%,阳线||布林带下轨,观望,65.09,67.37,63.8,63.29,82.53,63.8,45.07,下轨下方,0.22,1.79,-3.13,死叉,否
688716.SH,中研股份,38.35,2.84%,阳线||多头排列||MA5上穿MA10,多头排列,38.51,37.97,35.85,35.52,40.83,35.85,30.87,布林带内,1.17,0.88,0.58,无信号,是
688718.SH,唯赛勃,17.63,3.71%,阳线,观望,17.83,18.48,17.83,16.34,19.9,17.83,15.75,布林带内,0.48,0.65,-0.36,无信号,否
688719.SH,爱科赛博,79.59,5.38%,阳线,观望,102.85,104.64,95.59,73.54,119.85,95.59,71.34,布林带内,7.51,9.26,-3.49,死叉,否
688720.SH,艾森股份,93.37,3.74%,阳线||多头排列||MA5上穿MA10,多头排列,96.27,93.19,86.47,75.96,102.43,86.47,70.51,布林带内,5.63,5.03,1.19,无信号,是
688721.SH,龙图光罩,48.5,2.08%,阳线||多头排列||MA5上穿MA10,多头排列,49.27,48.54,47.2,44.18,51.13,47.2,43.26,布林带内,1.64,1.55,0.18,无信号,是
688722.SH,同益中,18.76,2.96%,阳线||多头排列||MA5上穿MA10,多头排列,19.26,19.25,18.89,18.62,20.09,18.89,17.69,布林带内,0.24,0.27,-0.06,死叉,是
688726.SH,拉普拉斯,70.26,10.40%,阳线,观望,68.88,70.78,66.7,65.74,77.98,66.7,55.41,布林带内,1.41,1.52,-0.23,无信号,否
688727.SH,恒坤新材,59.7,2.56%,阳线||多头排列||MA5上穿MA10,多头排列,62.19,60.65,55.92,52.3,66.72,55.92,45.13,布林带内,3.04,2.63,0.82,无信号,是
688728.SH,格科微,14.97,2.75%,阳线||多头排列||MA5上穿MA10,多头排列,14.93,14.78,14.24,14.14,15.58,14.24,12.89,布林带内,0.35,0.27,0.16,无信号,是
688733.SH,壹石通,36.18,5.48%,阳线||多头排列||MA5上穿MA10,多头排列,37.09,36.56,33.6,30.85,40.42,33.6,26.79,布林带内,2.0,1.85,0.3,无信号,是
688737.SH,中自科技,30.02,1.94%,阳线||布林带下轨,观望,40.19,40.49,41.29,38.74,47.04,41.29,35.53,下轨下方,0.02,0.85,-1.66,无信号,否
688750.SH,金天钛业,18.34,3.32%,阳线,观望,18.28,18.68,18.75,19.04,19.7,18.75,17.8,布林带内,-0.11,-0.01,-0.21,无信号,否
688755.SH,汉邦科技,37.87,0.32%,阳线,观望,38.88,39.44,39.51,39.04,42.11,39.51,36.91,布林带内,-0.05,0.25,-0.59,无信号,否
688757.SH,胜科纳米,35.22,2.65%,阳线||多头排列||MA5上穿MA10,多头排列,35.97,34.65,31.31,28.33,39.15,31.31,23.47,布林带内,2.48,2.06,0.83,无信号,是
688758.SH,赛分科技,19.99,3.63%,阳线,观望,19.71,19.81,19.96,19.51,20.88,19.96,19.03,布林带内,-0.04,0.02,-0.11,无信号,否
688759.SH,必贝特-U,36.71,0.52%,阳线||MA5上穿MA10,观望,36.1,35.16,34.36,37.52,37.61,34.36,31.12,布林带内,-0.29,-0.82,1.06,无信号,否
688766.SH,普冉股份,407.32,5.16%,阳线||布林带下轨,观望,1428.76,1550.63,1354.47,1143.69,2059.75,1354.47,649.19,下轨下方,63.35,128.68,-130.68,死叉,否
688767.SH,博拓生物,40.04,6.15%,阳线||布林带下轨,观望,58.97,62.93,61.13,57.54,74.05,61.13,48.21,下轨下方,-0.01,1.85,-3.72,无信号,否
688768.SH,容知日新,52.49,8.00%,阳线||布林带下轨||MA5上穿MA10,观望,67.41,65.83,66.03,70.92,75.79,66.03,56.27,下轨下方,-1.32,-1.32,0.02,无信号,否
688772.SH,珠海冠宇,17.16,7.12%,阳线||MACD金叉||MA5上穿MA10,MACD金叉,17.11,16.82,17.22,17.3,18.32,17.22,16.11,布林带内,-0.09,-0.09,0.01,金叉,否
688776.SH,国光电气,78.47,1.87%,阳线||布林带下轨,观望,104.79,110.05,112.51,127.26,129.63,112.51,95.39,下轨下方,-5.63,-3.64,-3.98,死叉,否
688777.SH,中控技术,86.16,1.54%,价升||多头排列||布林带下轨||MA5上穿MA10,多头排列,119.72,118.7,115.94,108.31,138.17,115.94,93.71,下轨下方,2.42,4.21,-3.58,死叉,是
688778.SH,厦钨新能,70.31,1.43%,阳线||布林带下轨,观望,111.4,120.46,131.14,130.74,165.31,131.14,96.97,下轨下方,-7.64,-2.27,-10.74,无信号,否
688779.SH,五矿新能,9.68,1.79%,价升,观望,10.05,10.28,10.86,11.2,12.18,10.86,9.55,布林带内,-0.35,-0.22,-0.27,无信号,否
688783.SH,西安奕材-U,33.38,2.42%,阳线,观望,34.0,34.18,29.35,25.11,40.07,29.35,18.63,布林带内,2.96,2.73,0.46,无信号,否
688786.SH,悦安新材,36.58,11.83%,阳线||布林带下轨,观望,54.57,56.68,56.42,56.92,66.42,56.42,46.42,下轨下方,-0.99,0.36,-2.69,死叉,否
688787.SH,海天瑞声,148.01,3.72%,阳线||布林带下轨,观望,196.19,199.52,195.28,196.16,224.84,195.28,165.73,下轨下方,-0.51,2.24,-5.51,死叉,否
688788.SH,科思科技,53.0,0.84%,阳线||布林带下轨,观望,102.82,111.31,114.44,121.31,144.63,114.44,84.24,下轨下方,-6.65,-2.3,-8.7,无信号,否
688789.SH,宏华数科,58.19,1.09%,阳线||布林带下轨,观望,115.73,124.82,135.27,155.26,175.93,135.27,94.61,下轨下方,-12.64,-7.96,-9.35,无信号,否
688790.SH,昂瑞微-UW,150.79,1.00%,阳线,观望,155.77,156.59,149.21,141.45,167.03,149.21,131.39,布林带内,4.43,4.69,-0.52,死叉,否
688793.SH,倍轻松,21.88,0.69%,价升||布林带下轨,观望,31.24,33.39,32.32,32.39,38.83,32.32,25.82,下轨下方,-0.48,0.35,-1.65,无信号,否
688798.SH,XD艾为电,73.18,3.96%,阳线,观望,,,,,,,,,,,,,
688800.SH,瑞可达,136.73,3.11%,阳线,观望,231.04,237.46,213.02,182.56,293.47,213.02,132.57,布林带内,12.68,18.52,-11.67,死叉,否
688802.SH,沐曦股份-U,728.45,0.67%,阳线,观望,741.68,751.16,747.93,637.08,830.91,747.93,664.95,布林带内,22.14,32.53,-20.79,无信号,否
688805.SH,健信超导,60.66,7.90%,阳线||多头排列||布林带上轨||MA5上穿MA10,多头排列,57.14,55.32,54.22,49.57,59.37,54.22,49.06,上轨上方,1.9,1.53,0.76,无信号,是
688807.SH,优迅股份,473.56,4.77%,阳线||多头排列||MA5上穿MA10,多头排列,463.92,433.96,401.7,297.41,486.65,401.7,316.74,布林带内,43.91,40.18,7.45,无信号,是
688808.SH,联讯仪器,1755.0,14.71%,阳线,观望,,,,,,,,,,,,,
688809.SH,强一股份,502.0,3.53%,阳线||多头排列||MA5上穿MA10,多头排列,491.85,466.91,444.88,381.24,511.38,444.88,378.39,布林带内,31.06,26.26,9.61,无信号,是
688811.SH,有研复材,34.22,2.92%,阳线||MA5上穿MA10,观望,33.32,30.64,27.55,27.55,35.97,27.55,19.14,布林带内,3.43,2.9,1.07,无信号,否
688813.SH,泰金新能,144.33,4.59%,阳线||MA5上穿MA10,观望,138.89,132.87,111.75,111.75,161.68,111.75,61.81,布林带内,19.69,18.16,3.06,无信号,否
688818.SH,电科蓝天,79.85,3.70%,阳线,观望,79.66,83.13,76.61,67.91,94.2,76.61,59.03,布林带内,3.78,4.37,-1.17,无信号,否
688819.SH,天能股份,26.28,1.94%,阳线,观望,28.65,29.29,32.59,34.77,40.88,32.59,24.31,布林带内,-2.23,-1.74,-0.98,无信号,否
688820.SH,盛合晶微,187.95,6.31%,阳线||MA5上穿MA10,观望,184.95,170.06,136.04,136.04,213.01,136.04,59.06,布林带内,27.15,22.22,9.85,无信号,否
688981.SH,中芯国际,131.33,3.23%,阳线||多头排列||MA5上穿MA10,多头排列,125.76,123.21,119.37,109.09,133.58,119.37,105.16,布林带内,5.45,4.66,1.58,无信号,是
